g mount_dovetail_tochmash_sr3mp_side_rail_LOD0
v -0.002006115 0.03838173 0.01052125
v -0.002006115 0.04630207 0.01165684
v -0.002006115 0.03821715 0.01165684
v -0.002006115 0.0462784 0.01087276
v -0.002006115 0.04231486 0.003879738
v -0.002006115 0.04146305 0.003983955
v -0.002006115 0.04309278 0.003517437
v -0.002006115 0.04062074 0.003819809
v -0.002006115 0.04372067 0.002932489
v -0.002006115 0.04413706 0.002182093
v -0.002006115 0.04430119 0.00133976
v -0.002006115 0.03987037 0.003403454
v -0.002006115 0.0392854 0.002775552
v -0.002006115 0.03892308 0.001997611
v -0.002006115 0.0462784 -0.004978749
v -0.002006115 0.03838173 0.001080205
v -0.002006115 0.03881889 0.001145818
v -0.002006115 0.03898301 0.0003034901
v -0.002006115 0.044197 0.0004879808
v -0.002006114 0.03838173 -0.004978749
v -0.002006115 0.04383468 -0.0002899647
v -0.002006115 0.0393994 -0.0004468775
v -0.002006115 0.04324971 -0.00091784
v -0.002006115 0.04249934 -0.001334228
v -0.002006115 0.04165702 -0.001498356
v -0.002006115 0.04002729 -0.001031837
v -0.002006115 0.04080521 -0.001394138
v 0.003555354 0.03838173 -0.006184916
v 0.003555355 0.0462784 -0.006184916
v 0.003403113 0.0462784 -0.006950283
v 0.003403112 0.03838173 -0.006950283
v 0.00296957 0.0462784 -0.007599129
v 0.002969569 0.03838173 -0.007599129
v 0.00232072 0.03838173 -0.00803267
v 0.002320721 0.0462784 -0.00803267
v 0.001555352 0.03838173 -0.008184914
v 0.001555353 0.0462784 -0.008184914
v 0.001555352 0.03838173 -0.008184914
v 0.001555353 0.0462784 -0.008184914
v -0.00452877 0.0462784 -0.008184914
v -0.004528769 0.03838173 -0.008184914
v -0.004528769 0.03838173 -0.004978749
v -0.004528769 0.03838173 -0.008184914
v -0.00452877 0.0462784 -0.008184914
v -0.00452877 0.0462784 -0.004978749
v -0.004528769 0.03838173 -0.004978749
v -0.00452877 0.0462784 -0.004978749
v -0.002006115 0.0462784 -0.004978749
v -0.002006114 0.03838173 -0.004978749
v 0.003555354 0.03838173 -0.00177875
v -6.114244E-06 0.03838173 -0.00177875
v -6.113052E-06 0.02256943 -0.00177875
v 0.003555355 0.02256943 -0.00177875
v -0.002006115 0.0462784 0.01087276
v 0.003555355 0.0462784 -0.006184916
v 0.003555355 0.0462784 0.01087276
v -0.002006115 0.0462784 -0.004978749
v 0.003403113 0.0462784 -0.006950283
v 0.00296957 0.0462784 -0.007599129
v 0.002320721 0.0462784 -0.00803267
v 0.001555353 0.0462784 -0.008184914
v -0.00452877 0.0462784 -0.008184914
v -0.00452877 0.0462784 -0.004978749
v 0.0006290257 0.05575305 0.02338573
v -0.003725763 0.05575306 0.02338554
v -0.003465095 0.05315281 0.02233896
v 0.0008901774 0.05315283 0.02233927
v 0.001283994 0.05083735 0.02075971
v -0.003071623 0.05083735 0.02075931
v -0.002563647 0.0489143 0.01872004
v 0.001792403 0.0489143 0.01872054
v 0.002391777 0.04747303 0.01631656
v -0.001964773 0.04747302 0.01631593
v 0.003054252 0.04658057 0.01365951
v -0.001333231 0.04662153 0.01378073
v -0.001224311 0.04649405 0.01321315
v 0.003555964 0.04630148 0.01164725
v -0.001253933 0.04639573 0.01260136
v -0.001491365 0.04633491 0.01208334
v 0.003555355 0.0462784 0.01087276
v -0.002006115 0.04630207 0.01165684
v -0.002006115 0.0462784 0.01087276
v -0.004978373 0.07360399 0.02841514
v -0.003725763 0.05575306 0.02338554
v 0.0006290257 0.05575305 0.02338573
v -0.001205538 0.08185967 0.03074194
v -0.005242186 0.0735999 0.02841486
v -0.00539748 0.07812919 0.02969092
v -0.00561198 0.08185967 0.03074194
v 0.00188428 -0.0573183 0.02893277
v 0.003148627 -0.05721777 0.03007299
v 0.003333342 -0.0573183 0.02933215
v 0.00169063 -0.05721778 0.02970947
v 0.002976508 -0.05692308 0.03076333
v 0.001518506 -0.05692308 0.03039982
v 0.001443917 -0.05671826 0.03069898
v 0.001664526 -0.05645426 0.03106589
v 0.002828699 -0.05645426 0.03135615
v 0.002006264 -0.0558433 0.03163425
v 0.002715286 -0.0558433 0.03181104
v 0.002221088 -0.05513181 0.03199155
v 0.002643989 -0.05513183 0.03209699
v 0.00261967 -0.0543683 0.03219452
v 0.002294363 -0.0543683 0.03211342
v 0.00282958 -0.02587755 0.03224686
v 0.002829581 -0.03101427 0.03224686
v 0.002628757 -0.03101427 0.03219679
v 0.002619669 -0.02587755 0.03219452
v 0.002294363 -0.01445922 0.03211342
v 0.002619669 -0.02089329 0.03219452
v 0.002628757 -0.03596256 0.03219679
v 0.002560989 -0.01510762 0.03217989
v 0.002829579 -0.015896 0.03224688
v 0.00282958 -0.02089329 0.03224686
v 0.002294363 -0.0543683 0.03211342
v 0.00261967 -0.04109928 0.03219452
v 0.002829581 -0.03596256 0.03224686
v 0.002829581 -0.04109928 0.03224686
v 0.00261967 -0.04607157 0.03219452
v 0.00261967 -0.0512083 0.03219452
v 0.00261967 -0.0543683 0.03219452
v 0.002829581 -0.0512083 0.03224685
v 0.002829581 -0.04607157 0.03224686
v 0.007026343 -0.0573183 0.01452033
v 0.005753054 -0.05721778 0.01341597
v 0.005559404 -0.0573183 0.01419265
v 0.007211058 -0.05721777 0.01377948
v 0.007383181 -0.05692308 0.01308914
v 0.005925179 -0.05692308 0.01272561
v 0.005999768 -0.05671826 0.01242646
v 0.006366812 -0.05645426 0.01220606
v 0.007530985 -0.05645426 0.01249632
v 0.006935376 -0.0558433 0.01186466
v 0.0076444 -0.0558433 0.01204143
v 0.007715695 -0.05513183 0.01175548
v 0.007292795 -0.05513181 0.01165004
v 0.007740013 -0.0543683 0.01165795
v 0.007414703 -0.0543683 0.01157684
v 0.007740013 -0.04607157 0.01165795
v 0.007949922 -0.0512083 0.01171029
v 0.007949922 -0.04607157 0.01171029
v 0.007740013 -0.0512083 0.01165795
v 0.007414703 -0.0543683 0.01157684
v 0.007740013 -0.0543683 0.01165795
v 0.007740013 -0.04109928 0.01165795
v 0.007749097 -0.03596256 0.01166022
v 0.007949922 -0.04109928 0.01171029
v 0.007949922 -0.03596256 0.01171029
v 0.007414703 -0.01575656 0.01157684
v 0.007749097 -0.03101427 0.01166022
v 0.007740012 -0.02587755 0.01165795
v 0.007949922 -0.03101427 0.01171029
v 0.00794992 -0.02587755 0.01171029
v 0.007740012 -0.02089329 0.01165795
v 0.00794992 -0.02089329 0.01171029
v 0.007949922 -0.01575656 0.01171029
v 0.003555357 -0.05719903 0.003115377
v -6.110668E-06 -0.0573183 0.004021244
v 0.003555357 -0.0573183 0.004021244
v -6.110668E-06 -0.05719903 0.003115377
v 0.003555357 -0.05684939 0.002271242
v -6.110668E-06 -0.05684939 0.002271242
v 0.003555356 -0.05629317 0.001546364
v -6.11186E-06 -0.05629317 0.001546364
v 0.003555356 -0.0555683 0.0009901524
v -6.11186E-06 -0.0555683 0.0009901524
v 0.003555356 -0.05472417 0.0006405067
v -6.11186E-06 -0.05472417 0.0006405067
v 0.003555356 -0.0538183 0.0005212402
v -6.11186E-06 -0.0538183 0.0005212402
v 0.003555356 -0.0538183 0.0005212402
v 0.003555356 -0.01889329 0.000521245
v -6.11186E-06 -0.01889329 0.000521245
v -6.11186E-06 -0.0538183 0.0005212402
v 0.00716255 -0.01575656 0.01172825
v 0.00716255 -0.01575656 0.01675946
v 0.006697138 -0.01608264 0.01664342
v 0.006697155 -0.01608262 0.01200771
v 0.006004268 -0.01638151 0.01647067
v 0.006002017 -0.01638217 0.01242511
v 0.005559403 -0.01648131 0.01419265
v 0.005261122 -0.01651254 0.01628538
v 0.005261126 -0.01651254 0.0141183
v 0.004507798 -0.01646866 0.01393047
v 0.004507802 -0.01646866 0.01609756
v 0.003784898 -0.01625224 0.01591732
v 0.003784898 -0.01625224 0.01375023
v 0.003075105 -0.0158321 0.01357326
v 0.003131403 -0.01587495 0.01575438
v 0.002623857 -0.01540849 0.01562784
v 0.002582513 -0.0153571 0.004000726
v 0.003131388 -0.01587494 0.004000726
v 0.002203286 -0.01457441 0.00400074
v 0.003555356 -0.01614237 0.005821318
v 0.003555351 -0.01614239 0.01164709
v 0.003784889 -0.01625224 0.004000726
v 0.003784906 -0.01625225 0.005740562
v 0.004507805 -0.01646866 0.005486235
v 0.004507791 -0.01646866 0.004000726
v 0.005261136 -0.01651254 0.004000726
v 0.005261129 -0.01651254 0.005221209
v 0.006004268 -0.01638151 0.00495976
v 0.006004268 -0.01638151 0.004000726
v 0.00669715 -0.01608263 0.004715991
v 0.006697162 -0.01608262 0.004000726
v 0.007302437 -0.01563201 0.004503045
v 0.007302444 -0.01563201 0.004000726
v 0.007787492 -0.01505395 0.004000726
v 0.007787497 -0.01505394 0.004332394
v 0.008126156 -0.01437961 0.004000726
v 0.008126161 -0.0143796 0.004213252
v 0.008300181 -0.01364535 0.004000726
v 0.008300182 -0.01364534 0.004152026
v 0.008300181 -0.01289073 0.004000726
v 0.008300182 -0.01364534 0.004152026
v 0.008300181 -0.01364535 0.004000726
v 0.008300182 -0.01289074 0.004152026
v 0.008126156 -0.01215647 0.004000726
v 0.008126161 -0.01215648 0.004213252
v 0.007787497 -0.01148214 0.004332394
v 0.007787492 -0.01148213 0.004000726
v 0.007302437 -0.01090407 0.004503045
v 0.007302444 -0.01090407 0.004000726
v 0.00669715 -0.01045345 0.004715991
v 0.006697162 -0.01045346 0.004000726
v 0.006004268 -0.01015458 0.00495976
v 0.006004268 -0.01015458 0.004000726
v 0.005261129 -0.01002354 0.005221209
v 0.005261136 -0.01002354 0.004000726
v 0.004507791 -0.01006741 0.004000726
v 0.004507805 -0.01006741 0.005486235
v 0.003784889 -0.01028384 0.004000726
v 0.003784906 -0.01028384 0.005740562
v 0.003555356 -0.0103937 0.005821318
v 0.003131388 -0.01066114 0.004000726
v 0.00355536 -0.0103937 0.0116471
v 0.003075113 -0.01070399 0.01357326
v 0.002623825 -0.01112758 0.01562783
v 0.002582513 -0.01117897 0.004000726
v 0.00216785 -0.01180944 0.004000726
v 0.003131395 -0.01066113 0.01575438
v 0.002207928 -0.01172239 0.01729643
v 0.003784898 -0.01028384 0.01591732
v 0.001916136 -0.01266107 0.01690668
v 0.003784898 -0.01028384 0.01375023
v 0.001916137 -0.01266105 0.004000733
v 0.0045078 -0.01006741 0.01609756
v 0.004507798 -0.01006741 0.01393047
v 0.001961603 -0.01367736 0.01674018
v 0.005261126 -0.01002354 0.01628538
v 0.005261126 -0.01002354 0.0141183
v 0.005559403 -0.01005477 0.01419266
v 0.00600427 -0.01015458 0.01647067
v 0.006002017 -0.0101539 0.01242511
v 0.00669715 -0.01045345 0.01664342
v 0.006697155 -0.01045346 0.01200771
v 0.007224945 -0.01083329 0.01677502
v 0.007224945 -0.01083329 0.01169079
v 0.001961597 -0.01367736 0.004000778
v 0.002209771 -0.01462532 0.01611914
v 0.002304375 -0.01490552 0.01690978
v 0.00716255 -0.01575656 0.01172825
v 0.007414703 -0.01575656 0.01157684
v 0.007949922 -0.01575656 0.01171029
v 0.00716255 -0.01575656 0.01675946
v 0.009795381 -0.01575656 0.01478164
v 0.009177024 -0.01575656 0.01726172
v 0.006935376 -0.0558433 0.01186466
v 0.007292795 -0.05513181 0.01165004
v 0.007414703 -0.0543683 0.01157684
v 0.006366812 -0.05645426 0.01220606
v 0.00716255 -0.01575656 0.01172825
v 0.007414703 -0.01575656 0.01157684
v 0.006697155 -0.01608262 0.01200771
v 0.006002017 -0.01638217 0.01242511
v 0.005999768 -0.05671826 0.01242646
v 0.007224945 -0.01083329 0.01169079
v 0.007414703 -0.01083329 0.01157684
v 0.007414702 0.01448443 0.01157684
v 0.00721039 0.01448443 0.01169952
v 0.006697155 -0.01045346 0.01200771
v 0.006697154 0.01411739 0.01200771
v 0.006002017 -0.0101539 0.01242511
v 0.006002016 0.01381783 0.01242511
v 0.009177023 0.01448443 0.01726173
v 0.00721039 0.01448443 0.01677139
v 0.009795376 0.01448443 0.01478165
v 0.00721039 0.01448443 0.01169952
v 0.00794992 0.01448443 0.01171029
v 0.007414702 0.01448443 0.01157684
v 0.007414702 0.01943271 0.01157684
v 0.007147925 0.01943271 0.01173703
v 0.007147925 0.01943271 0.01675582
v 0.009177023 0.01943271 0.01726173
v 0.00794992 0.01943271 0.01171029
v 0.009795376 0.01943271 0.01478165
v 0.007740011 0.03467845 0.01165796
v 0.007949919 0.02954173 0.01171029
v 0.007949919 0.03467845 0.01171029
v 0.007740011 0.02954173 0.01165795
v 0.007414702 0.01943271 0.01157684
v 0.007740012 0.02456944 0.01165795
v 0.00794992 0.02456944 0.01171029
v 0.00794992 0.01943271 0.01171029
v 0.007414701 0.03783845 0.01157685
v 0.007740011 0.03783845 0.01165796
v 0.007715692 0.03860198 0.01175549
v 0.007414701 0.03783845 0.01157685
v 0.007740011 0.03783845 0.01165796
v 0.007292793 0.03860197 0.01165005
v 0.007644398 0.03931345 0.01204144
v 0.006935373 0.03931345 0.01186466
v 0.006366809 0.03992442 0.01220607
v 0.007530982 0.03992442 0.01249633
v 0.005999764 0.0401884 0.01242646
v 0.007383177 0.04039323 0.01308914
v 0.005925175 0.04039323 0.01272562
v 0.007211054 0.04068793 0.01377949
v 0.005753051 0.04068793 0.01341598
v 0.0055594 0.04078845 0.01419266
v 0.007026339 0.04078845 0.01452033
v 0.007026339 0.04078845 0.01452033
v 0.003333339 0.04078845 0.02933216
v 0.001884277 0.04078845 0.02893278
v 0.0055594 0.04078845 0.01419266
v 0.003075677 0.04078845 0.01357341
v -0.0005994677 0.04078845 0.02831351
v 0.003148624 0.04068793 0.030073
v 0.001884277 0.04078845 0.02893278
v 0.003333339 0.04078845 0.02933216
v 0.001690626 0.04068793 0.02970948
v 0.002976504 0.04039323 0.03076334
v 0.001518502 0.04039323 0.03039983
v 0.001443913 0.0401884 0.03069898
v 0.002828697 0.03992442 0.03135616
v 0.001664524 0.03992442 0.0310659
v 0.002006261 0.03931345 0.03163426
v 0.002715284 0.03931345 0.03181105
v 0.002643987 0.03860198 0.032097
v 0.002221086 0.03860197 0.03199156
v 0.00229436 0.03783845 0.03211343
v 0.002619668 0.03783845 0.03219453
v 0.007147925 0.01943271 0.01173703
v 0.007414702 0.01943271 0.01157684
v 0.007414701 0.03783845 0.01157685
v 0.005999764 0.0401884 0.01242646
v 0.006697154 0.01974656 0.01200771
v 0.006002016 0.02004611 0.01242511
v 0.007292793 0.03860197 0.01165005
v 0.006366809 0.03992442 0.01220607
v 0.006935373 0.03931345 0.01186466
v 0.006508707 0.03214896 0.01659644
v 0.006508707 0.03467845 0.01659644
v 0.009177022 0.03467845 0.01726173
v 0.009177022 0.02954173 0.01726173
v 0.006508707 0.02954173 0.01659644
v 0.00262349 0.03214896 0.01562775
v 0.006508708 0.02456944 0.01659644
v 0.004507806 0.0201326 0.01609757
v 0.003784897 0.01991618 0.01591732
v 0.003131399 0.01953888 0.01575439
v 0.002623591 0.01907243 0.01562777
v 0.005261126 0.02017647 0.01628538
v 0.006004255 0.02004544 0.01647067
v 0.006697151 0.01974656 0.01664342
v 0.007147925 0.01943271 0.01675582
v 0.009177023 0.02456944 0.01726173
v 0.009177023 0.01943271 0.01726173
v 0.00259019 0.03337109 0.01576134
v 0.006508707 0.03214896 0.01659644
v 0.00262349 0.03214896 0.01562775
v 0.0064754 0.03337111 0.01673004
v 0.002491956 0.03453214 0.01615553
v 0.006377121 0.03453214 0.01712421
v 0.002333716 0.03557368 0.01679051
v 0.006218806 0.03557368 0.01775917
v 0.002123407 0.03644348 0.01763445
v 0.006008393 0.03644348 0.0186031
v 0.001871568 0.03709793 0.01864507
v 0.005756427 0.03709792 0.01961368
v 0.001590831 0.03750421 0.01977167
v 0.005475551 0.03750419 0.02074021
v 0.005179838 0.03764192 0.02192624
v 0.00129528 0.03764194 0.02095772
v 0.000999738 0.03750422 0.02214375
v 0.004884135 0.0375042 0.02311224
v 0.004603263 0.03709795 0.02423876
v 0.0007190144 0.03709795 0.02327031
v 0.0004671895 0.03644353 0.02428092
v 0.004351303 0.03644353 0.02524932
v 0.0002568948 0.03557377 0.02512486
v 0.004140888 0.03557376 0.02609325
v 9.866714E-05 0.03453227 0.02575987
v 0.003982571 0.03453226 0.02672823
v 4.470348E-07 0.03337126 0.02615407
v 0.003884288 0.03337127 0.02712241
v -3.284335E-05 0.03214895 0.0262877
v 0.003850971 0.03214896 0.02725605
v 0.00388429 -0.04990112 0.0271224
v 0.003850974 -0.0486788 0.02725604
v -3.221989E-05 -0.04867879 0.02628785
v 1.088381E-06 -0.04990112 0.02615422
v 9.932637E-05 -0.05106213 0.02576002
v 0.003982574 -0.05106211 0.02672822
v 0.004140891 -0.05210361 0.02609324
v 0.0002575707 -0.05210363 0.02512502
v 0.004351305 -0.05297338 0.02524932
v 0.0004678798 -0.05297337 0.02428107
v 0.004603265 -0.05362779 0.02423875
v 0.0007197129 -0.0536278 0.02327047
v 0.004884137 -0.05403405 0.02311224
v 0.001000438 -0.05403404 0.02214393
v 0.00517984 -0.05417177 0.02192624
v 0.001295989 -0.05417179 0.02095788
v 0.001591543 -0.05403404 0.01977181
v 0.005475553 -0.05403405 0.0207402
v 0.001872267 -0.05362777 0.01864524
v 0.005756429 -0.05362776 0.01961367
v 0.002124091 -0.05297333 0.01763464
v 0.006008395 -0.05297332 0.01860309
v 0.006218809 -0.05210352 0.01775917
v 0.002334392 -0.05210352 0.01679067
v 0.002492615 -0.05106201 0.01615568
v 0.006377123 -0.05106199 0.0171242
v 0.002590829 -0.04990098 0.0157615
v 0.006475402 -0.04990096 0.01673004
v 0.002624114 -0.04867882 0.0156279
v 0.006508709 -0.0486788 0.01659644
v 0.006507994 -0.03101427 0.01659626
v 0.009177023 -0.02587755 0.01726172
v 0.009177024 -0.03101427 0.01726172
v 0.006508708 -0.02587755 0.01659644
v 0.00262393 -0.02494444 0.01562785
v 0.006508708 -0.02089329 0.01659644
v 0.006507994 -0.03596256 0.01659626
v 0.002624015 -0.03594445 0.01562787
v 0.002624099 -0.04694444 0.01562789
v 0.006508709 -0.04109928 0.01659644
v 0.009177024 -0.03596256 0.01726172
v 0.009177024 -0.04109928 0.01726172
v 0.006508709 -0.04607157 0.01659644
v 0.006508709 -0.0486788 0.01659644
v 0.002624114 -0.04867882 0.0156279
v 0.009177024 -0.04607157 0.01726172
v 0.009177024 -0.0512083 0.01726172
v 0.006508709 -0.0512083 0.01659644
v 0.004507802 -0.01646866 0.01609756
v 0.003784898 -0.01625224 0.01591732
v 0.003131403 -0.01587495 0.01575438
v 0.002623857 -0.01540849 0.01562784
v 0.005261122 -0.01651254 0.01628538
v 0.006004268 -0.01638151 0.01647067
v 0.006697138 -0.01608264 0.01664342
v 0.00716255 -0.01575656 0.01675946
v 0.009177023 -0.02089329 0.01726172
v 0.009177024 -0.01575656 0.01726172
v 0.003555355 0.01405763 0.005821321
v 0.003555356 -0.0103937 0.005821318
v 0.00355536 -0.0103937 0.0116471
v 0.003555355 0.01405764 0.0116471
v 0.003555359 -0.0573183 0.01164709
v 0.003075112 -0.0573183 0.01357326
v 0.003075105 -0.0158321 0.01357326
v 0.003555351 -0.01614239 0.01164709
v 0.003555355 0.01405764 0.0116471
v 0.00355536 -0.0103937 0.0116471
v 0.003075113 -0.01070399 0.01357326
v 0.003075107 0.01436793 0.01357327
v 0.005559404 -0.0573183 0.01419265
v 0.005559403 -0.01648131 0.01419265
v 0.005261126 -0.01651254 0.0141183
v 0.004507798 -0.01646866 0.01393047
v 0.003075112 -0.0573183 0.01357326
v 0.003784898 -0.01625224 0.01375023
v 0.003075105 -0.0158321 0.01357326
v 0.006002017 -0.01638217 0.01242511
v 0.005925179 -0.05692308 0.01272561
v 0.005999768 -0.05671826 0.01242646
v 0.005753054 -0.05721778 0.01341597
v 0.005559403 -0.01648131 0.01419265
v 0.005559404 -0.0573183 0.01419265
v 0.00721039 0.01448443 0.01169952
v 0.00721039 0.01448443 0.01677139
v 0.006697151 0.01411739 0.01664342
v 0.006697154 0.01411739 0.01200771
v 0.006004266 0.0138185 0.01647067
v 0.006002016 0.01381783 0.01242511
v 0.005559402 0.0137187 0.01419266
v 0.005261126 0.01368747 0.01628538
v 0.005261126 0.01368747 0.0141183
v 0.004507797 0.01373135 0.01393047
v 0.004507801 0.01373135 0.01609757
v 0.003784907 0.01394777 0.01591732
v 0.003784897 0.01394777 0.01375023
v 0.003131404 0.01432506 0.01575438
v 0.003075107 0.01436793 0.01357327
v 0.002623625 0.01479153 0.01562778
v 0.003131387 0.01432507 0.004000728
v 0.003555355 0.01405764 0.0116471
v 0.003555355 0.01405763 0.005821321
v 0.003784888 0.01394777 0.004000728
v 0.003784904 0.01394777 0.005740564
v 0.002582512 0.01484291 0.004000728
v 0.004507789 0.01373135 0.004000728
v 0.004507804 0.01373135 0.005486238
v 0.005261128 0.01368747 0.005221212
v 0.005261135 0.01368747 0.004000728
v 0.006004266 0.01381851 0.004000728
v 0.006004266 0.01381851 0.004959762
v 0.006697149 0.01411739 0.004715993
v 0.006697161 0.01411739 0.004000728
v 0.007302436 0.014568 0.004503048
v 0.007302443 0.01456801 0.004000728
v 0.007787496 0.01514607 0.004332397
v 0.007787491 0.01514607 0.004000728
v 0.00812616 0.01582041 0.004213254
v 0.008126155 0.0158204 0.004000728
v 0.008300179 0.01655466 0.004000728
v 0.008300181 0.01655467 0.004152028
v 0.008300181 0.01730927 0.004152028
v 0.008300181 0.01655467 0.004152028
v 0.008300179 0.01655466 0.004000728
v 0.008300179 0.01730929 0.004000728
v 0.00812616 0.01804353 0.004213254
v 0.008126155 0.01804354 0.004000728
v 0.007787491 0.01871788 0.004000728
v 0.007787496 0.01871787 0.004332397
v 0.007302436 0.01929594 0.004503048
v 0.007302443 0.01929593 0.004000728
v 0.006697149 0.01974656 0.004715993
v 0.006697161 0.01974655 0.004000728
v 0.006004266 0.02004544 0.004959762
v 0.006004266 0.02004544 0.004000728
v 0.005261135 0.02017647 0.004000728
v 0.005261128 0.02017647 0.005221212
v 0.004507789 0.0201326 0.004000728
v 0.004507804 0.0201326 0.005486238
v 0.003784904 0.01991618 0.005740564
v 0.003784888 0.01991617 0.004000728
v 0.003555355 0.01980631 0.005821321
v 0.00313138 0.01953889 0.004000728
v 0.003131387 0.01953889 0.01357337
v 0.003555788 0.01980631 0.0116472
v 0.002623596 0.01907243 0.004000728
v 0.002623592 0.01907243 0.01410869
v 0.002193201 0.01849131 0.004000728
v 0.002193202 0.01849131 0.01587454
v 0.002623591 0.01907243 0.01562777
v 0.003131399 0.01953888 0.01575439
v 0.003784897 0.01991618 0.01591732
v 0.003784897 0.01991618 0.01375023
v 0.004507797 0.0201326 0.01393047
v 0.004507806 0.0201326 0.01609757
v 0.005261126 0.02017647 0.01628538
v 0.005261126 0.02017647 0.0141183
v 0.005559402 0.02014524 0.01419266
v 0.006004255 0.02004544 0.01647067
v 0.006002016 0.02004611 0.01242511
v 0.006697154 0.01974656 0.01200771
v 0.006697151 0.01974656 0.01664342
v 0.007147925 0.01943271 0.01675582
v 0.007147925 0.01943271 0.01173703
v 0.002119108 0.01839127 0.01686354
v 0.002327826 0.01910122 0.01681469
v 0.001910392 0.01768132 0.01691239
v 0.001910392 0.01768131 0.004000728
v 0.001841757 0.01679167 0.004000726
v 0.001841757 0.01679167 0.0173608
v 0.001974484 0.01582412 0.004000728
v 0.001974484 0.01582412 0.01615024
v 0.001977655 0.01582411 0.01821999
v 0.002165142 0.01547337 0.01746766
v 0.005261126 -0.01002354 0.0141183
v 0.005559403 -0.01005477 0.01419266
v 0.005559402 0.0137187 0.01419266
v 0.005261126 0.01368747 0.0141183
v 0.004507798 -0.01006741 0.01393047
v 0.004507797 0.01373135 0.01393047
v 0.003784898 -0.01028384 0.01375023
v 0.003784897 0.01394777 0.01375023
v 0.003075113 -0.01070399 0.01357326
v 0.003075107 0.01436793 0.01357327
v 0.006002017 -0.0101539 0.01242511
v 0.006002016 0.01381783 0.01242511
v 0.005559402 0.0137187 0.01419266
v 0.005559403 -0.01005477 0.01419266
v 0.009177023 0.01448443 0.01726173
v 0.009177023 0.009347704 0.01726172
v 0.00721039 0.01448443 0.01677139
v 0.006508708 0.009347704 0.01659644
v 0.006697151 0.01411739 0.01664342
v 0.006004266 0.0138185 0.01647067
v 0.005261126 0.01368747 0.01628538
v 0.002623677 0.008055573 0.01562779
v 0.004507801 0.01373135 0.01609757
v 0.003784907 0.01394777 0.01591732
v 0.003131404 0.01432506 0.01575438
v 0.002623625 0.01479153 0.01562778
v 0.006508708 0.00436344 0.01659644
v 0.006508708 -0.0007732832 0.01659644
v 0.009177023 0.00436344 0.01726172
v 0.009177023 -0.0007732832 0.01726172
v 0.002623758 -0.002568382 0.01562781
v 0.006508709 -0.00569656 0.01659644
v 0.0045078 -0.01006741 0.01609756
v 0.003784898 -0.01028384 0.01591732
v 0.003131395 -0.01066113 0.01575438
v 0.002623825 -0.01112758 0.01562783
v 0.005261126 -0.01002354 0.01628538
v 0.00600427 -0.01015458 0.01647067
v 0.00669715 -0.01045345 0.01664342
v 0.007224945 -0.01083329 0.01677502
v 0.009177024 -0.00569656 0.01726172
v 0.009177024 -0.01083329 0.01726172
v 0.005261126 0.02017647 0.0141183
v 0.005559402 0.02014524 0.01419266
v 0.0055594 0.04078845 0.01419266
v 0.004507797 0.0201326 0.01393047
v 0.003075677 0.04078845 0.01357341
v 0.003784897 0.01991618 0.01375023
v 0.003131387 0.01953889 0.01357337
v 0.00282958 -0.0007732856 0.03224686
v 0.00282958 0.00436344 0.03224686
v 0.005900933 0.00436344 0.0304014
v 0.005900933 -0.0007732832 0.0304014
v 0.005900933 0.01298759 0.03040141
v 0.005900933 0.009347703 0.0304014
v 0.005565941 0.01301954 0.03060269
v 0.004643695 0.01326155 0.03115683
v 0.00282958 0.009347703 0.03224686
v 0.003804915 0.01371497 0.03166082
v 0.00282958 0.01448443 0.03224686
v 0.003804915 0.02024898 0.03166082
v 0.00282958 0.01943271 0.03224686
v 0.00282958 0.02456943 0.03224686
v 0.004643693 0.02070239 0.03115683
v 0.005900933 0.02456943 0.03040141
v 0.005565941 0.0209444 0.03060269
v 0.005900933 0.02097636 0.03040141
v 0.002829579 0.02954173 0.03224687
v 0.002829579 0.03467845 0.03224687
v 0.005900932 0.03467845 0.03040141
v 0.005900932 0.02954173 0.03040141
v 0.003804916 -0.01000103 0.03166082
v 0.002829581 -0.01064008 0.03224688
v 0.002829581 -0.005696563 0.03224686
v 0.004643694 -0.009547618 0.03115683
v 0.005900935 -0.005696563 0.0304014
v 0.005565942 -0.009305609 0.03060269
v 0.005900935 -0.009273657 0.0304014
v 0.005900935 -0.01726242 0.0304014
v 0.005900933 -0.02089329 0.0304014
v 0.005565942 -0.01723047 0.03060269
v 0.00282958 -0.02089329 0.03224686
v 0.004643699 -0.01698845 0.03115683
v 0.003804916 -0.01653504 0.03166082
v 0.002829579 -0.015896 0.03224688
v 0.002829581 -0.03101427 0.03224686
v 0.00282958 -0.02587755 0.03224686
v 0.005900933 -0.02587755 0.0304014
v 0.005900935 -0.03101427 0.0304014
v 0.005900935 -0.03596256 0.0304014
v 0.005900935 -0.04109928 0.0304014
v 0.002829581 -0.04109928 0.03224686
v 0.002829581 -0.03596256 0.03224686
v 0.002829581 -0.0512083 0.03224685
v 0.002829581 -0.04607157 0.03224686
v 0.005900935 -0.04607157 0.0304014
v 0.005900935 -0.0512083 0.0304014
v 0.005900935 -0.009273657 0.0304014
v 0.005900935 -0.005696563 0.0304014
v 0.006519288 -0.00569656 0.02792133
v 0.006519288 -0.009288734 0.02792133
v 0.002829581 -0.005696563 0.03224686
v 0.00261967 -0.005696563 0.03219452
v 0.003850974 -0.00569656 0.02725605
v 0.006519288 -0.00569656 0.02792133
v 0.005900935 -0.005696563 0.0304014
v 0.00282958 -0.0007732856 0.03224686
v 0.005900933 -0.0007732832 0.0304014
v 0.006519286 -0.0007732832 0.02792133
v 0.003850973 -0.0007732832 0.02725605
v 0.002619669 -0.0007732856 0.03219452
v 0.006519286 -0.0007732832 0.02792133
v 0.005900933 -0.0007732832 0.0304014
v 0.005900933 0.00436344 0.0304014
v 0.006519286 0.00436344 0.02792133
v 0.00282958 0.00436344 0.03224686
v 0.002619669 0.00436344 0.03219452
v 0.003850973 0.00436344 0.02725605
v 0.006519286 0.00436344 0.02792133
v 0.005900933 0.00436344 0.0304014
v 0.002619669 0.009347703 0.03219453
v 0.003850973 0.009347703 0.02725605
v 0.003850973 0.00436344 0.02725605
v 0.002619669 0.00436344 0.03219452
v 0.00282958 0.009347703 0.03224686
v 0.005900933 0.009347703 0.0304014
v 0.006519286 0.009347703 0.02792133
v 0.003850973 0.009347703 0.02725605
v 0.002619669 0.009347703 0.03219453
v 0.005900933 0.01298759 0.03040141
v 0.006519286 0.01300267 0.02792133
v 0.006519286 0.009347703 0.02792133
v 0.005900933 0.009347703 0.0304014
v 0.006519286 0.02096127 0.02792133
v 0.005565941 0.0209444 0.03060269
v 0.005900933 0.02097636 0.03040141
v 0.005565951 0.0209444 0.02768363
v 0.004643693 0.02070239 0.02745369
v 0.004643693 0.02070239 0.03115683
v 0.003804915 0.02024898 0.02724456
v 0.003804915 0.02024898 0.03166082
v 0.003097277 0.01960993 0.02706812
v 0.00282958 0.01943271 0.03224686
v 0.002560983 0.01882155 0.02693441
v 0.00256099 0.01882156 0.0321799
v 0.002294362 0.01817316 0.03211343
v 0.002226516 0.01792865 0.02685102
v 0.002112876 0.01698197 0.02682269
v 0.002112876 0.01698198 0.03181158
v 0.002226516 0.01603528 0.02685102
v 0.002294362 0.01579078 0.03211343
v 0.002560983 0.0151424 0.02693441
v 0.00256099 0.01514238 0.0321799
v 0.00282958 0.01448443 0.03224686
v 0.003097277 0.01435401 0.02706812
v 0.003804915 0.01371497 0.03166082
v 0.003804915 0.01371497 0.02724456
v 0.004643695 0.01326155 0.03115683
v 0.004643693 0.01326155 0.02745369
v 0.005565941 0.01301954 0.03060269
v 0.005565951 0.01301954 0.02768363
v 0.006519286 0.01300267 0.02792133
v 0.005900933 0.01298759 0.03040141
v 0.005900933 0.02097636 0.03040141
v 0.005900933 0.02456943 0.03040141
v 0.006519286 0.02456944 0.02792133
v 0.006519286 0.02096127 0.02792133
v 0.002619669 0.02456943 0.03219453
v 0.003850973 0.02456944 0.02725605
v 0.00282958 0.02456943 0.03224686
v 0.006519286 0.02456944 0.02792133
v 0.005900933 0.02456943 0.03040141
v 0.002619668 0.02954173 0.03219453
v 0.003850971 0.02954173 0.02725605
v 0.003850973 0.02456944 0.02725605
v 0.002619669 0.02456943 0.03219453
v 0.002829579 0.02954173 0.03224687
v 0.005900932 0.02954173 0.03040141
v 0.006519285 0.02954173 0.02792133
v 0.003850971 0.02954173 0.02725605
v 0.002619668 0.02954173 0.03219453
v 0.006519285 0.02954173 0.02792133
v 0.005900932 0.02954173 0.03040141
v 0.005900932 0.03467845 0.03040141
v 0.006519285 0.03467845 0.02792133
v 0.002619668 0.03467845 0.03219453
v 0.003850971 0.03467845 0.02725605
v 0.002829579 0.03467845 0.03224687
v 0.006519285 0.03467845 0.02792133
v 0.005900932 0.03467845 0.03040141
v 0.006519288 -0.04607157 0.02792132
v 0.006519288 -0.0512083 0.02792132
v 0.005900935 -0.0512083 0.0304014
v 0.005900935 -0.04607157 0.0304014
v 0.002829581 -0.04607157 0.03224686
v 0.00261967 -0.04607157 0.03219452
v 0.003850974 -0.04607157 0.02725604
v 0.006519288 -0.04607157 0.02792132
v 0.005900935 -0.04607157 0.0304014
v 0.00261967 -0.04109928 0.03219452
v 0.003850974 -0.04109928 0.02725604
v 0.003850974 -0.04607157 0.02725604
v 0.00261967 -0.04607157 0.03219452
v 0.005900935 -0.04109928 0.0304014
v 0.006519288 -0.04109928 0.02792133
v 0.002829581 -0.04109928 0.03224686
v 0.003850974 -0.04109928 0.02725604
v 0.00261967 -0.04109928 0.03219452
v 0.006519288 -0.03596256 0.02792133
v 0.006519288 -0.04109928 0.02792133
v 0.005900935 -0.04109928 0.0304014
v 0.005900935 -0.03596256 0.0304014
v 0.006519288 -0.03596256 0.02792133
v 0.005900935 -0.03596256 0.0304014
v 0.002829581 -0.03596256 0.03224686
v 0.003850256 -0.03596256 0.02725586
v 0.002628757 -0.03596256 0.03219679
v 0.003850256 -0.03596256 0.02725586
v 0.002628757 -0.03596256 0.03219679
v 0.002628757 -0.03101427 0.03219679
v 0.003850256 -0.03101427 0.02725586
v 0.002628757 -0.03101427 0.03219679
v 0.002829581 -0.03101427 0.03224686
v 0.003850256 -0.03101427 0.02725586
v 0.006519288 -0.03101427 0.02792133
v 0.005900935 -0.03101427 0.0304014
v 0.005900935 -0.03101427 0.0304014
v 0.005900933 -0.02587755 0.0304014
v 0.006519286 -0.02587755 0.02792133
v 0.006519288 -0.03101427 0.02792133
v 0.002619669 -0.02587755 0.03219452
v 0.003850973 -0.02587755 0.02725604
v 0.00282958 -0.02587755 0.03224686
v 0.006519286 -0.02587755 0.02792133
v 0.005900933 -0.02587755 0.0304014
v 0.003850973 -0.02587755 0.02725604
v 0.002619669 -0.02587755 0.03219452
v 0.002619669 -0.02089329 0.03219452
v 0.003850973 -0.02089329 0.02725604
v 0.002619669 -0.02089329 0.03219452
v 0.00282958 -0.02089329 0.03224686
v 0.003850973 -0.02089329 0.02725604
v 0.006519286 -0.02089329 0.02792133
v 0.005900933 -0.02089329 0.0304014
v 0.006519288 -0.01724734 0.02792133
v 0.006519286 -0.02089329 0.02792133
v 0.005900933 -0.02089329 0.0304014
v 0.005900935 -0.01726242 0.0304014
v 0.005565942 -0.009305609 0.03060269
v 0.005900935 -0.009273657 0.0304014
v 0.006519288 -0.009288734 0.02792133
v 0.005565952 -0.009305605 0.02768363
v 0.004643694 -0.009547618 0.02745369
v 0.004643694 -0.009547618 0.03115683
v 0.003804916 -0.01000103 0.02724456
v 0.003804916 -0.01000103 0.03166082
v 0.003097278 -0.01064008 0.02706812
v 0.002829581 -0.01064008 0.03224688
v 0.002560989 -0.01142845 0.03217989
v 0.002560984 -0.01142846 0.02693441
v 0.002226517 -0.01232135 0.02685102
v 0.002294363 -0.01207686 0.03211342
v 0.002112877 -0.01326804 0.03181157
v 0.002112877 -0.01326804 0.02682268
v 0.002294363 -0.01445922 0.03211342
v 0.002226517 -0.01421473 0.02685102
v 0.002560984 -0.01510762 0.02693441
v 0.002560989 -0.01510762 0.03217989
v 0.003097278 -0.015896 0.02706812
v 0.002829579 -0.015896 0.03224688
v 0.003804916 -0.01653504 0.02724456
v 0.003804916 -0.01653504 0.03166082
v 0.004643699 -0.01698845 0.03115683
v 0.004643694 -0.01698845 0.02745369
v 0.005565942 -0.01723047 0.03060269
v 0.005565952 -0.01723047 0.02768363
v 0.006519288 -0.01724734 0.02792133
v 0.005900935 -0.01726242 0.0304014
v 0.009177024 -0.04109928 0.01726172
v 0.009177024 -0.03596256 0.01726172
v 0.009795381 -0.03596256 0.01478164
v 0.009795381 -0.04109928 0.01478164
v 0.009177022 0.02954173 0.01726173
v 0.009177022 0.03467845 0.01726173
v 0.009795376 0.03467845 0.01478165
v 0.009795376 0.02954173 0.01478165
v 0.009795376 0.02456944 0.01478165
v 0.009795376 0.01943271 0.01478165
v 0.009177023 0.01943271 0.01726173
v 0.009177023 0.02456944 0.01726173
v 0.009795376 0.01448443 0.01478165
v 0.009795376 0.009347704 0.01478165
v 0.009177023 0.009347704 0.01726172
v 0.009177023 0.01448443 0.01726173
v 0.009795376 0.00436344 0.01478165
v 0.009795376 -0.0007732832 0.01478165
v 0.009177023 -0.0007732832 0.01726172
v 0.009177023 0.00436344 0.01726172
v 0.009177024 -0.01083329 0.01726172
v 0.009177024 -0.00569656 0.01726172
v 0.009795376 -0.00569656 0.01478165
v 0.009795376 -0.01083329 0.01478165
v 0.009795381 -0.01575656 0.01478164
v 0.009795381 -0.02089329 0.01478164
v 0.009177023 -0.02089329 0.01726172
v 0.009177024 -0.01575656 0.01726172
v 0.009795381 -0.02587755 0.01478164
v 0.009795381 -0.03101427 0.01478164
v 0.009177024 -0.03101427 0.01726172
v 0.009177023 -0.02587755 0.01726172
v 0.009177024 -0.04607157 0.01726172
v 0.009795381 -0.04607157 0.01478164
v 0.009795381 -0.0512083 0.01478164
v 0.009177024 -0.0512083 0.01726172
v 0.009795381 -0.04607157 0.01478164
v 0.007949922 -0.04607157 0.01171029
v 0.007949922 -0.0512083 0.01171029
v 0.009795381 -0.0512083 0.01478164
v 0.006508709 -0.04607157 0.01659644
v 0.007740013 -0.04607157 0.01165795
v 0.007949922 -0.04607157 0.01171029
v 0.009177024 -0.04607157 0.01726172
v 0.009795381 -0.04607157 0.01478164
v 0.007740013 -0.04607157 0.01165795
v 0.006508709 -0.04607157 0.01659644
v 0.006508709 -0.04109928 0.01659644
v 0.007740013 -0.04109928 0.01165795
v 0.007740013 -0.04109928 0.01165795
v 0.006508709 -0.04109928 0.01659644
v 0.007949922 -0.04109928 0.01171029
v 0.009177024 -0.04109928 0.01726172
v 0.009795381 -0.04109928 0.01478164
v 0.007949922 -0.03596256 0.01171029
v 0.007949922 -0.04109928 0.01171029
v 0.009795381 -0.04109928 0.01478164
v 0.009795381 -0.03596256 0.01478164
v 0.007949922 -0.03596256 0.01171029
v 0.009795381 -0.03596256 0.01478164
v 0.009177024 -0.03596256 0.01726172
v 0.006507994 -0.03596256 0.01659626
v 0.007749097 -0.03596256 0.01166022
v 0.007749097 -0.03596256 0.01166022
v 0.006507994 -0.03596256 0.01659626
v 0.006507994 -0.03101427 0.01659626
v 0.007749097 -0.03101427 0.01166022
v 0.007949922 -0.03101427 0.01171029
v 0.009177024 -0.03101427 0.01726172
v 0.009795381 -0.03101427 0.01478164
v 0.006507994 -0.03101427 0.01659626
v 0.007749097 -0.03101427 0.01166022
v 0.007949922 -0.03101427 0.01171029
v 0.009795381 -0.03101427 0.01478164
v 0.009795381 -0.02587755 0.01478164
v 0.00794992 -0.02587755 0.01171029
v 0.00794992 -0.02587755 0.01171029
v 0.009795381 -0.02587755 0.01478164
v 0.009177023 -0.02587755 0.01726172
v 0.006508708 -0.02587755 0.01659644
v 0.007740012 -0.02587755 0.01165795
v 0.007740012 -0.02089329 0.01165795
v 0.007740012 -0.02587755 0.01165795
v 0.006508708 -0.02587755 0.01659644
v 0.006508708 -0.02089329 0.01659644
v 0.00794992 -0.02089329 0.01171029
v 0.009795381 -0.02089329 0.01478164
v 0.009795381 -0.01575656 0.01478164
v 0.007949922 -0.01575656 0.01171029
v 0.007949922 -0.00569656 0.01171029
v 0.007949922 -0.01083329 0.01171029
v 0.009795376 -0.01083329 0.01478165
v 0.009795376 -0.00569656 0.01478165
v 0.007949922 -0.00569656 0.01171029
v 0.009795376 -0.00569656 0.01478165
v 0.009177024 -0.00569656 0.01726172
v 0.006508709 -0.00569656 0.01659644
v 0.007740013 -0.00569656 0.01165795
v 0.006508708 -0.0007732832 0.01659644
v 0.007740012 -0.0007732832 0.01165795
v 0.007740013 -0.00569656 0.01165795
v 0.006508709 -0.00569656 0.01659644
v 0.009177023 -0.0007732832 0.01726172
v 0.009795376 -0.0007732832 0.01478165
v 0.00794992 -0.0007732832 0.01171029
v 0.006508708 -0.0007732832 0.01659644
v 0.007740012 -0.0007732832 0.01165795
v 0.009795376 0.00436344 0.01478165
v 0.00794992 0.004363441 0.01171029
v 0.00794992 -0.0007732832 0.01171029
v 0.009795376 -0.0007732832 0.01478165
v 0.00794992 0.004363441 0.01171029
v 0.009795376 0.00436344 0.01478165
v 0.009177023 0.00436344 0.01726172
v 0.006508708 0.00436344 0.01659644
v 0.007740012 0.004363441 0.01165795
v 0.006508708 0.009347704 0.01659644
v 0.007740012 0.009347704 0.01165795
v 0.007740012 0.004363441 0.01165795
v 0.006508708 0.00436344 0.01659644
v 0.009177023 0.009347704 0.01726172
v 0.009795376 0.009347704 0.01478165
v 0.00794992 0.009347704 0.01171029
v 0.006508708 0.009347704 0.01659644
v 0.007740012 0.009347704 0.01165795
v 0.009795376 0.01448443 0.01478165
v 0.00794992 0.01448443 0.01171029
v 0.00794992 0.009347704 0.01171029
v 0.009795376 0.009347704 0.01478165
v 0.009795376 0.01943271 0.01478165
v 0.009795376 0.02456944 0.01478165
v 0.00794992 0.02456944 0.01171029
v 0.00794992 0.01943271 0.01171029
v 0.00794992 0.02456944 0.01171029
v 0.009795376 0.02456944 0.01478165
v 0.009177023 0.02456944 0.01726173
v 0.006508708 0.02456944 0.01659644
v 0.007740012 0.02456944 0.01165795
v 0.007740011 0.02954173 0.01165795
v 0.007740012 0.02456944 0.01165795
v 0.006508708 0.02456944 0.01659644
v 0.006508707 0.02954173 0.01659644
v 0.007949919 0.02954173 0.01171029
v 0.007740011 0.02954173 0.01165795
v 0.006508707 0.02954173 0.01659644
v 0.009177022 0.02954173 0.01726173
v 0.009795376 0.02954173 0.01478165
v 0.009795376 0.03467845 0.01478165
v 0.007949919 0.03467845 0.01171029
v 0.007949919 0.02954173 0.01171029
v 0.009795376 0.02954173 0.01478165
v 0.007949919 0.03467845 0.01171029
v 0.009795376 0.03467845 0.01478165
v 0.009177022 0.03467845 0.01726173
v 0.006508707 0.03467845 0.01659644
v 0.007740011 0.03467845 0.01165796
v 0.003850974 -0.0512083 0.02725604
v 0.00261967 -0.0512083 0.03219452
v 0.002829581 -0.0512083 0.03224685
v 0.006519288 -0.0512083 0.02792132
v 0.005900935 -0.0512083 0.0304014
v 0.007740013 -0.0512083 0.01165795
v 0.006508709 -0.0512083 0.01659644
v 0.007949922 -0.0512083 0.01171029
v 0.009177024 -0.0512083 0.01726172
v 0.009795381 -0.0512083 0.01478164
v -0.002006115 0.04630207 0.01165684
v -0.001491455 0.03806392 0.01208342
v -0.002006115 0.03821715 0.01165684
v -0.001491365 0.04633491 0.01208334
v -0.001229147 0.0377606 0.01265536
v -0.001253933 0.04639573 0.01260136
v -0.001223719 0.03727913 0.01326221
v -0.001224311 0.04649405 0.01321315
v -0.001224311 0.04649405 0.01321315
v -0.001341347 0.036654 0.01381254
v -0.001223719 0.03727913 0.01326221
v -0.001333231 0.04662153 0.01378073
v -0.002330277 0.0337291 0.01778208
v -0.001453004 0.03580014 0.01426069
v -0.001510513 0.03486387 0.01449147
v -0.002630755 0.03423043 0.0189883
v -0.001964773 0.04747302 0.01631593
v -0.002953983 0.03432309 0.02028581
v -0.002563647 0.0489143 0.01872004
v -0.003268311 0.03399801 0.02154756
v -0.003071623 0.05083735 0.02075931
v -0.003542983 0.03328703 0.02265009
v -0.003465095 0.05315281 0.02233896
v -0.002081984 0.0328682 0.01678531
v -0.001510531 0.03389958 0.01449146
v -0.001453057 0.03296331 0.01426069
v -0.001910148 0.03173196 0.01609544
v -0.001341438 0.03210947 0.01381256
v -0.003751114 0.03225972 0.02348549
v -0.001831573 0.03043164 0.01577993
v -0.001182167 0.0313877 0.01317316
v -0.0009845024 0.03083992 0.01237965
v -0.00080437 0.0305463 0.01165654
v -0.001849809 0.02909874 0.01585303
v -0.003725763 0.05575306 0.02338554
v -0.004979238 0.02565341 0.02841491
v -0.004978373 0.07360399 0.02841514
v -0.003872321 0.03101666 0.02397194
v -0.003894746 0.02967953 0.02406186
v -0.001829655 0.01943161 0.01577138
v -0.001975199 0.02785143 0.01635627
v -0.001903204 0.02064953 0.01606671
v -0.002080045 0.02186818 0.01677668
v -0.002328341 0.02272908 0.01777346
v -0.002183329 0.02682413 0.01719167
v -0.002458 0.02611315 0.01829419
v -0.002628825 0.02323041 0.0189797
v -0.002772335 0.02578807 0.01955597
v -0.002952054 0.02332307 0.02027721
v -0.003266378 0.022998 0.02153895
v -0.003095557 0.02588073 0.02085346
v -0.003393829 0.02637823 0.02205082
v -0.003541064 0.02228701 0.02264154
v -0.003644338 0.02724297 0.02305648
v -0.003749176 0.0212597 0.02347686
v -0.003816181 0.0283792 0.02374638
v -0.003870391 0.02001664 0.02396335
v -0.003892807 0.01867952 0.02405323
v -0.003814254 0.01737918 0.0237378
v -0.004979643 0.003103329 0.0284148
v -0.003876911 0.009012412 0.02398867
v -0.003751506 0.01025972 0.02348537
v -0.003642397 0.01624295 0.02304782
v -0.003394098 0.01538203 0.02205104
v -0.003543373 0.01128702 0.02264996
v -0.003093626 0.01488071 0.02084484
v -0.0032687 0.01199801 0.02154742
v -0.00295438 0.01232309 0.0202857
v -0.002770402 0.01478805 0.01954735
v -0.002631151 0.01223043 0.01898819
v -0.002456064 0.01511313 0.01828556
v -0.002330686 0.0117291 0.01778203
v -0.002181393 0.01582411 0.01718303
v -0.002082379 0.0108682 0.01678521
v -0.001973262 0.01685142 0.01634763
v -0.001910526 0.00973196 0.01609527
v -0.001850008 0.01809874 0.01585297
v -0.001831971 0.008431628 0.01577983
v -0.00183216 -0.002568384 0.01577974
v -0.001854398 0.007094487 0.01586975
v -0.001975607 0.005851432 0.01635622
v -0.001910732 -0.00126804 0.01609525
v -0.002082577 -0.0001318157 0.01678516
v -0.002330893 0.0007290947 0.01778202
v -0.002183725 0.00482412 0.01719156
v -0.002458386 0.004113134 0.01829406
v -0.002631357 0.001230425 0.01898817
v -0.002772734 0.003788062 0.01955589
v -0.002954578 0.001323081 0.02028565
v -0.003095962 0.003880717 0.02085339
v -0.003268906 0.0009980022 0.02154741
v -0.00339643 0.004382045 0.02205957
v -0.00354358 0.000287019 0.02264995
v -0.003751722 -0.0007402789 0.02348539
v -0.003644745 0.005242962 0.02305642
v -0.003816569 0.00637919 0.02374625
v -0.003895143 0.007679518 0.02406175
v -0.003872908 -0.001983348 0.02397176
v -0.003895344 -0.00332048 0.02406171
v -0.003873836 -0.01298334 0.02397463
v -0.003816786 -0.004620816 0.02374627
v -0.003896601 -0.01421044 0.02406592
v -0.003752642 -0.01174029 0.02348819
v -0.003644935 -0.005757037 0.02305634
v -0.00339662 -0.006617957 0.02205949
v -0.003544516 -0.01071299 0.02265281
v -0.003269846 -0.010002 0.02155028
v -0.003096151 -0.007119287 0.02085331
v -0.002955509 -0.009676927 0.02028849
v -0.002772932 -0.007211944 0.01955583
v -0.002632289 -0.009769586 0.01899102
v -0.002458604 -0.00688687 0.01829408
v -0.002331821 -0.01027092 0.01778484
v -0.002178208 -0.006145996 0.01716858
v -0.002083505 -0.01113182 0.01678799
v -0.001975797 -0.005148574 0.01635613
v -0.001911665 -0.01226805 0.0160981
v -0.001833094 -0.01356839 0.01578264
v -0.001850405 -0.003901273 0.01585287
v -0.0008053845 -0.02561381 0.01165628
v -0.001855522 -0.01490553 0.01587256
v -0.001911123 -0.02326805 0.01609511
v -0.001976725 -0.01614859 0.016359
v -0.002082973 -0.02213182 0.01678505
v -0.002184858 -0.0171759 0.01719437
v -0.00233127 -0.02127091 0.01778183
v -0.002459532 -0.01788687 0.01829691
v -0.002631747 -0.02076958 0.01898805
v -0.001832406 -0.02458212 0.01577903
v -0.002773843 -0.01821196 0.0195586
v -0.002954966 -0.02067692 0.02028552
v -0.001854982 -0.02590552 0.01586955
v -0.003269295 -0.021002 0.02154727
v -0.003097091 -0.0181193 0.02085618
v -0.003397558 -0.01761797 0.02206236
v -0.003543978 -0.02171298 0.02264985
v -0.003752109 -0.02274028 0.02348525
v -0.003645864 -0.01675706 0.02305917
v -0.003817717 -0.01562082 0.02374911
v -0.003873296 -0.02398335 0.02397162
v -0.001976206 -0.02714858 0.01635608
v -0.004980147 -0.02494445 0.02841466
v -0.00389572 -0.0253205 0.02406153
v -0.003873589 -0.03497538 0.02397195
v -0.003817192 -0.02662083 0.02374621
v -0.003752401 -0.03373232 0.02348558
v -0.00364533 -0.02775707 0.02305623
v -0.00354426 -0.03270502 0.02265014
v -0.003397015 -0.02861795 0.02205938
v -0.003269588 -0.03199403 0.0215476
v -0.003096543 -0.02911929 0.02085319
v -0.002955267 -0.03166895 0.02028589
v -0.002773328 -0.02921196 0.01955573
v -0.00263298 -0.03175225 0.01899215
v -0.00245898 -0.02888688 0.0182939
v -0.003896023 -0.0363125 0.02406189
v -0.004980729 -0.05731828 0.0284145
v -0.003873703 -0.04598336 0.02397155
v -0.002331571 -0.03226294 0.0177822
v -0.002184307 -0.02817588 0.01719137
v -0.00208326 -0.03312385 0.01678535
v -0.001911408 -0.03426008 0.01609541
v -0.00183286 -0.0355604 0.01578001
v -0.0008059573 -0.05731828 0.01165613
v -0.001851002 -0.03690128 0.01585272
v -0.003817467 -0.03761286 0.02374647
v -0.003752506 -0.04474029 0.02348515
v -0.003896131 -0.0473205 0.02406148
v -0.003544373 -0.04371299 0.02264974
v -0.003645605 -0.03874909 0.02305649
v -0.003397318 -0.03960999 0.02205975
v -0.00326971 -0.043002 0.02154724
v -0.003096832 -0.04011133 0.0208535
v -0.002955372 -0.04267693 0.02028545
v -0.002773615 -0.04020399 0.01955604
v -0.002632142 -0.04276959 0.01898794
v -0.002459277 -0.0398789 0.01829425
v -0.003817592 -0.04862084 0.02374611
v -0.002331685 -0.04327092 0.01778181
v -0.002184604 -0.03916793 0.01719171
v -0.00364573 -0.04975706 0.02305613
v -0.001976479 -0.03814062 0.01635633
v -0.002083359 -0.04413183 0.01678491
v -0.001911517 -0.04526806 0.01609501
v -0.001832965 -0.04656838 0.01577958
v -0.003397415 -0.05061797 0.02205928
v -0.003096957 -0.0511193 0.02085314
v -0.002773725 -0.05121195 0.01955562
v -0.0018512 -0.04790129 0.01585267
v -0.002459391 -0.05088689 0.01829384
v -0.001976586 -0.0491486 0.0163559
v -0.002184717 -0.05017589 0.0171913
v 0.00188428 -0.0573183 0.02893277
v -0.0006001145 -0.05731826 0.02831335
v -0.0005994677 0.04078845 0.02831351
v 0.001884277 0.04078845 0.02893278
v 0.001518502 0.04039323 0.03039983
v 0.001443913 0.0401884 0.03069898
v 0.001443917 -0.05671826 0.03069898
v 0.001518506 -0.05692308 0.03039982
v 0.001690626 0.04068793 0.02970948
v 0.00169063 -0.05721778 0.02970947
v 0.00188428 -0.0573183 0.02893277
v 0.001884277 0.04078845 0.02893278
v -0.003676633 -0.0573183 0.006776697
v -0.003676633 -0.0573183 0.003957348
v -0.003676634 0.03038173 0.003957357
v -0.003676634 0.03038173 0.006776704
v -0.0006992245 0.03042291 0.01109361
v -0.00080437 0.0305463 0.01165654
v -0.0008053845 -0.02561381 0.01165628
v -0.0006800669 -0.05731831 0.01088105
v -0.0008059573 -0.05731828 0.01165613
v -0.0007172257 -0.0573183 0.01009705
v -0.0007172244 0.03037813 0.01009705
v -0.0008978206 0.03038173 0.009333429
v -0.0008978206 -0.05731831 0.009333422
v -0.001228071 0.03038173 0.008621263
v -0.001228071 -0.05731831 0.008621256
v -0.001690478 0.03038173 0.007986994
v -0.001690479 -0.05731831 0.007986986
v -0.002268255 0.03038173 0.007455645
v -0.002268256 -0.0573183 0.007455637
v -0.00293902 -0.0573183 0.007047922
v -0.00293902 0.03038173 0.00704793
v -0.003676634 0.03038173 0.006776704
v -0.003676633 -0.0573183 0.006776697
v -6.114244E-06 0.03838173 0.01052125
v -0.002006115 0.03838173 0.01052125
v -0.002006115 0.03821715 0.01165684
v -6.114244E-06 0.0382655 0.01147852
v -0.001491455 0.03806392 0.01208342
v -6.114244E-06 0.03792355 0.01238015
v -0.001229147 0.0377606 0.01265536
v -6.114244E-06 0.03737577 0.01317375
v -0.001223719 0.03727913 0.01326221
v -0.001341347 0.036654 0.01381254
v -6.114244E-06 0.03665399 0.01381319
v -0.001453004 0.03580014 0.01426069
v -6.114244E-06 0.03580016 0.01426132
v -0.001510513 0.03486387 0.01449147
v -6.114244E-06 0.03486389 0.01449208
v -0.001510531 0.03389958 0.01449146
v -6.114244E-06 0.03389957 0.01449208
v -0.001453057 0.03296331 0.01426069
v -6.114244E-06 0.0329633 0.01426132
v -0.001341438 0.03210947 0.01381256
v -6.114244E-06 0.03210947 0.01381319
v -0.001182167 0.0313877 0.01317316
v -6.114244E-06 0.03138769 0.01317375
v -0.0009845024 0.03083992 0.01237965
v -6.114244E-06 0.03083991 0.01238015
v -6.114244E-06 0.03049796 0.01147852
v -0.00080437 0.0305463 0.01165654
v -0.0006992245 0.03042291 0.01109361
v -6.114244E-06 0.03038173 0.01052125
v -0.0007172244 0.03037813 0.01009705
v -0.003676634 0.03038173 0.003957357
v -0.00293902 0.03038173 0.00704793
v -0.003676634 0.03038173 0.006776704
v -6.114244E-06 0.03038173 0.005970211
v -0.002268255 0.03038173 0.007455645
v -0.001690478 0.03038173 0.007986994
v -0.001228071 0.03038173 0.008621263
v -6.114244E-06 0.03038173 0.01052125
v -0.0008978206 0.03038173 0.009333429
v -0.0007172244 0.03037813 0.01009705
v -6.110668E-06 -0.0573183 0.005970201
v -6.114244E-06 0.03038173 0.005970211
v -0.003676634 0.03038173 0.003957357
v -0.003676633 -0.0573183 0.003957348
v -0.004594648 0.02256943 -0.006945691
v -0.004594646 -0.01889329 -0.006945691
v -0.004594646 -0.01889329 -0.01389927
v -0.004594648 0.02256943 -0.01389927
v -0.004594648 0.02256943 -0.006945691
v -6.113052E-06 0.02256943 -0.008945832
v -6.11186E-06 -0.01889329 -0.008945832
v -0.004594646 -0.01889329 -0.006945691
v 0.005055354 0.02256943 -0.01389927
v 0.006030815 0.02247336 0.004950416
v 0.005055354 0.02256943 0.005293605
v 0.00603081 0.02247336 -0.01389927
v 0.006968779 0.02218883 0.004620435
v 0.006968777 0.02218883 -0.01389927
v 0.007833208 0.02172678 0.004316318
v 0.007833205 0.02172678 -0.01389927
v 0.00859089 0.02110497 0.004049757
v 0.00859089 0.02110497 -0.01389927
v 0.009212704 0.02034728 0.003830993
v 0.009212707 0.02034728 -0.01389927
v 0.009674753 0.01948285 0.003668439
v 0.009674753 0.01948285 -0.01389927
v 0.009959279 0.01854488 0.003568342
v 0.009959279 0.01854489 -0.01389927
v 0.01005535 0.01756943 0.003534543
v 0.01005535 0.01756943 -0.01389927
v 0.005055355 -0.01889329 -0.01389927
v 0.005055355 -0.01889329 0.005293603
v 0.006030816 -0.01879722 0.004950413
v 0.006030816 -0.01879721 -0.01389927
v 0.00696878 -0.01851269 0.004620433
v 0.006968783 -0.01851268 -0.01389927
v 0.007833209 -0.01805064 0.004316316
v 0.007833206 -0.01805064 -0.01389927
v 0.008590891 -0.01742882 0.004049754
v 0.008590891 -0.01742882 -0.01389927
v 0.009212706 -0.01667114 0.003830991
v 0.009212708 -0.01667114 -0.01389927
v 0.009674754 -0.01580671 0.003668437
v 0.009674751 -0.01580672 -0.01389927
v 0.009959279 -0.01486874 0.003568339
v 0.009959279 -0.01486874 -0.01389927
v 0.01005535 -0.01389329 0.003534541
v 0.01005535 -0.01389329 -0.01389927
v -0.004594646 -0.01889329 -0.01389927
v -0.004594646 -0.01889329 -0.006945691
v -6.11186E-06 -0.01889329 -0.008945832
v 0.005055355 -0.01889329 -0.01389927
v 0.003555356 -0.01889329 0.000521245
v -6.11186E-06 -0.01889329 0.000521245
v 0.005055355 -0.01889329 0.005293603
v 0.003555356 -0.01889329 0.005821318
v -0.004594648 0.02256943 -0.01389927
v -6.113052E-06 0.02256943 -0.008945832
v -0.004594648 0.02256943 -0.006945691
v 0.005055354 0.02256943 -0.01389927
v -6.113052E-06 0.02256943 -0.00177875
v 0.003555355 0.02256943 -0.00177875
v 0.005055354 0.02256943 0.005293605
v 0.003555355 0.02256943 0.005821321
v -0.002955372 -0.04267693 0.02028545
v 0.001204975 -0.04267693 0.02132275
v 0.001528293 -0.04276959 0.02002526
v -0.002632142 -0.04276959 0.01898794
v 0.001828847 -0.04327092 0.01881914
v -0.002331685 -0.04327092 0.01778181
v 0.002077262 -0.04413183 0.01782227
v -0.002083359 -0.04413183 0.01678491
v 0.002249184 -0.04526805 0.01713238
v -0.001911517 -0.04526806 0.01609501
v 0.002327791 -0.04656838 0.01681697
v -0.001832965 -0.04656838 0.01577958
v 0.002309588 -0.04790128 0.01689007
v -0.0018512 -0.04790129 0.01585267
v 0.0021842 -0.04914857 0.01739329
v -0.001976586 -0.0491486 0.0163559
v 0.001976035 -0.05017591 0.0182287
v -0.002184717 -0.05017589 0.0171913
v 0.001701307 -0.05088687 0.01933122
v -0.002459391 -0.05088689 0.01829384
v 0.001386893 -0.05121198 0.02059298
v -0.002773725 -0.05121195 0.01955562
v 0.001063571 -0.05111929 0.02189048
v -0.003096957 -0.0511193 0.02085314
v 0.0007630169 -0.05061799 0.0230966
v -0.003397415 -0.05061797 0.02205928
v 0.0005146146 -0.04975705 0.02409342
v -0.00364573 -0.04975706 0.02305613
v 0.0003426742 -0.04862085 0.02478338
v -0.003817592 -0.04862084 0.02374611
v 0.000264082 -0.0473205 0.02509873
v -0.003896131 -0.0473205 0.02406148
v 0.000286479 -0.04598334 0.02500881
v -0.003873703 -0.04598336 0.02397155
v 0.0004076743 -0.04474027 0.02452241
v -0.003752506 -0.04474029 0.02348515
v 0.0006158376 -0.04371299 0.02368701
v -0.003544373 -0.04371299 0.02264974
v 0.0008905589 -0.043002 0.02258452
v -0.00326971 -0.043002 0.02154724
v 0.001204975 -0.04267693 0.02132275
v -0.002955372 -0.04267693 0.02028545
v -0.002955267 -0.03166895 0.02028589
v 0.001204795 -0.03166895 0.02132311
v 0.001527172 -0.03175225 0.0200294
v -0.00263298 -0.03175225 0.01899215
v 0.001828676 -0.03226294 0.01881947
v -0.002331571 -0.03226294 0.0177822
v 0.00207708 -0.03312384 0.01782264
v -0.00208326 -0.03312385 0.01678535
v 0.002249012 -0.03426007 0.01713271
v -0.001911408 -0.03426008 0.01609541
v 0.002327614 -0.03556042 0.01681733
v -0.00183286 -0.0355604 0.01578001
v 0.002309503 -0.03690129 0.01689005
v -0.001851002 -0.03690128 0.01585272
v 0.00218402 -0.03814062 0.01739366
v -0.001976479 -0.03814062 0.01635633
v 0.001975868 -0.03916792 0.01822901
v -0.002184604 -0.03916793 0.01719171
v 0.001701134 -0.0398789 0.01933155
v -0.002459277 -0.0398789 0.01829425
v 0.001386716 -0.04020397 0.02059333
v -0.002773615 -0.04020399 0.01955604
v 0.001063409 -0.04011132 0.02189077
v -0.003096832 -0.04011133 0.0208535
v 0.0007628286 -0.03960999 0.023097
v -0.003397318 -0.03960999 0.02205975
v 0.0005144536 -0.03874908 0.0240937
v -0.003645605 -0.03874909 0.02305649
v 0.0003425133 -0.03761285 0.02478367
v -0.003817467 -0.03761286 0.02374647
v 0.0002639043 -0.03631254 0.02509909
v -0.003896023 -0.0363125 0.02406189
v 0.0002863085 -0.03497537 0.02500913
v -0.003873589 -0.03497538 0.02397195
v 0.0004074955 -0.0337323 0.02452276
v -0.003752401 -0.03373232 0.02348558
v 0.0006156671 -0.03270502 0.02368733
v -0.00354426 -0.03270502 0.02265014
v 0.0008903968 -0.03199402 0.02258481
v -0.003269588 -0.03199403 0.0215476
v 0.001204795 -0.03166895 0.02132311
v -0.002955267 -0.03166895 0.02028589
v -0.002954966 -0.02067692 0.02028552
v 0.001204814 -0.02067692 0.02132267
v 0.001528124 -0.02076958 0.02002522
v -0.002631747 -0.02076958 0.01898805
v 0.001828697 -0.02127091 0.01881902
v -0.00233127 -0.02127091 0.01778183
v 0.002077082 -0.02213182 0.01782227
v -0.002082973 -0.02213182 0.01678505
v 0.002249013 -0.02326805 0.01713235
v -0.001911123 -0.02326805 0.01609511
v 0.00232762 -0.02456838 0.01681694
v -0.001832406 -0.02458212 0.01577903
v 0.002305238 -0.02590552 0.01690681
v -0.001854982 -0.02590552 0.01586955
v 0.002184012 -0.02714857 0.01739333
v -0.001976206 -0.02714858 0.01635608
v 0.001975875 -0.02817589 0.01822862
v -0.002184307 -0.02817588 0.01719137
v 0.001701148 -0.02888688 0.01933113
v -0.00245898 -0.02888688 0.0182939
v 0.00138672 -0.02921196 0.02059296
v -0.002773328 -0.02921196 0.01955573
v 0.001063415 -0.02911929 0.02189039
v -0.003096543 -0.02911929 0.02085319
v 0.0007628477 -0.02861797 0.02309655
v -0.003397015 -0.02861795 0.02205938
v 0.0005144453 -0.02775706 0.02409337
v -0.00364533 -0.02775707 0.02305623
v 0.000342505 -0.02662082 0.02478334
v -0.003817192 -0.02662083 0.02374621
v 0.0002639234 -0.0253205 0.02509865
v -0.00389572 -0.0253205 0.02406153
v 0.0002863181 -0.02398335 0.02500873
v -0.003873296 -0.02398335 0.02397162
v 0.0004075062 -0.02274028 0.02452236
v -0.003752109 -0.02274028 0.02348525
v 0.0006156671 -0.02171298 0.02368697
v -0.003543978 -0.02171298 0.02264985
v 0.0008904064 -0.021002 0.02258441
v -0.003269295 -0.021002 0.02154727
v 0.001204814 -0.02067692 0.02132267
v -0.002954966 -0.02067692 0.02028552
v -0.002954578 0.001323081 0.02028565
v 0.001204636 0.001323084 0.02132266
v 0.001527947 0.001230427 0.02002521
v -0.002631357 0.001230425 0.01898817
v 0.001828508 0.0007290971 0.01881907
v -0.002330893 0.0007290947 0.01778202
v 0.002076914 -0.0001318133 0.01782223
v -0.002082577 -0.0001318157 0.01678516
v 0.002248836 -0.001268042 0.01713235
v -0.001910732 -0.00126804 0.01609525
v 0.002327465 -0.00256838 0.01681685
v -0.00183216 -0.002568384 0.01577974
v 0.002309251 -0.003901275 0.01688999
v -0.001850405 -0.003901273 0.01585287
v -0.001975797 -0.005148574 0.01635613
v 0.002183853 -0.005148574 0.01739325
v 0.001975698 -0.006175884 0.01822861
v -0.002178208 -0.006145996 0.01716858
v 0.001700959 -0.006886867 0.01933117
v -0.002458604 -0.00688687 0.01829408
v 0.001386552 -0.007211941 0.02059291
v -0.002772932 -0.007211944 0.01955583
v 0.001063242 -0.007119284 0.02189036
v -0.003096151 -0.007119287 0.02085331
v 0.0007626784 -0.006617953 0.02309652
v -0.00339662 -0.006617957 0.02205949
v 0.0005142748 -0.005757037 0.02409334
v -0.003644935 -0.005757037 0.02305634
v 0.0003423452 -0.004620818 0.02478326
v -0.003816786 -0.004620816 0.02374627
v 0.0002637362 -0.003320478 0.02509868
v -0.003895344 -0.00332048 0.02406171
v 0.0002861405 -0.001983346 0.02500873
v -0.003872908 -0.001983348 0.02397176
v 0.0004073274 -0.0007402837 0.02452236
v -0.003751722 -0.0007402789 0.02348539
v 0.000615499 0.0002870214 0.02368693
v -0.00354358 0.000287019 0.02264995
v 0.0008902299 0.0009980047 0.0225844
v -0.003268906 0.0009980022 0.02154741
v 0.001204636 0.001323084 0.02132266
v -0.002954578 0.001323081 0.02028565
v -0.00295438 0.01232309 0.0202857
v 0.001204551 0.01232309 0.02132265
v 0.001527871 0.01223043 0.02002516
v -0.002631151 0.01223043 0.01898819
v 0.001828433 0.0117291 0.01881901
v -0.002330686 0.0117291 0.01778203
v -0.002082379 0.0108682 0.01678521
v 0.00207683 0.01086819 0.01782221
v -0.001910526 0.00973196 0.01609527
v 0.002248759 0.009731961 0.01713229
v 0.002327369 0.008431627 0.01681687
v -0.001831971 0.008431628 0.01577983
v 0.002304974 0.007094493 0.01690679
v -0.001854398 0.007094487 0.01586975
v 0.002183759 0.005851431 0.01739326
v -0.001975607 0.005851432 0.01635622
v 0.001975612 0.004824124 0.0182286
v -0.002183725 0.00482412 0.01719156
v 0.001700894 0.004113136 0.01933108
v -0.002458386 0.004113134 0.01829406
v 0.001386466 0.003788065 0.02059289
v -0.002772734 0.003788062 0.01955589
v 0.001063147 0.003880718 0.02189038
v -0.003095962 0.003880717 0.02085339
v 0.0007625842 0.004382042 0.02309654
v -0.00339643 0.004382045 0.02205957
v 0.0005141819 0.005242964 0.02409335
v -0.003644745 0.005242962 0.02305642
v 0.0003422797 0.00637919 0.02478317
v -0.003816569 0.00637919 0.02374625
v 0.0002636516 0.007679518 0.02509866
v -0.003895143 0.007679518 0.02406175
v 0.0002818537 0.009012413 0.02502557
v -0.003876911 0.009012412 0.02398867
v 0.0004072606 0.01025972 0.02452227
v -0.003751506 0.01025972 0.02348537
v 0.0006154239 0.01128702 0.02368687
v -0.003543373 0.01128702 0.02264996
v 0.0008901536 0.01199801 0.02258435
v -0.0032687 0.01199801 0.02154742
v 0.001204551 0.01232309 0.02132265
v -0.00295438 0.01232309 0.0202857
v -0.002953983 0.03432309 0.02028581
v 0.001204381 0.0343231 0.02132261
v 0.001527699 0.03423044 0.02002512
v -0.002630755 0.03423043 0.0189883
v 0.001828276 0.03372911 0.01881892
v -0.002330277 0.0337291 0.01778208
v 0.002076659 0.0328682 0.01782217
v -0.002081984 0.0328682 0.01678531
v 0.002248571 0.03173197 0.01713232
v -0.001910148 0.03173196 0.01609544
v 0.0023272 0.03043164 0.01681683
v -0.001831573 0.03043164 0.01577993
v 0.002308996 0.02909874 0.01688993
v -0.001849809 0.02909874 0.01585303
v 0.002183603 0.02785144 0.01739317
v -0.001975199 0.02785143 0.01635627
v 0.001975442 0.02682414 0.01822856
v -0.002183329 0.02682413 0.01719167
v 0.001700715 0.02611314 0.01933107
v -0.002458 0.02611315 0.01829419
v 0.001386299 0.02578807 0.02059284
v -0.002772335 0.02578807 0.01955597
v 0.001062987 0.02588073 0.02189031
v -0.003095557 0.02588073 0.02085346
v 0.0007624197 0.02638205 0.02309647
v -0.003393829 0.02637823 0.02205082
v 0.0005140221 0.02724297 0.02409327
v -0.003644338 0.02724297 0.02305648
v 0.0003420997 0.02837921 0.02478317
v -0.003816181 0.0283792 0.02374638
v 0.0002634811 0.02967952 0.02509862
v -0.003894746 0.02967953 0.02406186
v 0.0002858782 0.03101667 0.0250087
v -0.003872321 0.03101666 0.02397194
v 0.0004070866 0.03225973 0.02452225
v -0.003751114 0.03225972 0.02348549
v 0.0006152463 0.03328704 0.02368686
v -0.003542983 0.03328703 0.02265009
v 0.0008899748 0.03399802 0.02258434
v -0.003268311 0.03399801 0.02154756
v 0.001204381 0.0343231 0.02132261
v -0.002953983 0.03432309 0.02028581
v 0.001572156 -0.01326803 -0.01389929
v 0.001572156 -0.01326803 -0.01274928
v 0.001838579 -0.01192864 -0.01274928
v 0.001838579 -0.01192864 -0.01389929
v 0.002597278 -0.01079316 -0.01274928
v 0.002597278 -0.01079316 -0.01389929
v 0.003732763 -0.01003445 -0.01274928
v 0.003732763 -0.01003445 -0.01389929
v 0.005072158 -0.009768034 -0.01274928
v 0.005072158 -0.009768034 -0.01389929
v 0.006411556 -0.01003446 -0.01274928
v 0.006411556 -0.01003446 -0.01389929
v 0.00754703 -0.01079316 -0.01274928
v 0.00754703 -0.01079316 -0.01389929
v 0.008305733 -0.01192864 -0.01274928
v 0.008305733 -0.01192864 -0.01389929
v 0.008572158 -0.01326803 -0.01274928
v 0.008572158 -0.01326803 -0.01389929
v 0.008305735 -0.01460743 -0.01274928
v 0.008305735 -0.01460743 -0.01389929
v 0.00754703 -0.01574291 -0.01274928
v 0.00754703 -0.01574291 -0.01389929
v 0.006411556 -0.01650161 -0.01274928
v 0.006411556 -0.01650161 -0.01389929
v 0.005072158 -0.01676804 -0.01274928
v 0.005072158 -0.01676804 -0.01389929
v 0.003732759 -0.01650161 -0.01274928
v 0.003732759 -0.01650161 -0.01389929
v 0.002597283 -0.01574291 -0.01274928
v 0.002597283 -0.01574291 -0.01389929
v 0.001838582 -0.01460743 -0.01274928
v 0.001838582 -0.01460743 -0.01389929
v 0.001572156 -0.01326803 -0.01274928
v 0.001572156 -0.01326803 -0.01389929
v 0.001572155 0.01693197 -0.01389929
v 0.001572155 0.01693197 -0.01274928
v 0.001838578 0.01827137 -0.01274928
v 0.001838578 0.01827137 -0.01389929
v 0.002597277 0.01940685 -0.01274928
v 0.002597277 0.01940685 -0.01389929
v 0.003732762 0.02016556 -0.01274928
v 0.003732762 0.02016556 -0.01389929
v 0.005072157 0.02043197 -0.01274928
v 0.005072157 0.02043197 -0.01389929
v 0.006411555 0.02016555 -0.01274928
v 0.006411555 0.02016555 -0.01389929
v 0.007547029 0.01940685 -0.01274928
v 0.007547029 0.01940685 -0.01389929
v 0.008305732 0.01827137 -0.01274928
v 0.008305732 0.01827137 -0.01389929
v 0.008572157 0.01693197 -0.01274928
v 0.008572157 0.01693197 -0.01389929
v 0.008305734 0.01559258 -0.01274928
v 0.008305734 0.01559258 -0.01389929
v 0.007547029 0.0144571 -0.01274928
v 0.007547029 0.0144571 -0.01389929
v 0.006411555 0.0136984 -0.01274928
v 0.006411555 0.0136984 -0.01389929
v 0.005072157 0.01343197 -0.01274928
v 0.005072157 0.01343197 -0.01389929
v 0.003732757 0.0136984 -0.01274928
v 0.003732757 0.0136984 -0.01389929
v 0.002597282 0.0144571 -0.01274928
v 0.002597282 0.0144571 -0.01389929
v 0.00183858 0.01559258 -0.01274928
v 0.00183858 0.01559258 -0.01389929
v 0.001572155 0.01693197 -0.01274928
v 0.001572155 0.01693197 -0.01389929
v -0.004528769 0.03838173 -0.008184914
v -0.004528769 0.03838173 -0.004978749
v -0.002006114 0.03838173 -0.004978749
v 0.001555352 0.03838173 -0.008184914
v 0.00232072 0.03838173 -0.00803267
v 0.002969569 0.03838173 -0.007599129
v 0.003403112 0.03838173 -0.006950283
v 0.003555354 0.03838173 -0.006184916
v 0.003555354 0.03838173 -0.00177875
v -6.114244E-06 0.03838173 -0.00177875
v -0.002006115 0.03838173 0.001080205
v -0.002006115 0.03838173 0.01052125
v -6.114244E-06 0.03838173 0.01052125
v 0.003555788 0.01980631 0.0116472
v 0.003555355 0.02256943 0.005821321
v 0.003555355 0.01980631 0.005821321
v 0.003555359 0.03987037 0.003403454
v 0.003555359 0.0392854 0.002775552
v 0.003555359 0.03892308 0.001997602
v 0.003555359 0.04062074 0.003819809
v 0.003555355 0.02256943 -0.00177875
v 0.003555359 0.03881889 0.001145818
v 0.003555359 0.03898301 0.0003035045
v 0.003555354 0.03838173 -0.00177875
v 0.003555359 0.0393994 -0.0004468918
v 0.003555359 0.04002729 -0.001031823
v 0.003555359 0.04080521 -0.001394157
v 0.003555354 0.03838173 -0.006184916
v 0.003555359 0.04165702 -0.001498375
v 0.003555359 0.04249934 -0.001334224
v 0.003555355 0.0462784 -0.006184916
v 0.00355536 0.04324971 -0.00091784
v 0.00355536 0.04383468 -0.0002899408
v 0.00355536 0.044197 0.0004879832
v 0.00355536 0.04430119 0.001339757
v 0.003555355 0.0462784 0.01087276
v 0.00355536 0.04413706 0.002182109
v 0.00355536 0.04372067 0.00293247
v 0.00355536 0.04309278 0.003517437
v 0.003555359 0.04231486 0.003879738
v 0.003555359 0.04146305 0.003983955
v 0.003555964 0.04630148 0.01164725
v 0.003131387 0.01953889 0.01357337
v 0.003555964 0.04630148 0.01164725
v 0.003555788 0.01980631 0.0116472
v 0.003075677 0.04078845 0.01357341
v 0.003054252 0.04658057 0.01365951
v 0.002391777 0.04747303 0.01631656
v 0.001792403 0.0489143 0.01872054
v -0.0005994677 0.04078845 0.02831351
v 0.001283994 0.05083735 0.02075971
v 0.0008901774 0.05315283 0.02233927
v 0.0006290257 0.05575305 0.02338573
v -0.001205538 0.08185967 0.03074194
v -0.001280016 0.08263627 0.03104066
v -0.00138887 0.0833446 0.03147725
v -0.00152838 0.08396043 0.03203678
v -0.001693774 0.08446272 0.03270015
v -0.001879396 0.08483429 0.03344464
v -0.002078902 0.08506244 0.03424482
v -0.002285471 0.08513937 0.03507332
v -0.002684365 0.08513937 0.03667319
v -0.002684365 -0.05732235 0.03667319
v -0.0006001145 -0.05731826 0.02831335
v 0.003784906 -0.01625225 0.005740562
v 0.003555356 -0.01889329 0.005821318
v 0.003555356 -0.01614237 0.005821318
v 0.004507805 -0.01646866 0.005486235
v 0.005261129 -0.01651254 0.005221209
v 0.005055355 -0.01889329 0.005293603
v 0.006030816 -0.01879722 0.004950413
v 0.006004268 -0.01638151 0.00495976
v 0.00696878 -0.01851269 0.004620433
v 0.00669715 -0.01608263 0.004715991
v 0.007833209 -0.01805064 0.004316316
v 0.007302437 -0.01563201 0.004503045
v 0.008590891 -0.01742882 0.004049754
v 0.009212706 -0.01667114 0.003830991
v 0.007787497 -0.01505394 0.004332394
v 0.009674754 -0.01580671 0.003668437
v 0.008126161 -0.0143796 0.004213252
v 0.009959279 -0.01486874 0.003568339
v 0.008300182 -0.01364534 0.004152026
v 0.01005535 -0.01389329 0.003534541
v 0.008300182 -0.01289074 0.004152026
v 0.008126161 -0.01215648 0.004213252
v 0.01005535 0.01756943 0.003534543
v 0.00812616 0.01582041 0.004213254
v 0.007787496 0.01514607 0.004332397
v 0.008300181 0.01655467 0.004152028
v 0.007787497 -0.01148214 0.004332394
v 0.008300181 0.01730927 0.004152028
v 0.007302436 0.014568 0.004503048
v 0.009959279 0.01854488 0.003568342
v 0.007302437 -0.01090407 0.004503045
v 0.00812616 0.01804353 0.004213254
v 0.006697149 0.01411739 0.004715993
v 0.009674753 0.01948285 0.003668439
v 0.00669715 -0.01045345 0.004715991
v 0.007787496 0.01871787 0.004332397
v 0.006004266 0.01381851 0.004959762
v 0.006004268 -0.01015458 0.00495976
v 0.005261128 0.01368747 0.005221212
v 0.005261129 -0.01002354 0.005221209
v 0.004507804 0.01373135 0.005486238
v 0.004507805 -0.01006741 0.005486235
v 0.003784904 0.01394777 0.005740564
v 0.003784906 -0.01028384 0.005740562
v 0.003555355 0.01405763 0.005821321
v 0.003555356 -0.0103937 0.005821318
v 0.009212704 0.02034728 0.003830993
v 0.007302436 0.01929594 0.004503048
v 0.006697149 0.01974656 0.004715993
v 0.00859089 0.02110497 0.004049757
v 0.007833208 0.02172678 0.004316318
v 0.006968779 0.02218883 0.004620435
v 0.006004266 0.02004544 0.004959762
v 0.006030815 0.02247336 0.004950416
v 0.005261128 0.02017647 0.005221212
v 0.005055354 0.02256943 0.005293605
v 0.004507804 0.0201326 0.005486238
v 0.003555355 0.02256943 0.005821321
v 0.003784904 0.01991618 0.005740564
v 0.003555355 0.01980631 0.005821321
v 0.001841757 0.01679167 0.004000726
v 0.001910392 0.01768131 0.004000728
v 0.001974484 0.01582412 0.004000728
v 0.002193201 0.01849131 0.004000728
v 0.002582512 0.01484291 0.004000728
v 0.002623596 0.01907243 0.004000728
v 0.003131387 0.01432507 0.004000728
v 0.00313138 0.01953889 0.004000728
v 0.003784888 0.01394777 0.004000728
v 0.003784888 0.01991617 0.004000728
v 0.004507789 0.01373135 0.004000728
v 0.004507789 0.0201326 0.004000728
v 0.005261135 0.01368747 0.004000728
v 0.005261135 0.02017647 0.004000728
v 0.006004266 0.01381851 0.004000728
v 0.006004266 0.02004544 0.004000728
v 0.006697161 0.01411739 0.004000728
v 0.006697161 0.01974655 0.004000728
v 0.007302443 0.01456801 0.004000728
v 0.007302443 0.01929593 0.004000728
v 0.007787491 0.01514607 0.004000728
v 0.007787491 0.01871788 0.004000728
v 0.008126155 0.0158204 0.004000728
v 0.008126155 0.01804354 0.004000728
v 0.008300179 0.01655466 0.004000728
v 0.008300179 0.01730929 0.004000728
v 0.00188428 -0.0573183 0.02893277
v 0.003333342 -0.0573183 0.02933215
v 0.007026343 -0.0573183 0.01452033
v 0.005559404 -0.0573183 0.01419265
v -0.0006001145 -0.05731826 0.02831335
v 0.003075112 -0.0573183 0.01357326
v -0.004980729 -0.05731828 0.0284145
v -0.002684365 -0.05732235 0.03667319
v -0.0008059573 -0.05731828 0.01165613
v -0.005242184 -0.05732235 0.02841482
v 0.003555359 -0.0573183 0.01164709
v -0.005397484 -0.05732235 0.02969095
v -0.0006800669 -0.05731831 0.01088105
v -0.005663644 -0.05732235 0.03094856
v -0.0007172257 -0.0573183 0.01009705
v -0.006038638 -0.05732235 0.03217814
v -0.006519606 -0.05732235 0.03337028
v -0.006884286 -0.05736735 0.03407133
v -0.006646448 -0.05732235 0.03999777
v -0.0008978206 -0.05731831 0.009333422
v -0.001228071 -0.05731831 0.008621256
v -6.110668E-06 -0.0573183 0.005970201
v -0.001690479 -0.05731831 0.007986986
v 0.003555357 -0.0573183 0.004021244
v -6.110668E-06 -0.0573183 0.004021244
v -0.002268256 -0.0573183 0.007455637
v -0.00293902 -0.0573183 0.007047922
v -0.003676633 -0.0573183 0.003957348
v -0.003676633 -0.0573183 0.006776697
v 0.00216785 -0.01180944 0.004000726
v 0.001961597 -0.01367736 0.004000778
v 0.001916137 -0.01266105 0.004000733
v 0.002203286 -0.01457441 0.00400074
v 0.002582513 -0.0153571 0.004000726
v 0.002582513 -0.01117897 0.004000726
v 0.003131388 -0.01587494 0.004000726
v 0.003131388 -0.01066114 0.004000726
v 0.003784889 -0.01625224 0.004000726
v 0.003784889 -0.01028384 0.004000726
v 0.004507791 -0.01646866 0.004000726
v 0.004507791 -0.01006741 0.004000726
v 0.005261136 -0.01651254 0.004000726
v 0.005261136 -0.01002354 0.004000726
v 0.006004268 -0.01638151 0.004000726
v 0.006004268 -0.01015458 0.004000726
v 0.006697162 -0.01608262 0.004000726
v 0.006697162 -0.01045346 0.004000726
v 0.007302444 -0.01563201 0.004000726
v 0.007302444 -0.01090407 0.004000726
v 0.007787492 -0.01505395 0.004000726
v 0.007787492 -0.01148213 0.004000726
v 0.008126156 -0.01437961 0.004000726
v 0.008126156 -0.01215647 0.004000726
v 0.008300181 -0.01364535 0.004000726
v 0.008300181 -0.01289073 0.004000726
v 0.003850974 -0.0512083 0.02725604
v 0.00261967 -0.0543683 0.03219452
v 0.00261967 -0.0512083 0.03219452
v 0.002643989 -0.05513183 0.03209699
v 0.002715286 -0.0558433 0.03181104
v 0.002828699 -0.05645426 0.03135615
v 0.002976508 -0.05692308 0.03076333
v 0.003148627 -0.05721777 0.03007299
v 0.003333342 -0.0573183 0.02933215
v 0.004140891 -0.05210361 0.02609324
v 0.003982574 -0.05106211 0.02672822
v 0.00388429 -0.04990112 0.0271224
v 0.003850974 -0.0486788 0.02725604
v 0.004351305 -0.05297338 0.02524932
v 0.004603265 -0.05362779 0.02423875
v 0.004884137 -0.05403405 0.02311224
v 0.00517984 -0.05417177 0.02192624
v 0.007026343 -0.0573183 0.01452033
v 0.005475553 -0.05403405 0.0207402
v 0.005756429 -0.05362776 0.01961367
v 0.006008395 -0.05297332 0.01860309
v 0.006218809 -0.05210352 0.01775917
v 0.006508709 -0.0512083 0.01659644
v 0.007211058 -0.05721777 0.01377948
v 0.006377123 -0.05106199 0.0171242
v 0.007383181 -0.05692308 0.01308914
v 0.006475402 -0.04990096 0.01673004
v 0.006508709 -0.0486788 0.01659644
v 0.007530985 -0.05645426 0.01249632
v 0.0076444 -0.0558433 0.01204143
v 0.007715695 -0.05513183 0.01175548
v 0.007740013 -0.0543683 0.01165795
v 0.007740013 -0.0512083 0.01165795
v 0.006519288 -0.04109928 0.02792133
v 0.006519288 -0.03596256 0.02792133
v 0.003850256 -0.03596256 0.02725586
v 0.003850974 -0.04109928 0.02725604
v -3.231883E-05 -0.03594445 0.02628783
v 0.003850256 -0.03101427 0.02725586
v -3.240347E-05 -0.02494444 0.02628781
v -3.221989E-05 -0.04867879 0.02628785
v 0.003850974 -0.04607157 0.02725604
v 0.003850974 -0.0486788 0.02725604
v 0.006519288 -0.04607157 0.02792132
v 0.006519288 -0.0512083 0.02792132
v 0.003850974 -0.0512083 0.02725604
v 0.003850973 -0.02587755 0.02725604
v 0.006519288 -0.03101427 0.02792133
v 0.006519286 -0.02587755 0.02792133
v 0.003850973 -0.02089329 0.02725604
v 0.003804916 -0.01653504 0.02724456
v 0.004643694 -0.01698845 0.02745369
v 0.006519286 -0.02089329 0.02792133
v 0.005565952 -0.01723047 0.02768363
v 0.006519288 -0.01724734 0.02792133
v 0.003097278 -0.015896 0.02706812
v 0.002560984 -0.01510762 0.02693441
v 0.002226517 -0.01421473 0.02685102
v -3.249288E-05 -0.01326804 0.02628779
v 0.002112877 -0.01326804 0.02682268
v 0.002226517 -0.01232135 0.02685102
v 0.002560984 -0.01142846 0.02693441
v 0.003097278 -0.01064008 0.02706812
v -3.257275E-05 -0.002944432 0.02628777
v 0.003850974 -0.00569656 0.02725605
v 0.003804916 -0.01000103 0.02724456
v 0.004643694 -0.009547618 0.02745369
v 0.005565952 -0.009305605 0.02768363
v 0.006519288 -0.00569656 0.02792133
v 0.006519288 -0.009288734 0.02792133
v 0.003850973 -0.0007732832 0.02725605
v 0.003850973 0.00436344 0.02725605
v 0.006519286 -0.0007732832 0.02792133
v 0.006519286 0.00436344 0.02792133
v -3.265738E-05 0.008055572 0.02628775
v 0.003850973 0.009347703 0.02725605
v 0.003097277 0.01435401 0.02706812
v 0.002560983 0.0151424 0.02693441
v 0.002226516 0.01603528 0.02685102
v 0.003804915 0.01371497 0.02724456
v 0.004643693 0.01326155 0.02745369
v 0.005565951 0.01301954 0.02768363
v 0.006519286 0.009347703 0.02792133
v 0.006519286 0.01300267 0.02792133
v -3.273606E-05 0.01833135 0.02628773
v 0.002112876 0.01698197 0.02682269
v 0.002226516 0.01792865 0.02685102
v 0.002560983 0.01882155 0.02693441
v 0.003097277 0.01960993 0.02706812
v -3.282666E-05 0.03005558 0.0262877
v 0.003850973 0.02456944 0.02725605
v 0.003804915 0.02024898 0.02724456
v 0.004643693 0.02070239 0.02745369
v 0.006519286 0.02456944 0.02792133
v 0.005565951 0.0209444 0.02768363
v 0.006519286 0.02096127 0.02792133
v 0.003850971 0.02954173 0.02725605
v 0.003850971 0.03214896 0.02725605
v -3.284335E-05 0.03214895 0.0262877
v 0.006519285 0.02954173 0.02792133
v 0.006519285 0.03467845 0.02792133
v 0.003850971 0.03467845 0.02725605
v 0.003555359 0.04146305 0.003983955
v -0.002006115 0.04146305 0.003983955
v -0.002006115 0.04062074 0.003819809
v 0.003555359 0.04062074 0.003819809
v -0.002006115 0.03987037 0.003403454
v 0.003555359 0.03987037 0.003403454
v -0.002006115 0.0392854 0.002775552
v 0.003555359 0.0392854 0.002775552
v -0.002006115 0.03892308 0.001997611
v 0.003555359 0.03892308 0.001997602
v -0.002006115 0.03881889 0.001145818
v 0.003555359 0.03881889 0.001145818
v -0.002006115 0.03898301 0.0003034901
v 0.003555359 0.03898301 0.0003035045
v -0.002006115 0.0393994 -0.0004468775
v 0.003555359 0.0393994 -0.0004468918
v -0.002006115 0.04002729 -0.001031837
v 0.003555359 0.04002729 -0.001031823
v -0.002006115 0.04080521 -0.001394138
v 0.003555359 0.04080521 -0.001394157
v -0.002006115 0.04165702 -0.001498356
v 0.003555359 0.04165702 -0.001498375
v -0.002006115 0.04249934 -0.001334228
v 0.003555359 0.04249934 -0.001334224
v -0.002006115 0.04324971 -0.00091784
v 0.00355536 0.04324971 -0.00091784
v -0.002006115 0.04383468 -0.0002899647
v 0.00355536 0.04383468 -0.0002899408
v -0.002006115 0.044197 0.0004879808
v 0.00355536 0.044197 0.0004879832
v -0.002006115 0.04430119 0.00133976
v 0.00355536 0.04430119 0.001339757
v -0.002006115 0.04413706 0.002182093
v 0.00355536 0.04413706 0.002182109
v -0.002006115 0.04372067 0.002932489
v 0.00355536 0.04372067 0.00293247
v -0.002006115 0.04309278 0.003517437
v 0.00355536 0.04309278 0.003517437
v -0.002006115 0.04231486 0.003879738
v 0.003555359 0.04231486 0.003879738
v -0.002006115 0.04146305 0.003983955
v 0.003555359 0.04146305 0.003983955
v 0.003555356 -0.0538183 0.0005212402
v 0.003555356 -0.01889329 0.005821318
v 0.003555356 -0.01889329 0.000521245
v 0.003555356 -0.05472417 0.0006405067
v 0.003555356 -0.0555683 0.0009901524
v 0.003555356 -0.05629317 0.001546364
v 0.003555357 -0.05684939 0.002271242
v 0.003555357 -0.05719903 0.003115377
v 0.003555357 -0.0573183 0.004021244
v 0.003555359 -0.0573183 0.01164709
v 0.003555351 -0.01614239 0.01164709
v 0.003555356 -0.01614237 0.005821318
v 0.000889554 -0.010002 0.02258734
v 0.001203965 -0.009676913 0.02132558
v -0.002955509 -0.009676927 0.02028849
v -0.003269846 -0.010002 0.02155028
v 0.0006148243 -0.01071298 0.02368986
v -0.003544516 -0.01071299 0.02265281
v 0.0004066551 -0.01174028 0.02452528
v -0.003752642 -0.01174029 0.02348819
v 0.0002854633 -0.01298335 0.02501167
v -0.003873836 -0.01298334 0.02397463
v -0.003896601 -0.01421044 0.02406592
v 0.0002630675 -0.01432049 0.02510159
v -0.003817717 -0.01562082 0.02374911
v 0.0003416633 -0.01562082 0.02478622
v -0.003645864 -0.01675706 0.02305917
v 0.0005135989 -0.01675705 0.02409628
v -0.003397558 -0.01761797 0.02206236
v 0.0007619977 -0.01761796 0.02309947
v 0.001062572 -0.01811929 0.02189328
v -0.003097091 -0.0181193 0.02085618
v 0.001385868 -0.01821194 0.02059588
v -0.002773843 -0.01821196 0.0195586
v 0.0017003 -0.01788687 0.01933405
v -0.002459532 -0.01788687 0.01829691
v 0.001975034 -0.01717588 0.0182315
v -0.002184858 -0.0171759 0.01719437
v 0.002183175 -0.01614858 0.01739619
v -0.001976725 -0.01614859 0.016359
v 0.002304375 -0.01490552 0.01690978
v -0.001855522 -0.01490553 0.01587256
v -0.001833094 -0.01356839 0.01578264
v 0.001961603 -0.01367736 0.01674018
v -0.001911665 -0.01226805 0.0160981
v 0.001916136 -0.01266107 0.01690668
v 0.002207928 -0.01172239 0.01729643
v -0.002083505 -0.01113182 0.01678799
v 0.002069951 -0.01103019 0.01785045
v -0.002331821 -0.01027092 0.01778484
v 0.001827835 -0.01027089 0.01882199
v 0.001527284 -0.009769581 0.0200281
v -0.002632289 -0.009769586 0.01899102
v 0.001203965 -0.009676913 0.02132558
v -0.002955509 -0.009676927 0.02028849
v 0.002829581 -0.01064008 0.03224688
v 0.00261967 -0.005696563 0.03219452
v 0.002829581 -0.005696563 0.03224686
v 0.002560989 -0.01142845 0.03217989
v 0.002294363 -0.01207686 0.03211342
v 0.002619669 -0.0007732856 0.03219452
v 0.002294362 0.01579078 0.03211343
v 0.002619669 0.00436344 0.03219452
v 0.00282958 0.00436344 0.03224686
v 0.00282958 -0.0007732856 0.03224686
v 0.002619669 0.009347703 0.03219453
v 0.00256099 0.01514238 0.0321799
v 0.00282958 0.01448443 0.03224686
v 0.00282958 0.009347703 0.03224686
v 0.001664526 -0.05645426 0.03106589
v 0.002221088 -0.05513181 0.03199155
v 0.002006264 -0.0558433 0.03163425
v 0.001443917 -0.05671826 0.03069898
v 0.002294363 -0.0543683 0.03211342
v 0.002112877 -0.01326804 0.03181157
v 0.002294363 -0.01445922 0.03211342
v 0.001443913 0.0401884 0.03069898
v 0.002112876 0.01698198 0.03181158
v 0.002294363 -0.01207686 0.03211342
v 0.002294362 0.01579078 0.03211343
v 0.002294362 0.01817316 0.03211343
v 0.00229436 0.03783845 0.03211343
v 0.002221086 0.03860197 0.03199156
v 0.001664524 0.03992442 0.0310659
v 0.002006261 0.03931345 0.03163426
v 0.002619669 -0.0007732856 0.03219452
v 0.003850973 -0.0007732832 0.02725605
v 0.003850974 -0.00569656 0.02725605
v 0.00261967 -0.005696563 0.03219452
v 0.0064754 0.03337111 0.01673004
v 0.006508707 0.03467845 0.01659644
v 0.006508707 0.03214896 0.01659644
v 0.006377121 0.03453214 0.01712421
v 0.006218806 0.03557368 0.01775917
v 0.007026339 0.04078845 0.01452033
v 0.006008393 0.03644348 0.0186031
v 0.005756427 0.03709792 0.01961368
v 0.005475551 0.03750419 0.02074021
v 0.005179838 0.03764192 0.02192624
v 0.007211054 0.04068793 0.01377949
v 0.003333339 0.04078845 0.02933216
v 0.007383177 0.04039323 0.01308914
v 0.004884135 0.0375042 0.02311224
v 0.007530982 0.03992442 0.01249633
v 0.004603263 0.03709795 0.02423876
v 0.007644398 0.03931345 0.01204144
v 0.007715692 0.03860198 0.01175549
v 0.007740011 0.03783845 0.01165796
v 0.007740011 0.03467845 0.01165796
v 0.004351303 0.03644353 0.02524932
v 0.004140888 0.03557376 0.02609325
v 0.003850971 0.03467845 0.02725605
v 0.003148624 0.04068793 0.030073
v 0.003982571 0.03453226 0.02672823
v 0.002976504 0.04039323 0.03076334
v 0.003884288 0.03337127 0.02712241
v 0.003850971 0.03214896 0.02725605
v 0.002828697 0.03992442 0.03135616
v 0.002715284 0.03931345 0.03181105
v 0.002643987 0.03860198 0.032097
v 0.002619668 0.03783845 0.03219453
v 0.002619668 0.03467845 0.03219453
v -6.11186E-06 -0.0555683 0.0009901524
v -6.110668E-06 -0.05684939 0.002271242
v -6.11186E-06 -0.05629317 0.001546364
v -6.110668E-06 -0.05719903 0.003115377
v -6.11186E-06 -0.05472417 0.0006405067
v -6.110668E-06 -0.0573183 0.004021244
v -6.11186E-06 -0.0538183 0.0005212402
v -6.114244E-06 0.03038173 0.005970211
v -6.110668E-06 -0.0573183 0.005970201
v -6.11186E-06 -0.01889329 0.000521245
v -6.113052E-06 0.02256943 -0.00177875
v -6.11186E-06 -0.01889329 -0.008945832
v -6.113052E-06 0.02256943 -0.008945832
v -6.114244E-06 0.03838173 -0.00177875
v -6.114244E-06 0.03838173 0.01052125
v -6.114244E-06 0.03038173 0.01052125
v -6.114244E-06 0.03049796 0.01147852
v -6.114244E-06 0.0382655 0.01147852
v -6.114244E-06 0.03083991 0.01238015
v -6.114244E-06 0.03792355 0.01238015
v -6.114244E-06 0.03138769 0.01317375
v -6.114244E-06 0.03737577 0.01317375
v -6.114244E-06 0.03210947 0.01381319
v -6.114244E-06 0.03665399 0.01381319
v -6.114244E-06 0.0329633 0.01426132
v -6.114244E-06 0.03580016 0.01426132
v -6.114244E-06 0.03389957 0.01449208
v -6.114244E-06 0.03486389 0.01449208
v 0.001529903 0.02323042 0.02001658
v -0.002952054 0.02332307 0.02027721
v 0.001206599 0.02332308 0.02131401
v -0.002628825 0.02323041 0.0189797
v 0.001830473 0.02272909 0.01881041
v -0.002328341 0.02272908 0.01777346
v 0.002078871 0.02186818 0.01781361
v -0.002080045 0.02186818 0.01677668
v 0.002254699 0.02064955 0.01710804
v -0.001903204 0.02064953 0.01606671
v 0.002327826 0.01910122 0.01681469
v -0.001829655 0.01943161 0.01577138
v 0.002119108 0.01839127 0.01686354
v -0.001850008 0.01809874 0.01585297
v 0.001910392 0.01768132 0.01691239
v 0.001841757 0.01679167 0.0173608
v -0.001973262 0.01685142 0.01634763
v 0.001977655 0.01582411 0.01821999
v -0.002181393 0.01582411 0.01718303
v -0.002456064 0.01511313 0.01828556
v 0.001700981 0.01511313 0.01933003
v -0.002770402 0.01478805 0.01954735
v 0.001388496 0.01478805 0.02058434
v -0.003093626 0.01488071 0.02084484
v 0.001065181 0.01488072 0.0218818
v 0.0007646239 0.01538204 0.02308794
v -0.003394098 0.01538203 0.02205104
v 0.0005162227 0.01624295 0.02408475
v -0.003642397 0.01624295 0.02304782
v 0.0003442991 0.01737919 0.02477465
v -0.003814254 0.01737918 0.0237378
v 0.0002656996 0.01867951 0.02509003
v -0.003892807 0.01867952 0.02405323
v 0.0002880895 0.02001666 0.02500013
v -0.003870391 0.02001664 0.02396335
v 0.0004092872 0.02125972 0.02451372
v -0.003749176 0.0212597 0.02347686
v 0.0006174469 0.02228701 0.02367834
v -0.003541064 0.02228701 0.02264154
v 0.000892179 0.02299801 0.0225758
v -0.003266378 0.022998 0.02153895
v 0.001206599 0.02332308 0.02131401
v -0.002952054 0.02332307 0.02027721
v 0.009795376 -0.01083329 0.01478165
v 0.007224945 -0.01083329 0.01677502
v 0.009177024 -0.01083329 0.01726172
v 0.007949922 -0.01083329 0.01171029
v 0.007224945 -0.01083329 0.01169079
v 0.007414703 -0.01083329 0.01157684
v 0.002165142 0.01547337 0.01746766
v 0.001700981 0.01511313 0.01933003
v 0.001977655 0.01582411 0.01821999
v 0.001828433 0.0117291 0.01881901
v 0.001388496 0.01478805 0.02058434
v 0.00207683 0.01086819 0.01782221
v 0.001527871 0.01223043 0.02002516
v 0.002623625 0.01479153 0.01562778
v 0.001204551 0.01232309 0.02132265
v 0.002248759 0.009731961 0.01713229
v 0.001065181 0.01488072 0.0218818
v 0.0008901536 0.01199801 0.02258435
v 0.0007646239 0.01538204 0.02308794
v 0.0006154239 0.01128702 0.02368687
v 0.0005162227 0.01624295 0.02408475
v 0.002623677 0.008055573 0.01562779
v 0.0004072606 0.01025972 0.02452227
v 0.002327369 0.008431627 0.01681687
v 0.002304974 0.007094493 0.01690679
v 0.002183759 0.005851431 0.01739326
v 0.0003442991 0.01737919 0.02477465
v 0.002623758 -0.002568382 0.01562781
v -3.273606E-05 0.01833135 0.02628773
v 0.0002656996 0.01867951 0.02509003
v 0.0002880895 0.02001666 0.02500013
v 0.0004092872 0.02125972 0.02451372
v -3.265738E-05 0.008055572 0.02628775
v 0.0002818537 0.009012413 0.02502557
v 0.0002636516 0.007679518 0.02509866
v -3.282666E-05 0.03005558 0.0262877
v 0.0002861405 -0.001983346 0.02500873
v -3.257275E-05 -0.002944432 0.02628777
v 0.0002637362 -0.003320478 0.02509868
v 0.0004073274 -0.0007402837 0.02452236
v 0.0003422797 0.00637919 0.02478317
v 0.0005141819 0.005242964 0.02409335
v 0.000615499 0.0002870214 0.02368693
v 0.0003423452 -0.004620818 0.02478326
v 0.0007625842 0.004382042 0.02309654
v 0.0008902299 0.0009980047 0.0225844
v 0.001204636 0.001323084 0.02132266
v 0.001063147 0.003880718 0.02189038
v 0.001386466 0.003788065 0.02059289
v 0.001527947 0.001230427 0.02002521
v 0.001828508 0.0007290971 0.01881907
v 0.001700894 0.004113136 0.01933108
v 0.001975612 0.004824124 0.0182286
v 0.002076914 -0.0001318133 0.01782223
v 0.002248836 -0.001268042 0.01713235
v 0.002327465 -0.00256838 0.01681685
v 0.002309251 -0.003901275 0.01688999
v 0.002623825 -0.01112758 0.01562783
v 0.002207928 -0.01172239 0.01729643
v 0.002183853 -0.005148574 0.01739325
v 0.002069951 -0.01103019 0.01785045
v 0.001975698 -0.006175884 0.01822861
v 0.001827835 -0.01027089 0.01882199
v 0.001700959 -0.006886867 0.01933117
v 0.001527284 -0.009769581 0.0200281
v 0.001386552 -0.007211941 0.02059291
v 0.001203965 -0.009676913 0.02132558
v 0.001063242 -0.007119284 0.02189036
v 0.000889554 -0.010002 0.02258734
v 0.0007626784 -0.006617953 0.02309652
v 0.0006148243 -0.01071298 0.02368986
v 0.0004066551 -0.01174028 0.02452528
v 0.0005142748 -0.005757037 0.02409334
v -3.249288E-05 -0.01326804 0.02628779
v 0.0002854633 -0.01298335 0.02501167
v 0.0002630675 -0.01432049 0.02510159
v -3.240347E-05 -0.02494444 0.02628781
v 0.0004075062 -0.02274028 0.02452236
v 0.0003416633 -0.01562082 0.02478622
v 0.0005135989 -0.01675705 0.02409628
v 0.0006156671 -0.02171298 0.02368697
v 0.0007619977 -0.01761796 0.02309947
v 0.0002863181 -0.02398335 0.02500873
v 0.0008904064 -0.021002 0.02258441
v 0.001062572 -0.01811929 0.02189328
v 0.001385868 -0.01821194 0.02059588
v 0.001204814 -0.02067692 0.02132267
v 0.001528124 -0.02076958 0.02002522
v 0.0017003 -0.01788687 0.01933405
v 0.001828697 -0.02127091 0.01881902
v 0.001975034 -0.01717588 0.0182315
v 0.002077082 -0.02213182 0.01782227
v 0.002249013 -0.02326805 0.01713235
v 0.002183175 -0.01614858 0.01739619
v 0.002304375 -0.01490552 0.01690978
v 0.002623857 -0.01540849 0.01562784
v 0.00262393 -0.02494444 0.01562785
v 0.00232762 -0.02456838 0.01681694
v 0.002305238 -0.02590552 0.01690681
v 0.002184012 -0.02714857 0.01739333
v 0.002249012 -0.03426007 0.01713271
v 0.002624015 -0.03594445 0.01562787
v 0.00207708 -0.03312384 0.01782264
v 0.001975875 -0.02817589 0.01822862
v 0.002327614 -0.03556042 0.01681733
v 0.002309503 -0.03690129 0.01689005
v 0.001828676 -0.03226294 0.01881947
v 0.001701148 -0.02888688 0.01933113
v 0.00218402 -0.03814062 0.01739366
v 0.00138672 -0.02921196 0.02059296
v 0.001527172 -0.03175225 0.0200294
v 0.001204795 -0.03166895 0.02132311
v 0.001063415 -0.02911929 0.02189039
v 0.0007628477 -0.02861797 0.02309655
v 0.0008903968 -0.03199402 0.02258481
v 0.0006156671 -0.03270502 0.02368733
v 0.0005144453 -0.02775706 0.02409337
v 0.000342505 -0.02662082 0.02478334
v 0.0004074955 -0.0337323 0.02452276
v 0.0002639234 -0.0253205 0.02509865
v 0.0002863085 -0.03497537 0.02500913
v -3.231883E-05 -0.03594445 0.02628783
v 0.0002639043 -0.03631254 0.02509909
v 0.000286479 -0.04598334 0.02500881
v -3.221989E-05 -0.04867879 0.02628785
v 0.0004076743 -0.04474027 0.02452241
v 0.000264082 -0.0473205 0.02509873
v 0.0003425133 -0.03761285 0.02478367
v 0.0003426742 -0.04862085 0.02478338
v 1.088381E-06 -0.04990112 0.02615422
v 9.932637E-05 -0.05106213 0.02576002
v 0.0005146146 -0.04975705 0.02409342
v 0.0002575707 -0.05210363 0.02512502
v 0.0006158376 -0.04371299 0.02368701
v 0.0005144536 -0.03874908 0.0240937
v 0.0007630169 -0.05061799 0.0230966
v 0.0004678798 -0.05297337 0.02428107
v 0.0007197129 -0.0536278 0.02327047
v 0.001063571 -0.05111929 0.02189048
v 0.001000438 -0.05403404 0.02214393
v 0.0007628286 -0.03960999 0.023097
v 0.0008905589 -0.043002 0.02258452
v 0.001386893 -0.05121198 0.02059298
v 0.001204975 -0.04267693 0.02132275
v 0.001063409 -0.04011132 0.02189077
v 0.001295989 -0.05417179 0.02095788
v 0.001591543 -0.05403404 0.01977181
v 0.001872267 -0.05362777 0.01864524
v 0.001386716 -0.04020397 0.02059333
v 0.001528293 -0.04276959 0.02002526
v 0.001701307 -0.05088687 0.01933122
v 0.002124091 -0.05297333 0.01763464
v 0.002334392 -0.05210352 0.01679067
v 0.001828847 -0.04327092 0.01881914
v 0.001701134 -0.0398789 0.01933155
v 0.001975868 -0.03916792 0.01822901
v 0.002077262 -0.04413183 0.01782227
v 0.001976035 -0.05017591 0.0182287
v 0.002492615 -0.05106201 0.01615568
v 0.002590829 -0.04990098 0.0157615
v 0.0021842 -0.04914857 0.01739329
v 0.002624114 -0.04867882 0.0156279
v 0.002309588 -0.04790128 0.01689007
v 0.002624099 -0.04694444 0.01562789
v 0.002327791 -0.04656838 0.01681697
v 0.002249184 -0.04526805 0.01713238
v 0.002254699 0.02064955 0.01710804
v 0.002623591 0.01907243 0.01562777
v 0.002327826 0.01910122 0.01681469
v 0.002308996 0.02909874 0.01688993
v 0.00262349 0.03214896 0.01562775
v 0.0023272 0.03043164 0.01681683
v 0.002248571 0.03173197 0.01713232
v 0.00259019 0.03337109 0.01576134
v 0.002183603 0.02785144 0.01739317
v 0.002078871 0.02186818 0.01781361
v 0.002076659 0.0328682 0.01782217
v 0.002491956 0.03453214 0.01615553
v 0.002333716 0.03557368 0.01679051
v 0.001830473 0.02272909 0.01881041
v 0.001828276 0.03372911 0.01881892
v 0.002123407 0.03644348 0.01763445
v 0.001871568 0.03709793 0.01864507
v 0.001527699 0.03423044 0.02002512
v 0.001590831 0.03750421 0.01977167
v 0.001975442 0.02682414 0.01822856
v 0.001700715 0.02611314 0.01933107
v 0.001204381 0.0343231 0.02132261
v 0.001386299 0.02578807 0.02059284
v 0.001529903 0.02323042 0.02001658
v 0.001206599 0.02332308 0.02131401
v 0.001062987 0.02588073 0.02189031
v 0.00129528 0.03764194 0.02095772
v 0.000999738 0.03750422 0.02214375
v 0.0007190144 0.03709795 0.02327031
v 0.000892179 0.02299801 0.0225758
v 0.0007624197 0.02638205 0.02309647
v 0.0008899748 0.03399802 0.02258434
v 0.0004671895 0.03644353 0.02428092
v 0.0002568948 0.03557377 0.02512486
v 0.0006152463 0.03328704 0.02368686
v 9.866714E-05 0.03453227 0.02575987
v 0.0005140221 0.02724297 0.02409327
v 0.0006174469 0.02228701 0.02367834
v 0.0003420997 0.02837921 0.02478317
v 0.0004070866 0.03225973 0.02452225
v 4.470348E-07 0.03337126 0.02615407
v -3.284335E-05 0.03214895 0.0262877
v 0.0002858782 0.03101667 0.0250087
v 0.0002634811 0.02967952 0.02509862
v 0.002829579 0.02954173 0.03224687
v 0.002619668 0.03467845 0.03219453
v 0.002829579 0.03467845 0.03224687
v 0.002619668 0.02954173 0.03219453
v 0.00229436 0.03783845 0.03211343
v 0.002619668 0.03783845 0.03219453
v 0.002294362 0.01817316 0.03211343
v 0.002619669 0.02456943 0.03219453
v 0.00256099 0.01882156 0.0321799
v 0.00282958 0.02456943 0.03224686
v 0.00282958 0.01943271 0.03224686
v -0.005242186 0.0735999 0.02841486
v -0.004979238 0.02565341 0.02841491
v -0.004978373 0.07360399 0.02841514
v -0.004979643 0.003103329 0.0284148
v -0.005242184 -0.05732235 0.02841482
v -0.004980147 -0.02494445 0.02841466
v -0.004980729 -0.05731828 0.0284145
v 0.006508708 -0.02089329 0.01659644
v 0.00794992 -0.02089329 0.01171029
v 0.007740012 -0.02089329 0.01165795
v 0.009177023 -0.02089329 0.01726172
v 0.009795381 -0.02089329 0.01478164
v 0.007740013 -0.00569656 0.01165795
v 0.007949922 -0.01083329 0.01171029
v 0.007949922 -0.00569656 0.01171029
v 0.007414703 -0.01083329 0.01157684
v 0.007740012 -0.0007732832 0.01165795
v 0.007414702 0.01448443 0.01157684
v 0.007740012 0.004363441 0.01165795
v 0.00794992 0.004363441 0.01171029
v 0.00794992 -0.0007732832 0.01171029
v 0.007740012 0.009347704 0.01165795
v 0.00794992 0.01448443 0.01171029
v 0.00794992 0.009347704 0.01171029
v 0.005925175 0.04039323 0.01272562
v 0.006002016 0.02004611 0.01242511
v 0.005999764 0.0401884 0.01242646
v 0.005559402 0.02014524 0.01419266
v 0.005753051 0.04068793 0.01341598
v 0.0055594 0.04078845 0.01419266
v 0.01005535 -0.01389329 0.003534541
v 0.01005535 0.01756943 0.003534543
v 0.01005535 0.01756943 -0.01389927
v 0.01005535 -0.01389329 -0.01389927
v -0.02798584 0.07985765 0.05010664
v -0.02542984 0.07985765 0.05010664
v -0.02542984 0.07985765 0.04735664
v -0.03052877 0.07985765 0.04756371
v -0.03052877 0.07985765 0.04735664
v -0.009344978 0.07474437 0.04735664
v -0.01444391 0.07474437 0.04735664
v -0.01444391 0.07701135 0.04735664
v -0.01454945 0.07808299 0.04735664
v -0.009344978 0.07985765 0.04735664
v -0.01444391 0.07985765 0.04735664
v -0.01486202 0.07911343 0.04735664
v -0.01536962 0.08006309 0.04735664
v -0.01605274 0.08089549 0.04735664
v -0.01444391 0.08513937 0.04735664
v -0.01688513 0.08157863 0.04735664
v -0.0178348 0.08208624 0.04735664
v -0.01886524 0.08239882 0.04735664
v -0.01993688 0.08250437 0.04735664
v -0.02542984 0.08513937 0.04735664
v -0.02100851 0.08239882 0.04735664
v -0.02203895 0.08208624 0.04735664
v -0.02298862 0.08157863 0.04735664
v -0.02382101 0.08089549 0.04735664
v -0.02450413 0.08006309 0.04735664
v -0.02542984 0.07985765 0.04735664
v -0.02501173 0.07911343 0.04735664
v -0.0253243 0.07808299 0.04735664
v -0.03052877 0.07985765 0.04735664
v -0.02542984 0.07701135 0.04735664
v -0.03052877 0.07474437 0.04735664
v -0.02542984 0.07474437 0.04735664
v -0.01188644 0.08513937 0.05010517
v -0.01233682 0.08513937 0.04585401
v -0.01188498 0.08513937 0.04585401
v -0.01444391 0.08513937 0.05010664
v -0.01444391 0.08513937 0.04735664
v -0.01489125 0.08513937 0.04126624
v -0.01233682 0.08513937 0.04223332
v -0.01354443 0.08513937 0.04070788
v -0.01225881 0.08513937 0.0400202
v -0.009820229 0.08513937 0.04223335
v -0.01104677 0.08513937 0.03920981
v -0.01628631 0.08513937 0.04168993
v -0.008889761 0.08513937 0.04188012
v -0.009920008 0.08513937 0.03828456
v -0.008889459 0.08513937 0.03725342
v -0.01728019 0.08513937 0.04188797
v -0.01853445 0.08513937 0.04204103
v -0.01992481 0.08513937 0.04209271
v -0.002684365 0.08513937 0.03667319
v -0.02542984 0.08513937 0.04735664
v -0.008557652 0.08513937 0.03663265
v -0.007783943 0.08513937 0.03560606
v -0.007434554 0.08513937 0.03507332
v -0.002285471 0.08513937 0.03507332
v -0.02131517 0.08513937 0.04205102
v -0.02256943 0.08513937 0.0418784
v -0.02350617 0.08513937 0.04169243
v -0.02490155 0.08513937 0.0412697
v -0.02753693 0.08513937 0.04585401
v -0.02542984 0.08513937 0.05010664
v -0.02798658 0.08513937 0.0501059
v -0.02798877 0.08513937 0.04585401
v -0.02753256 0.08513937 0.04223332
v -0.02624874 0.08513937 0.04071226
v -0.02753487 0.08513937 0.04002544
v -0.02798877 0.08513937 0.04002544
v -0.02798877 0.08513937 0.04223332
v -0.01233682 -0.06210199 0.04585401
v -0.01233682 0.08513937 0.04585401
v -0.01233682 0.08513937 0.04223332
v -0.01233682 -0.06210199 0.04223332
v -0.03053039 -0.05956227 0.04756371
v -0.0304816 -0.06005782 0.0469818
v -0.03053039 -0.05956227 0.04703064
v -0.03048159 -0.06005782 0.04761252
v -0.03033705 -0.06053431 0.04683717
v -0.03033706 -0.06053431 0.04775707
v -0.03010233 -0.06097346 0.0466023
v -0.03010233 -0.06097346 0.0479918
v -0.02978644 -0.06135837 0.04628621
v -0.02978644 -0.06135837 0.04830769
v -0.02935449 -0.06170494 0.04585401
v -0.02940153 -0.06167426 0.04869263
v -0.02896238 -0.06190899 0.04585401
v -0.02896238 -0.06190899 0.04913177
v -0.02848588 -0.06205353 0.04585401
v -0.0284843 -0.06205318 0.04960817
v -0.02798741 -0.06210227 0.05010663
v -0.02799034 -0.06210233 0.04585401
v -0.0254299 0.01409468 0.04735663
v -0.03052882 0.01409479 0.04735663
v -0.03052877 0.01925765 0.04735663
v -0.02542984 0.01925765 0.04735663
v -0.02543135 -0.05411905 0.04335664
v -0.02532578 -0.05519088 0.04735664
v -0.02543134 -0.05411905 0.04735664
v -0.02532578 -0.05519088 0.04335664
v -0.02501311 -0.0562215 0.04735664
v -0.02501311 -0.0562215 0.04335664
v -0.02450534 -0.0571713 0.04735664
v -0.02450534 -0.0571713 0.04335664
v -0.023822 -0.05800376 0.04735664
v -0.023822 -0.05800376 0.04335664
v -0.02298936 -0.05868689 0.04735664
v -0.02298936 -0.05868689 0.04335664
v -0.02203943 -0.05919443 0.04735664
v -0.02203943 -0.05919443 0.04335664
v -0.02100873 -0.05950683 0.04735664
v -0.02100873 -0.05950683 0.04335664
v -0.01993688 -0.05961213 0.04735664
v -0.01993688 -0.05961213 0.04335664
v -0.01886502 -0.05950683 0.04735664
v -0.01886502 -0.05950683 0.04335664
v -0.01783432 -0.05919443 0.04735664
v -0.01783432 -0.05919443 0.04335664
v -0.01688439 -0.05868689 0.04735664
v -0.0168844 -0.05868689 0.04335664
v -0.01605175 -0.05800376 0.04735664
v -0.01605175 -0.05800376 0.04335664
v -0.01536841 -0.0571713 0.04735664
v -0.01536841 -0.0571713 0.04335664
v -0.01486065 -0.0562215 0.04735664
v -0.01486065 -0.0562215 0.04335664
v -0.01454797 -0.05519088 0.04735664
v -0.01454797 -0.05519088 0.04335664
v -0.01444241 -0.05411905 0.04735664
v -0.01444241 -0.05411905 0.04335664
v -0.009344926 0.01409446 0.04735663
v -0.01444386 0.01409435 0.04735663
v -0.01444391 0.01925765 0.04735663
v -0.009344979 0.01925765 0.04735663
v -0.009344979 0.01925765 0.04735663
v -0.01444391 0.01925765 0.04735663
v -0.009344979 0.01925765 0.04756371
v -0.01188791 0.01925765 0.05010663
v -0.01444391 0.01925765 0.05010663
v -0.01188791 0.02439437 0.05010663
v -0.01188791 0.01925765 0.05010663
v -0.01444391 0.01925765 0.05010663
v -0.01444391 0.02439437 0.05010663
v -0.01188791 0.02439437 0.05010663
v -0.01444391 0.02439437 0.05010663
v -0.01444391 0.02439437 0.04735663
v -0.009344979 0.02439437 0.04756371
v -0.009344979 0.02439437 0.04735663
v -0.009344979 0.02918265 0.04735663
v -0.009344979 0.02439437 0.04735663
v -0.01444391 0.02439437 0.04735663
v -0.01444391 0.02918265 0.04735664
v -0.009344979 0.02918265 0.04735663
v -0.01444391 0.02918265 0.04735664
v -0.009344979 0.02918265 0.04756371
v -0.01188791 0.02918264 0.05010663
v -0.01444391 0.02918264 0.05010664
v -0.01188791 0.03431937 0.05010664
v -0.01188791 0.02918264 0.05010663
v -0.01444391 0.02918264 0.05010664
v -0.01444391 0.03431937 0.05010664
v -0.01188791 0.03431937 0.05010664
v -0.01444391 0.03431937 0.05010664
v -0.01444391 0.03431937 0.04735664
v -0.009344979 0.03431937 0.04756371
v -0.009344979 0.03431937 0.04735664
v -0.009344979 0.03943264 0.04735664
v -0.009344979 0.03431937 0.04735664
v -0.01444391 0.03431937 0.04735664
v -0.01444391 0.03943264 0.04735664
v -0.009344979 0.03943264 0.04735664
v -0.01444391 0.03943264 0.04735664
v -0.009344979 0.03943264 0.04756371
v -0.01188791 0.03943264 0.05010664
v -0.01444391 0.03943264 0.05010664
v -0.01188791 0.04456937 0.05010664
v -0.01188791 0.03943264 0.05010664
v -0.01444391 0.03943264 0.05010664
v -0.01444391 0.04456937 0.05010664
v -0.01188791 0.04456937 0.05010664
v -0.01444391 0.04456937 0.05010664
v -0.01444391 0.04456937 0.04735664
v -0.009344979 0.04456937 0.04756371
v -0.009344979 0.04456937 0.04735664
v -0.009344978 0.04943265 0.04735664
v -0.009344979 0.04456937 0.04735664
v -0.01444391 0.04456937 0.04735664
v -0.01444391 0.04943265 0.04735664
v -0.009344978 0.04943265 0.04735664
v -0.01444391 0.04943265 0.04735664
v -0.009344978 0.04943265 0.04756371
v -0.01188791 0.04943265 0.05010664
v -0.01444391 0.04943265 0.05010664
v -0.01188791 0.05456937 0.05010664
v -0.01188791 0.04943265 0.05010664
v -0.01444391 0.04943265 0.05010664
v -0.01444391 0.05456937 0.05010664
v -0.01188791 0.05456937 0.05010664
v -0.01444391 0.05456937 0.05010664
v -0.01444391 0.05456937 0.04735664
v -0.009344978 0.05456937 0.04756371
v -0.009344978 0.05456937 0.04735664
v -0.009344978 0.05968265 0.04735664
v -0.009344978 0.05456937 0.04735664
v -0.01444391 0.05456937 0.04735664
v -0.01444391 0.05968265 0.04735664
v -0.009344978 0.05968265 0.04735664
v -0.01444391 0.05968265 0.04735664
v -0.009344978 0.05968265 0.04756371
v -0.01188791 0.05968265 0.05010664
v -0.01444391 0.05968265 0.05010664
v -0.01188791 0.06481937 0.05010664
v -0.01188791 0.05968265 0.05010664
v -0.01444391 0.05968265 0.05010664
v -0.01444391 0.06481937 0.05010664
v -0.01188791 0.06481937 0.05010664
v -0.01444391 0.06481937 0.05010664
v -0.01444391 0.06481937 0.04735664
v -0.009344978 0.06481937 0.04756371
v -0.009344978 0.06481937 0.04735664
v -0.009344978 0.06960765 0.04735664
v -0.009344978 0.06481937 0.04735664
v -0.01444391 0.06481937 0.04735664
v -0.01444391 0.06960765 0.04735664
v -0.009344978 0.06960765 0.04735664
v -0.01444391 0.06960765 0.04735664
v -0.009344978 0.06960765 0.04756371
v -0.01188791 0.06960765 0.05010664
v -0.01444391 0.06960765 0.05010664
v -0.01188791 0.07474437 0.05010664
v -0.01188791 0.06960765 0.05010664
v -0.01444391 0.06960765 0.05010664
v -0.01444391 0.07474437 0.05010664
v -0.009344978 0.07474437 0.04756371
v -0.009344978 0.06960765 0.04756371
v -0.01188791 0.06960765 0.05010664
v -0.01188791 0.07474437 0.05010664
v -0.009344978 0.06481937 0.04756371
v -0.009344978 0.05968265 0.04756371
v -0.01188791 0.05968265 0.05010664
v -0.01188791 0.06481937 0.05010664
v -0.01188791 0.05456937 0.05010664
v -0.009344978 0.05456937 0.04756371
v -0.009344978 0.04943265 0.04756371
v -0.01188791 0.04943265 0.05010664
v -0.009344979 0.03943264 0.04756371
v -0.01188791 0.03943264 0.05010664
v -0.01188791 0.04456937 0.05010664
v -0.009344979 0.04456937 0.04756371
v -0.009344979 0.03431937 0.04756371
v -0.009344979 0.02918265 0.04756371
v -0.01188791 0.02918264 0.05010663
v -0.01188791 0.03431937 0.05010664
v -0.009344979 0.02439437 0.04756371
v -0.009344979 0.01925765 0.04756371
v -0.01188791 0.01925765 0.05010663
v -0.01188791 0.02439437 0.05010663
v -0.01188635 -0.05696525 0.05010664
v -0.01444235 -0.05696532 0.05010664
v -0.01444235 -0.05696532 0.04735664
v -0.009343415 -0.0569652 0.04756371
v -0.009343415 -0.0569652 0.04735664
v -0.009343636 -0.04660534 0.04756371
v -0.009343526 -0.05174207 0.04756371
v -0.01188646 -0.05174213 0.05010664
v -0.01188657 -0.04660539 0.05010664
v -0.009343855 -0.03625521 0.04756371
v -0.009343747 -0.04139194 0.04756371
v -0.01188668 -0.04139199 0.05010664
v -0.01188679 -0.03625526 0.05010664
v -0.009344175 -0.02121693 0.04756371
v -0.01188711 -0.02121697 0.05010664
v -0.01188721 -0.01608023 0.05010664
v -0.009344283 -0.01608018 0.04756371
v -0.01188743 -0.006080228 0.05010663
v -0.009344497 -0.006080171 0.04756371
v -0.009344388 -0.01121691 0.04756371
v -0.01188732 -0.01121697 0.05010663
v -0.009344715 0.004169825 0.04756371
v -0.009344605 -0.000966891 0.04756371
v -0.01188754 -0.0009669482 0.05010663
v -0.01188764 0.004169773 0.05010663
v -0.009344926 0.01409446 0.04756371
v -0.009344816 0.008957777 0.04756371
v -0.01188775 0.008957722 0.05010663
v -0.01188785 0.0140944 0.05010663
v -0.009392156 -0.06005746 0.04761251
v -0.009343361 -0.05956192 0.04756371
v -0.009343361 -0.05956192 0.04703064
v -0.009392156 -0.06005746 0.04698181
v -0.009536687 -0.06053395 0.04775706
v -0.009536687 -0.06053395 0.04683718
v -0.0097714 -0.06097309 0.04799178
v -0.0097714 -0.06097309 0.04660232
v -0.01008727 -0.06135799 0.04830766
v -0.01007958 -0.06135027 0.04629396
v -0.01047217 -0.06167388 0.04869256
v -0.01051926 -0.0617046 0.04585401
v -0.0109113 -0.06190861 0.0491317
v -0.0109113 -0.06190861 0.04585401
v -0.01138778 -0.06205317 0.04960818
v -0.01138778 -0.06205317 0.04585401
v -0.01188624 -0.06210198 0.05010664
v -0.01188331 -0.06210198 0.04585401
v -0.01188785 0.0140944 0.05010663
v -0.01444386 0.01409435 0.05010663
v -0.01444386 0.01409435 0.04735663
v -0.009344926 0.01409446 0.04756371
v -0.009344926 0.01409446 0.04735663
v -0.01188785 0.0140944 0.05010663
v -0.01188775 0.008957722 0.05010663
v -0.01444375 0.008957669 0.05010663
v -0.01444386 0.01409435 0.05010663
v -0.009344816 0.008957777 0.04735663
v -0.01444375 0.008957669 0.04735663
v -0.009344816 0.008957777 0.04756371
v -0.01188775 0.008957722 0.05010663
v -0.01444375 0.008957669 0.05010663
v -0.009344816 0.008957777 0.04735663
v -0.009344715 0.004169825 0.04735663
v -0.01444365 0.004169718 0.04735663
v -0.01444375 0.008957669 0.04735663
v -0.01188764 0.004169773 0.05010663
v -0.01444365 0.004169718 0.05010663
v -0.01444365 0.004169718 0.04735663
v -0.009344715 0.004169825 0.04756371
v -0.009344715 0.004169825 0.04735663
v -0.01188764 0.004169773 0.05010663
v -0.01188754 -0.0009669482 0.05010663
v -0.01444354 -0.0009670054 0.05010663
v -0.01444365 0.004169718 0.05010663
v -0.009344605 -0.000966891 0.04735663
v -0.01444354 -0.0009670054 0.04735663
v -0.009344605 -0.000966891 0.04756371
v -0.01188754 -0.0009669482 0.05010663
v -0.01444354 -0.0009670054 0.05010663
v -0.009344605 -0.000966891 0.04735663
v -0.009344497 -0.006080171 0.04735663
v -0.01444343 -0.006080278 0.04735663
v -0.01444354 -0.0009670054 0.04735663
v -0.01188743 -0.006080228 0.05010663
v -0.01444343 -0.006080281 0.05010663
v -0.01444343 -0.006080278 0.04735663
v -0.009344497 -0.006080171 0.04756371
v -0.009344497 -0.006080171 0.04735663
v -0.01188743 -0.006080228 0.05010663
v -0.01188732 -0.01121697 0.05010663
v -0.01444332 -0.01121703 0.05010663
v -0.01444343 -0.006080281 0.05010663
v -0.009344388 -0.01121691 0.04735663
v -0.01444332 -0.01121703 0.04735663
v -0.009344388 -0.01121691 0.04756371
v -0.01188732 -0.01121697 0.05010663
v -0.01444332 -0.01121703 0.05010663
v -0.009344388 -0.01121691 0.04735663
v -0.009344283 -0.01608018 0.04735664
v -0.01444322 -0.01608029 0.04735664
v -0.01444332 -0.01121703 0.04735663
v -0.01188721 -0.01608023 0.05010664
v -0.01444322 -0.01608029 0.05010664
v -0.01444322 -0.01608029 0.04735664
v -0.009344283 -0.01608018 0.04756371
v -0.009344283 -0.01608018 0.04735664
v -0.01188721 -0.01608023 0.05010664
v -0.01188711 -0.02121697 0.05010664
v -0.01444311 -0.02121703 0.05010664
v -0.01444322 -0.01608029 0.05010664
v -0.009344175 -0.02121693 0.04735664
v -0.01444311 -0.02121703 0.04735664
v -0.009344175 -0.02121693 0.04756371
v -0.01188711 -0.02121697 0.05010664
v -0.01444311 -0.02121703 0.05010664
v -0.011887 -0.02633023 0.05010664
v -0.014443 -0.02633028 0.05010664
v -0.014443 -0.02633028 0.04735664
v -0.009344066 -0.02633018 0.04756371
v -0.009344066 -0.02633018 0.04735664
v -0.01188679 -0.03625526 0.05010664
v -0.01444279 -0.03625531 0.05010664
v -0.01444279 -0.03625531 0.04735664
v -0.009343855 -0.03625521 0.04756371
v -0.009343855 -0.03625521 0.04735664
v -0.01188679 -0.03625526 0.05010664
v -0.01188668 -0.04139199 0.05010664
v -0.01444268 -0.04139204 0.05010664
v -0.01444279 -0.03625531 0.05010664
v -0.009343747 -0.04139194 0.04735664
v -0.01444268 -0.04139204 0.04735664
v -0.009343747 -0.04139194 0.04756371
v -0.01188668 -0.04139199 0.05010664
v -0.01444268 -0.04139204 0.05010664
v -0.009343747 -0.04139194 0.04735664
v -0.009343636 -0.04660534 0.04735664
v -0.01444257 -0.04660545 0.04735664
v -0.01444268 -0.04139204 0.04735664
v -0.01188657 -0.04660539 0.05010664
v -0.01444257 -0.04660545 0.05010664
v -0.01444257 -0.04660545 0.04735664
v -0.009343636 -0.04660534 0.04756371
v -0.009343636 -0.04660534 0.04735664
v -0.01188657 -0.04660539 0.05010664
v -0.01188646 -0.05174213 0.05010664
v -0.01444246 -0.05174218 0.05010664
v -0.01444257 -0.04660545 0.05010664
v -0.009343526 -0.05174207 0.04735664
v -0.01444246 -0.05174218 0.04735664
v -0.009343526 -0.05174207 0.04756371
v -0.01188646 -0.05174213 0.05010664
v -0.01444246 -0.05174218 0.05010664
v -0.0279873 -0.05174212 0.05010664
v -0.02798719 -0.04660535 0.05010664
v -0.02543118 -0.04660541 0.05010664
v -0.02543129 -0.05174218 0.05010664
v -0.02798708 -0.04139196 0.05010664
v -0.02798697 -0.03625526 0.05010664
v -0.02543096 -0.0362553 0.05010664
v -0.02543107 -0.04139201 0.05010664
v -0.02798687 -0.03146698 0.05010664
v -0.02798676 -0.02633027 0.05010664
v -0.02543076 -0.02633032 0.05010664
v -0.02543086 -0.03146703 0.05010664
v -0.02798665 -0.02121695 0.05010664
v -0.02798654 -0.01608026 0.05010664
v -0.02543054 -0.01608032 0.05010664
v -0.02543065 -0.02121699 0.05010664
v -0.02798644 -0.01121696 0.05010663
v -0.02798633 -0.006080257 0.05010663
v -0.02543032 -0.006080309 0.05010663
v -0.02543043 -0.01121702 0.05010663
v -0.02798622 -0.0009669912 0.05010663
v -0.02798611 0.004169747 0.05010663
v -0.02543011 0.004169689 0.05010663
v -0.02543021 -0.0009670436 0.05010663
v -0.02798601 0.008958039 0.05010663
v -0.0279859 0.01409473 0.05010663
v -0.0254299 0.01409468 0.05010663
v -0.02543 0.008957987 0.05010663
v -0.02798584 0.01925765 0.05010663
v -0.02542984 0.01925765 0.05010663
v -0.02542984 0.01925765 0.04735663
v -0.03052877 0.01925765 0.04756371
v -0.03052877 0.01925765 0.04735663
v -0.03052877 0.01925765 0.04756371
v -0.03052877 0.02439437 0.04756371
v -0.02798584 0.02439437 0.05010664
v -0.02798584 0.01925765 0.05010663
v -0.03052877 0.02439437 0.04735664
v -0.02542984 0.02439437 0.04735664
v -0.03052877 0.02439437 0.04756371
v -0.02798584 0.02439437 0.05010664
v -0.02542984 0.02439437 0.05010664
v -0.02542984 0.02918265 0.04735664
v -0.02542984 0.02439437 0.04735664
v -0.03052877 0.02439437 0.04735664
v -0.03052877 0.02918265 0.04735664
v -0.02798584 0.02918264 0.05010664
v -0.02542984 0.02918264 0.05010664
v -0.02542984 0.02918265 0.04735664
v -0.03052877 0.02918265 0.04756371
v -0.03052877 0.02918265 0.04735664
v -0.03052877 0.02918265 0.04756371
v -0.03052877 0.03431937 0.04756371
v -0.02798584 0.03431937 0.05010664
v -0.02798584 0.02918264 0.05010664
v -0.03052877 0.03431937 0.04735664
v -0.02542984 0.03431937 0.04735664
v -0.03052877 0.03431937 0.04756371
v -0.02798584 0.03431937 0.05010664
v -0.02542984 0.03431937 0.05010664
v -0.02542984 0.03943264 0.04735664
v -0.02542984 0.03431937 0.04735664
v -0.03052877 0.03431937 0.04735664
v -0.03052877 0.03943264 0.04735664
v -0.02798584 0.03943264 0.05010664
v -0.02542984 0.03943264 0.05010664
v -0.02542984 0.03943264 0.04735664
v -0.03052877 0.03943264 0.04756371
v -0.03052877 0.03943264 0.04735664
v -0.02798584 0.03943264 0.05010664
v -0.03052877 0.03943264 0.04756371
v -0.03052877 0.04456937 0.04756371
v -0.02798584 0.04456937 0.05010664
v -0.03052877 0.04456937 0.04735664
v -0.02542984 0.04456937 0.04735664
v -0.03052877 0.04456937 0.04756371
v -0.02798584 0.04456937 0.05010664
v -0.02542984 0.04456937 0.05010664
v -0.02542984 0.04943265 0.04735664
v -0.02542984 0.04456937 0.04735664
v -0.03052877 0.04456937 0.04735664
v -0.03052877 0.04943265 0.04735664
v -0.02798584 0.04943265 0.05010664
v -0.02542984 0.04943265 0.05010664
v -0.02542984 0.04943265 0.04735664
v -0.03052877 0.04943265 0.04756371
v -0.03052877 0.04943265 0.04735664
v -0.03052877 0.05456937 0.04756371
v -0.02798584 0.05456937 0.05010664
v -0.02798584 0.04943265 0.05010664
v -0.03052877 0.04943265 0.04756371
v -0.03052877 0.05456937 0.04735664
v -0.02542984 0.05456937 0.04735664
v -0.03052877 0.05456937 0.04756371
v -0.02798584 0.05456937 0.05010664
v -0.02542984 0.05456937 0.05010664
v -0.02542984 0.05968265 0.04735664
v -0.02542984 0.05456937 0.04735664
v -0.03052877 0.05456937 0.04735664
v -0.03052877 0.05968265 0.04735664
v -0.02798584 0.05968265 0.05010664
v -0.02542984 0.05968265 0.05010664
v -0.02542984 0.05968265 0.04735664
v -0.03052877 0.05968265 0.04756371
v -0.03052877 0.05968265 0.04735664
v -0.03052877 0.05968265 0.04756371
v -0.03052877 0.06481937 0.04756371
v -0.02798584 0.06481937 0.05010664
v -0.02798584 0.05968265 0.05010664
v -0.03052877 0.06481937 0.04756371
v -0.03052877 0.06481937 0.04735664
v -0.02542984 0.06481937 0.04735664
v -0.02542984 0.06481937 0.05010664
v -0.02798584 0.06481937 0.05010664
v -0.02542984 0.06960765 0.04735664
v -0.02542984 0.06481937 0.04735664
v -0.03052877 0.06481937 0.04735664
v -0.03052877 0.06960765 0.04735664
v -0.02798584 0.06960765 0.05010664
v -0.02542984 0.06960765 0.05010664
v -0.02542984 0.06960765 0.04735664
v -0.03052877 0.06960765 0.04756371
v -0.03052877 0.06960765 0.04735664
v -0.03052877 0.06960765 0.04756371
v -0.03052877 0.07474437 0.04756371
v -0.02798584 0.07474437 0.05010664
v -0.02798584 0.06960765 0.05010664
v -0.02798584 0.06960765 0.05010664
v -0.02798584 0.07474437 0.05010664
v -0.02542984 0.07474437 0.05010664
v -0.02542984 0.06960765 0.05010664
v -0.02798584 0.05968265 0.05010664
v -0.02798584 0.06481937 0.05010664
v -0.02542984 0.06481937 0.05010664
v -0.02542984 0.05968265 0.05010664
v -0.02798584 0.04943265 0.05010664
v -0.02798584 0.05456937 0.05010664
v -0.02542984 0.05456937 0.05010664
v -0.02542984 0.04943265 0.05010664
v -0.02798584 0.03943264 0.05010664
v -0.02798584 0.04456937 0.05010664
v -0.02542984 0.04456937 0.05010664
v -0.02542984 0.03943264 0.05010664
v -0.02798584 0.02918264 0.05010664
v -0.02798584 0.03431937 0.05010664
v -0.02542984 0.03431937 0.05010664
v -0.02542984 0.02918264 0.05010664
v -0.02798584 0.01925765 0.05010663
v -0.02798584 0.02439437 0.05010664
v -0.02542984 0.02439437 0.05010664
v -0.02542984 0.01925765 0.05010663
v -0.03052882 0.01409479 0.04735663
v -0.0254299 0.01409468 0.04735663
v -0.03052882 0.01409479 0.04756371
v -0.0279859 0.01409473 0.05010663
v -0.0254299 0.01409468 0.05010663
v -0.03052893 0.008958092 0.04756371
v -0.03052882 0.01409479 0.04756371
v -0.0279859 0.01409473 0.05010663
v -0.02798601 0.008958039 0.05010663
v -0.02798601 0.008958039 0.05010663
v -0.02543 0.008957987 0.05010663
v -0.02543 0.008957987 0.04735663
v -0.03052893 0.008958092 0.04756371
v -0.03052893 0.008958092 0.04735663
v -0.02543 0.008957987 0.04735663
v -0.02543011 0.004169689 0.04735663
v -0.03052904 0.004169799 0.04735663
v -0.03052893 0.008958092 0.04735663
v -0.03052904 0.004169799 0.04735663
v -0.02543011 0.004169689 0.04735663
v -0.03052904 0.004169799 0.04756371
v -0.02798611 0.004169747 0.05010663
v -0.02543011 0.004169689 0.05010663
v -0.03052914 -0.0009669387 0.04756371
v -0.03052904 0.004169799 0.04756371
v -0.02798611 0.004169747 0.05010663
v -0.02798622 -0.0009669912 0.05010663
v -0.02798622 -0.0009669912 0.05010663
v -0.02543021 -0.0009670436 0.05010663
v -0.02543021 -0.0009670436 0.04735663
v -0.03052914 -0.0009669387 0.04756371
v -0.03052914 -0.0009669387 0.04735663
v -0.02543021 -0.0009670436 0.04735663
v -0.02543032 -0.006080307 0.04735663
v -0.03052925 -0.006080199 0.04735663
v -0.03052914 -0.0009669387 0.04735663
v -0.03052925 -0.006080199 0.04735663
v -0.02543032 -0.006080307 0.04735663
v -0.03052925 -0.006080199 0.04756371
v -0.02798633 -0.006080257 0.05010663
v -0.02543032 -0.006080309 0.05010663
v -0.03052925 -0.006080199 0.04756371
v -0.02798633 -0.006080257 0.05010663
v -0.02798644 -0.01121696 0.05010663
v -0.03052936 -0.01121691 0.04756371
v -0.02798644 -0.01121696 0.05010663
v -0.02543043 -0.01121702 0.05010663
v -0.02543043 -0.01121702 0.04735663
v -0.03052936 -0.01121691 0.04756371
v -0.03052936 -0.01121691 0.04735663
v -0.02543043 -0.01121702 0.04735663
v -0.02543054 -0.01608032 0.04735664
v -0.03052947 -0.01608021 0.04735664
v -0.03052936 -0.01121691 0.04735663
v -0.03052947 -0.01608021 0.04735664
v -0.02543054 -0.01608032 0.04735664
v -0.03052947 -0.01608021 0.04756371
v -0.02798654 -0.01608026 0.05010664
v -0.02543054 -0.01608032 0.05010664
v -0.02798665 -0.02121695 0.05010664
v -0.03052958 -0.02121689 0.04756371
v -0.03052947 -0.01608021 0.04756371
v -0.02798654 -0.01608026 0.05010664
v -0.02798665 -0.02121695 0.05010664
v -0.02543065 -0.02121699 0.05010664
v -0.02543065 -0.02121699 0.04735664
v -0.03052958 -0.02121689 0.04756371
v -0.03052958 -0.02121689 0.04735664
v -0.02543065 -0.02121699 0.04735664
v -0.02543076 -0.02633032 0.04735664
v -0.03052968 -0.0263302 0.04735664
v -0.03052958 -0.02121689 0.04735664
v -0.03052968 -0.0263302 0.04735664
v -0.02543076 -0.02633032 0.04735664
v -0.03052968 -0.0263302 0.04756371
v -0.02798676 -0.02633027 0.05010664
v -0.02543076 -0.02633032 0.05010664
v -0.03052979 -0.03146693 0.04756371
v -0.03052968 -0.0263302 0.04756371
v -0.02798676 -0.02633027 0.05010664
v -0.02798687 -0.03146698 0.05010664
v -0.02798687 -0.03146698 0.05010664
v -0.02543086 -0.03146703 0.05010664
v -0.02543086 -0.03146703 0.04735664
v -0.03052979 -0.03146693 0.04756371
v -0.03052979 -0.03146693 0.04735664
v -0.02543086 -0.03146703 0.04735664
v -0.02543096 -0.0362553 0.04735664
v -0.0305299 -0.0362552 0.04735664
v -0.03052979 -0.03146693 0.04735664
v -0.0305299 -0.0362552 0.04735664
v -0.02543096 -0.0362553 0.04735664
v -0.0305299 -0.0362552 0.04756371
v -0.02798697 -0.03625526 0.05010664
v -0.02543096 -0.0362553 0.05010664
v -0.03053 -0.04139191 0.04756371
v -0.0305299 -0.0362552 0.04756371
v -0.02798697 -0.03625526 0.05010664
v -0.02798708 -0.04139196 0.05010664
v -0.02798708 -0.04139196 0.05010664
v -0.02543107 -0.04139201 0.05010664
v -0.02543107 -0.04139201 0.04735664
v -0.03053 -0.04139191 0.04756371
v -0.03053 -0.04139191 0.04735664
v -0.02543107 -0.04139201 0.04735664
v -0.02543118 -0.04660541 0.04735664
v -0.03053012 -0.0466053 0.04735664
v -0.03053 -0.04139191 0.04735664
v -0.03053012 -0.0466053 0.04735664
v -0.02543118 -0.04660541 0.04735664
v -0.03053012 -0.0466053 0.04756371
v -0.02798719 -0.04660535 0.05010664
v -0.02543118 -0.04660541 0.05010664
v -0.03053023 -0.05174206 0.04756371
v -0.03053012 -0.0466053 0.04756371
v -0.02798719 -0.04660535 0.05010664
v -0.0279873 -0.05174212 0.05010664
v -0.0279873 -0.05174212 0.05010664
v -0.02543129 -0.05174218 0.05010664
v -0.02543129 -0.05174218 0.04735664
v -0.03053023 -0.05174206 0.04756371
v -0.03053023 -0.05174206 0.04735664
v -0.03053034 -0.05696546 0.04735664
v -0.0254314 -0.05696556 0.04735664
v -0.03053034 -0.05696546 0.04756371
v -0.02798741 -0.05696552 0.05010664
v -0.0254314 -0.05696556 0.05010664
v -0.0254314 -0.05696556 0.04735664
v -0.02543151 -0.06210227 0.04735664
v -0.02543151 -0.06210227 0.05010664
v -0.0254314 -0.05696556 0.05010664
v -0.03053023 -0.05174206 0.04735664
v -0.02543129 -0.05174218 0.04735664
v -0.02543134 -0.05411905 0.04735664
v -0.02532578 -0.05519088 0.04735664
v -0.03053034 -0.05696546 0.04735664
v -0.0254314 -0.05696556 0.04735664
v -0.02501311 -0.0562215 0.04735664
v -0.02450534 -0.0571713 0.04735664
v -0.023822 -0.05800376 0.04735664
v -0.02543151 -0.06210227 0.04735664
v -0.02298936 -0.05868689 0.04735664
v -0.02203943 -0.05919443 0.04735664
v -0.02100873 -0.05950683 0.04735664
v -0.01993688 -0.05961213 0.04735664
v -0.01444224 -0.06210204 0.04735664
v -0.01886502 -0.05950683 0.04735664
v -0.01783432 -0.05919443 0.04735664
v -0.01688439 -0.05868689 0.04735664
v -0.01605175 -0.05800376 0.04735664
v -0.01536841 -0.0571713 0.04735664
v -0.01444235 -0.05696532 0.04735664
v -0.01486065 -0.0562215 0.04735664
v -0.01454797 -0.05519088 0.04735664
v -0.009343415 -0.0569652 0.04735664
v -0.01444241 -0.05411905 0.04735664
v -0.009343526 -0.05174207 0.04735664
v -0.01444246 -0.05174218 0.04735664
v -0.01444224 -0.06210204 0.04735664
v -0.01444235 -0.05696532 0.04735664
v -0.01444235 -0.05696532 0.05010664
v -0.01444224 -0.06210204 0.05010664
v -0.01188635 -0.05696525 0.05010664
v -0.01188624 -0.06210198 0.05010664
v -0.01444224 -0.06210204 0.05010664
v -0.01444235 -0.05696532 0.05010664
v -0.005687846 0.08263608 0.03104105
v -0.00561198 0.08185967 0.03074194
v -0.001205538 0.08185967 0.03074194
v -0.001280016 0.08263627 0.03104066
v -0.00581087 0.08334399 0.03147807
v -0.00138887 0.0833446 0.03147725
v -0.005989648 0.08396018 0.03203703
v -0.00152838 0.08396043 0.03203678
v -0.006235019 0.08446152 0.03270089
v -0.001693774 0.08446272 0.03270015
v -0.006553733 0.08483427 0.03344466
v -0.001879396 0.08483429 0.03344464
v -0.0069673 0.08503697 0.03425032
v -0.002078902 0.08506244 0.03424482
v -0.007434554 0.08513937 0.03507332
v -0.002285471 0.08513937 0.03507332
v -0.03052878 -0.05956233 0.04223332
v -0.03047997 -0.06005785 0.04002544
v -0.03052878 -0.05956233 0.04002544
v -0.03047997 -0.06005785 0.04223332
v -0.03033542 -0.06053435 0.04002544
v -0.03033542 -0.06053435 0.04223332
v -0.03010069 -0.06097349 0.04002544
v -0.03010069 -0.06097349 0.04223332
v -0.0297848 -0.0613584 0.04002544
v -0.0297848 -0.0613584 0.04223332
v -0.02939989 -0.06167427 0.04002544
v -0.02939989 -0.06167427 0.04223332
v -0.02896075 -0.061909 0.04002544
v -0.02896075 -0.061909 0.04223332
v -0.02848426 -0.06205353 0.04002544
v -0.02848426 -0.06205353 0.04223332
v -0.02798872 -0.06210233 0.04002544
v -0.02798872 -0.06210233 0.04223332
v -0.02753487 -0.06210232 0.04002544
v -0.02753256 -0.06210232 0.04223332
v -0.03052878 -0.05956233 0.04223332
v -0.03052878 -0.05956233 0.04002544
v -0.03052877 0.08259937 0.04002544
v -0.03052877 0.08259937 0.04223332
v -0.03052877 0.08259937 0.04002544
v -0.03047997 0.0830949 0.04223332
v -0.03052877 0.08259937 0.04223332
v -0.03047997 0.08309489 0.04002544
v -0.03033542 0.08357138 0.04223332
v -0.03033542 0.08357138 0.04002544
v -0.03010071 0.08401051 0.04223332
v -0.03010071 0.08401051 0.04002544
v -0.02978482 0.08439542 0.04223332
v -0.02978482 0.08439542 0.04002544
v -0.02939992 0.08471129 0.04223332
v -0.02939992 0.08471129 0.04002544
v -0.02896079 0.08494602 0.04223332
v -0.02896079 0.08494603 0.04002544
v -0.0284843 0.08509057 0.04223332
v -0.0284843 0.08509057 0.04002544
v -0.02798877 0.08513937 0.04223332
v -0.02798877 0.08513937 0.04002544
v -0.01138945 0.08509057 0.04960818
v -0.01188644 0.08513937 0.05010517
v -0.01188498 0.08513937 0.04585401
v -0.01138945 0.08509057 0.04585401
v -0.01091297 0.08494603 0.0491317
v -0.01091296 0.08494603 0.04585401
v -0.01047384 0.0847113 0.04869256
v -0.01052093 0.08474201 0.04585401
v -0.01008893 0.08439542 0.04830766
v -0.01008893 0.08439542 0.04628625
v -0.00977305 0.08401051 0.04799178
v -0.00977305 0.08401051 0.04660232
v -0.009538327 0.08357138 0.04775706
v -0.009538327 0.08357138 0.04683718
v -0.009393786 0.0830949 0.04761251
v -0.009393786 0.08309489 0.04698181
v -0.009344979 0.08259937 0.04756371
v -0.009344979 0.08259937 0.04703064
v -0.01188644 0.08513937 0.05010517
v -0.01138945 0.08509057 0.04960818
v -0.01188791 0.07985765 0.05010664
v -0.01091297 0.08494603 0.0491317
v -0.01047384 0.0847113 0.04869256
v -0.01008893 0.08439542 0.04830766
v -0.00977305 0.08401051 0.04799178
v -0.009538327 0.08357138 0.04775706
v -0.009393786 0.0830949 0.04761251
v -0.009344979 0.08259937 0.04756371
v -0.009344978 0.07985765 0.04756371
v -0.01188644 0.08513937 0.05010517
v -0.01188791 0.07985765 0.05010664
v -0.01444391 0.07985765 0.05010664
v -0.01444391 0.08513937 0.05010664
v -0.02798658 0.08513937 0.0501059
v -0.0284843 0.08509057 0.04585401
v -0.02798877 0.08513937 0.04585401
v -0.0284843 0.08509057 0.04960818
v -0.02896079 0.08494603 0.04585401
v -0.02896079 0.08494603 0.0491317
v -0.02935283 0.08474201 0.04585401
v -0.02939992 0.0847113 0.04869256
v -0.02978482 0.08439542 0.04628625
v -0.02978482 0.08439542 0.04830766
v -0.0301007 0.08401051 0.04660232
v -0.0301007 0.08401051 0.04799178
v -0.03033542 0.08357138 0.04683718
v -0.03033542 0.08357138 0.04775706
v -0.03047997 0.08309489 0.04698181
v -0.03047997 0.0830949 0.04761251
v -0.03052877 0.08259937 0.04703064
v -0.03052877 0.08259936 0.04756371
v -0.02753256 0.08513937 0.04223332
v -0.02753693 0.08513937 0.04585401
v -0.02753693 -0.06210232 0.04585401
v -0.02753256 -0.06210232 0.04223332
v -0.008889459 0.08513937 0.03725342
v -0.008557592 -0.05746501 0.03663244
v -0.008557652 0.08513937 0.03663265
v -0.008889497 -0.05802717 0.03725346
v -0.008671905 -0.05859256 0.03693775
v -0.008889497 -0.05939724 0.03725347
v -0.008491353 -0.05834958 0.03665072
v -0.005397484 -0.05732235 0.02969095
v -0.005242184 -0.05732235 0.02841482
v -0.005242186 0.0735999 0.02841486
v -0.00539748 0.07812919 0.02969092
v -0.005687569 0.08103687 0.03104
v -0.005663644 -0.05732235 0.03094856
v -0.00561198 0.08185967 0.03074194
v -0.005687846 0.08263608 0.03104105
v -0.006038638 -0.05732235 0.03217814
v -0.005990124 0.08259029 0.0320384
v -0.00581087 0.08334399 0.03147807
v -0.005989648 0.08396018 0.03203703
v -0.00655334 0.08319689 0.0334438
v -0.006235019 0.08446152 0.03270089
v -0.006553733 0.08483427 0.03344466
v -0.006519606 -0.05732235 0.03337028
v -0.007103425 0.08310369 0.03451552
v -0.0069673 0.08503697 0.03425032
v -0.007434554 0.08513937 0.03507332
v -0.007783943 0.08513937 0.03560606
v -0.007103003 -0.05658759 0.03451576
v -0.006884286 -0.05736735 0.03407133
v -0.00764376 -0.0575887 0.03538018
v -0.007783984 -0.05681859 0.03560603
v -0.008557652 0.08513937 0.03663265
v -0.008173853 -0.05792232 0.03614597
v -0.008557592 -0.05746501 0.03663244
v -0.008491353 -0.05834958 0.03665072
v -0.009820229 0.08513937 0.04223335
v -0.009820229 -0.06132256 0.04223335
v -0.01074143 -0.06190023 0.04223333
v -0.01233682 0.08513937 0.04223332
v -0.01233682 -0.06210199 0.04223332
v -0.01444391 0.07985765 0.05010664
v -0.01444391 0.07985765 0.04735664
v -0.01444391 0.08513937 0.04735664
v -0.01444391 0.08513937 0.05010664
v -0.009344978 0.07985765 0.04735664
v -0.01444391 0.07985765 0.04735664
v -0.009344978 0.07985765 0.04756371
v -0.01188791 0.07985765 0.05010664
v -0.01444391 0.07985765 0.05010664
v -0.01188791 0.07474437 0.05010664
v -0.01444391 0.07474437 0.05010664
v -0.01444391 0.07474437 0.04735664
v -0.009344978 0.07474437 0.04756371
v -0.009344978 0.07474437 0.04735664
v -0.01454945 0.07808299 0.04735664
v -0.01444391 0.07701135 0.04735664
v -0.01444391 0.07701135 0.04335664
v -0.01454945 0.078083 0.04335664
v -0.01486202 0.07911343 0.04735664
v -0.01486202 0.07911344 0.04335664
v -0.01536962 0.08006309 0.04735664
v -0.01536962 0.08006309 0.04335664
v -0.01605274 0.08089549 0.04735664
v -0.01605273 0.08089548 0.04335664
v -0.01688513 0.08157863 0.04735664
v -0.01688512 0.08157861 0.04335664
v -0.0178348 0.08208624 0.04735664
v -0.01783481 0.08208624 0.04335664
v -0.01886524 0.08239882 0.04735664
v -0.01886524 0.08239882 0.04335664
v -0.01993688 0.08250437 0.04735664
v -0.01993688 0.08250437 0.04335664
v -0.02100851 0.08239882 0.04735664
v -0.0210085 0.08239882 0.04335664
v -0.02203895 0.08208624 0.04735664
v -0.02203894 0.08208624 0.04335664
v -0.02298862 0.08157863 0.04735664
v -0.02298863 0.08157861 0.04335664
v -0.02382101 0.08089549 0.04735664
v -0.02382102 0.08089548 0.04335664
v -0.02450413 0.08006309 0.04735664
v -0.02450413 0.08006309 0.04335664
v -0.02501173 0.07911343 0.04735664
v -0.02501173 0.07911344 0.04335664
v -0.0253243 0.07808299 0.04735664
v -0.0253243 0.078083 0.04335664
v -0.02542984 0.07701135 0.04735664
v -0.02542984 0.07701135 0.04335664
v -0.03052877 0.07474437 0.04735664
v -0.02542984 0.07474437 0.04735664
v -0.03052877 0.07474437 0.04756371
v -0.02798584 0.07474437 0.05010664
v -0.02542984 0.07474437 0.05010664
v -0.02798584 0.07985765 0.05010664
v -0.03052877 0.07985765 0.04756371
v -0.03052877 0.08259936 0.04756371
v -0.03047997 0.0830949 0.04761251
v -0.03033542 0.08357138 0.04775706
v -0.0301007 0.08401051 0.04799178
v -0.02978482 0.08439542 0.04830766
v -0.02939992 0.0847113 0.04869256
v -0.02896079 0.08494603 0.0491317
v -0.0284843 0.08509057 0.04960818
v -0.02798658 0.08513937 0.0501059
v -0.02798584 0.07985765 0.05010664
v -0.02798658 0.08513937 0.0501059
v -0.02542984 0.08513937 0.05010664
v -0.02542984 0.07985765 0.05010664
v -0.02542984 0.07985765 0.04735664
v -0.02542984 0.07985765 0.05010664
v -0.02542984 0.08513937 0.05010664
v -0.02542984 0.08513937 0.04735664
v -0.02753256 -0.06210232 0.04223332
v -0.02624872 -0.06210229 0.04071227
v -0.02753487 -0.06210232 0.04002544
v -0.02490148 -0.06210226 0.04126973
v -0.02350619 -0.06210223 0.04169242
v -0.02753693 -0.06210232 0.04585401
v -0.02543151 -0.06210227 0.04735664
v -0.02256805 -0.06210221 0.04187841
v -0.0213138 -0.06210218 0.04205104
v -0.01992344 -0.06210215 0.0420926
v -0.02543151 -0.06210227 0.05010664
v -0.02798741 -0.06210227 0.05010663
v -0.02799034 -0.06210233 0.04585401
v -0.01444224 -0.06210204 0.04735664
v -0.01853307 -0.06210212 0.04204082
v -0.0172788 -0.0621021 0.04188768
v -0.01628632 -0.06210208 0.04168993
v -0.01233682 -0.06210199 0.04585401
v -0.01444224 -0.06210204 0.05010664
v -0.01188624 -0.06210198 0.05010664
v -0.01188331 -0.06210198 0.04585401
v -0.0148913 -0.06210205 0.04126626
v -0.01233682 -0.06210199 0.04223332
v -0.01354442 -0.06210202 0.04070787
v -0.01225882 -0.06210199 0.0400202
v -0.009820229 0.08513937 0.04223335
v -0.009173282 -0.06044867 0.04198773
v -0.009820229 -0.06132256 0.04223335
v -0.008889761 0.08513937 0.04188012
v -0.008889761 -0.05942793 0.04188012
v -0.006646448 -0.05732235 0.03999777
v -0.002684365 0.08513937 0.03667319
v -0.002684365 -0.05732235 0.03667319
v -0.007467256 -0.05747741 0.04068572
v -0.008174932 -0.05792122 0.04128025
v -0.008889761 0.08513937 0.04188012
v -0.008671935 -0.05859261 0.0416964
v -0.008889761 -0.05942793 0.04188012
v -0.006646448 -0.05732235 0.03999777
v -0.006884286 -0.05736735 0.03407133
v -0.00764376 -0.0575887 0.03538018
v -0.007467256 -0.05747741 0.04068572
v -0.008173853 -0.05792232 0.03614597
v -0.008174932 -0.05792122 0.04128025
v -0.008491353 -0.05834958 0.03665072
v -0.008671935 -0.05859261 0.0416964
v -0.008671905 -0.05859256 0.03693775
v -0.008889497 -0.05939724 0.03725347
v -0.008889761 -0.05942793 0.04188012
v -0.009173282 -0.06044867 0.04198773
v -0.009173459 -0.06044858 0.03755815
v -0.009820229 -0.06132256 0.04223335
v -0.009820387 -0.06132242 0.03819323
v -0.01074143 -0.06190023 0.04223333
v -0.01074146 -0.06190014 0.03897699
v -0.01225882 -0.06210199 0.0400202
v -0.01233682 -0.06210199 0.04223332
v -0.01444391 0.06960765 0.04735664
v -0.01444391 0.07474437 0.05010664
v -0.01444391 0.06960765 0.05010664
v -0.01444391 0.07474437 0.04735664
v -0.01444391 0.07418174 0.04335666
v -0.01444391 0.06481937 0.04735664
v -0.01444391 0.07701135 0.04335663
v -0.01444391 0.07701135 0.04735664
v -0.01444391 0.06168172 0.0433567
v -0.01444391 0.05968265 0.04735664
v -0.01444391 0.06481937 0.05010664
v -0.01444391 0.05968265 0.05010664
v -0.01444391 0.05456937 0.04735664
v -0.01444391 0.04918171 0.0433567
v -0.01444391 0.04943265 0.04735664
v -0.01444391 0.05456937 0.05010664
v -0.01444391 0.04943265 0.05010664
v -0.01444391 0.04456937 0.04735664
v -0.01444391 0.03668172 0.0433567
v -0.01444391 0.03943264 0.04735664
v -0.01444391 0.04456937 0.05010664
v -0.01444391 0.03943264 0.05010664
v -0.01444391 0.03431937 0.04735664
v -0.01444391 0.02418169 0.04335673
v -0.01444391 0.02918265 0.04735664
v -0.01444391 0.03431937 0.05010664
v -0.01444391 0.02918264 0.05010664
v -0.01444391 0.02439437 0.04735663
v -0.01444391 0.01925765 0.04735663
v -0.01444391 0.02439437 0.05010663
v -0.01444391 0.01925765 0.05010663
v -0.01444386 0.01409435 0.04735663
v -0.01444375 0.01168167 0.04335673
v -0.01444375 0.008957669 0.04735663
v -0.01444386 0.01409435 0.05010663
v -0.01444375 0.008957669 0.05010663
v -0.01444365 0.004169718 0.04735663
v -0.01444354 -0.0008183133 0.04335673
v -0.01444354 -0.0009670054 0.04735663
v -0.01444365 0.004169718 0.05010663
v -0.01444354 -0.0009670054 0.05010663
v -0.01444343 -0.006080278 0.04735663
v -0.01444328 -0.01331832 0.04335673
v -0.01444332 -0.01121703 0.04735663
v -0.01444343 -0.006080281 0.05010663
v -0.01444332 -0.01121703 0.05010663
v -0.01444322 -0.01608029 0.04735664
v -0.01444311 -0.02121703 0.04735664
v -0.01444322 -0.01608029 0.05010664
v -0.01444311 -0.02121703 0.05010664
v -0.014443 -0.02633028 0.04735664
v -0.014443 -0.02633028 0.04335671
v -0.01444289 -0.03146701 0.04735664
v -0.014443 -0.02633028 0.05010664
v -0.014443 -0.03146704 0.05010664
v -0.01444279 -0.03625531 0.04735664
v -0.01444354 -0.03831832 0.04335664
v -0.01444268 -0.04139204 0.04735664
v -0.01444279 -0.03625531 0.05010664
v -0.01444268 -0.04139204 0.05010664
v -0.01444257 -0.04660545 0.04735664
v -0.01444316 -0.05081832 0.04335664
v -0.01444246 -0.05174218 0.04735664
v -0.01444257 -0.04660545 0.05010664
v -0.01444246 -0.05174218 0.05010664
v -0.01444241 -0.05411905 0.04735664
v -0.01444241 -0.05411905 0.04335664
v -0.009343636 -0.04660534 0.04735664
v -0.009343526 -0.05174207 0.04756371
v -0.009343636 -0.04660534 0.04756371
v -0.009343526 -0.05174207 0.04735664
v -0.009343482 -0.04900413 0.04703064
v -0.009343747 -0.04139194 0.04735664
v -0.009343361 -0.05956192 0.04703064
v -0.009343415 -0.0569652 0.04735664
v -0.009343361 -0.05956192 0.04756371
v -0.009343415 -0.0569652 0.04756371
v -0.009343855 -0.03625521 0.04735664
v -0.009343747 -0.04139194 0.04756371
v -0.009343855 -0.03625521 0.04756371
v -0.009343654 -0.03383292 0.04703064
v -0.009343958 -0.0314669 0.04735664
v -0.009344066 -0.02633018 0.04735664
v -0.009343958 -0.0314669 0.04756371
v -0.009344066 -0.02633018 0.04756371
v -0.009343882 -0.01368557 0.04703064
v -0.009344175 -0.02121693 0.04735664
v -0.009344283 -0.01608018 0.04735664
v -0.009344175 -0.02121693 0.04756371
v -0.009344283 -0.01608018 0.04756371
v -0.009344388 -0.01121691 0.04735663
v -0.009344497 -0.006080171 0.04735663
v -0.009344388 -0.01121691 0.04756371
v -0.009344497 -0.006080171 0.04756371
v -0.00934411 0.00661214 0.04703064
v -0.009344605 -0.000966891 0.04735663
v -0.009344715 0.004169825 0.04735663
v -0.009344605 -0.000966891 0.04756371
v -0.009344715 0.004169825 0.04756371
v -0.009344816 0.008957777 0.04735663
v -0.009344926 0.01409446 0.04735663
v -0.009344816 0.008957777 0.04756371
v -0.009344926 0.01409446 0.04756371
v -0.009344979 0.01925765 0.04735663
v -0.009344341 0.02685474 0.04703064
v -0.009344979 0.02439437 0.04735663
v -0.009344979 0.01925765 0.04756371
v -0.009344979 0.02439437 0.04756371
v -0.009344979 0.02918265 0.04735663
v -0.009344979 0.03431937 0.04735664
v -0.009344979 0.02918265 0.04756371
v -0.009344979 0.03431937 0.04756371
v -0.009344979 0.03943264 0.04735664
v -0.009344571 0.04705341 0.04703064
v -0.009344979 0.04456937 0.04735664
v -0.009344979 0.03943264 0.04756371
v -0.009344979 0.04456937 0.04756371
v -0.009344978 0.04943265 0.04735664
v -0.009344978 0.05456937 0.04735664
v -0.009344978 0.04943265 0.04756371
v -0.009344978 0.05456937 0.04756371
v -0.009344978 0.05968265 0.04735664
v -0.009344805 0.06731291 0.04703064
v -0.009344978 0.06481937 0.04735664
v -0.009344978 0.05968265 0.04756371
v -0.009344978 0.06481937 0.04756371
v -0.009344978 0.06960765 0.04735664
v -0.009344979 0.08259937 0.04703064
v -0.009344978 0.07474437 0.04735664
v -0.009344978 0.06960765 0.04756371
v -0.009344978 0.07474437 0.04756371
v -0.009344978 0.07985765 0.04735664
v -0.009344978 0.07985765 0.04756371
v -0.009344979 0.08259937 0.04756371
v -0.009343361 -0.05956192 0.04756371
v -0.01188635 -0.05696525 0.05010664
v -0.009343415 -0.0569652 0.04756371
v -0.009392156 -0.06005746 0.04761251
v -0.009536687 -0.06053395 0.04775706
v -0.0097714 -0.06097309 0.04799178
v -0.01008727 -0.06135799 0.04830766
v -0.01047217 -0.06167388 0.04869256
v -0.0109113 -0.06190861 0.0491317
v -0.01138778 -0.06205317 0.04960818
v -0.01188624 -0.06210198 0.05010664
v -0.02798741 -0.05696552 0.05010664
v -0.03053039 -0.05956227 0.04756371
v -0.03053034 -0.05696546 0.04756371
v -0.03048159 -0.06005782 0.04761252
v -0.03033706 -0.06053431 0.04775707
v -0.03010233 -0.06097346 0.0479918
v -0.02978644 -0.06135837 0.04830769
v -0.02940153 -0.06167426 0.04869263
v -0.02896238 -0.06190899 0.04913177
v -0.0284843 -0.06205318 0.04960817
v -0.02798741 -0.06210227 0.05010663
v -0.03052877 0.07985765 0.04735664
v -0.03052877 0.08259936 0.04756371
v -0.03052877 0.07985765 0.04756371
v -0.03052877 0.08259937 0.04703064
v -0.03052889 0.0721317 0.04703064
v -0.03052877 0.07474437 0.04735664
v -0.03052877 0.06960765 0.04735664
v -0.03052877 0.07474437 0.04756371
v -0.03052877 0.06960765 0.04756371
v -0.03052877 0.06481937 0.04735664
v -0.03052877 0.05968265 0.04735664
v -0.03052877 0.06481937 0.04756371
v -0.03052877 0.05968265 0.04756371
v -0.03052906 0.0570241 0.04703064
v -0.03052877 0.05456937 0.04735664
v -0.03052877 0.04943265 0.04735664
v -0.03052877 0.05456937 0.04756371
v -0.03052877 0.04943265 0.04756371
v -0.03052877 0.04456937 0.04735664
v -0.03052929 0.03686523 0.04703064
v -0.03052877 0.03943264 0.04735664
v -0.03052877 0.04456937 0.04756371
v -0.03052877 0.03943264 0.04756371
v -0.03052877 0.03431937 0.04735664
v -0.03052877 0.02918265 0.04735664
v -0.03052877 0.03431937 0.04756371
v -0.03052877 0.02918265 0.04756371
v -0.03052877 0.02439437 0.04735664
v -0.03052952 0.01665774 0.04703064
v -0.03052877 0.01925765 0.04735663
v -0.03052877 0.02439437 0.04756371
v -0.03052877 0.01925765 0.04756371
v -0.03052882 0.01409479 0.04735663
v -0.03052893 0.008958092 0.04735663
v -0.03052882 0.01409479 0.04756371
v -0.03052893 0.008958092 0.04756371
v -0.03052975 -0.003565866 0.04703064
v -0.03052904 0.004169799 0.04735663
v -0.03052914 -0.0009669387 0.04735663
v -0.03052904 0.004169799 0.04756371
v -0.03052914 -0.0009669387 0.04756371
v -0.03052925 -0.006080199 0.04735663
v -0.03052936 -0.01121691 0.04735663
v -0.03052925 -0.006080199 0.04756371
v -0.03052936 -0.01121691 0.04756371
v -0.03052998 -0.02372203 0.04703064
v -0.03052947 -0.01608021 0.04735664
v -0.03052958 -0.02121689 0.04735664
v -0.03052947 -0.01608021 0.04756371
v -0.03052958 -0.02121689 0.04756371
v -0.03052968 -0.0263302 0.04735664
v -0.03052979 -0.03146693 0.04735664
v -0.03052968 -0.0263302 0.04756371
v -0.03052979 -0.03146693 0.04756371
v -0.03053021 -0.04390445 0.04703064
v -0.0305299 -0.0362552 0.04735664
v -0.03053 -0.04139191 0.04735664
v -0.0305299 -0.0362552 0.04756371
v -0.03053 -0.04139191 0.04756371
v -0.03053012 -0.0466053 0.04735664
v -0.03053039 -0.05956227 0.04703064
v -0.03053023 -0.05174206 0.04735664
v -0.03053012 -0.0466053 0.04756371
v -0.03053023 -0.05174206 0.04756371
v -0.03053034 -0.05696546 0.04735664
v -0.03053034 -0.05696546 0.04756371
v -0.03053039 -0.05956227 0.04756371
v -0.02543118 -0.04660541 0.04735664
v -0.02543129 -0.05174218 0.05010664
v -0.02543118 -0.04660541 0.05010664
v -0.02543129 -0.05174218 0.04735664
v -0.02543059 -0.05081832 0.04335664
v -0.02543107 -0.04139201 0.04735664
v -0.02543135 -0.05411905 0.04335664
v -0.02543134 -0.05411905 0.04735664
v -0.02543059 -0.03831831 0.04335664
v -0.02543096 -0.0362553 0.04735664
v -0.02543107 -0.04139201 0.05010664
v -0.02543096 -0.0362553 0.05010664
v -0.02543086 -0.03146703 0.04735664
v -0.02543059 -0.02581831 0.04335664
v -0.02543076 -0.02633032 0.04735664
v -0.02543086 -0.03146703 0.05010664
v -0.02543076 -0.02633032 0.05010664
v -0.02543065 -0.02121699 0.04735664
v -0.02543054 -0.01608032 0.04735664
v -0.02543065 -0.02121699 0.05010664
v -0.02543054 -0.01608032 0.05010664
v -0.02543059 -0.01331832 0.04335664
v -0.02543043 -0.01121702 0.04735663
v -0.02543059 -0.0008183133 0.04335664
v -0.02543032 -0.006080307 0.04735663
v -0.02543043 -0.01121702 0.05010663
v -0.02543032 -0.006080309 0.05010663
v -0.02543021 -0.0009670436 0.04735663
v -0.02543011 0.004169689 0.04735663
v -0.02543021 -0.0009670436 0.05010663
v -0.02543011 0.004169689 0.05010663
v -0.02543 0.008957987 0.04735663
v -0.02543058 0.01168167 0.04335664
v -0.0254299 0.01409468 0.04735663
v -0.02543 0.008957987 0.05010663
v -0.0254299 0.01409468 0.05010663
v -0.02542984 0.01925765 0.04735663
v -0.02543057 0.0241817 0.04335664
v -0.02542984 0.02439437 0.04735664
v -0.02542984 0.01925765 0.05010663
v -0.02542984 0.02439437 0.05010664
v -0.02542984 0.02918265 0.04735664
v -0.02543055 0.03668172 0.04335664
v -0.02542984 0.03431937 0.04735664
v -0.02542984 0.02918264 0.05010664
v -0.02542984 0.03431937 0.05010664
v -0.02542984 0.03943264 0.04735664
v -0.0254305 0.04918171 0.04335664
v -0.02542984 0.04456937 0.04735664
v -0.02542984 0.03943264 0.05010664
v -0.02542984 0.04456937 0.05010664
v -0.02542984 0.04943265 0.04735664
v -0.0254304 0.06168171 0.04335664
v -0.02542984 0.05456937 0.04735664
v -0.02542984 0.04943265 0.05010664
v -0.02542984 0.05456937 0.05010664
v -0.02542984 0.05968265 0.04735664
v -0.02542984 0.06481937 0.04735664
v -0.02542984 0.05968265 0.05010664
v -0.02542984 0.06481937 0.05010664
v -0.02542984 0.07701135 0.04335664
v -0.02542984 0.06960765 0.04735664
v -0.02542984 0.07474437 0.04735664
v -0.02542984 0.07701135 0.04735664
v -0.02542984 0.06960765 0.05010664
v -0.02542984 0.07474437 0.05010664
v -0.008889497 -0.05802717 0.03725346
v -0.009173459 -0.06044858 0.03755815
v -0.008889497 -0.05939724 0.03725347
v -0.009820387 -0.06132242 0.03819323
v -0.009920008 0.08513937 0.03828456
v -0.008889459 0.08513937 0.03725342
v -0.01084381 -0.01331831 0.03905503
v -0.01074146 -0.06190014 0.03897699
v -0.01094615 0.03668171 0.03913308
v -0.01104677 0.08513937 0.03920981
v -0.01225882 -0.03831831 0.0400202
v -0.01225882 -0.06210199 0.0400202
v -0.01354442 -0.05081832 0.04070787
v -0.01354442 -0.06210202 0.04070787
v -0.0148913 -0.05346294 0.04126626
v -0.0148913 -0.04817078 0.04126626
v -0.0148913 -0.06210205 0.04126626
v -0.01354442 -0.03831831 0.04070787
v -0.01628487 -0.05346439 0.04168948
v -0.01628632 -0.06210208 0.04168993
v -0.01564434 -0.05220868 0.04149495
v -0.0172788 -0.05445833 0.04188769
v -0.01542413 -0.05081832 0.04142808
v -0.0172788 -0.0621021 0.04188768
v -0.01853307 -0.05509741 0.04205558
v -0.01853307 -0.06210212 0.04204082
v -0.01564434 -0.04942796 0.04149495
v -0.01992343 -0.05531762 0.0421185
v -0.01992344 -0.06210215 0.0420926
v -0.0213138 -0.06210218 0.04205104
v -0.02131379 -0.05509741 0.04205115
v -0.02256805 -0.06210221 0.04187841
v -0.02256805 -0.05445833 0.04187867
v -0.02350619 -0.06210223 0.04169242
v -0.02350619 -0.05352019 0.04169241
v -0.02490148 -0.06210226 0.04126973
v -0.01628487 -0.04817224 0.04168949
v -0.02490148 -0.05346295 0.04126972
v -0.02420252 -0.05220868 0.04148148
v -0.02624872 -0.06210229 0.04071227
v -0.02442273 -0.05081832 0.04141476
v -0.02624872 -0.05081832 0.04071227
v -0.02753487 -0.06210232 0.04002544
v -0.02753487 -0.04465723 0.04002544
v -0.02490148 -0.04817368 0.04126972
v -0.02420253 -0.04942796 0.04148148
v -0.02356345 -0.04817369 0.04167508
v -0.02624872 -0.03831832 0.04071227
v -0.02490148 -0.04096294 0.04126972
v -0.02624872 -0.02581832 0.04071227
v -0.02753487 -0.007182484 0.04002544
v -0.02356372 -0.04096296 0.04167499
v -0.02256806 -0.0471783 0.04187867
v -0.02256832 -0.04195835 0.04187862
v -0.0213138 -0.04653922 0.04205115
v -0.02131406 -0.04259743 0.04205113
v -0.01992344 -0.04631901 0.0421185
v -0.0199237 -0.04281763 0.0421185
v -0.01853307 -0.04653922 0.04205558
v -0.01853334 -0.04259743 0.04205561
v -0.01727881 -0.0471783 0.04188769
v -0.01727907 -0.04195834 0.04188775
v -0.0242028 -0.0397087 0.04148139
v -0.016285 -0.04096427 0.04168952
v -0.02442302 -0.03831831 0.04141467
v -0.02490148 -0.03561618 0.04126972
v -0.0242028 -0.03692796 0.04148139
v -0.02350619 -0.03561618 0.04169242
v -0.0148913 -0.04096427 0.04126626
v -0.01564461 -0.03970869 0.04149504
v -0.0154244 -0.03831831 0.04142816
v -0.0148913 -0.03567239 0.04126626
v -0.01564461 -0.03692796 0.04149504
v -0.01628501 -0.03567239 0.04168953
v -0.02490148 -0.02846294 0.04126972
v -0.02356398 -0.02846294 0.04167492
v -0.02256833 -0.03467831 0.04187862
v -0.02256858 -0.02945833 0.04187857
v -0.02131407 -0.03403923 0.04205113
v -0.02131432 -0.0300974 0.0420511
v -0.01992371 -0.03381902 0.0421185
v -0.01992396 -0.03031762 0.0421185
v -0.01853334 -0.03403923 0.04205561
v -0.01853359 -0.0300974 0.04205563
v -0.01727908 -0.03467831 0.04188775
v -0.01727933 -0.02945832 0.0418878
v -0.02420306 -0.02720868 0.04148131
v -0.01628513 -0.02846412 0.04168957
v -0.02442328 -0.02581832 0.04141459
v -0.02490148 -0.02317369 0.04126972
v -0.02420307 -0.02442795 0.04148131
v -0.02356398 -0.02317368 0.04167492
v -0.0148913 -0.02846412 0.04126626
v -0.01564487 -0.02720867 0.04149512
v -0.01542465 -0.02581832 0.04142824
v -0.02624872 -0.01331832 0.04071227
v -0.02490148 -0.01596297 0.04126972
v -0.01354442 -0.02581833 0.04070787
v -0.0148913 -0.0231725 0.04126626
v -0.01564487 -0.02442795 0.04149512
v -0.01628513 -0.0231725 0.04168957
v -0.02356425 -0.01596297 0.04167483
v -0.02256859 -0.0221783 0.04187857
v -0.02256886 -0.01695835 0.04187851
v -0.0213146 -0.01759743 0.04205108
v -0.02131432 -0.02153922 0.0420511
v -0.01992423 -0.01781764 0.0421185
v -0.01992396 -0.02131901 0.0421185
v -0.01853387 -0.01759743 0.04205566
v -0.0185336 -0.02153922 0.04205563
v -0.02420333 -0.0147087 0.04148123
v -0.01727961 -0.01695834 0.04188785
v -0.01727934 -0.0221783 0.0418878
v -0.01628632 -0.01596506 0.04168993
v -0.02442354 -0.01331832 0.04141452
v -0.02490148 -0.01067371 0.04126972
v -0.02420333 -0.01192798 0.04148123
v -0.02356425 -0.01067371 0.04167484
v -0.0148913 -0.01596507 0.04126626
v -0.01564514 -0.0147087 0.0414952
v -0.01542493 -0.01331832 0.04142832
v -0.02624872 -0.0008183122 0.04071227
v -0.02624872 0.01168167 0.04071227
v -0.02753487 0.01791486 0.04002544
v -0.02490149 -0.003462931 0.04126972
v -0.0148913 -0.01067161 0.04126626
v -0.01564514 -0.01192798 0.0414952
v -0.01628632 -0.01067161 0.04168993
v -0.01354442 -0.01331831 0.04070787
v -0.02490149 0.001826302 0.04126972
v -0.02624872 0.0241817 0.04071227
v -0.02490149 0.02153707 0.04126971
v -0.02753487 0.04313097 0.04002544
v -0.01225882 -0.01331831 0.0400202
v -0.01225882 0.01168167 0.0400202
v -0.01354442 -0.0008183133 0.04070787
v -0.01489129 -0.003464779 0.04126626
v -0.0162854 -0.003463854 0.04168964
v -0.0156454 -0.002208675 0.04149529
v -0.01727987 -0.004458328 0.0418879
v -0.01727961 -0.009678322 0.04188785
v -0.01853388 -0.009039246 0.04205566
v -0.01853413 -0.005097412 0.04205568
v -0.01992424 -0.008819032 0.0421185
v -0.0199245 -0.005317622 0.0421185
v -0.0213146 -0.009039246 0.04205108
v -0.02131485 -0.005097412 0.04205105
v -0.02256886 -0.009678322 0.04187851
v -0.02256912 -0.004458331 0.04187846
v -0.02356451 -0.003462943 0.04167476
v -0.02420359 -0.002208682 0.04148115
v -0.0244238 -0.0008183133 0.04141443
v -0.02420359 0.0005720436 0.04148115
v -0.02356451 0.001826304 0.04167476
v -0.02490149 0.00903705 0.04126972
v -0.02356477 0.009037049 0.04167467
v -0.02256912 0.002821697 0.04187846
v -0.02256938 0.008041662 0.04187841
v -0.02131512 0.007402582 0.04205102
v -0.02131486 0.003460773 0.04205105
v -0.01992476 0.007182375 0.0421185
v -0.0199245 0.003680986 0.0421185
v -0.01853439 0.007402583 0.04205571
v -0.01853413 0.003460777 0.04205568
v -0.02420385 0.01029131 0.04148107
v -0.01728013 0.008041665 0.04188795
v -0.01727987 0.002821702 0.0418879
v -0.0162854 0.001827227 0.04168964
v -0.02442407 0.01168167 0.04141435
v -0.01628553 0.009036268 0.04168969
v -0.01489129 0.009036261 0.04126626
v -0.01564566 0.01029132 0.04149536
v -0.01542545 0.01168167 0.04142848
v -0.02490149 0.01432631 0.04126972
v -0.02420386 0.01307204 0.04148107
v -0.02356478 0.0143263 0.04167467
v -0.01489129 0.001826309 0.04126626
v -0.0156454 0.0005720436 0.04149529
v -0.01542519 -0.0008183133 0.0414284
v -0.01354442 0.01168167 0.04070787
v -0.02356482 0.02153707 0.04167466
v -0.02256938 0.01532169 0.04187841
v -0.02256943 0.02054168 0.04187839
v -0.02131517 0.01990259 0.04205102
v -0.02131512 0.01596077 0.04205102
v -0.01992481 0.01968239 0.0421185
v -0.01992476 0.01618098 0.0421185
v -0.01853445 0.0199026 0.04205571
v -0.0185344 0.01596077 0.04205571
v -0.02420391 0.02279133 0.04148104
v -0.01728018 0.02054168 0.04188796
v -0.01728014 0.01532169 0.04188795
v -0.01628553 0.01432709 0.04168969
v -0.02442412 0.0241817 0.04141434
v -0.01628556 0.02153631 0.04168969
v -0.02490149 0.02682632 0.04126972
v -0.02420391 0.02557205 0.04148105
v -0.02490149 0.03403708 0.04126972
v -0.02356482 0.02682632 0.04167466
v -0.01489129 0.01432709 0.04126626
v -0.01564567 0.01307204 0.04149536
v -0.01489129 0.02153631 0.04126626
v -0.01564571 0.02279134 0.04149538
v -0.0154255 0.0241817 0.0414285
v -0.01354442 0.02421772 0.04070787
v -0.01489129 0.02682708 0.04126626
v -0.01489129 0.03403559 0.04126626
v -0.01564571 0.02557205 0.04149538
v -0.01628556 0.02682708 0.04168969
v -0.01225882 0.03668171 0.0400202
v -0.01354442 0.03668171 0.04070788
v -0.01225882 0.06168172 0.0400202
v -0.01354442 0.0491817 0.04070788
v -0.01489129 0.04653561 0.04126626
v -0.01489129 0.03932783 0.04126626
v -0.01225881 0.07418174 0.0400202
v -0.01225881 0.08513937 0.0400202
v -0.01354442 0.07418173 0.04070788
v -0.01354443 0.08513937 0.04070788
v -0.01354442 0.06168171 0.04070788
v -0.01489129 0.05903558 0.04126626
v -0.01489127 0.07682636 0.04126626
v -0.01489125 0.08513937 0.04126624
v -0.01489129 0.07153559 0.04126626
v -0.01489129 0.05182634 0.04126626
v -0.01628555 0.07682712 0.04168969
v -0.01628631 0.08513937 0.04168993
v -0.01564571 0.0755721 0.04149538
v -0.01728019 0.07782175 0.04188797
v -0.0154255 0.07418174 0.0414285
v -0.01728019 0.08513937 0.04188797
v -0.01853445 0.07846083 0.04205572
v -0.01853445 0.08513937 0.04204103
v -0.01564571 0.07279138 0.04149538
v -0.01992481 0.07868104 0.0421185
v -0.01992481 0.08513937 0.04209271
v -0.02131517 0.08513937 0.04205102
v -0.02131517 0.07846083 0.04205102
v -0.02256943 0.08513937 0.0418784
v -0.02256943 0.07782175 0.0418784
v -0.02350617 0.08513937 0.04169243
v -0.02356482 0.07682636 0.04167466
v -0.02490155 0.08513937 0.0412697
v -0.01628555 0.07153636 0.04168969
v -0.02490151 0.07682638 0.04126971
v -0.0242039 0.0755721 0.04148106
v -0.02624874 0.08513937 0.04071226
v -0.02442411 0.07418174 0.04141434
v -0.02624873 0.07418174 0.04071226
v -0.02753487 0.08513937 0.04002544
v -0.02753487 0.06770476 0.04002544
v -0.02490149 0.07153715 0.04126972
v -0.02490149 0.06432634 0.04126972
v -0.0242039 0.07279138 0.04148106
v -0.02356482 0.07153712 0.04167466
v -0.02624873 0.06168171 0.04071227
v -0.02356483 0.06432634 0.04167466
v -0.02256943 0.07054172 0.0418784
v -0.02256944 0.06532173 0.0418784
v -0.02131518 0.0659608 0.04205102
v -0.02131517 0.06990264 0.04205102
v -0.01992482 0.06618101 0.0421185
v -0.01992481 0.06968243 0.0421185
v -0.01853446 0.0659608 0.04205572
v -0.01853445 0.06990264 0.04205572
v -0.02420391 0.06307208 0.04148106
v -0.01728019 0.06532173 0.04188797
v -0.01728018 0.07054173 0.04188797
v -0.02442412 0.06168171 0.04141434
v -0.01628556 0.0643271 0.0416897
v -0.02490149 0.05903708 0.04126971
v -0.02420391 0.06029135 0.04148105
v -0.02356483 0.05903708 0.04167466
v -0.01489129 0.06432785 0.04126626
v -0.01564572 0.06307208 0.04149538
v -0.01542551 0.06168171 0.0414285
v -0.01564572 0.06029136 0.04149538
v -0.01628556 0.05903633 0.0416897
v -0.02356484 0.05182634 0.04167465
v -0.02256944 0.05804169 0.04187839
v -0.02256945 0.05282173 0.04187839
v -0.02131517 0.0574026 0.04205102
v -0.02131519 0.05346081 0.04205102
v -0.01992482 0.0571824 0.0421185
v -0.01992483 0.05368102 0.0421185
v -0.01853445 0.05740261 0.04205571
v -0.01853447 0.05346081 0.04205572
v -0.01728019 0.05804169 0.04188797
v -0.01728021 0.05282173 0.04188797
v -0.01628556 0.05182709 0.0416897
v -0.01564573 0.05057206 0.04149538
v -0.01542552 0.0491817 0.0414285
v -0.01564573 0.04779135 0.04149538
v -0.01628556 0.04653636 0.04168969
v -0.01628557 0.03932709 0.0416897
v -0.01728022 0.04032173 0.04188797
v -0.01564575 0.03807208 0.04149539
v -0.0172802 0.0455417 0.04188797
v -0.01542554 0.03668171 0.04142851
v -0.01853449 0.04096081 0.04205572
v -0.01853447 0.04490261 0.04205571
v -0.01992485 0.04118102 0.0421185
v -0.01992483 0.0446824 0.0421185
v -0.02131521 0.04096081 0.04205101
v -0.02131519 0.04490261 0.04205101
v -0.01564575 0.03529136 0.04149539
v -0.01628557 0.03403635 0.0416897
v -0.02256947 0.04032173 0.04187839
v -0.02256945 0.04554169 0.04187839
v -0.01728021 0.0330417 0.04188797
v -0.01728018 0.02782171 0.04188797
v -0.01853445 0.02846079 0.04205571
v -0.01853448 0.03240262 0.04205572
v -0.01992481 0.028681 0.0421185
v -0.01992484 0.03218241 0.0421185
v -0.02131517 0.02846079 0.04205102
v -0.0213152 0.03240262 0.04205101
v -0.02356484 0.04653711 0.04167465
v -0.02256944 0.02782171 0.0418784
v -0.02256947 0.0330417 0.04187839
v -0.02356487 0.03403709 0.04167465
v -0.02420395 0.03529135 0.04148104
v -0.02356487 0.03932634 0.04167465
v -0.02442416 0.03668171 0.04141433
v -0.02490149 0.04653711 0.04126971
v -0.02420392 0.04779134 0.04148104
v -0.02442414 0.0491817 0.04141433
v -0.02490149 0.03932634 0.04126972
v -0.02420395 0.03807208 0.04148104
v -0.02490149 0.05182634 0.04126972
v -0.02420392 0.05057206 0.04148104
v -0.02624873 0.0491817 0.04071227
v -0.02624873 0.03668171 0.04071227
v -0.02935449 -0.06170494 0.04585401
v -0.02896079 0.08494603 0.04585401
v -0.02935283 0.08474201 0.04585401
v -0.02896238 -0.06190899 0.04585401
v -0.0284843 0.08509057 0.04585401
v -0.02848588 -0.06205353 0.04585401
v -0.02799034 -0.06210233 0.04585401
v -0.02798877 0.08513937 0.04585401
v -0.02753693 0.08513937 0.04585401
v -0.02753693 -0.06210232 0.04585401
v -0.01233682 -0.06210199 0.04585401
v -0.01188498 0.08513937 0.04585401
v -0.01233682 0.08513937 0.04585401
v -0.01188331 -0.06210198 0.04585401
v -0.01138945 0.08509057 0.04585401
v -0.01138778 -0.06205317 0.04585401
v -0.0109113 -0.06190861 0.04585401
v -0.01091296 0.08494603 0.04585401
v -0.01052093 0.08474201 0.04585401
v -0.01051926 -0.0617046 0.04585401
v -0.02753256 -0.06210232 0.04223332
v -0.02798877 0.08513937 0.04223332
v -0.02753256 0.08513937 0.04223332
v -0.02798872 -0.06210233 0.04223332
v -0.02848426 -0.06205353 0.04223332
v -0.0284843 0.08509057 0.04223332
v -0.02896079 0.08494602 0.04223332
v -0.02896075 -0.061909 0.04223332
v -0.02939992 0.08471129 0.04223332
v -0.02939989 -0.06167427 0.04223332
v -0.02978482 0.08439542 0.04223332
v -0.0297848 -0.0613584 0.04223332
v -0.03010071 0.08401051 0.04223332
v -0.03010069 -0.06097349 0.04223332
v -0.03033542 0.08357138 0.04223332
v -0.03033542 -0.06053435 0.04223332
v -0.03047997 0.0830949 0.04223332
v -0.03047997 -0.06005785 0.04223332
v -0.03052877 0.08259937 0.04223332
v -0.03052878 -0.05956233 0.04223332
v -0.01992344 -0.04631901 0.0421185
v -0.0213138 -0.04653922 0.04335664
v -0.01992344 -0.04631901 0.04335664
v -0.0213138 -0.04653922 0.04205115
v -0.02256806 -0.0471783 0.04335664
v -0.02256806 -0.0471783 0.04187867
v -0.02356345 -0.04817369 0.04335664
v -0.02356345 -0.04817369 0.04167508
v -0.02420253 -0.04942796 0.04335664
v -0.02420253 -0.04942796 0.04148148
v -0.02442273 -0.05081832 0.04335664
v -0.02442273 -0.05081832 0.04141476
v -0.02420252 -0.05220868 0.04148148
v -0.02420252 -0.05220868 0.04335664
v -0.02350619 -0.05352019 0.04169241
v -0.02356345 -0.05346294 0.04335663
v -0.02256805 -0.05445833 0.04187867
v -0.02256805 -0.05445833 0.04335663
v -0.02131379 -0.05509741 0.04205115
v -0.02131379 -0.05509741 0.04335663
v -0.01992343 -0.05531762 0.0421185
v -0.01992343 -0.05531762 0.04335663
v -0.01853307 -0.05509741 0.04205558
v -0.01853307 -0.05509741 0.04335663
v -0.0172788 -0.05445833 0.04188769
v -0.0172788 -0.05445833 0.04335663
v -0.01628341 -0.05346294 0.04335663
v -0.01628487 -0.05346439 0.04168948
v -0.01564434 -0.05220868 0.04335663
v -0.01564434 -0.05220868 0.04149495
v -0.01542413 -0.05081832 0.04335663
v -0.01542413 -0.05081832 0.04142808
v -0.01564434 -0.04942796 0.04149495
v -0.01564434 -0.04942796 0.04335663
v -0.01628487 -0.04817224 0.04168949
v -0.01628342 -0.04817369 0.04335664
v -0.01727881 -0.0471783 0.04188769
v -0.01727881 -0.0471783 0.04335664
v -0.01853307 -0.04653922 0.04335664
v -0.01853307 -0.04653922 0.04205558
v -0.01992344 -0.04631901 0.04335664
v -0.01992344 -0.04631901 0.0421185
v -0.01992371 -0.03381902 0.0421185
v -0.02131407 -0.03403923 0.04335663
v -0.01992371 -0.03381902 0.04335663
v -0.02131407 -0.03403923 0.04205113
v -0.02256833 -0.03467831 0.04335663
v -0.02256833 -0.03467831 0.04187862
v -0.02356372 -0.0356737 0.04335663
v -0.02350619 -0.03561618 0.04169242
v -0.0242028 -0.03692796 0.04335663
v -0.0242028 -0.03692796 0.04148139
v -0.02442301 -0.03831831 0.04335663
v -0.02442302 -0.03831831 0.04141467
v -0.0242028 -0.0397087 0.04148139
v -0.0242028 -0.0397087 0.04335663
v -0.02356372 -0.04096296 0.04167499
v -0.02356372 -0.04096296 0.04335664
v -0.02256832 -0.04195835 0.04187862
v -0.02256832 -0.04195835 0.04335664
v -0.02131406 -0.04259743 0.04335664
v -0.02131406 -0.04259743 0.04205113
v -0.0199237 -0.04281763 0.04335664
v -0.0199237 -0.04281763 0.0421185
v -0.01853334 -0.04259743 0.04335664
v -0.01853334 -0.04259743 0.04205561
v -0.01727907 -0.04195834 0.04335663
v -0.01727907 -0.04195834 0.04188775
v -0.01628369 -0.04096295 0.04335663
v -0.016285 -0.04096427 0.04168952
v -0.01564461 -0.03970869 0.04335663
v -0.01564461 -0.03970869 0.04149504
v -0.0154244 -0.03831831 0.04335663
v -0.0154244 -0.03831831 0.04142816
v -0.01564461 -0.03692796 0.04149504
v -0.01564461 -0.03692796 0.04335663
v -0.01628501 -0.03567239 0.04168953
v -0.01628369 -0.0356737 0.04335663
v -0.01727908 -0.03467831 0.04188775
v -0.01727908 -0.03467831 0.04335663
v -0.01853334 -0.03403923 0.04335663
v -0.01853334 -0.03403923 0.04205561
v -0.01992371 -0.03381902 0.04335663
v -0.01992371 -0.03381902 0.0421185
v -0.01992396 -0.02131901 0.04335664
v -0.01992396 -0.02131901 0.0421185
v -0.02131432 -0.02153922 0.0420511
v -0.02131432 -0.02153922 0.04335664
v -0.02256859 -0.0221783 0.04187857
v -0.02256859 -0.0221783 0.04335664
v -0.02356398 -0.02317368 0.04335664
v -0.02356398 -0.02317368 0.04167492
v -0.02420306 -0.02442795 0.04335664
v -0.02420307 -0.02442795 0.04148131
v -0.02442328 -0.02581832 0.04335664
v -0.02442328 -0.02581832 0.04141459
v -0.02420306 -0.02720868 0.04148131
v -0.02420306 -0.02720868 0.04335664
v -0.02356398 -0.02846294 0.04167492
v -0.02356398 -0.02846294 0.04335664
v -0.02256858 -0.02945833 0.04187857
v -0.02256858 -0.02945833 0.04335663
v -0.02131432 -0.0300974 0.04335663
v -0.02131432 -0.0300974 0.0420511
v -0.01992396 -0.03031762 0.04335663
v -0.01992396 -0.03031762 0.0421185
v -0.01853359 -0.0300974 0.04335663
v -0.01853359 -0.0300974 0.04205563
v -0.01727933 -0.02945832 0.04335663
v -0.01727933 -0.02945832 0.0418878
v -0.01628394 -0.02846293 0.04335664
v -0.01628513 -0.02846412 0.04168957
v -0.01564487 -0.02720867 0.04335664
v -0.01564487 -0.02720867 0.04149512
v -0.01542465 -0.02581832 0.04335664
v -0.01542465 -0.02581832 0.04142824
v -0.01564487 -0.02442795 0.04149512
v -0.01564487 -0.02442795 0.04335664
v -0.01628513 -0.0231725 0.04168957
v -0.01628395 -0.02317368 0.04335664
v -0.01727934 -0.0221783 0.0418878
v -0.01727934 -0.0221783 0.04335664
v -0.0185336 -0.02153922 0.04205563
v -0.0185336 -0.02153922 0.04335664
v -0.01992396 -0.02131901 0.0421185
v -0.01992396 -0.02131901 0.04335664
v -0.0199245 0.003680986 0.04335664
v -0.0199245 0.003680986 0.0421185
v -0.02131486 0.003460773 0.04205105
v -0.02131486 0.003460773 0.04335664
v -0.02256912 0.002821697 0.04187846
v -0.02256912 0.002821697 0.04335664
v -0.02356451 0.001826304 0.04335664
v -0.02356451 0.001826304 0.04167476
v -0.02420359 0.0005720436 0.04335664
v -0.02420359 0.0005720436 0.04148115
v -0.0244238 -0.0008183133 0.04335664
v -0.0244238 -0.0008183133 0.04141443
v -0.02420359 -0.002208682 0.04148115
v -0.02420359 -0.002208682 0.04335664
v -0.02356451 -0.003462943 0.04167476
v -0.02356451 -0.003462943 0.04335664
v -0.02256912 -0.004458331 0.04187846
v -0.02256912 -0.004458331 0.04335664
v -0.02131485 -0.005097412 0.04205105
v -0.02131485 -0.005097412 0.04335664
v -0.0199245 -0.005317622 0.0421185
v -0.0199245 -0.005317622 0.04335664
v -0.01853413 -0.005097412 0.04205568
v -0.01853413 -0.005097412 0.04335664
v -0.01727987 -0.004458328 0.0418879
v -0.01727987 -0.004458328 0.04335664
v -0.01628448 -0.003462936 0.04335664
v -0.0162854 -0.003463854 0.04168964
v -0.0156454 -0.002208675 0.04335664
v -0.0156454 -0.002208675 0.04149529
v -0.01542519 -0.0008183133 0.04335664
v -0.01542519 -0.0008183133 0.0414284
v -0.0156454 0.0005720436 0.04149529
v -0.0156454 0.0005720436 0.04335664
v -0.0162854 0.001827227 0.04168964
v -0.01628448 0.001826309 0.04335664
v -0.01727987 0.002821702 0.0418879
v -0.01727987 0.002821702 0.04335664
v -0.01853413 0.003460777 0.04205568
v -0.01853413 0.003460777 0.04335664
v -0.0199245 0.003680986 0.0421185
v -0.0199245 0.003680986 0.04335664
v -0.01992485 0.04118102 0.04335664
v -0.01992485 0.04118102 0.0421185
v -0.02131521 0.04096081 0.04205101
v -0.02131521 0.04096081 0.04335664
v -0.02256947 0.04032173 0.04187839
v -0.02256947 0.04032173 0.04335664
v -0.02356487 0.03932634 0.04335664
v -0.02356487 0.03932634 0.04167465
v -0.02420394 0.03807208 0.04335664
v -0.02420395 0.03807208 0.04148104
v -0.02442416 0.03668171 0.04335664
v -0.02442416 0.03668171 0.04141433
v -0.02420395 0.03529135 0.04148104
v -0.02420394 0.03529135 0.04335664
v -0.02356487 0.03403709 0.04167465
v -0.02356487 0.03403709 0.04335664
v -0.02256947 0.0330417 0.04187839
v -0.02256947 0.0330417 0.04335664
v -0.0213152 0.03240262 0.04205101
v -0.0213152 0.03240262 0.04335664
v -0.01992484 0.03218241 0.0421185
v -0.01992484 0.03218241 0.04335664
v -0.01853448 0.03240262 0.04205572
v -0.01853448 0.03240262 0.04335664
v -0.01728021 0.0330417 0.04188797
v -0.01728021 0.0330417 0.04335664
v -0.01628483 0.03403709 0.04335664
v -0.01628557 0.03403635 0.0416897
v -0.01564575 0.03529136 0.04335664
v -0.01564575 0.03529136 0.04149539
v -0.01542554 0.03668171 0.04335664
v -0.01542554 0.03668171 0.04142851
v -0.01564575 0.03807208 0.04149539
v -0.01564575 0.03807208 0.04335664
v -0.01628557 0.03932709 0.0416897
v -0.01628483 0.03932634 0.04335664
v -0.01728022 0.04032173 0.04188797
v -0.01728022 0.04032173 0.04335664
v -0.01853449 0.04096081 0.04205572
v -0.01853448 0.04096081 0.04335664
v -0.01992485 0.04118102 0.0421185
v -0.01992485 0.04118102 0.04335664
v -0.01992481 0.07868104 0.0421185
v -0.02131517 0.07846083 0.04335664
v -0.01992481 0.07868104 0.04335664
v -0.02131517 0.07846083 0.04205102
v -0.02256943 0.07782175 0.04335664
v -0.02256943 0.07782175 0.0418784
v -0.02356482 0.07682636 0.04335664
v -0.02356482 0.07682636 0.04167466
v -0.0242039 0.0755721 0.04335664
v -0.0242039 0.0755721 0.04148106
v -0.02442411 0.07418174 0.04335664
v -0.02442411 0.07418174 0.04141434
v -0.0242039 0.07279138 0.04148106
v -0.0242039 0.07279138 0.04335664
v -0.02356482 0.07153712 0.04167466
v -0.02356482 0.07153712 0.04335664
v -0.02256943 0.07054172 0.0418784
v -0.02256943 0.07054172 0.04335664
v -0.02131517 0.06990264 0.04335664
v -0.02131517 0.06990264 0.04205102
v -0.01992481 0.06968243 0.04335664
v -0.01992481 0.06968243 0.0421185
v -0.01853445 0.06990264 0.04335664
v -0.01853445 0.06990264 0.04205572
v -0.01728018 0.07054173 0.04335664
v -0.01728018 0.07054173 0.04188797
v -0.01628479 0.07153712 0.04335664
v -0.01628555 0.07153636 0.04168969
v -0.01564571 0.07279138 0.04335664
v -0.01564571 0.07279138 0.04149538
v -0.0154255 0.07418174 0.04335664
v -0.0154255 0.07418174 0.0414285
v -0.01564571 0.0755721 0.04149538
v -0.01564571 0.0755721 0.04335664
v -0.01628555 0.07682712 0.04168969
v -0.0162848 0.07682636 0.04335664
v -0.01728019 0.07782175 0.04188797
v -0.01728019 0.07782175 0.04335664
v -0.01853445 0.07846083 0.04335664
v -0.01853445 0.07846083 0.04205572
v -0.01992481 0.07868104 0.04335664
v -0.01992481 0.07868104 0.0421185
v -0.01992482 0.06618101 0.0421185
v -0.02131518 0.0659608 0.04335664
v -0.01992482 0.06618101 0.04335664
v -0.02131518 0.0659608 0.04205102
v -0.02256944 0.06532173 0.04335664
v -0.02256944 0.06532173 0.0418784
v -0.02356483 0.06432634 0.04335664
v -0.02356483 0.06432634 0.04167466
v -0.02420391 0.06307208 0.04335664
v -0.02420391 0.06307208 0.04148106
v -0.02442412 0.06168171 0.04335664
v -0.02442412 0.06168171 0.04141434
v -0.02420391 0.06029135 0.04148105
v -0.02420391 0.06029135 0.04335664
v -0.02356483 0.05903708 0.04167466
v -0.02356483 0.05903708 0.04335664
v -0.02256944 0.05804169 0.04187839
v -0.02256944 0.05804169 0.04335664
v -0.02131517 0.0574026 0.04205102
v -0.02131517 0.0574026 0.04335664
v -0.01992482 0.0571824 0.0421185
v -0.01992482 0.0571824 0.04335664
v -0.01853445 0.05740261 0.04205571
v -0.01853445 0.05740261 0.04335664
v -0.01728019 0.05804169 0.04188797
v -0.01728019 0.05804169 0.04335664
v -0.0162848 0.05903709 0.04335664
v -0.01628556 0.05903633 0.0416897
v -0.01564572 0.06029136 0.04335664
v -0.01564572 0.06029136 0.04149538
v -0.01542551 0.06168171 0.04335664
v -0.01542551 0.06168171 0.0414285
v -0.01564572 0.06307208 0.04149538
v -0.01564572 0.06307208 0.04335664
v -0.01628556 0.0643271 0.0416897
v -0.0162848 0.06432634 0.04335664
v -0.01728019 0.06532173 0.04188797
v -0.01728019 0.06532173 0.04335664
v -0.01853446 0.0659608 0.04335664
v -0.01853446 0.0659608 0.04205572
v -0.01992482 0.06618101 0.04335664
v -0.01992482 0.06618101 0.0421185
v -0.01992483 0.05368102 0.04335664
v -0.01992483 0.05368102 0.0421185
v -0.02131519 0.05346081 0.04205102
v -0.02131519 0.05346081 0.04335664
v -0.02256945 0.05282173 0.04187839
v -0.02256945 0.05282173 0.04335664
v -0.02356484 0.05182634 0.04335664
v -0.02356484 0.05182634 0.04167465
v -0.02420392 0.05057206 0.04335664
v -0.02420392 0.05057206 0.04148104
v -0.02442414 0.0491817 0.04335664
v -0.02442414 0.0491817 0.04141433
v -0.02420392 0.04779134 0.04148104
v -0.02420392 0.04779134 0.04335664
v -0.02356484 0.04653711 0.04167465
v -0.02356484 0.0465371 0.04335664
v -0.02256945 0.04554169 0.04187839
v -0.02256945 0.04554169 0.04335664
v -0.02131519 0.04490261 0.04205101
v -0.02131519 0.04490261 0.04335664
v -0.01992483 0.0446824 0.0421185
v -0.01992483 0.0446824 0.04335664
v -0.01853447 0.04490261 0.04205571
v -0.01853446 0.04490261 0.04335664
v -0.0172802 0.0455417 0.04188797
v -0.0172802 0.0455417 0.04335664
v -0.01628556 0.04653636 0.04168969
v -0.01628481 0.04653711 0.04335664
v -0.01564573 0.04779135 0.04335664
v -0.01564573 0.04779135 0.04149538
v -0.01542552 0.0491817 0.04335664
v -0.01542552 0.0491817 0.0414285
v -0.01564573 0.05057206 0.04149538
v -0.01564573 0.05057206 0.04335664
v -0.01628556 0.05182709 0.0416897
v -0.01628482 0.05182634 0.04335664
v -0.01728021 0.05282173 0.04188797
v -0.01728021 0.05282173 0.04335664
v -0.01853447 0.05346081 0.04205572
v -0.01853447 0.05346081 0.04335664
v -0.01992483 0.05368102 0.0421185
v -0.01992483 0.05368102 0.04335664
v -0.01992481 0.028681 0.04335664
v -0.01992481 0.028681 0.0421185
v -0.02131517 0.02846079 0.04205102
v -0.02131517 0.02846079 0.04335664
v -0.02256944 0.02782171 0.0418784
v -0.02256944 0.02782171 0.04335664
v -0.02356482 0.02682632 0.04335664
v -0.02356482 0.02682632 0.04167466
v -0.02420391 0.02557205 0.04335664
v -0.02420391 0.02557205 0.04148105
v -0.02442412 0.02418169 0.04335664
v -0.02442412 0.0241817 0.04141434
v -0.02420391 0.02279133 0.04148104
v -0.02420391 0.02279133 0.04335664
v -0.02356482 0.02153707 0.04167466
v -0.02356482 0.02153707 0.04335664
v -0.02256943 0.02054168 0.04187839
v -0.02256943 0.02054168 0.04335664
v -0.02131517 0.01990259 0.04205102
v -0.02131517 0.01990259 0.04335664
v -0.01992481 0.01968239 0.0421185
v -0.01992481 0.01968239 0.04335664
v -0.01853445 0.0199026 0.04205571
v -0.01853445 0.0199026 0.04335664
v -0.01728018 0.02054168 0.04188796
v -0.01728018 0.02054168 0.04335664
v -0.01628479 0.02153707 0.04335664
v -0.01628556 0.02153631 0.04168969
v -0.01564571 0.02279134 0.04335664
v -0.01564571 0.02279134 0.04149538
v -0.0154255 0.02418169 0.04335664
v -0.0154255 0.0241817 0.0414285
v -0.01564571 0.02557205 0.04149538
v -0.01564571 0.02557205 0.04335664
v -0.01628556 0.02682708 0.04168969
v -0.01628479 0.02682632 0.04335664
v -0.01728018 0.02782171 0.04188797
v -0.01728018 0.02782171 0.04335664
v -0.01853445 0.02846079 0.04205571
v -0.01853445 0.02846079 0.04335664
v -0.01992481 0.028681 0.0421185
v -0.01992481 0.028681 0.04335664
v -0.01992476 0.01618098 0.04335664
v -0.01992476 0.01618098 0.0421185
v -0.02131512 0.01596077 0.04205102
v -0.02131512 0.01596077 0.04335664
v -0.02256938 0.01532169 0.04187841
v -0.02256938 0.01532169 0.04335664
v -0.02356478 0.0143263 0.04335664
v -0.02356478 0.0143263 0.04167467
v -0.02420386 0.01307204 0.04335664
v -0.02420386 0.01307204 0.04148107
v -0.02442407 0.01168167 0.04335664
v -0.02442407 0.01168167 0.04141435
v -0.02420385 0.01029131 0.04148107
v -0.02420385 0.01029131 0.04335664
v -0.02356477 0.009037049 0.04167467
v -0.02356477 0.009037049 0.04335664
v -0.02256938 0.008041662 0.04187841
v -0.02256938 0.008041662 0.04335664
v -0.02131512 0.007402582 0.04205102
v -0.02131512 0.007402583 0.04335664
v -0.01992476 0.007182375 0.0421185
v -0.01992476 0.007182375 0.04335664
v -0.01853439 0.007402583 0.04205571
v -0.01853439 0.007402583 0.04335664
v -0.01728013 0.008041665 0.04188795
v -0.01728013 0.008041665 0.04335664
v -0.01628474 0.009037056 0.04335664
v -0.01628553 0.009036268 0.04168969
v -0.01564566 0.01029132 0.04335664
v -0.01564566 0.01029132 0.04149536
v -0.01542545 0.01168167 0.04335664
v -0.01542545 0.01168167 0.04142848
v -0.01564567 0.01307204 0.04149536
v -0.01564567 0.01307204 0.04335664
v -0.01628553 0.01432709 0.04168969
v -0.01628475 0.01432631 0.04335664
v -0.01728014 0.01532169 0.04188795
v -0.01728014 0.01532169 0.04335664
v -0.0185344 0.01596077 0.04205571
v -0.0185344 0.01596077 0.04335664
v -0.01992476 0.01618098 0.0421185
v -0.01992476 0.01618098 0.04335664
v -0.01992424 -0.008819032 0.04335664
v -0.01992424 -0.008819032 0.0421185
v -0.0213146 -0.009039246 0.04205108
v -0.0213146 -0.009039246 0.04335664
v -0.02256886 -0.009678322 0.04187851
v -0.02256886 -0.009678322 0.04335664
v -0.02356425 -0.01067371 0.04335664
v -0.02356425 -0.01067371 0.04167484
v -0.02420333 -0.01192798 0.04335664
v -0.02420333 -0.01192798 0.04148123
v -0.02442354 -0.01331832 0.04335664
v -0.02442354 -0.01331832 0.04141452
v -0.02420333 -0.0147087 0.04148123
v -0.02420333 -0.0147087 0.04335664
v -0.02356425 -0.01596297 0.04167483
v -0.02356425 -0.01596297 0.04335664
v -0.02256886 -0.01695835 0.04187851
v -0.02256886 -0.01695835 0.04335664
v -0.0213146 -0.01759743 0.04205108
v -0.0213146 -0.01759743 0.04335664
v -0.01992423 -0.01781764 0.0421185
v -0.01992423 -0.01781764 0.04335664
v -0.01853387 -0.01759743 0.04205566
v -0.01853387 -0.01759743 0.04335664
v -0.01727961 -0.01695834 0.04188785
v -0.01727961 -0.01695834 0.04335664
v -0.01628421 -0.01596296 0.04335664
v -0.01628632 -0.01596506 0.04168993
v -0.01564514 -0.0147087 0.04335664
v -0.01564514 -0.0147087 0.0414952
v -0.01542493 -0.01331832 0.04335664
v -0.01542493 -0.01331832 0.04142832
v -0.01564514 -0.01192798 0.0414952
v -0.01564514 -0.01192798 0.04335664
v -0.01628632 -0.01067161 0.04168993
v -0.01628422 -0.01067371 0.04335664
v -0.01727961 -0.009678322 0.04188785
v -0.01727961 -0.009678322 0.04335664
v -0.01853388 -0.009039246 0.04205566
v -0.01853388 -0.009039246 0.04335664
v -0.01992424 -0.008819032 0.0421185
v -0.01992424 -0.008819032 0.04335664
v -0.01444311 -0.02121703 0.04735664
v -0.009344175 -0.02121693 0.04735664
v -0.009344066 -0.02633018 0.04735664
v -0.014443 -0.02633028 0.04735664
v -0.009343958 -0.0314669 0.04735664
v -0.009343855 -0.03625521 0.04735664
v -0.01444279 -0.03625531 0.04735664
v -0.01444289 -0.03146701 0.04735664
v -0.014443 -0.03146704 0.05010664
v -0.014443 -0.02633028 0.05010664
v -0.011887 -0.02633023 0.05010664
v -0.011887 -0.03146698 0.05010664
v -0.01444289 -0.03146701 0.04735664
v -0.009343958 -0.0314669 0.04756371
v -0.009343958 -0.0314669 0.04735664
v -0.011887 -0.03146698 0.05010664
v -0.014443 -0.03146704 0.05010664
v -0.009344066 -0.02633018 0.04756371
v -0.009343958 -0.0314669 0.04756371
v -0.011887 -0.03146698 0.05010664
v -0.011887 -0.02633023 0.05010664
v -0.01564571 0.0755721 0.04335664
v -0.01444391 0.07701135 0.04335663
v -0.01444391 0.07418174 0.04335666
v -0.0154255 0.07418174 0.04335664
v -0.01564571 0.07279138 0.04335664
v -0.01564572 0.06307208 0.04335664
v -0.01628479 0.07153712 0.04335664
v -0.01444391 0.06168172 0.0433567
v -0.0162848 0.06432634 0.04335664
v -0.01728018 0.07054173 0.04335664
v -0.01728019 0.06532173 0.04335664
v -0.01853445 0.06990264 0.04335664
v -0.01853446 0.0659608 0.04335664
v -0.01992481 0.06968243 0.04335664
v -0.01992482 0.06618101 0.04335664
v -0.02131517 0.06990264 0.04335664
v -0.02131518 0.0659608 0.04335664
v -0.02256943 0.07054172 0.04335664
v -0.02256944 0.06532173 0.04335664
v -0.02356482 0.07153712 0.04335664
v -0.02356483 0.06432634 0.04335664
v -0.01542551 0.06168171 0.04335664
v -0.0242039 0.07279138 0.04335664
v -0.01564572 0.06029136 0.04335664
v -0.02420391 0.06307208 0.04335664
v -0.01564573 0.05057206 0.04335664
v -0.0162848 0.05903709 0.04335664
v -0.01444391 0.04918171 0.0433567
v -0.01628482 0.05182634 0.04335664
v -0.01728019 0.05804169 0.04335664
v -0.01728021 0.05282173 0.04335664
v -0.01853445 0.05740261 0.04335664
v -0.01853447 0.05346081 0.04335664
v -0.01992482 0.0571824 0.04335664
v -0.01992483 0.05368102 0.04335664
v -0.02131517 0.0574026 0.04335664
v -0.02131519 0.05346081 0.04335664
v -0.02256944 0.05804169 0.04335664
v -0.02256945 0.05282173 0.04335664
v -0.02356483 0.05903708 0.04335664
v -0.02356484 0.05182634 0.04335664
v -0.01542552 0.0491817 0.04335664
v -0.02420391 0.06029135 0.04335664
v -0.01564573 0.04779135 0.04335664
v -0.02420392 0.05057206 0.04335664
v -0.01564575 0.03807208 0.04335664
v -0.01628481 0.04653711 0.04335664
v -0.01444391 0.03668172 0.0433567
v -0.01628483 0.03932634 0.04335664
v -0.01542554 0.03668171 0.04335664
v -0.0172802 0.0455417 0.04335664
v -0.01728022 0.04032173 0.04335664
v -0.01853446 0.04490261 0.04335664
v -0.01853448 0.04096081 0.04335664
v -0.01992483 0.0446824 0.04335664
v -0.01992485 0.04118102 0.04335664
v -0.02131519 0.04490261 0.04335664
v -0.02131521 0.04096081 0.04335664
v -0.02256945 0.04554169 0.04335664
v -0.02256947 0.04032173 0.04335664
v -0.02356484 0.0465371 0.04335664
v -0.02356487 0.03932634 0.04335664
v -0.02420392 0.04779134 0.04335664
v -0.02420394 0.03807208 0.04335664
v -0.02543055 0.03668172 0.04335664
v -0.02442416 0.03668171 0.04335664
v -0.02420394 0.03529135 0.04335664
v -0.0254305 0.04918171 0.04335664
v -0.02442414 0.0491817 0.04335664
v -0.0254304 0.06168171 0.04335664
v -0.02442412 0.06168171 0.04335664
v -0.02542984 0.07701135 0.04335664
v -0.02442411 0.07418174 0.04335664
v -0.0242039 0.0755721 0.04335664
v -0.02356482 0.07682636 0.04335664
v -0.0253243 0.078083 0.04335664
v -0.02501173 0.07911344 0.04335664
v -0.02256943 0.07782175 0.04335664
v -0.02450413 0.08006309 0.04335664
v -0.02382102 0.08089548 0.04335664
v -0.02131517 0.07846083 0.04335664
v -0.02298863 0.08157861 0.04335664
v -0.02203894 0.08208624 0.04335664
v -0.0210085 0.08239882 0.04335664
v -0.01992481 0.07868104 0.04335664
v -0.01993688 0.08250437 0.04335664
v -0.01886524 0.08239882 0.04335664
v -0.01853445 0.07846083 0.04335664
v -0.01783481 0.08208624 0.04335664
v -0.01688512 0.08157861 0.04335664
v -0.01728019 0.07782175 0.04335664
v -0.01605273 0.08089548 0.04335664
v -0.01536962 0.08006309 0.04335664
v -0.0162848 0.07682636 0.04335664
v -0.01486202 0.07911344 0.04335664
v -0.01454945 0.078083 0.04335664
v -0.01444391 0.07701135 0.04335664
v -0.02543151 -0.06210227 0.05010664
v -0.02798741 -0.06210227 0.05010663
v -0.02798741 -0.05696552 0.05010664
v -0.0254314 -0.05696556 0.05010664
v -0.02896079 0.08494603 0.04002544
v -0.02939992 0.08471129 0.04002544
v -0.02978482 0.08439542 0.04002544
v -0.03010071 0.08401051 0.04002544
v -0.0284843 0.08509057 0.04002544
v -0.03033542 0.08357138 0.04002544
v -0.02798877 0.08513937 0.04002544
v -0.03047997 0.08309489 0.04002544
v -0.02753487 0.08513937 0.04002544
v -0.03052877 0.08259937 0.04002544
v -0.02753487 0.06770476 0.04002544
v -0.02753487 0.04313097 0.04002544
v -0.02753487 0.01791486 0.04002544
v -0.03052878 -0.05956233 0.04002544
v -0.02753487 -0.007182484 0.04002544
v -0.02753487 -0.04465723 0.04002544
v -0.02753487 -0.06210232 0.04002544
v -0.03047997 -0.06005785 0.04002544
v -0.02798872 -0.06210233 0.04002544
v -0.02848426 -0.06205353 0.04002544
v -0.03033542 -0.06053435 0.04002544
v -0.02896075 -0.061909 0.04002544
v -0.03010069 -0.06097349 0.04002544
v -0.02939989 -0.06167427 0.04002544
v -0.0297848 -0.0613584 0.04002544
v -0.0097714 -0.06097309 0.04660232
v -0.009536687 -0.06053395 0.04683718
v -0.009392156 -0.06005746 0.04698181
v -0.01007958 -0.06135027 0.04629396
v -0.009343361 -0.05956192 0.04703064
v -0.01051926 -0.0617046 0.04585401
v -0.009343482 -0.04900413 0.04703064
v -0.009343654 -0.03383292 0.04703064
v -0.009343882 -0.01368557 0.04703064
v -0.00934411 0.00661214 0.04703064
v -0.009344341 0.02685474 0.04703064
v -0.01052093 0.08474201 0.04585401
v -0.009344571 0.04705341 0.04703064
v -0.009344805 0.06731291 0.04703064
v -0.009344979 0.08259937 0.04703064
v -0.01008893 0.08439542 0.04628625
v -0.009393786 0.08309489 0.04698181
v -0.00977305 0.08401051 0.04660232
v -0.009538327 0.08357138 0.04683718
v -0.0304816 -0.06005782 0.0469818
v -0.03033705 -0.06053431 0.04683717
v -0.03010233 -0.06097346 0.0466023
v -0.02978644 -0.06135837 0.04628621
v -0.03053039 -0.05956227 0.04703064
v -0.02935449 -0.06170494 0.04585401
v -0.03053021 -0.04390445 0.04703064
v -0.03052998 -0.02372203 0.04703064
v -0.03052975 -0.003565866 0.04703064
v -0.03052952 0.01665774 0.04703064
v -0.02935283 0.08474201 0.04585401
v -0.03052929 0.03686523 0.04703064
v -0.03052906 0.0570241 0.04703064
v -0.03052889 0.0721317 0.04703064
v -0.03052877 0.08259937 0.04703064
v -0.02978482 0.08439542 0.04628625
v -0.03047997 0.08309489 0.04698181
v -0.0301007 0.08401051 0.04660232
v -0.03033542 0.08357138 0.04683718
v 0.002845402 0.01841984 0.004376829
v 0.002445519 0.01745445 0.004376829
v 0.002269089 0.017486 0.004198301
v 0.002694955 0.01851604 0.004198301
v 0.003482583 0.0193047 0.004198301
v 0.003584287 0.01915873 0.004376829
v 0.004549687 0.01955861 0.004376829
v 0.004512064 0.01973191 0.004198301
v 0.005626666 0.01973264 0.004198301
v 0.005594628 0.01955861 0.004376829
v 0.006560025 0.01915873 0.004376829
v 0.006656706 0.01930678 0.004198301
v 0.007445368 0.01851915 0.004198301
v 0.007298911 0.01841984 0.004376829
v 0.007872581 0.01748967 0.004198301
v 0.007698794 0.01745445 0.004376829
v 0.00787331 0.01637506 0.004198301
v 0.007698794 0.0164095 0.004376829
v 0.007298911 0.0154441 0.004376829
v 0.007447444 0.01534502 0.004198301
v 0.006659813 0.01455636 0.004198301
v 0.006560028 0.01470522 0.004376829
v 0.005594628 0.01430534 0.004376829
v 0.005630333 0.01412915 0.004198301
v 0.004549687 0.01430534 0.004376829
v 0.004515729 0.01412842 0.004198301
v 0.003584287 0.01470522 0.004376829
v 0.003485692 0.01455429 0.004198301
v 0.002697031 0.01534192 0.004198301
v 0.002845402 0.0154441 0.004376829
v 0.002445519 0.0164095 0.004376829
v 0.002269819 0.0163714 0.004198301
v 0.002269089 0.017486 0.004198301
v 0.002445519 0.01745445 0.004376829
v 0.00313833 0.01732289 0.004198301
v 0.002955017 0.01651085 0.004376829
v 0.002955017 0.0173531 0.004376829
v 0.003136799 0.01655317 0.004198301
v 0.003277333 0.01573271 0.004376829
v 0.003429949 0.01584144 0.004198301
v 0.003973148 0.01529608 0.004198301
v 0.003872893 0.01513715 0.004376829
v 0.004651031 0.01481483 0.004376829
v 0.004683699 0.01500011 0.004198301
v 0.005493281 0.01481483 0.004376829
v 0.005453427 0.01499858 0.004198301
v 0.00627142 0.01513715 0.004376829
v 0.006165149 0.01529173 0.004198301
v 0.006710513 0.01583493 0.004198301
v 0.006866979 0.01573271 0.004376829
v 0.007189295 0.01651085 0.004376829
v 0.007006485 0.01654548 0.004198301
v 0.007008016 0.01731521 0.004198301
v 0.007189295 0.0173531 0.004376829
v 0.006714866 0.01802693 0.004198301
v 0.006866982 0.01813124 0.004376829
v 0.006171667 0.01857229 0.004198301
v 0.00627142 0.0187268 0.004376829
v 0.005493281 0.01904912 0.004376829
v 0.005461116 0.01886826 0.004198301
v 0.004651031 0.01904912 0.004376829
v 0.004691388 0.01886979 0.004198301
v 0.003872893 0.0187268 0.004376829
v 0.003979666 0.01857665 0.004198301
v 0.003277333 0.01813124 0.004376829
v 0.003434305 0.01803344 0.004198301
v 0.002955017 0.0173531 0.004376829
v 0.00313833 0.01732289 0.004198301
v 0.002445519 0.01745445 0.004376829
v 0.003277333 0.01813124 0.004376829
v 0.002955017 0.0173531 0.004376829
v 0.002845402 0.01841984 0.004376829
v 0.003872893 0.0187268 0.004376829
v 0.003584287 0.01915873 0.004376829
v 0.004651031 0.01904912 0.004376829
v 0.004549687 0.01955861 0.004376829
v 0.005493281 0.01904912 0.004376829
v 0.005594628 0.01955861 0.004376829
v 0.00627142 0.0187268 0.004376829
v 0.006560025 0.01915873 0.004376829
v 0.006866982 0.01813124 0.004376829
v 0.007298911 0.01841984 0.004376829
v 0.007189295 0.0173531 0.004376829
v 0.007698794 0.01745445 0.004376829
v 0.007189295 0.01651085 0.004376829
v 0.007698794 0.0164095 0.004376829
v 0.006866979 0.01573271 0.004376829
v 0.007298911 0.0154441 0.004376829
v 0.00627142 0.01513715 0.004376829
v 0.006560028 0.01470522 0.004376829
v 0.005493281 0.01481483 0.004376829
v 0.005594628 0.01430534 0.004376829
v 0.004651031 0.01481483 0.004376829
v 0.004549687 0.01430534 0.004376829
v 0.003872893 0.01513715 0.004376829
v 0.003584287 0.01470522 0.004376829
v 0.003277333 0.01573271 0.004376829
v 0.002845402 0.0154441 0.004376829
v 0.002955017 0.01651085 0.004376829
v 0.002445519 0.0164095 0.004376829
v 0.002955017 0.0173531 0.004376829
v 0.002445519 0.01745445 0.004376829
v 0.004512064 0.01973191 0.003900754
v 0.003482583 0.0193047 0.004198301
v 0.003482583 0.0193047 0.003900754
v 0.004512064 0.01973191 0.004198301
v 0.005626666 0.01973264 0.004198301
v 0.005626666 0.01973264 0.003900754
v 0.006656706 0.01930678 0.003900754
v 0.006656706 0.01930678 0.004198301
v 0.007445368 0.01851915 0.003900754
v 0.007445368 0.01851915 0.004198301
v 0.007872581 0.01748967 0.003900754
v 0.007872581 0.01748967 0.004198301
v 0.00787331 0.01637506 0.003900754
v 0.00787331 0.01637506 0.004198301
v 0.007447444 0.01534502 0.003900754
v 0.007447444 0.01534502 0.004198301
v 0.006659813 0.01455636 0.003900754
v 0.006659813 0.01455636 0.004198301
v 0.005630333 0.01412915 0.003900754
v 0.005630333 0.01412915 0.004198301
v 0.004515729 0.01412842 0.003900754
v 0.004515729 0.01412842 0.004198301
v 0.003485692 0.01455429 0.003900754
v 0.003485692 0.01455429 0.004198301
v 0.002697031 0.01534192 0.003900754
v 0.002697031 0.01534192 0.004198301
v 0.002269819 0.0163714 0.003900754
v 0.002269819 0.0163714 0.004198301
v 0.002269089 0.017486 0.004198301
v 0.002269089 0.017486 0.003900754
v 0.002694955 0.01851604 0.003900754
v 0.002694955 0.01851604 0.004198301
v 0.003482583 0.0193047 0.004198301
v 0.003482583 0.0193047 0.003900754
v 0.003277334 -0.0144673 0.004376826
v 0.002955018 -0.01368916 0.004376826
v 0.0031368 -0.01364684 0.004198298
v 0.00342995 -0.01435856 0.004198298
v 0.003973149 -0.01490393 0.004198298
v 0.003872894 -0.01506286 0.004376826
v 0.004651032 -0.01538518 0.004376826
v 0.004683701 -0.0151999 0.004198298
v 0.005493282 -0.01538518 0.004376826
v 0.005453428 -0.01520143 0.004198298
v 0.006271421 -0.01506286 0.004376826
v 0.00616515 -0.01490828 0.004198298
v 0.006710513 -0.01436508 0.004198298
v 0.006866981 -0.0144673 0.004376826
v 0.007189296 -0.01368916 0.004376826
v 0.007006486 -0.01365453 0.004198298
v 0.007008017 -0.0128848 0.004198298
v 0.007189296 -0.01284691 0.004376826
v 0.006714867 -0.01217309 0.004198298
v 0.006866983 -0.01206877 0.004376826
v 0.006171668 -0.01162772 0.004198298
v 0.006271421 -0.01147321 0.004376826
v 0.005493282 -0.0111509 0.004376826
v 0.005461117 -0.01133174 0.004198298
v 0.004651032 -0.0111509 0.004376826
v 0.00469139 -0.01133021 0.004198298
v 0.003872894 -0.01147321 0.004376826
v 0.003979668 -0.01162336 0.004198298
v 0.003277334 -0.01206877 0.004376826
v 0.003434306 -0.01216656 0.004198298
v 0.002955018 -0.01284691 0.004376826
v 0.003138331 -0.01287712 0.004198298
v 0.002955018 -0.01368916 0.004376826
v 0.0031368 -0.01364684 0.004198298
v 0.00244552 -0.01379051 0.004376826
v 0.002955018 -0.01284691 0.004376826
v 0.002955018 -0.01368916 0.004376826
v 0.00244552 -0.01274556 0.004376826
v 0.003277334 -0.01206877 0.004376826
v 0.002845403 -0.01178017 0.004376826
v 0.003872894 -0.01147321 0.004376826
v 0.003584288 -0.01104128 0.004376826
v 0.004651032 -0.0111509 0.004376826
v 0.004549688 -0.0106414 0.004376826
v 0.005493282 -0.0111509 0.004376826
v 0.005594629 -0.0106414 0.004376826
v 0.006271421 -0.01147321 0.004376826
v 0.006560026 -0.01104128 0.004376826
v 0.006866983 -0.01206877 0.004376826
v 0.007298913 -0.01178017 0.004376826
v 0.007189296 -0.01284691 0.004376826
v 0.007698796 -0.01274556 0.004376826
v 0.007189296 -0.01368916 0.004376826
v 0.007698796 -0.01379051 0.004376826
v 0.006866981 -0.0144673 0.004376826
v 0.007298913 -0.0147559 0.004376826
v 0.006271421 -0.01506286 0.004376826
v 0.006560029 -0.01549479 0.004376826
v 0.005493282 -0.01538518 0.004376826
v 0.005594629 -0.01589467 0.004376826
v 0.004651032 -0.01538518 0.004376826
v 0.004549688 -0.01589467 0.004376826
v 0.003872894 -0.01506286 0.004376826
v 0.003584288 -0.01549479 0.004376826
v 0.003277334 -0.0144673 0.004376826
v 0.002845403 -0.0147559 0.004376826
v 0.002955018 -0.01368916 0.004376826
v 0.00244552 -0.01379051 0.004376826
v 0.00226909 -0.01271401 0.004198298
v 0.00244552 -0.01379051 0.004376826
v 0.00226982 -0.01382861 0.004198298
v 0.00244552 -0.01274556 0.004376826
v 0.002845403 -0.01178017 0.004376826
v 0.002694956 -0.01168397 0.004198298
v 0.003482584 -0.01089531 0.004198298
v 0.003584288 -0.01104128 0.004376826
v 0.004549688 -0.0106414 0.004376826
v 0.004512066 -0.0104681 0.004198298
v 0.005626668 -0.01046736 0.004198298
v 0.005594629 -0.0106414 0.004376826
v 0.006560026 -0.01104128 0.004376826
v 0.006656707 -0.01089323 0.004198298
v 0.007445368 -0.01168086 0.004198298
v 0.007298913 -0.01178017 0.004376826
v 0.007872581 -0.01271034 0.004198298
v 0.007698796 -0.01274556 0.004376826
v 0.007873311 -0.01382495 0.004198298
v 0.007698796 -0.01379051 0.004376826
v 0.007298913 -0.0147559 0.004376826
v 0.007447445 -0.01485499 0.004198298
v 0.006659814 -0.01564365 0.004198298
v 0.006560029 -0.01549479 0.004376826
v 0.005594629 -0.01589467 0.004376826
v 0.005630334 -0.01607086 0.004198298
v 0.004549688 -0.01589467 0.004376826
v 0.00451573 -0.01607159 0.004198298
v 0.003584288 -0.01549479 0.004376826
v 0.003485693 -0.01564572 0.004198298
v 0.002697033 -0.01485809 0.004198298
v 0.002845403 -0.0147559 0.004376826
v 0.00244552 -0.01379051 0.004376826
v 0.00226982 -0.01382861 0.004198298
v 0.006656707 -0.01089323 0.003900733
v 0.005626668 -0.01046736 0.004198298
v 0.005626668 -0.01046736 0.003900733
v 0.006656707 -0.01089323 0.004198298
v 0.007445368 -0.01168086 0.003900733
v 0.007445368 -0.01168086 0.004198298
v 0.007872581 -0.01271034 0.003900733
v 0.007872581 -0.01271034 0.004198298
v 0.007873311 -0.01382495 0.003900733
v 0.007873311 -0.01382495 0.004198298
v 0.007447445 -0.01485499 0.003900733
v 0.007447445 -0.01485499 0.004198298
v 0.006659814 -0.01564365 0.003900733
v 0.006659814 -0.01564365 0.004198298
v 0.005630334 -0.01607086 0.003900733
v 0.005630334 -0.01607086 0.004198298
v 0.00451573 -0.01607159 0.003900733
v 0.00451573 -0.01607159 0.004198298
v 0.003485693 -0.01564572 0.003900733
v 0.003485693 -0.01564572 0.004198298
v 0.002697033 -0.01485809 0.003900733
v 0.002697033 -0.01485809 0.004198298
v 0.00226982 -0.01382861 0.003900733
v 0.00226982 -0.01382861 0.004198298
v 0.00226909 -0.01271401 0.004198298
v 0.00226909 -0.01271401 0.003900733
v 0.002694956 -0.01168397 0.003900733
v 0.002694956 -0.01168397 0.004198298
v 0.003482584 -0.01089531 0.004198298
v 0.003482584 -0.01089531 0.003900733
v 0.004512066 -0.0104681 0.003900733
v 0.004512066 -0.0104681 0.004198298
v 0.005626668 -0.01046736 0.004198298
v 0.005626668 -0.01046736 0.003900733
v 0.003136799 0.01655317 0.004198301
v 0.00313833 0.01732289 0.004198301
v 0.003138328 0.0173229 0.007836151
v 0.003136799 0.01655317 0.007836151
v 0.003429949 0.01584144 0.004198301
v 0.003429947 0.01584145 0.007836151
v 0.003973148 0.01529608 0.004198301
v 0.003973146 0.01529608 0.007836151
v 0.004683699 0.01500011 0.004198301
v 0.004683697 0.01500011 0.007836151
v 0.005453427 0.01499858 0.004198301
v 0.005453427 0.01499858 0.007836151
v 0.006165149 0.01529173 0.004198301
v 0.006165147 0.01529173 0.007836151
v 0.006710513 0.01583493 0.004198301
v 0.00671051 0.01583493 0.007836151
v 0.007006485 0.01654548 0.004198301
v 0.007006485 0.01654548 0.007836151
v 0.007008016 0.01731521 0.004198301
v 0.007008014 0.01731521 0.007836151
v 0.006714866 0.01802693 0.004198301
v 0.006714866 0.01802693 0.007836151
v 0.006171667 0.01857229 0.004198301
v 0.006171667 0.01857229 0.007836151
v 0.005461116 0.01886826 0.004198301
v 0.005461116 0.01886827 0.007836151
v 0.004691388 0.01886979 0.004198301
v 0.004691386 0.01886979 0.007836151
v 0.003979666 0.01857665 0.004198301
v 0.003979666 0.01857665 0.007836151
v 0.003434305 0.01803344 0.004198301
v 0.003434303 0.01803345 0.007836151
v 0.00313833 0.01732289 0.004198301
v 0.003138328 0.0173229 0.007836151
v 0.003434303 0.01803345 0.007836151
v 0.003136799 0.01655317 0.007836151
v 0.003138328 0.0173229 0.007836151
v 0.003979666 0.01857665 0.007836151
v 0.003429947 0.01584145 0.007836151
v 0.003973146 0.01529608 0.007836151
v 0.004691386 0.01886979 0.007836151
v 0.004683697 0.01500011 0.007836151
v 0.005461116 0.01886827 0.007836151
v 0.005453427 0.01499858 0.007836151
v 0.006171667 0.01857229 0.007836151
v 0.006165147 0.01529173 0.007836151
v 0.006714866 0.01802693 0.007836151
v 0.00671051 0.01583493 0.007836151
v 0.007008014 0.01731521 0.007836151
v 0.007006485 0.01654548 0.007836151
v 0.0031368 -0.01364684 0.004198298
v 0.003138331 -0.01287712 0.004198298
v 0.003138329 -0.01287711 0.007836146
v 0.0031368 -0.01364684 0.007836146
v 0.00342995 -0.01435856 0.004198298
v 0.003429948 -0.01435856 0.007836146
v 0.003973149 -0.01490393 0.004198298
v 0.003973146 -0.01490393 0.007836146
v 0.004683701 -0.0151999 0.004198298
v 0.004683699 -0.0151999 0.007836146
v 0.005453428 -0.01520143 0.004198298
v 0.005453428 -0.01520143 0.007836146
v 0.00616515 -0.01490828 0.004198298
v 0.006165148 -0.01490828 0.007836146
v 0.006710513 -0.01436508 0.004198298
v 0.006710511 -0.01436508 0.007836146
v 0.007006486 -0.01365453 0.004198298
v 0.007006486 -0.01365453 0.007836146
v 0.007008017 -0.0128848 0.004198298
v 0.007008015 -0.0128848 0.007836146
v 0.006714867 -0.01217309 0.004198298
v 0.006714867 -0.01217308 0.007836146
v 0.006171668 -0.01162772 0.004198298
v 0.006171668 -0.01162772 0.007836146
v 0.005461117 -0.01133174 0.004198298
v 0.005461117 -0.01133174 0.007836146
v 0.00469139 -0.01133021 0.004198298
v 0.004691388 -0.01133021 0.007836146
v 0.003979668 -0.01162336 0.004198298
v 0.003979668 -0.01162336 0.007836146
v 0.003434306 -0.01216656 0.004198298
v 0.003434304 -0.01216656 0.007836146
v 0.003138331 -0.01287712 0.004198298
v 0.003138329 -0.01287711 0.007836146
v 0.003434304 -0.01216656 0.007836146
v 0.0031368 -0.01364684 0.007836146
v 0.003138329 -0.01287711 0.007836146
v 0.003979668 -0.01162336 0.007836146
v 0.003429948 -0.01435856 0.007836146
v 0.003973146 -0.01490393 0.007836146
v 0.004691388 -0.01133021 0.007836146
v 0.004683699 -0.0151999 0.007836146
v 0.005461117 -0.01133174 0.007836146
v 0.005453428 -0.01520143 0.007836146
v 0.006171668 -0.01162772 0.007836146
v 0.006165148 -0.01490828 0.007836146
v 0.006714867 -0.01217308 0.007836146
v 0.006710511 -0.01436508 0.007836146
v 0.007008015 -0.0128848 0.007836146
v 0.007006486 -0.01365453 0.007836146
v 0.007158122 0.01484601 -0.01329928
v 0.008136895 0.01566252 -0.01312103
v 0.0077976 0.01580306 -0.01329928
v 0.007417805 0.01458632 -0.01312103
v 0.008305734 0.01559258 -0.01274928
v 0.007547029 0.0144571 -0.01274928
v 0.006201074 0.01420653 -0.01329928
v 0.006411555 0.0136984 -0.01274928
v 0.006341607 0.01386723 -0.01312103
v 0.005072153 0.01398197 -0.01329928
v 0.005072157 0.01343197 -0.01274928
v 0.005072157 0.01361472 -0.01312103
v 0.003943243 0.01420653 -0.01329928
v 0.0038027 0.01386723 -0.01312103
v 0.003732757 0.0136984 -0.01274928
v 0.002986195 0.014846 -0.01329928
v 0.002597282 0.0144571 -0.01274928
v 0.002726505 0.01458632 -0.01312103
v 0.002346709 0.01580307 -0.01329928
v 0.002007412 0.01566252 -0.01312103
v 0.00183858 0.01559258 -0.01274928
v 0.002122155 0.01693197 -0.01329928
v 0.001572155 0.01693197 -0.01274928
v 0.001754904 0.01693198 -0.01312103
v 0.002346709 0.01806089 -0.01329928
v 0.001838578 0.01827137 -0.01274928
v 0.002007413 0.01820143 -0.01312103
v 0.00298619 0.01901794 -0.01329928
v 0.002597277 0.01940685 -0.01274928
v 0.002726506 0.01927763 -0.01312103
v 0.003943241 0.01965742 -0.01329928
v 0.003802702 0.01999671 -0.01312104
v 0.003732762 0.02016556 -0.01274928
v 0.005072155 0.01988197 -0.01329928
v 0.005072157 0.02024923 -0.01312103
v 0.006341606 0.01999672 -0.01312103
v 0.005072157 0.02043197 -0.01274928
v 0.006201079 0.01965742 -0.01329928
v 0.006411555 0.02016555 -0.01274928
v 0.00715812 0.01901794 -0.01329928
v 0.007547029 0.01940685 -0.01274928
v 0.007417805 0.01927763 -0.01312103
v 0.007797597 0.0180609 -0.01329928
v 0.008305732 0.01827137 -0.01274928
v 0.008136895 0.01820143 -0.01312103
v 0.008022157 0.01693197 -0.01329928
v 0.008389407 0.01693198 -0.01312103
v 0.008572157 0.01693197 -0.01274928
v 0.0077976 0.01580306 -0.01329928
v 0.008305734 0.01559258 -0.01274928
v 0.008136895 0.01566252 -0.01312103
v 0.005946066 0.01834461 -0.01316038
v 0.005946066 0.01834461 -0.01149928
v 0.006312882 0.01766214 -0.01301232
v 0.006732488 0.01688146 -0.01149928
v 0.006732488 0.01688146 -0.01316038
v 0.005946066 0.01834461 -0.01149928
v 0.005858576 0.01546883 -0.01149928
v 0.006732488 0.01688146 -0.01149928
v 0.004198246 0.01551934 -0.01149928
v 0.003411822 0.01698248 -0.01149928
v 0.004285734 0.01839512 -0.01149928
v 0.004980043 0.01549556 -0.01301204
v 0.004198246 0.01551934 -0.01149928
v 0.004198246 0.01551934 -0.01316038
v 0.005858576 0.01546883 -0.01149928
v 0.005858576 0.01546883 -0.01316038
v 0.006297372 0.01617812 -0.01297368
v 0.005858576 0.01546883 -0.01149928
v 0.005858576 0.01546883 -0.01316038
v 0.006732488 0.01688146 -0.01149928
v 0.006732488 0.01688146 -0.01316038
v 0.005164266 0.01836839 -0.01301204
v 0.005946066 0.01834461 -0.01149928
v 0.005946066 0.01834461 -0.01316038
v 0.004285734 0.01839512 -0.01149928
v 0.004285734 0.01839512 -0.01316038
v 0.003411822 0.01698248 -0.01149928
v 0.00384694 0.01768583 -0.01297368
v 0.003411822 0.01698248 -0.01316038
v 0.004285734 0.01839512 -0.01149928
v 0.004285734 0.01839512 -0.01316038
v 0.003831428 0.0162018 -0.01301232
v 0.003411822 0.01698248 -0.01149928
v 0.003411822 0.01698248 -0.01316038
v 0.004198246 0.01551934 -0.01149928
v 0.004198246 0.01551934 -0.01316038
v 0.008389409 -0.01326803 -0.01312103
v 0.008022158 -0.01326803 -0.01329928
v 0.007797601 -0.01439695 -0.01329928
v 0.008136897 -0.01453749 -0.01312103
v 0.007158123 -0.015354 -0.01329928
v 0.008305735 -0.01460743 -0.01274928
v 0.008572158 -0.01326803 -0.01274928
v 0.007417806 -0.01561368 -0.01312103
v 0.00754703 -0.01574291 -0.01274928
v 0.006201075 -0.01599348 -0.01329928
v 0.006411556 -0.01650161 -0.01274928
v 0.006341609 -0.01633278 -0.01312103
v 0.005072154 -0.01621804 -0.01329928
v 0.005072158 -0.01676804 -0.01274928
v 0.005072158 -0.01658528 -0.01312103
v 0.003943244 -0.01599348 -0.01329928
v 0.003802701 -0.01633278 -0.01312103
v 0.003732759 -0.01650161 -0.01274928
v 0.002986196 -0.01535401 -0.01329928
v 0.002597283 -0.01574291 -0.01274928
v 0.002726506 -0.01561368 -0.01312103
v 0.00234671 -0.01439694 -0.01329928
v 0.002007413 -0.01453748 -0.01312103
v 0.001838582 -0.01460743 -0.01274928
v 0.002122157 -0.01326803 -0.01329928
v 0.001572156 -0.01326803 -0.01274928
v 0.001754905 -0.01326803 -0.01312103
v 0.00234671 -0.01213912 -0.01329928
v 0.001838579 -0.01192864 -0.01274928
v 0.002007414 -0.01199858 -0.01312103
v 0.002986192 -0.01118207 -0.01329928
v 0.002597278 -0.01079316 -0.01274928
v 0.002726507 -0.01092238 -0.01312103
v 0.003943242 -0.01054258 -0.01329928
v 0.003802703 -0.0102033 -0.01312104
v 0.003732763 -0.01003445 -0.01274928
v 0.005072156 -0.01031803 -0.01329928
v 0.005072158 -0.009950782 -0.01312103
v 0.006341607 -0.01020329 -0.01312103
v 0.005072158 -0.009768034 -0.01274928
v 0.00620108 -0.01054259 -0.01329928
v 0.006411556 -0.01003446 -0.01274928
v 0.007158121 -0.01118207 -0.01329928
v 0.00754703 -0.01079316 -0.01274928
v 0.007417806 -0.01092238 -0.01312103
v 0.007797599 -0.01213911 -0.01329928
v 0.008305733 -0.01192864 -0.01274928
v 0.008136897 -0.01199858 -0.01312103
v 0.008022158 -0.01326803 -0.01329928
v 0.008389409 -0.01326803 -0.01312103
v 0.008572158 -0.01326803 -0.01274928
v 0.005946068 -0.0118554 -0.01316038
v 0.005946068 -0.0118554 -0.01149928
v 0.006312883 -0.01253787 -0.01301232
v 0.006732489 -0.01331854 -0.01149928
v 0.006732489 -0.01331854 -0.01316038
v 0.005946068 -0.0118554 -0.01149928
v 0.005858577 -0.01473118 -0.01149928
v 0.006732489 -0.01331854 -0.01149928
v 0.004198247 -0.01468067 -0.01149928
v 0.003411823 -0.01321752 -0.01149928
v 0.004285735 -0.01180489 -0.01149928
v 0.004980044 -0.01470445 -0.01301204
v 0.004198247 -0.01468067 -0.01149928
v 0.004198247 -0.01468067 -0.01316038
v 0.005858577 -0.01473118 -0.01149928
v 0.005858577 -0.01473118 -0.01316038
v 0.006297374 -0.01402189 -0.01297368
v 0.005858577 -0.01473118 -0.01149928
v 0.005858577 -0.01473118 -0.01316038
v 0.006732489 -0.01331854 -0.01149928
v 0.006732489 -0.01331854 -0.01316038
v 0.005164267 -0.01183162 -0.01301204
v 0.005946068 -0.0118554 -0.01149928
v 0.005946068 -0.0118554 -0.01316038
v 0.004285735 -0.01180489 -0.01149928
v 0.004285735 -0.01180489 -0.01316038
v 0.003411823 -0.01321752 -0.01149928
v 0.003846941 -0.01251418 -0.01297368
v 0.003411823 -0.01321752 -0.01316038
v 0.004285735 -0.01180489 -0.01149928
v 0.004285735 -0.01180489 -0.01316038
v 0.003831429 -0.0139982 -0.01301232
v 0.003411823 -0.01321752 -0.01149928
v 0.003411823 -0.01321752 -0.01316038
v 0.004198247 -0.01468067 -0.01149928
v 0.004198247 -0.01468067 -0.01316038
v -0.01564575 0.03529136 0.04335664
v -0.01444391 0.02418169 0.04335673
v -0.01564571 0.02557205 0.04335664
v -0.01628483 0.03403709 0.04335664
v -0.01628479 0.02682632 0.04335664
v -0.01728021 0.0330417 0.04335664
v -0.01728018 0.02782171 0.04335664
v -0.01853448 0.03240262 0.04335664
v -0.01853445 0.02846079 0.04335664
v -0.01992484 0.03218241 0.04335664
v -0.01992481 0.028681 0.04335664
v -0.0213152 0.03240262 0.04335664
v -0.02131517 0.02846079 0.04335664
v -0.02256947 0.0330417 0.04335664
v -0.02256944 0.02782171 0.04335664
v -0.02356487 0.03403709 0.04335664
v -0.02356482 0.02682632 0.04335664
v -0.02420391 0.02557205 0.04335664
v -0.02543057 0.0241817 0.04335664
v -0.02442412 0.02418169 0.04335664
v -0.02420391 0.02279133 0.04335664
v -0.02420386 0.01307204 0.04335664
v -0.02543058 0.01168167 0.04335664
v -0.02356478 0.0143263 0.04335664
v -0.02356482 0.02153707 0.04335664
v -0.02256938 0.01532169 0.04335664
v -0.02256943 0.02054168 0.04335664
v -0.02131512 0.01596077 0.04335664
v -0.02131517 0.01990259 0.04335664
v -0.01992476 0.01618098 0.04335664
v -0.01992481 0.01968239 0.04335664
v -0.0185344 0.01596077 0.04335664
v -0.01853445 0.0199026 0.04335664
v -0.01728014 0.01532169 0.04335664
v -0.01728018 0.02054168 0.04335664
v -0.01628475 0.01432631 0.04335664
v -0.01628479 0.02153707 0.04335664
v -0.01564567 0.01307204 0.04335664
v -0.01564571 0.02279134 0.04335664
v -0.0154255 0.02418169 0.04335664
v -0.01444375 0.01168167 0.04335673
v -0.01542545 0.01168167 0.04335664
v -0.01564566 0.01029132 0.04335664
v -0.0156454 0.0005720436 0.04335664
v -0.01628474 0.009037056 0.04335664
v -0.01444354 -0.0008183133 0.04335673
v -0.01628448 0.001826309 0.04335664
v -0.01542519 -0.0008183133 0.04335664
v -0.01728013 0.008041665 0.04335664
v -0.01727987 0.002821702 0.04335664
v -0.01853439 0.007402583 0.04335664
v -0.01853413 0.003460777 0.04335664
v -0.01992476 0.007182375 0.04335664
v -0.0199245 0.003680986 0.04335664
v -0.02131512 0.007402583 0.04335664
v -0.02131486 0.003460773 0.04335664
v -0.02256938 0.008041662 0.04335664
v -0.02256912 0.002821697 0.04335664
v -0.02356477 0.009037049 0.04335664
v -0.02356451 0.001826304 0.04335664
v -0.0156454 -0.002208675 0.04335664
v -0.02420385 0.01029131 0.04335664
v -0.01444328 -0.01331832 0.04335673
v -0.02420359 0.0005720436 0.04335664
v -0.02442407 0.01168167 0.04335664
v -0.02543059 -0.0008183133 0.04335664
v -0.0244238 -0.0008183133 0.04335664
v -0.02420359 -0.002208682 0.04335664
v -0.02543059 -0.01331832 0.04335664
v -0.01564514 -0.01192798 0.04335664
v -0.01628448 -0.003462936 0.04335664
v -0.01628422 -0.01067371 0.04335664
v -0.01727987 -0.004458328 0.04335664
v -0.01727961 -0.009678322 0.04335664
v -0.01853413 -0.005097412 0.04335664
v -0.01853388 -0.009039246 0.04335664
v -0.0199245 -0.005317622 0.04335664
v -0.01992424 -0.008819032 0.04335664
v -0.02131485 -0.005097412 0.04335664
v -0.0213146 -0.009039246 0.04335664
v -0.02256912 -0.004458331 0.04335664
v -0.02256886 -0.009678322 0.04335664
v -0.02356451 -0.003462943 0.04335664
v -0.02356425 -0.01067371 0.04335664
v -0.02420333 -0.01192798 0.04335664
v -0.02442354 -0.01331832 0.04335664
v -0.02420333 -0.0147087 0.04335664
v -0.02543059 -0.02581831 0.04335664
v -0.02420306 -0.02442795 0.04335664
v -0.02356398 -0.02317368 0.04335664
v -0.02442328 -0.02581832 0.04335664
v -0.02356425 -0.01596297 0.04335664
v -0.02256859 -0.0221783 0.04335664
v -0.02256886 -0.01695835 0.04335664
v -0.02131432 -0.02153922 0.04335664
v -0.0213146 -0.01759743 0.04335664
v -0.01992396 -0.02131901 0.04335664
v -0.01992423 -0.01781764 0.04335664
v -0.0185336 -0.02153922 0.04335664
v -0.01853387 -0.01759743 0.04335664
v -0.01727934 -0.0221783 0.04335664
v -0.01727961 -0.01695834 0.04335664
v -0.01628395 -0.02317368 0.04335664
v -0.01628421 -0.01596296 0.04335664
v -0.01564487 -0.02442795 0.04335664
v -0.01564514 -0.0147087 0.04335664
v -0.01542493 -0.01331832 0.04335664
v -0.014443 -0.02633028 0.04335671
v -0.01542465 -0.02581832 0.04335664
v -0.01564487 -0.02720867 0.04335664
v -0.01564461 -0.03692796 0.04335663
v -0.01628394 -0.02846293 0.04335664
v -0.01444354 -0.03831832 0.04335664
v -0.01628369 -0.0356737 0.04335663
v -0.01727933 -0.02945832 0.04335663
v -0.01727908 -0.03467831 0.04335663
v -0.01853359 -0.0300974 0.04335663
v -0.01853334 -0.03403923 0.04335663
v -0.01992396 -0.03031762 0.04335663
v -0.01992371 -0.03381902 0.04335663
v -0.02131432 -0.0300974 0.04335663
v -0.02131407 -0.03403923 0.04335663
v -0.02256858 -0.02945833 0.04335663
v -0.02256833 -0.03467831 0.04335663
v -0.02356398 -0.02846294 0.04335664
v -0.02356372 -0.0356737 0.04335663
v -0.0154244 -0.03831831 0.04335663
v -0.02420306 -0.02720868 0.04335664
v -0.01564461 -0.03970869 0.04335663
v -0.0242028 -0.03692796 0.04335663
v -0.01564434 -0.04942796 0.04335663
v -0.01628369 -0.04096295 0.04335663
v -0.01444316 -0.05081832 0.04335664
v -0.01628342 -0.04817369 0.04335664
v -0.01542413 -0.05081832 0.04335663
v -0.01727907 -0.04195834 0.04335663
v -0.01564434 -0.05220868 0.04335663
v -0.01727881 -0.0471783 0.04335664
v -0.01444241 -0.05411905 0.04335664
v -0.01853334 -0.04259743 0.04335664
v -0.01628341 -0.05346294 0.04335663
v -0.01853307 -0.04653922 0.04335664
v -0.01454797 -0.05519088 0.04335664
v -0.0199237 -0.04281763 0.04335664
v -0.01992344 -0.04631901 0.04335664
v -0.02131406 -0.04259743 0.04335664
v -0.0213138 -0.04653922 0.04335664
v -0.02256832 -0.04195835 0.04335664
v -0.02256806 -0.0471783 0.04335664
v -0.02356372 -0.04096296 0.04335664
v -0.02356345 -0.04817369 0.04335664
v -0.0172788 -0.05445833 0.04335663
v -0.01486065 -0.0562215 0.04335664
v -0.01536841 -0.0571713 0.04335664
v -0.0242028 -0.0397087 0.04335663
v -0.01853307 -0.05509741 0.04335663
v -0.01605175 -0.05800376 0.04335664
v -0.0168844 -0.05868689 0.04335664
v -0.01992343 -0.05531762 0.04335663
v -0.01783432 -0.05919443 0.04335664
v -0.01886502 -0.05950683 0.04335664
v -0.01993688 -0.05961213 0.04335664
v -0.02100873 -0.05950683 0.04335664
v -0.02131379 -0.05509741 0.04335663
v -0.02203943 -0.05919443 0.04335664
v -0.02298936 -0.05868689 0.04335664
v -0.02256805 -0.05445833 0.04335663
v -0.023822 -0.05800376 0.04335664
v -0.02450534 -0.0571713 0.04335664
v -0.02356345 -0.05346294 0.04335663
v -0.02501311 -0.0562215 0.04335664
v -0.02532578 -0.05519088 0.04335664
v -0.02420252 -0.05220868 0.04335664
v -0.02543135 -0.05411905 0.04335664
v -0.02543059 -0.05081832 0.04335664
v -0.02442273 -0.05081832 0.04335664
v -0.02420253 -0.04942796 0.04335664
v -0.02543059 -0.03831831 0.04335664
v -0.02442301 -0.03831831 0.04335663
v 0.005005268 -0.01147795 -0.01329928
v 0.005164267 -0.01183162 -0.01301204
v 0.005695399 -0.01158861 -0.01329928
v 0.004325324 -0.01163981 -0.01329928
v 0.005946068 -0.0118554 -0.01316038
v 0.004285735 -0.01180489 -0.01316038
v 0.006290639 -0.01195496 -0.01329928
v 0.003759082 -0.01204955 -0.01329928
v 0.003846941 -0.01251418 -0.01297368
v 0.003392738 -0.01264479 -0.01329928
v 0.003411823 -0.01321752 -0.01316038
v 0.003282074 -0.01333493 -0.01329928
v 0.006312883 -0.01253787 -0.01301232
v 0.006700381 -0.0125212 -0.01329928
v 0.006862241 -0.01320114 -0.01329928
v 0.006732489 -0.01331854 -0.01316038
v 0.006751574 -0.01389128 -0.01329928
v 0.006297374 -0.01402189 -0.01297368
v 0.006385235 -0.01448652 -0.01329928
v 0.005858577 -0.01473118 -0.01316038
v 0.005818991 -0.01489626 -0.01329928
v 0.003831429 -0.0139982 -0.01301232
v 0.003443934 -0.01401487 -0.01329928
v 0.003853673 -0.01458111 -0.01329928
v 0.004198247 -0.01468067 -0.01316038
v 0.004448916 -0.01494745 -0.01329928
v 0.004980044 -0.01470445 -0.01301204
v 0.005139044 -0.01505812 -0.01329928
v 0.005005267 0.01872206 -0.01329928
v 0.005164266 0.01836839 -0.01301204
v 0.005695397 0.01861139 -0.01329928
v 0.004325323 0.0185602 -0.01329928
v 0.005946066 0.01834461 -0.01316038
v 0.004285734 0.01839512 -0.01316038
v 0.006290638 0.01824505 -0.01329928
v 0.003759081 0.01815046 -0.01329928
v 0.00384694 0.01768583 -0.01297368
v 0.003392737 0.01755521 -0.01329928
v 0.003411822 0.01698248 -0.01316038
v 0.003282072 0.01686508 -0.01329928
v 0.006312882 0.01766214 -0.01301232
v 0.00670038 0.01767881 -0.01329928
v 0.00686224 0.01699886 -0.01329928
v 0.006732488 0.01688146 -0.01316038
v 0.006751573 0.01630873 -0.01329928
v 0.006297372 0.01617812 -0.01297368
v 0.006385233 0.01571349 -0.01329928
v 0.005858576 0.01546883 -0.01316038
v 0.005818989 0.01530375 -0.01329928
v 0.003831428 0.0162018 -0.01301232
v 0.003443932 0.01618514 -0.01329928
v 0.003853671 0.0156189 -0.01329928
v 0.004198246 0.01551934 -0.01316038
v 0.004448914 0.01525256 -0.01329928
v 0.004980043 0.01549556 -0.01301204
v 0.005139043 0.01514189 -0.01329928
v 0.00754703 -0.01079316 -0.01389929
v 0.008305733 -0.01192864 -0.01389929
v 0.008305734 0.01559258 -0.01389929
v 0.008572158 -0.01326803 -0.01389929
v 0.007547029 0.0144571 -0.01389929
v 0.006411556 -0.01003446 -0.01389929
v 0.006411555 0.0136984 -0.01389929
v 0.005072158 -0.009768034 -0.01389929
v 0.005072157 0.01343197 -0.01389929
v 0.003732763 -0.01003445 -0.01389929
v 0.003732757 0.0136984 -0.01389929
v 0.002597278 -0.01079316 -0.01389929
v 0.002597282 0.0144571 -0.01389929
v 0.001838579 -0.01192864 -0.01389929
v 0.00183858 0.01559258 -0.01389929
v -0.004594648 0.02256943 -0.01389927
v 0.001572155 0.01693197 -0.01389929
v 0.001838578 0.01827137 -0.01389929
v 0.001572156 -0.01326803 -0.01389929
v 0.002597277 0.01940685 -0.01389929
v -0.004594646 -0.01889329 -0.01389927
v 0.005055354 0.02256943 -0.01389927
v 0.003732762 0.02016556 -0.01389929
v 0.001838582 -0.01460743 -0.01389929
v 0.002597283 -0.01574291 -0.01389929
v 0.003732759 -0.01650161 -0.01389929
v 0.005055355 -0.01889329 -0.01389927
v 0.005072158 -0.01676804 -0.01389929
v 0.006030816 -0.01879721 -0.01389927
v 0.005072157 0.02043197 -0.01389929
v 0.00603081 0.02247336 -0.01389927
v 0.006968777 0.02218883 -0.01389927
v 0.006411556 -0.01650161 -0.01389929
v 0.006968783 -0.01851268 -0.01389927
v 0.007833206 -0.01805064 -0.01389927
v 0.006411555 0.02016555 -0.01389929
v 0.007833205 0.02172678 -0.01389927
v 0.00859089 0.02110497 -0.01389927
v 0.00754703 -0.01574291 -0.01389929
v 0.008590891 -0.01742882 -0.01389927
v 0.009212708 -0.01667114 -0.01389927
v 0.007547029 0.01940685 -0.01389929
v 0.009212707 0.02034728 -0.01389927
v 0.009674753 0.01948285 -0.01389927
v 0.008305732 0.01827137 -0.01389929
v 0.009959279 0.01854489 -0.01389927
v 0.008572157 0.01693197 -0.01389929
v 0.008305735 -0.01460743 -0.01389929
v 0.009674751 -0.01580672 -0.01389927
v 0.009959279 -0.01486874 -0.01389927
v 0.01005535 0.01756943 -0.01389927
v 0.01005535 -0.01389329 -0.01389927
v 0.005818991 -0.01489626 -0.01329928
v 0.006201075 -0.01599348 -0.01329928
v 0.007158123 -0.015354 -0.01329928
v 0.006385235 -0.01448652 -0.01329928
v 0.005139044 -0.01505812 -0.01329928
v 0.007797601 -0.01439695 -0.01329928
v 0.005072154 -0.01621804 -0.01329928
v 0.006751574 -0.01389128 -0.01329928
v 0.004448916 -0.01494745 -0.01329928
v 0.008022158 -0.01326803 -0.01329928
v 0.003943244 -0.01599348 -0.01329928
v 0.006862241 -0.01320114 -0.01329928
v 0.003853673 -0.01458111 -0.01329928
v 0.007797599 -0.01213911 -0.01329928
v 0.002986196 -0.01535401 -0.01329928
v 0.006700381 -0.0125212 -0.01329928
v 0.003443934 -0.01401487 -0.01329928
v 0.007158121 -0.01118207 -0.01329928
v 0.00234671 -0.01439694 -0.01329928
v 0.006290639 -0.01195496 -0.01329928
v 0.003282074 -0.01333493 -0.01329928
v 0.00620108 -0.01054259 -0.01329928
v 0.002122157 -0.01326803 -0.01329928
v 0.005695399 -0.01158861 -0.01329928
v 0.003392738 -0.01264479 -0.01329928
v 0.005072156 -0.01031803 -0.01329928
v 0.00234671 -0.01213912 -0.01329928
v 0.005005268 -0.01147795 -0.01329928
v 0.003759082 -0.01204955 -0.01329928
v 0.003943242 -0.01054258 -0.01329928
v 0.002986192 -0.01118207 -0.01329928
v 0.004325324 -0.01163981 -0.01329928
v 0.005818989 0.01530375 -0.01329928
v 0.006201074 0.01420653 -0.01329928
v 0.007158122 0.01484601 -0.01329928
v 0.006385233 0.01571349 -0.01329928
v 0.005139043 0.01514189 -0.01329928
v 0.0077976 0.01580306 -0.01329928
v 0.005072153 0.01398197 -0.01329928
v 0.006751573 0.01630873 -0.01329928
v 0.004448914 0.01525256 -0.01329928
v 0.008022157 0.01693197 -0.01329928
v 0.003943243 0.01420653 -0.01329928
v 0.00686224 0.01699886 -0.01329928
v 0.003853671 0.0156189 -0.01329928
v 0.007797597 0.0180609 -0.01329928
v 0.002986195 0.014846 -0.01329928
v 0.00670038 0.01767881 -0.01329928
v 0.003443932 0.01618514 -0.01329928
v 0.00715812 0.01901794 -0.01329928
v 0.002346709 0.01580307 -0.01329928
v 0.006290638 0.01824505 -0.01329928
v 0.003282072 0.01686508 -0.01329928
v 0.006201079 0.01965742 -0.01329928
v 0.002122155 0.01693197 -0.01329928
v 0.005695397 0.01861139 -0.01329928
v 0.003392737 0.01755521 -0.01329928
v 0.005072155 0.01988197 -0.01329928
v 0.002346709 0.01806089 -0.01329928
v 0.005005267 0.01872206 -0.01329928
v 0.003759081 0.01815046 -0.01329928
v 0.003943241 0.01965742 -0.01329928
v 0.00298619 0.01901794 -0.01329928
v 0.004325323 0.0185602 -0.01329928
vt 0.1667208 0.168748
vt 0.1548883 0.1704443
vt 0.1669666 0.1704443
vt 0.1549237 0.1692731
vt 0.1608449 0.158826
vt 0.1621175 0.1589817
vt 0.1596827 0.1582847
vt 0.1633758 0.1587365
vt 0.1587447 0.1574108
vt 0.1581227 0.1562899
vt 0.1578775 0.1550316
vt 0.1644968 0.1581146
vt 0.1653707 0.1571764
vt 0.1659119 0.1560142
vt 0.1549237 0.1455921
vt 0.1667206 0.1546438
vt 0.1660677 0.1547416
vt 0.1658224 0.1534833
vt 0.1580332 0.1537589
vt 0.1667206 0.1455921
vt 0.1585744 0.1525969
vt 0.1652004 0.1523623
vt 0.1594483 0.1516588
vt 0.1605692 0.1510368
vt 0.1618277 0.1507916
vt 0.1642623 0.1514884
vt 0.1631002 0.1509473
vt 0.1605621 0.2601592
vt 0.1984662 0.2601592
vt 0.1984662 0.2564137
vt 0.1605621 0.2564137
vt 0.1984662 0.2526678
vt 0.1605621 0.2526678
vt 0.1605621 0.2489223
vt 0.1984662 0.2489223
vt 0.1605621 0.2451764
vt 0.1984662 0.2451764
vt 0.6943834 0.7482424
vt 0.6564794 0.7482424
vt 0.6564794 0.7774463
vt 0.6943834 0.7774463
vt 0.001953125 0.9779335
vt 0.006742885 0.9779335
vt 0.006742885 0.9661367
vt 0.001953125 0.9661367
vt 0.001953125 0.7788922
vt 0.04551135 0.7788922
vt 0.04551135 0.764977
vt 0.001953125 0.764977
vt 0.8825606 0.8806654
vt 0.8825594 0.8635709
vt 0.8066617 0.86357
vt 0.8066606 0.8806655
vt 0.697295 0.06801002
vt 0.7379989 0.1928481
vt 0.7379977 0.06800964
vt 0.6972961 0.1840213
vt 0.7368847 0.1984501
vt 0.7337117 0.2031985
vt 0.7289636 0.2063715
vt 0.7233621 0.2074861
vt 0.6788344 0.2074872
vt 0.6788335 0.1840224
vt 0.00196281 0.3042414
vt 0.002076905 0.3361195
vt 0.02253086 0.334138
vt 0.02253086 0.3022569
vt 0.04303886 0.2993009
vt 0.04303886 0.3311849
vt 0.06354378 0.3273934
vt 0.06354378 0.2955064
vt 0.0840465 0.2910458
vt 0.0840465 0.3229364
vt 0.104488 0.2861232
vt 0.1036659 0.3182438
vt 0.1079215 0.317432
vt 0.1193461 0.2823983
vt 0.1124583 0.3176337
vt 0.1162826 0.3193577
vt 0.1250941 0.2823822
vt 0.1194276 0.3231039
vt 0.1250941 0.3231039
vt 0.7465732 0.4983577
vt 0.7467368 0.3610714
vt 0.7150553 0.3610714
vt 0.7150553 0.5599491
vt 0.7483186 0.4983887
vt 0.7483186 0.5324675
vt 0.7483186 0.5599491
vt 0.2770106 0.1445335
vt 0.2853041 0.1488306
vt 0.2853041 0.1445335
vt 0.2770106 0.1489311
vt 0.2853041 0.153101
vt 0.2770106 0.1531569
vt 0.2770106 0.1551932
vt 0.2786917 0.1573903
vt 0.2853041 0.1573629
vt 0.2812781 0.1616233
vt 0.2853041 0.1616184
vt 0.2829007 0.1658686
vt 0.2853041 0.1658682
vt 0.2853041 0.1701166
vt 0.2834547 0.1701166
vt 0.1389985 0.6107334
vt 0.1143123 0.61077
vt 0.1143138 0.6117635
vt 0.139 0.6117718
vt 0.1938768 0.6132994
vt 0.1629535 0.6117362
vt 0.09053317 0.6117988
vt 0.1907588 0.6119851
vt 0.186968 0.6106621
vt 0.1629519 0.6106978
vt 0.00208094 0.6135843
vt 0.06584708 0.6118804
vt 0.09053169 0.6108054
vt 0.06584553 0.610842
vt 0.04195116 0.6119159
vt 0.01726494 0.6119526
vt 0.002078543 0.6119751
vt 0.01726339 0.6109142
vt 0.04194961 0.6108776
vt 0.4098262 0.05643614
vt 0.401533 0.05203861
vt 0.401533 0.05643614
vt 0.4098262 0.05213917
vt 0.4098262 0.04786852
vt 0.401533 0.0478129
vt 0.401533 0.04577653
vt 0.403214 0.04357941
vt 0.4098262 0.04360667
vt 0.4058003 0.03934628
vt 0.4098262 0.03935119
vt 0.4098262 0.03510142
vt 0.407423 0.03510098
vt 0.4098262 0.03085288
vt 0.4079771 0.03085288
vt 0.1826012 0.8873246
vt 0.157914 0.8892562
vt 0.1826012 0.8892562
vt 0.157914 0.8873246
vt 0.142727 0.8843315
vt 0.142727 0.8873246
vt 0.2064983 0.8873246
vt 0.2311853 0.8874087
vt 0.2064983 0.8892564
vt 0.2311853 0.8892564
vt 0.3282961 0.8843323
vt 0.254967 0.8874087
vt 0.2796542 0.887325
vt 0.254967 0.8892564
vt 0.2796542 0.8892564
vt 0.3036087 0.8873254
vt 0.3036087 0.8892564
vt 0.3282961 0.8892564
vt 0.8016706 0.942619
vt 0.7845756 0.9470047
vt 0.8016706 0.9470047
vt 0.7845756 0.942619
vt 0.8016706 0.9382334
vt 0.7845756 0.9382334
vt 0.8016706 0.9338477
vt 0.7845756 0.9338477
vt 0.8016706 0.929462
vt 0.7845756 0.929462
vt 0.8016706 0.9250765
vt 0.7845756 0.9250765
vt 0.8016706 0.9206907
vt 0.7845756 0.9206907
vt 0.6866621 0.3178713
vt 0.5190214 0.3178713
vt 0.5190214 0.3349663
vt 0.6866621 0.3349663
vt 0.2186794 0.7632706
vt 0.2187021 0.7874466
vt 0.2214322 0.7868865
vt 0.2214112 0.7646109
vt 0.2250573 0.7860529
vt 0.2250503 0.7666132
vt 0.2272378 0.7751045
vt 0.2286828 0.7851599
vt 0.2286788 0.7747467
vt 0.2323045 0.7738428
vt 0.2323084 0.7842561
vt 0.2359341 0.7833886
vt 0.2359302 0.7729753
vt 0.2398933 0.7721234
vt 0.2395598 0.7826043
vt 0.2428719 0.7819946
vt 0.24316 0.7261239
vt 0.239534 0.7261256
vt 0.2473392 0.7261223
vt 0.2371292 0.734875
vt 0.2371417 0.762869
vt 0.235908 0.7261251
vt 0.2359069 0.7344854
vt 0.232281 0.7332628
vt 0.232282 0.7261246
vt 0.2286559 0.7261242
vt 0.2286551 0.7319888
vt 0.2250293 0.7307321
vt 0.2250299 0.7261238
vt 0.2214034 0.7295603
vt 0.2214038 0.7261233
vt 0.2177776 0.7285365
vt 0.2177778 0.7261228
vt 0.2141518 0.7261223
vt 0.2141516 0.727716
vt 0.2105258 0.7261218
vt 0.2105256 0.727143
vt 0.2068998 0.7261212
vt 0.2068996 0.7268483
vt 0.3008455 0.7260702
vt 0.3044723 0.7267935
vt 0.3044716 0.7260665
vt 0.3008463 0.7267972
vt 0.2972195 0.726074
vt 0.2972206 0.7270952
vt 0.2935953 0.7276718
vt 0.2935934 0.726078
vt 0.2899702 0.728496
vt 0.2899674 0.7260823
vt 0.2863455 0.7295237
vt 0.2863413 0.7260867
vt 0.282721 0.7306995
vt 0.2827152 0.7260911
vt 0.2790965 0.7319603
vt 0.2790892 0.7260956
vt 0.2754631 0.7261001
vt 0.2754721 0.7332383
vt 0.2718371 0.7261047
vt 0.2718476 0.7344649
vt 0.2706257 0.7348559
vt 0.2682111 0.7261092
vt 0.2706448 0.76285
vt 0.2679037 0.7721074
vt 0.2649361 0.781982
vt 0.2645851 0.7261117
vt 0.260959 0.726114
vt 0.2682489 0.782588
vt 0.2614537 0.7900022
vt 0.2718755 0.7833682
vt 0.2567292 0.7881323
vt 0.2718677 0.7729549
vt 0.2566918 0.7261166
vt 0.2755022 0.7842316
vt 0.2754944 0.7738183
vt 0.2518403 0.7873352
vt 0.2791289 0.7851313
vt 0.2791211 0.7747181
vt 0.2805624 0.7750743
vt 0.2827553 0.7860202
vt 0.2827404 0.7665805
vt 0.2863815 0.7868496
vt 0.2863773 0.7645741
vt 0.2895062 0.7874814
vt 0.2895016 0.7630506
vt 0.2518034 0.7261198
vt 0.2471297 0.7843541
vt 0.245719 0.7881572
vt 0.232501 0.9459197
vt 0.2336477 0.9447722
vt 0.2336477 0.9417295
vt 0.2055727 0.9392056
vt 0.2196718 0.9277536
vt 0.2055728 0.9277534
vt 0.8417536 0.6711026
vt 0.8437546 0.6676878
vt 0.8444372 0.664023
vt 0.8385701 0.6740355
vt 0.8430247 0.4786886
vt 0.8444363 0.4786886
vt 0.840419 0.4802537
vt 0.8365269 0.4816915
vt 0.8365151 0.6753026
vt 0.8894721 0.4049022
vt 0.8905346 0.4049022
vt 0.8905351 0.2833789
vt 0.8893911 0.2833789
vt 0.8865171 0.4030793
vt 0.8865175 0.2851407
vt 0.8826252 0.4016412
vt 0.8826255 0.2865784
vt 0.8984101 0.5259653
vt 0.8984101 0.5371457
vt 0.9125094 0.5259653
vt 0.925556 0.543914
vt 0.9264852 0.5399415
vt 0.9264852 0.5429841
vt 0.338046 0.2954845
vt 0.3392601 0.2942711
vt 0.3325629 0.2674094
vt 0.3210277 0.2674094
vt 0.3350033 0.2954845
vt 0.3210275 0.2815086
vt 0.1779846 0.9379606
vt 0.1533285 0.9389989
vt 0.1779846 0.9389989
vt 0.1533285 0.9379606
vt 0.1048055 0.9363512
vt 0.1294617 0.9379606
vt 0.1294617 0.9389989
vt 0.1048055 0.9389989
vt 0.1931526 0.9363512
vt 0.1931526 0.9379606
vt 0.1911884 0.03509045
vt 0.1930379 0.03084164
vt 0.1911884 0.03084164
vt 0.193592 0.03509045
vt 0.1911884 0.03933842
vt 0.1952146 0.03933842
vt 0.1978058 0.04358233
vt 0.1911884 0.04358233
vt 0.1994817 0.04576857
vt 0.1911884 0.04783109
vt 0.1994817 0.04783109
vt 0.1911884 0.05207995
vt 0.1994817 0.05207995
vt 0.1994817 0.0564279
vt 0.1911884 0.0564279
vt 0.7439435 0.00193323
vt 0.7439639 0.1501927
vt 0.7586051 0.1501927
vt 0.7585852 0.00193323
vt 0.7835266 0.00193323
vt 0.7835467 0.1501927
vt 0.7090505 0.8243724
vt 0.7134035 0.8328541
vt 0.7134035 0.8243724
vt 0.7090505 0.8328541
vt 0.7047989 0.8243724
vt 0.7047989 0.8328541
vt 0.7026521 0.8328541
vt 0.7005644 0.8243724
vt 0.7005644 0.8310073
vt 0.6963476 0.8283041
vt 0.6963476 0.8243724
vt 0.6921194 0.8243724
vt 0.6921194 0.8265545
vt 0.6878767 0.8258688
vt 0.6878767 0.8243724
vt 0.8842024 0.6479189
vt 0.8856959 0.6479189
vt 0.8856961 0.5595718
vt 0.8777741 0.5482921
vt 0.8816785 0.6464123
vt 0.8777864 0.6449744
vt 0.8850134 0.555907
vt 0.8798291 0.5495592
vt 0.8830124 0.552492
vt 0.8398722 0.7562009
vt 0.8398722 0.7683424
vt 0.8530722 0.7683424
vt 0.8530722 0.7436864
vt 0.8398722 0.7436864
vt 0.8206522 0.7562009
vt 0.839872 0.7198193
vt 0.8299738 0.6985226
vt 0.8263975 0.697484
vt 0.8231649 0.6956728
vt 0.8206528 0.6934338
vt 0.8337006 0.6987332
vt 0.8373765 0.6981044
vt 0.8408042 0.6966696
vt 0.8430343 0.6951631
vt 0.8530722 0.7198193
vt 0.8530722 0.6951631
vt 0.109844 0.1903975
vt 0.1157495 0.209608
vt 0.1157491 0.1903975
vt 0.1098442 0.2096081
vt 0.103938 0.1903978
vt 0.103938 0.2096084
vt 0.09803176 0.1903978
vt 0.09803191 0.2096084
vt 0.09212559 0.1903978
vt 0.0921258 0.2096085
vt 0.0862195 0.1903979
vt 0.08621978 0.2096086
vt 0.08031332 0.190398
vt 0.08031373 0.2096088
vt 0.07440756 0.2096088
vt 0.07440732 0.190398
vt 0.06850123 0.1903981
vt 0.06850173 0.2096088
vt 0.06259561 0.2096088
vt 0.06259535 0.1903982
vt 0.05668913 0.1903983
vt 0.0566895 0.209609
vt 0.05078324 0.1903986
vt 0.05078365 0.209609
vt 0.04487702 0.1903988
vt 0.04487789 0.2096092
vt 0.03897117 0.1903988
vt 0.03897169 0.2096096
vt 0.03306526 0.190399
vt 0.03306581 0.2096098
vt 0.8716594 0.4845945
vt 0.871659 0.4786885
vt 0.8524491 0.4786887
vt 0.8524491 0.4845946
vt 0.8524491 0.4905005
vt 0.8716594 0.4905001
vt 0.8716594 0.4964055
vt 0.8524498 0.4964055
vt 0.8716596 0.5023104
vt 0.8524498 0.5023105
vt 0.8716598 0.5082152
vt 0.8524498 0.5082153
vt 0.8716598 0.5141203
vt 0.8524498 0.5141203
vt 0.8716598 0.5200249
vt 0.8524498 0.5200249
vt 0.8524498 0.5259297
vt 0.8716596 0.5259295
vt 0.8524499 0.5318346
vt 0.8716598 0.5318345
vt 0.8524499 0.537739
vt 0.8716598 0.537739
vt 0.8716601 0.5436445
vt 0.8524499 0.5436449
vt 0.8524499 0.5495502
vt 0.8716601 0.54955
vt 0.8524499 0.5554557
vt 0.8716604 0.5554551
vt 0.8524499 0.5613609
vt 0.8716605 0.5613605
vt 0.3752804 0.7674713
vt 0.3506255 0.7806773
vt 0.3752818 0.7806748
vt 0.3506241 0.7674773
vt 0.3461435 0.74826
vt 0.3266993 0.7674789
vt 0.3990321 0.7674688
vt 0.3989432 0.7482551
vt 0.4517429 0.7482494
vt 0.4236884 0.7674695
vt 0.3990337 0.7806722
vt 0.42369 0.7806696
vt 0.4475555 0.7674668
vt 0.4600702 0.7674652
vt 0.460068 0.7482484
vt 0.447557 0.7806669
vt 0.4722131 0.7806639
vt 0.4722115 0.7674639
vt 0.3054605 0.7575818
vt 0.3044216 0.7540058
vt 0.3026105 0.750773
vt 0.3003713 0.7482626
vt 0.3056713 0.7613087
vt 0.3050427 0.7649848
vt 0.3036085 0.7684128
vt 0.3020434 0.7707151
vt 0.3267002 0.7806787
vt 0.3020442 0.7806807
vt 0.7894941 0.001953125
vt 0.7894941 0.1193192
vt 0.8174577 0.1193192
vt 0.8174577 0.001953125
vt 0.8512042 0.001953125
vt 0.8416469 0.001953125
vt 0.8416469 0.1997417
vt 0.8512042 0.1997417
vt 0.3464341 0.8567017
vt 0.2275799 0.8567017
vt 0.2275799 0.8662302
vt 0.3464341 0.8662302
vt 0.8234071 0.001953262
vt 0.8234077 0.19797
vt 0.824883 0.19782
vt 0.8286101 0.1980308
vt 0.8356966 0.001953152
vt 0.8321862 0.1990696
vt 0.8356973 0.2010863
vt 0.002119405 0.001953243
vt 0.1967166 0.003441017
vt 0.1957333 0.00196097
vt 0.198131 0.006856035
vt 0.002595333 0.01069934
vt 0.1986136 0.01069819
vt 0.7517208 0.6523352
vt 0.7760738 0.6522971
vt 0.7754546 0.6492683
vt 0.7531958 0.6493031
vt 0.7746195 0.6456464
vt 0.7551943 0.6456655
vt 0.7636779 0.6434743
vt 0.7737249 0.6420243
vt 0.7633194 0.6420346
vt 0.762414 0.6384121
vt 0.7728196 0.638402
vt 0.7719507 0.6347798
vt 0.7615451 0.6347895
vt 0.7711651 0.6311573
vt 0.7606915 0.6308297
vt 0.7705541 0.6278473
vt 0.7147257 0.6312131
vt 0.7514449 0.6335841
vt 0.7234703 0.6336114
vt 0.7147274 0.6348364
vt 0.7230816 0.6348331
vt 0.714722 0.6275899
vt 0.7147289 0.6384597
vt 0.7218618 0.6384569
vt 0.7205907 0.6420807
vt 0.7147304 0.642083
vt 0.7147318 0.6457063
vt 0.7193367 0.6457045
vt 0.7181676 0.6493283
vt 0.7147332 0.6493296
vt 0.7171465 0.652952
vt 0.7147346 0.6529529
vt 0.7163285 0.6565756
vt 0.714736 0.6565762
vt 0.715758 0.6601991
vt 0.7147375 0.6601995
vt 0.7147393 0.6638228
vt 0.7154657 0.6638225
vt 0.7153643 0.5695607
vt 0.7153574 0.5659375
vt 0.714631 0.5659388
vt 0.7146378 0.5695622
vt 0.7156652 0.5731835
vt 0.7146447 0.5731854
vt 0.7146515 0.5768087
vt 0.7162441 0.5768057
vt 0.7170702 0.5804276
vt 0.7146582 0.5804319
vt 0.7180991 0.5840492
vt 0.7146646 0.5840551
vt 0.7192757 0.5876706
vt 0.7146708 0.5876783
vt 0.7146769 0.5913015
vt 0.7205372 0.5912918
vt 0.7146829 0.5949249
vt 0.7218157 0.5949131
vt 0.7230428 0.5985343
vt 0.7146888 0.5985481
vt 0.723434 0.5997552
vt 0.7146946 0.6021714
vt 0.7606596 0.6021228
vt 0.7514082 0.5997239
vt 0.7146981 0.6054821
vt 0.7632341 0.6054311
vt 0.7147017 0.6089544
vt 0.7717219 0.6088935
vt 0.7705107 0.605424
vt 0.7711221 0.6021137
vt 0.7719042 0.5984904
vt 0.7615021 0.5984983
vt 0.7623636 0.5948743
vt 0.7727678 0.5948665
vt 0.7736673 0.5912426
vt 0.7632622 0.5912503
vt 0.7636181 0.58981
vt 0.7745556 0.5876189
vt 0.7551306 0.5876337
vt 0.7531257 0.5839996
vt 0.7753844 0.5839953
vt 0.7759236 0.5813579
vt 0.7518255 0.5813625
vt 0.7764869 0.6094857
vt 0.7763034 0.6059612
vt 0.7767083 0.6130109
vt 0.7147066 0.6130736
vt 0.7147112 0.617358
vt 0.7788656 0.6172932
vt 0.7147163 0.6220472
vt 0.7730571 0.6219882
vt 0.7829954 0.6219807
vt 0.7793857 0.6238956
vt 0.5103532 0.01276736
vt 0.5102031 0.0142428
vt 0.624316 0.01424373
vt 0.624166 0.0127683
vt 0.5101426 0.00904063
vt 0.6243767 0.009041676
vt 0.5091037 0.005464558
vt 0.6254157 0.005465273
vt 0.5070872 0.001953163
vt 0.6274323 0.001954043
vt 0.3608324 0.864261
vt 0.4754207 0.8642606
vt 0.4754207 0.8555144
vt 0.3608324 0.8555149
vt 0.6419495 0.7482464
vt 0.6172866 0.7482466
vt 0.6419495 0.757978
vt 0.6172868 0.7614502
vt 0.6401871 0.7605176
vt 0.6387523 0.7639458
vt 0.6381232 0.7676233
vt 0.6110831 0.7806603
vt 0.6383338 0.7713511
vt 0.6393729 0.7749281
vt 0.6411845 0.7781619
vt 0.6434242 0.7806598
vt 0.5933562 0.7614502
vt 0.5686935 0.7614502
vt 0.5933563 0.7482466
vt 0.5686935 0.7482466
vt 0.5582691 0.7806603
vt 0.5450556 0.7614499
vt 0.5240698 0.7713511
vt 0.5230312 0.7749281
vt 0.5212191 0.7781619
vt 0.5189798 0.7806598
vt 0.5242807 0.7676233
vt 0.5236515 0.7639458
vt 0.5222166 0.7605176
vt 0.5203928 0.7579059
vt 0.5450558 0.7482464
vt 0.5203928 0.7482464
vt 0.8679091 0.1003407
vt 0.8693763 0.1004898
vt 0.8693751 0.001953165
vt 0.8642029 0.1005501
vt 0.8571537 0.00195333
vt 0.8606471 0.1015832
vt 0.8571552 0.103589
vt 0.9454865 0.6131063
vt 0.9454865 0.5847718
vt 0.9257217 0.5847718
vt 0.9257217 0.6131063
vt 0.7878505 0.1707367
vt 0.7878504 0.1908146
vt 0.790006 0.1705605
vt 0.7959411 0.1692256
vt 0.8076153 0.1908148
vt 0.8013389 0.1667246
vt 0.8076155 0.1624803
vt 0.7209908 0.02578519
vt 0.7272673 0.0302877
vt 0.727267 0.001953144
vt 0.7155929 0.02328409
vt 0.7075024 0.001953267
vt 0.7096581 0.02194912
vt 0.7075024 0.02177306
vt 0.9488212 0.5200158
vt 0.9488212 0.4916812
vt 0.9290562 0.4916812
vt 0.9290562 0.5200158
vt 0.699604 0.4471277
vt 0.7058814 0.4506516
vt 0.7058769 0.4233828
vt 0.6942061 0.4446275
vt 0.6861119 0.423386
vt 0.6882708 0.4432935
vt 0.6861151 0.4431176
vt 0.8993035 0.01159795
vt 0.8993033 0.03162623
vt 0.9014593 0.01142174
vt 0.9190683 0.03162623
vt 0.9073941 0.01008673
vt 0.9127919 0.007585693
vt 0.9190685 0.004060757
vt 0.4123109 0.9453345
vt 0.4406454 0.9453345
vt 0.4406454 0.9255695
vt 0.4123109 0.9255695
vt 0.7077743 0.9247102
vt 0.6794397 0.9247102
vt 0.6794397 0.9444752
vt 0.7077743 0.9444752
vt 0.9150546 0.8413537
vt 0.9433892 0.8413537
vt 0.9433892 0.8215887
vt 0.9150546 0.8215887
vt 0.4669136 0.9805027
vt 0.4471822 0.9805025
vt 0.4471819 0.9946017
vt 0.4669967 0.9946018
vt 0.7832768 0.953384
vt 0.7820834 0.953384
vt 0.7820834 0.9814589
vt 0.7972527 0.9814589
vt 0.7972527 0.9673597
vt 0.9631802 0.9437378
vt 0.9771559 0.9297619
vt 0.9771559 0.9156626
vt 0.9619868 0.9156628
vt 0.9619868 0.9437378
vt 0.6531441 0.9755024
vt 0.6531444 0.9921924
vt 0.6866864 0.9921922
vt 0.6866861 0.975502
vt 0.2201098 0.9757389
vt 0.2201098 0.9769325
vt 0.2481849 0.9769325
vt 0.2481849 0.9617631
vt 0.2340859 0.9617631
vt 0.166993 0.8943102
vt 0.1389179 0.8943102
vt 0.1389179 0.9218041
vt 0.166993 0.9218041
vt 0.5453597 0.9706445
vt 0.5313838 0.9566684
vt 0.5172846 0.9566684
vt 0.5172846 0.971838
vt 0.5453597 0.971838
vt 0.2287734 0.1470846
vt 0.2146743 0.1470846
vt 0.2146743 0.1672042
vt 0.2287734 0.1672042
vt 0.8746734 0.8417907
vt 0.858359 0.838748
vt 0.8598395 0.8404636
vt 0.8746737 0.8364698
vt 0.874674 0.831301
vt 0.8542852 0.8337564
vt 0.8746743 0.826198
vt 0.8506293 0.8286107
vt 0.8746745 0.8211381
vt 0.846508 0.8215677
vt 0.874675 0.8160869
vt 0.8464736 0.8176905
vt 0.8465056 0.8135859
vt 0.874675 0.8111014
vt 0.8746756 0.8061809
vt 0.8478178 0.8064392
vt 0.8746756 0.8012602
vt 0.8463708 0.7993197
vt 0.8746762 0.7962739
vt 0.8462606 0.7952172
vt 0.8462382 0.7910932
vt 0.8746764 0.7912212
vt 0.8502244 0.7841567
vt 0.8746768 0.7861584
vt 0.8537896 0.7789511
vt 0.8746772 0.7810525
vt 0.8577744 0.7738909
vt 0.8746775 0.7758815
vt 0.8746776 0.7705593
vt 0.8592244 0.7721503
vt 0.3076338 0.05385322
vt 0.3076338 0.03403358
vt 0.2935348 0.03403343
vt 0.2935347 0.0539363
vt 0.9759382 0.2622512
vt 0.9759382 0.2903262
vt 0.977132 0.2622513
vt 0.9911069 0.290327
vt 0.9911078 0.2762279
vt 0.3030906 0.8943103
vt 0.2750156 0.8943103
vt 0.2750156 0.921738
vt 0.3030906 0.921738
vt 0.9566014 0.8615026
vt 0.9705773 0.8475267
vt 0.9705773 0.8334276
vt 0.955408 0.8334276
vt 0.955408 0.8615026
vt 0.8323439 0.9911858
vt 0.8323439 0.9770865
vt 0.8040095 0.9770865
vt 0.8040095 0.9911858
vt 0.9804053 0.9316175
vt 0.9804053 0.9596924
vt 0.9815989 0.9316175
vt 0.9955747 0.9596925
vt 0.9955747 0.9455932
vt 0.3853859 0.982108
vt 0.3570514 0.982108
vt 0.3570514 0.9962069
vt 0.3853859 0.9962069
vt 0.06745766 0.9720713
vt 0.06745766 0.9732648
vt 0.09553286 0.9732643
vt 0.09553263 0.9580953
vt 0.08143327 0.9580954
vt 0.2690662 0.8943103
vt 0.2409911 0.8943103
vt 0.2409911 0.9217381
vt 0.2690662 0.9217381
vt 0.1155815 0.9687989
vt 0.1014823 0.9687989
vt 0.1295574 0.9827747
vt 0.1014823 0.983968
vt 0.1295574 0.9839679
vt 0.9750496 0.5684355
vt 0.9750496 0.5986534
vt 0.990086 0.5986534
vt 0.990086 0.5684355
vt 0.7287179 0.9512194
vt 0.7146189 0.9512473
vt 0.7006705 0.9652508
vt 0.728748 0.9663925
vt 0.7006728 0.9663925
vt 0.8899357 0.2152682
vt 0.9180108 0.2152682
vt 0.9180108 0.1879731
vt 0.8899357 0.1879731
vt 0.9554385 0.6051846
vt 0.9565802 0.6051857
vt 0.955411 0.5771096
vt 0.9705842 0.5771247
vt 0.9705701 0.5912238
vt 0.3227671 0.9865018
vt 0.3511019 0.9865018
vt 0.3511019 0.9724025
vt 0.3227671 0.9724025
vt 0.4459283 0.9718904
vt 0.4740034 0.97189
vt 0.4459283 0.970697
vt 0.4740029 0.9567205
vt 0.4599039 0.9567207
vt 0.7502918 0.9181281
vt 0.7783669 0.9181281
vt 0.7783667 0.8906344
vt 0.7502915 0.8906344
vt 0.9547086 0.7941227
vt 0.9559018 0.7941227
vt 0.9547086 0.7660477
vt 0.9698777 0.7660475
vt 0.9698777 0.7801467
vt 0.2400683 0.03360762
vt 0.2400679 0.05371916
vt 0.254167 0.05371944
vt 0.2541676 0.0336911
vt 0.6607234 0.2078125
vt 0.6625406 0.2066064
vt 0.6653221 0.1904246
vt 0.659962 0.1904247
vt 0.6546046 0.1904247
vt 0.6555705 0.2111399
vt 0.6492524 0.1904247
vt 0.6504043 0.2141889
vt 0.643909 0.1904246
vt 0.6440867 0.2177634
vt 0.6394467 0.2174969
vt 0.6385857 0.1904246
vt 0.6332711 0.1904246
vt 0.6355382 0.2172425
vt 0.6287893 0.2157627
vt 0.6279656 0.1904246
vt 0.6221401 0.2176404
vt 0.6226689 0.1904246
vt 0.6173819 0.1904244
vt 0.6182536 0.2181266
vt 0.612103 0.1904244
vt 0.6136376 0.2186681
vt 0.6068122 0.1904244
vt 0.6071188 0.2154746
vt 0.6017811 0.2127378
vt 0.6015239 0.1904244
vt 0.5964395 0.2097221
vt 0.5962369 0.1904244
vt 0.59095 0.1904244
vt 0.5945539 0.208626
vt 0.4071701 0.9921604
vt 0.4355049 0.9921604
vt 0.4355047 0.9780611
vt 0.40717 0.9780611
vt 0.9916268 0.4889649
vt 0.9916266 0.4587469
vt 0.9765903 0.4587471
vt 0.9765905 0.4889649
vt 0.9765876 0.8282323
vt 0.9765876 0.8590277
vt 0.991911 0.8590277
vt 0.991911 0.8282323
vt 0.9770704 0.3856215
vt 0.9770699 0.415839
vt 0.9921061 0.4158393
vt 0.9921067 0.3856216
vt 0.9770275 0.6049983
vt 0.9770275 0.635216
vt 0.992064 0.635216
vt 0.992064 0.6049983
vt 0.9918817 0.7099814
vt 0.9918817 0.6791859
vt 0.976558 0.6791859
vt 0.976558 0.7099814
vt 0.6461012 0.9755017
vt 0.6125593 0.9755021
vt 0.6125594 0.9921927
vt 0.6461012 0.992192
vt 0.9739096 0.5318726
vt 0.9739094 0.5620904
vt 0.9889455 0.5620906
vt 0.9889456 0.5318729
vt 0.2738652 0.996981
vt 0.2738652 0.982882
vt 0.2455306 0.982882
vt 0.2455306 0.996981
vt 0.3718645 0.9453344
vt 0.3718645 0.9255695
vt 0.3435298 0.9255695
vt 0.3435298 0.9453344
vt 0.9750619 0.2243886
vt 0.9750079 0.2375989
vt 0.9763343 0.2543294
vt 0.9912392 0.2243885
vt 0.9912392 0.2394247
vt 0.8899357 0.1820236
vt 0.9180108 0.1820236
vt 0.9180108 0.1545961
vt 0.8899357 0.1545961
vt 0.9546918 0.732023
vt 0.9546921 0.7600982
vt 0.9558854 0.732023
vt 0.9698612 0.760098
vt 0.9698612 0.7459989
vt 0.7420584 0.9247102
vt 0.7137237 0.9247102
vt 0.7137237 0.9444752
vt 0.7420584 0.9444752
vt 0.9693834 0.697998
vt 0.9554081 0.7119744
vt 0.9554084 0.7260735
vt 0.9705815 0.7260733
vt 0.9705251 0.697998
vt 0.8899357 0.2485129
vt 0.9180107 0.2485129
vt 0.9180107 0.2212177
vt 0.8899357 0.2212177
vt 0.9661549 0.639212
vt 0.9521805 0.6111362
vt 0.9521797 0.6252353
vt 0.9673536 0.6111369
vt 0.9672965 0.639212
vt 0.6451554 0.9247102
vt 0.6451554 0.9444751
vt 0.6734903 0.9444751
vt 0.6734903 0.9247102
vt 0.3168176 0.9760742
vt 0.3028419 0.9620982
vt 0.2887427 0.9620982
vt 0.2887427 0.9772677
vt 0.3168176 0.9772677
vt 0.1729424 0.8943103
vt 0.1729424 0.921804
vt 0.2010174 0.921804
vt 0.2010174 0.8943103
vt 0.07052121 0.9242621
vt 0.07052131 0.9440269
vt 0.09885605 0.9440265
vt 0.09885582 0.9242618
vt 0.9263331 0.3888287
vt 0.9263331 0.417163
vt 0.9460979 0.417163
vt 0.9460979 0.3888287
vt 0.282793 0.9673612
vt 0.2688168 0.9533855
vt 0.2547175 0.953386
vt 0.2547179 0.9685553
vt 0.2827931 0.9685546
vt 0.9245595 0.2875693
vt 0.8964846 0.2875693
vt 0.8964846 0.3147265
vt 0.9245598 0.3147264
vt 0.9325357 0.9542722
vt 0.9184365 0.9542717
vt 0.90446 0.9682472
vt 0.9325351 0.9694416
vt 0.90446 0.9694405
vt 0.30335 0.9474523
vt 0.30335 0.9276875
vt 0.2750156 0.9276875
vt 0.2750156 0.9474523
vt 0.950532 0.8281472
vt 0.9645079 0.8141712
vt 0.9645079 0.8000722
vt 0.9493386 0.8000722
vt 0.9493386 0.8281472
vt 0.2350417 0.8943103
vt 0.2069669 0.8943103
vt 0.2069669 0.921804
vt 0.2350417 0.921804
vt 0.9879178 0.3731689
vt 0.9879186 0.3590698
vt 0.9739427 0.3450932
vt 0.9727489 0.3731681
vt 0.9727491 0.3450931
vt 0.6854451 0.05163535
vt 0.6656801 0.05163535
vt 0.6656801 0.07996998
vt 0.6854451 0.07996998
vt 0.6108711 0.9444752
vt 0.6392059 0.9444752
vt 0.6392058 0.92471
vt 0.6108711 0.9247102
vt 0.1635819 0.9827749
vt 0.1496058 0.9687989
vt 0.1355067 0.9687989
vt 0.1355069 0.9839679
vt 0.1635819 0.9839678
vt 0.9173633 0.1205716
vt 0.8899357 0.1205716
vt 0.8899357 0.1486467
vt 0.9173633 0.1486467
vt 0.4832589 0.9671063
vt 0.4832588 0.9682997
vt 0.5113338 0.9683017
vt 0.5113351 0.9531326
vt 0.4972358 0.9531316
vt 0.9425586 0.8473032
vt 0.9227939 0.8473032
vt 0.9227939 0.8756379
vt 0.9425586 0.8756379
vt 0.9768335 0.3310464
vt 0.9908096 0.3170712
vt 0.9908105 0.3029717
vt 0.9756407 0.3029707
vt 0.9756407 0.3310462
vt 0.9757888 0.9744152
vt 0.9757888 0.9463401
vt 0.9745954 0.9463401
vt 0.9606195 0.9744152
vt 0.9606195 0.960316
vt 0.9535515 0.5184826
vt 0.9535622 0.5465577
vt 0.9547448 0.5184821
vt 0.9687314 0.5465517
vt 0.968726 0.5324527
vt 0.4613312 0.02462579
vt 0.4583672 0.06418803
vt 0.4615711 0.06343257
vt 0.4581215 0.02448804
vt 0.4553561 0.0656625
vt 0.4553845 0.02421298
vt 0.4524561 0.06798999
vt 0.4524419 0.0237579
vt 0.7776495 0.4019027
vt 0.7767388 0.416603
vt 0.7775795 0.415669
vt 0.776786 0.4017123
vt 0.7706281 0.4209734
vt 0.7760488 0.4178787
vt 0.7756939 0.4192775
vt 0.7687708 0.4202246
vt 0.7728825 0.4004407
vt 0.7667732 0.4200865
vt 0.7691811 0.398288
vt 0.7648306 0.4205723
vt 0.7660412 0.3954156
vt 0.7631334 0.4216349
vt 0.7636085 0.3919568
vt 0.7721627 0.4222594
vt 0.775694 0.4207181
vt 0.7760494 0.4221167
vt 0.7732249 0.4239565
vt 0.7767394 0.4233921
vt 0.7618472 0.4231696
vt 0.7737108 0.425899
vt 0.7777241 0.4244703
vt 0.7789459 0.4252884
vt 0.780059 0.425727
vt 0.7735987 0.4278904
vt 0.7619968 0.3880724
vt 0.7542594 0.4330399
vt 0.7542502 0.3614056
vt 0.7610986 0.4250267
vt 0.7609604 0.4270244
vt 0.7737264 0.4423322
vt 0.7728243 0.4297538
vt 0.7732714 0.4405128
vt 0.772178 0.4386923
vt 0.7706432 0.4374064
vt 0.771538 0.4312887
vt 0.769841 0.4323511
vt 0.7687861 0.4366578
vt 0.7678983 0.4328369
vt 0.7667885 0.4365196
vt 0.764846 0.4370055
vt 0.7659009 0.4326988
vt 0.7640571 0.4319559
vt 0.7631486 0.4380679
vt 0.7625087 0.4306641
vt 0.7618626 0.4396028
vt 0.7614464 0.4289668
vt 0.761114 0.4414599
vt 0.7609757 0.4434575
vt 0.7614618 0.4454
vt 0.7542641 0.466728
vt 0.7610772 0.4578994
vt 0.7618518 0.4560359
vt 0.7625241 0.4470972
vt 0.7640591 0.4483833
vt 0.7631376 0.454501
vt 0.7659163 0.4491318
vt 0.7648351 0.4534386
vt 0.7667775 0.4529527
vt 0.7679139 0.4492702
vt 0.768775 0.4530909
vt 0.7698563 0.4487842
vt 0.7706324 0.4538396
vt 0.7715537 0.4477217
vt 0.772167 0.4551255
vt 0.7728395 0.446187
vt 0.7732294 0.4568228
vt 0.7736009 0.4443235
vt 0.7737154 0.4587653
vt 0.7737176 0.4751984
vt 0.7735775 0.4607628
vt 0.7728286 0.4626199
vt 0.773232 0.4732558
vt 0.7721694 0.4715585
vt 0.7706345 0.4702726
vt 0.7715425 0.464155
vt 0.7698454 0.4652173
vt 0.7687774 0.4695239
vt 0.7679028 0.4657031
vt 0.7667798 0.4693857
vt 0.7659051 0.4655651
vt 0.7648372 0.4698717
vt 0.7640481 0.4648164
vt 0.76314 0.4709341
vt 0.7618539 0.472469
vt 0.762513 0.4635304
vt 0.7614509 0.4618331
vt 0.7609649 0.4598905
vt 0.7611055 0.4743261
vt 0.7609671 0.4763237
vt 0.7611031 0.4907592
vt 0.7614529 0.4782663
vt 0.760963 0.4925925
vt 0.7618518 0.4889021
vt 0.7625155 0.4799635
vt 0.7640504 0.4812494
vt 0.7631376 0.4873672
vt 0.7648351 0.4863049
vt 0.7659075 0.4819981
vt 0.7667776 0.4858189
vt 0.7679052 0.4821362
vt 0.7687752 0.485957
vt 0.7698475 0.4816503
vt 0.7706324 0.4867058
vt 0.7715803 0.4805434
vt 0.7721671 0.4879916
vt 0.772831 0.4790531
vt 0.7732295 0.4896889
vt 0.7737154 0.4916315
vt 0.7736054 0.4771895
vt 0.7800709 0.5096255
vt 0.7735775 0.493629
vt 0.7732364 0.5061221
vt 0.7728288 0.4954862
vt 0.7721739 0.5044248
vt 0.7715426 0.497021
vt 0.7706393 0.5031388
vt 0.7698454 0.4980834
vt 0.7687821 0.5023902
vt 0.7737232 0.5080851
vt 0.7679031 0.4985693
vt 0.7667844 0.502252
vt 0.7735843 0.5100622
vt 0.764842 0.5027379
vt 0.7659054 0.4984312
vt 0.7640482 0.4976826
vt 0.7631445 0.5038003
vt 0.7618586 0.5053353
vt 0.7625133 0.4963967
vt 0.7614509 0.4946994
vt 0.7611102 0.5071924
vt 0.7728354 0.5119193
vt 0.7542699 0.5086291
vt 0.7609719 0.5091901
vt 0.761112 0.5236135
vt 0.7614577 0.5111326
vt 0.7618603 0.5217565
vt 0.7625203 0.5128298
vt 0.7631465 0.5202215
vt 0.7640551 0.5141157
vt 0.7648438 0.519159
vt 0.7659121 0.5148644
vt 0.7667862 0.5186731
vt 0.7679097 0.5150025
vt 0.768778 0.5187973
vt 0.7698524 0.5145166
vt 0.7609738 0.5256112
vt 0.7542771 0.556993
vt 0.761115 0.5400585
vt 0.770641 0.5195601
vt 0.7715496 0.5134542
vt 0.772176 0.5208459
vt 0.7732382 0.5225433
vt 0.7737241 0.5244856
vt 0.7800778 0.5569893
vt 0.7736125 0.526489
vt 0.7614599 0.5275537
vt 0.7618636 0.5382016
vt 0.7609767 0.5420563
vt 0.7631495 0.5366666
vt 0.7625221 0.5292511
vt 0.7640568 0.5305369
vt 0.7648467 0.5356041
vt 0.7659141 0.5312856
vt 0.7667891 0.5351182
vt 0.7679116 0.5314237
vt 0.7687869 0.5352564
vt 0.7698542 0.5309377
vt 0.7614627 0.5439987
vt 0.7706439 0.5360051
vt 0.7715515 0.5298754
vt 0.7625252 0.5456961
vt 0.7728376 0.5283406
vt 0.7721789 0.537291
vt 0.7732413 0.5389882
vt 0.7737274 0.5409307
vt 0.7640601 0.5469819
vt 0.7659171 0.5477307
vt 0.7679147 0.5478687
vt 0.773615 0.542922
vt 0.7698572 0.5473828
vt 0.7728405 0.5447854
vt 0.7715545 0.5463203
vt 0.4728404 0.6330099
vt 0.4728404 0.6207206
vt 0.001953125 0.6207206
vt 0.001953125 0.6330099
vt 0.7624967 0.7350324
vt 0.7615135 0.7335526
vt 0.2963609 0.7335663
vt 0.2953779 0.7350463
vt 0.7639114 0.7384475
vt 0.2939633 0.7384614
vt 0.2934811 0.7423036
vt 0.764394 0.7422898
vt 0.1329685 0.8933778
vt 0.1329685 0.8891659
vt 0.001953125 0.8891659
vt 0.001953125 0.8933778
vt 0.2057153 0.01048364
vt 0.205531 0.01133925
vt 0.2894286 0.0113373
vt 0.3367919 0.01016276
vt 0.3367919 0.01133618
vt 0.3367918 0.008990282
vt 0.2057822 0.008994589
vt 0.2057768 0.007822406
vt 0.3367918 0.00781804
vt 0.2057767 0.006649573
vt 0.3367917 0.006645207
vt 0.2057766 0.005477035
vt 0.3367917 0.005472668
vt 0.2057766 0.004304321
vt 0.3367917 0.004300013
vt 0.3367917 0.003127357
vt 0.2057766 0.003131783
vt 0.2057765 0.001957711
vt 0.3367916 0.001953227
vt 0.6919284 0.6329163
vt 0.6919284 0.6220897
vt 0.6857159 0.6220894
vt 0.6867101 0.6329167
vt 0.6832616 0.6248755
vt 0.6814883 0.6329172
vt 0.679759 0.6262959
vt 0.6762674 0.6329176
vt 0.675563 0.6263258
vt 0.6710503 0.6256896
vt 0.6710513 0.6329177
vt 0.6658261 0.6250904
vt 0.6658344 0.632923
vt 0.6606031 0.6247878
vt 0.6606167 0.6329316
vt 0.6553817 0.6247984
vt 0.6553977 0.6329423
vt 0.6501622 0.6251206
vt 0.6501777 0.6329535
vt 0.6449444 0.6257347
vt 0.6449563 0.6329633
vt 0.6397279 0.6266033
vt 0.6397337 0.6329697
vt 0.6345097 0.627674
vt 0.6345121 0.6329703
vt 0.6292909 0.6329714
vt 0.6302868 0.6286491
vt 0.6271708 0.629218
vt 0.6240678 0.6329719
vt 0.6217718 0.6291211
vt 0.1283264 0.5534429
vt 0.1247857 0.5682777
vt 0.1283264 0.5669757
vt 0.1107077 0.5631046
vt 0.1215659 0.5702347
vt 0.1187925 0.5727851
vt 0.116573 0.5758297
vt 0.1107077 0.5849496
vt 0.1149879 0.5792481
vt 0.1141211 0.5829135
vt 0.8776097 0.4108516
vt 0.8776097 0.5418687
vt 0.8838634 0.5418687
vt 0.8838634 0.4108516
vt 0.001953125 0.9097154
vt 0.06389497 0.9097154
vt 0.06389497 0.8993273
vt 0.001953125 0.8993273
vt 0.06389511 0.8695766
vt 0.06389511 0.8620989
vt 0.001953125 0.8620989
vt 0.001953125 0.8695766
vt 0.7091671 0.3551213
vt 0.7163426 0.2171666
vt 0.7091692 0.2146547
vt 0.7163407 0.3551213
vt 0.723516 0.2195816
vt 0.7235142 0.3551213
vt 0.7306898 0.2218075
vt 0.7306879 0.3551213
vt 0.737863 0.2237585
vt 0.7378617 0.3551215
vt 0.7450361 0.2253597
vt 0.7450356 0.3551216
vt 0.7522096 0.2265495
vt 0.7522091 0.3551218
vt 0.7593832 0.227282
vt 0.7593827 0.3551219
vt 0.7665568 0.2275295
vt 0.7665562 0.355122
vt 0.8256463 0.4314593
vt 0.8256463 0.3393337
vt 0.8209412 0.3409812
vt 0.8209412 0.4314593
vt 0.8162366 0.3425649
vt 0.8162366 0.4314594
vt 0.8115315 0.3440248
vt 0.8115318 0.4314594
vt 0.8068269 0.3453043
vt 0.8068271 0.4314594
vt 0.8021222 0.3463543
vt 0.8021222 0.4314595
vt 0.7974173 0.3471347
vt 0.7974173 0.4314595
vt 0.7927126 0.3476151
vt 0.7927127 0.4314595
vt 0.7880076 0.3477773
vt 0.7880077 0.4314595
vt 0.8033112 0.7262152
vt 0.7699343 0.7262152
vt 0.7795349 0.7482402
vt 0.8033113 0.772535
vt 0.7340931 0.7653351
vt 0.7340931 0.7482402
vt 0.7111859 0.7725352
vt 0.7086527 0.7653354
vt 0.3150717 0.2988668
vt 0.2788198 0.2652857
vt 0.264182 0.2988667
vt 0.315071 0.2282439
vt 0.2263668 0.2652863
vt 0.2263665 0.239222
vt 0.1746074 0.2282443
vt 0.1707452 0.2392222
vt 0.405932 0.8249745
vt 0.4059322 0.8455533
vt 0.4123668 0.8455533
vt 0.4123667 0.8249744
vt 0.4188013 0.8455533
vt 0.4188008 0.8249744
vt 0.4252358 0.8455532
vt 0.4252356 0.8249743
vt 0.4316704 0.845553
vt 0.43167 0.8249741
vt 0.438105 0.8455529
vt 0.4381046 0.8249738
vt 0.4445139 0.8455529
vt 0.4445134 0.8249738
vt 0.4509986 0.8455526
vt 0.4509985 0.8249738
vt 0.457433 0.8455526
vt 0.4574328 0.8249738
vt 0.4638677 0.8455526
vt 0.4638673 0.8249735
vt 0.4703023 0.8455526
vt 0.470302 0.8249738
vt 0.476737 0.8455522
vt 0.4767365 0.8249735
vt 0.4831711 0.845552
vt 0.4831711 0.8249735
vt 0.4896057 0.845552
vt 0.4896054 0.8249732
vt 0.4960404 0.845552
vt 0.4960403 0.8249732
vt 0.5024747 0.8455517
vt 0.5024745 0.824973
vt 0.5089092 0.8455519
vt 0.508909 0.824973
vt 0.5153438 0.8455517
vt 0.5153435 0.824973
vt 0.5217785 0.8455517
vt 0.5217782 0.8249728
vt 0.528213 0.8455515
vt 0.5282125 0.8249728
vt 0.5346473 0.8455515
vt 0.5346471 0.8249728
vt 0.2712676 0.8249756
vt 0.2712661 0.8455552
vt 0.2776783 0.8455549
vt 0.2776797 0.8249748
vt 0.2841462 0.8455546
vt 0.2841475 0.8249742
vt 0.2905801 0.8455543
vt 0.290581 0.8249735
vt 0.297014 0.8455543
vt 0.2970147 0.8249731
vt 0.3034478 0.8455545
vt 0.3034482 0.8249726
vt 0.3098941 0.8455546
vt 0.3098943 0.8249728
vt 0.3163435 0.8455549
vt 0.3163435 0.8249732
vt 0.3227773 0.8455554
vt 0.3227773 0.8249738
vt 0.3292109 0.8455559
vt 0.3292107 0.8249746
vt 0.3356448 0.8455568
vt 0.3356446 0.8249758
vt 0.3420783 0.8455573
vt 0.3420783 0.824977
vt 0.3485121 0.8455581
vt 0.3485121 0.8249783
vt 0.354945 0.8455588
vt 0.3549455 0.8249792
vt 0.3613788 0.8455592
vt 0.3613794 0.8249802
vt 0.3678122 0.8455597
vt 0.3678133 0.8249807
vt 0.3742458 0.8455602
vt 0.3742472 0.8249813
vt 0.3806791 0.8455602
vt 0.380681 0.8249814
vt 0.3871128 0.8455604
vt 0.3871149 0.8249814
vt 0.3935465 0.8455604
vt 0.3935487 0.8249813
vt 0.3999798 0.8455604
vt 0.3999822 0.8249807
vt 0.00201366 0.8249801
vt 0.001960762 0.8455576
vt 0.008394951 0.8455746
vt 0.008447465 0.8249971
vt 0.01482936 0.8455915
vt 0.01488116 0.8250139
vt 0.0212641 0.8456078
vt 0.02131408 0.8250306
vt 0.02769912 0.845623
vt 0.02774728 0.8250463
vt 0.03413463 0.8456386
vt 0.03424455 0.8250614
vt 0.0405703 0.8456524
vt 0.04061181 0.825075
vt 0.04700603 0.8456657
vt 0.0470444 0.8250875
vt 0.05344193 0.8456767
vt 0.05347639 0.825099
vt 0.05987783 0.8456866
vt 0.05990832 0.82511
vt 0.0663145 0.845696
vt 0.06634081 0.8251184
vt 0.07275055 0.8457042
vt 0.07277269 0.8251258
vt 0.07918634 0.8457097
vt 0.07920478 0.8251323
vt 0.08562252 0.8457144
vt 0.08563677 0.8251376
vt 0.09205864 0.8457182
vt 0.09206969 0.8251416
vt 0.09849393 0.8457209
vt 0.09850191 0.8251436
vt 0.1049292 0.8457229
vt 0.1049344 0.8251448
vt 0.1113645 0.8457235
vt 0.1113673 0.8251462
vt 0.1177994 0.8457237
vt 0.1178006 0.8251462
vt 0.1242344 0.8457237
vt 0.1242348 0.8251459
vt 0.1306683 0.8457229
vt 0.1306686 0.8251455
vt 0.1366182 0.8249911
vt 0.1366195 0.8455673
vt 0.1430531 0.8455667
vt 0.143052 0.8249909
vt 0.1494865 0.8455661
vt 0.1494859 0.8249903
vt 0.1559197 0.8455659
vt 0.1559197 0.8249898
vt 0.1623528 0.8455659
vt 0.162354 0.82499
vt 0.1687861 0.8455662
vt 0.1687885 0.8249903
vt 0.1751938 0.845567
vt 0.1751972 0.8249911
vt 0.1816814 0.8249926
vt 0.1816773 0.8455687
vt 0.1881103 0.8455703
vt 0.1879327 0.8249941
vt 0.194544 0.845569
vt 0.1945394 0.8249932
vt 0.2009774 0.8455679
vt 0.200973 0.8249921
vt 0.2074111 0.8455667
vt 0.2074067 0.8249909
vt 0.213845 0.8455654
vt 0.21384 0.8249893
vt 0.2202787 0.8455639
vt 0.2202734 0.8249878
vt 0.2267123 0.845562
vt 0.226707 0.824986
vt 0.2331466 0.8455605
vt 0.2331406 0.8249842
vt 0.2395803 0.8455582
vt 0.2395739 0.824982
vt 0.246014 0.845556
vt 0.2460074 0.82498
vt 0.252448 0.8455539
vt 0.2524412 0.8249776
vt 0.2588818 0.8455516
vt 0.2588747 0.8249758
vt 0.2653155 0.8455493
vt 0.2653086 0.8249735
vt 0.6692905 0.8455539
vt 0.6692907 0.8249783
vt 0.6628572 0.8249783
vt 0.6628569 0.8455539
vt 0.6564237 0.8249783
vt 0.6564236 0.8455537
vt 0.6499903 0.8455535
vt 0.6499907 0.8249783
vt 0.643557 0.8455535
vt 0.6435573 0.8249783
vt 0.6371238 0.8249781
vt 0.6371232 0.8455535
vt 0.6306904 0.8249779
vt 0.6306899 0.8455533
vt 0.624257 0.8249775
vt 0.6242565 0.845553
vt 0.6178236 0.8249775
vt 0.6178229 0.8455528
vt 0.6113907 0.824977
vt 0.6113898 0.8455522
vt 0.604957 0.8249766
vt 0.604956 0.845552
vt 0.5985234 0.8249762
vt 0.5985224 0.8455515
vt 0.5920902 0.8249758
vt 0.5920892 0.8455513
vt 0.5856568 0.8249756
vt 0.5856556 0.845551
vt 0.5792237 0.8249753
vt 0.5792223 0.8455505
vt 0.5727901 0.8249748
vt 0.572789 0.84555
vt 0.5663823 0.8249746
vt 0.566381 0.8455499
vt 0.5598985 0.8249742
vt 0.5598971 0.8455492
vt 0.5534649 0.8249738
vt 0.5534638 0.8455489
vt 0.5470313 0.8249736
vt 0.5470302 0.8455487
vt 0.540598 0.824973
vt 0.540597 0.8455483
vt 0.8315958 0.3378841
vt 0.8521698 0.3378841
vt 0.8521698 0.3314509
vt 0.8315958 0.331451
vt 0.8521698 0.3250179
vt 0.831596 0.3250178
vt 0.8521698 0.3185855
vt 0.8315958 0.3185851
vt 0.8521698 0.3121524
vt 0.831596 0.3121522
vt 0.8521698 0.3057195
vt 0.831596 0.305719
vt 0.8521699 0.2993121
vt 0.8315963 0.2993113
vt 0.8521702 0.2928289
vt 0.8315964 0.2928281
vt 0.8521705 0.2863961
vt 0.8315967 0.2863949
vt 0.8521709 0.2799628
vt 0.831597 0.2799616
vt 0.8521714 0.2735301
vt 0.8315974 0.2735287
vt 0.852172 0.2670967
vt 0.831598 0.2670956
vt 0.8521724 0.260664
vt 0.8315983 0.2607101
vt 0.8521722 0.2542312
vt 0.8315983 0.2542316
vt 0.8521722 0.2477981
vt 0.8315981 0.2477986
vt 0.852172 0.241365
vt 0.8315981 0.2413654
vt 0.852172 0.2349321
vt 0.8315981 0.2349324
vt 0.852172 0.2284991
vt 0.831598 0.2284992
vt 0.852172 0.2220661
vt 0.831598 0.2220665
vt 0.8521717 0.2156331
vt 0.8315976 0.2156333
vt 0.8521714 0.2092002
vt 0.8315976 0.2092003
vt 0.8889687 0.6953171
vt 0.8826252 0.6953171
vt 0.8826252 0.7028493
vt 0.8889687 0.7028493
vt 0.8826252 0.7103834
vt 0.8889687 0.7103834
vt 0.8826252 0.7179159
vt 0.8889687 0.7179159
vt 0.8826252 0.725448
vt 0.8889687 0.725448
vt 0.8826252 0.7329823
vt 0.8889687 0.7329823
vt 0.8826252 0.7405149
vt 0.8889687 0.7405149
vt 0.8826252 0.7480492
vt 0.8889687 0.7480492
vt 0.8826252 0.7555814
vt 0.8889687 0.7555814
vt 0.8826252 0.7631136
vt 0.8889687 0.7631136
vt 0.8826252 0.7706478
vt 0.8889687 0.7706478
vt 0.8826252 0.7781802
vt 0.8889687 0.7781802
vt 0.8826252 0.7857146
vt 0.8889687 0.7857146
vt 0.8826252 0.7932469
vt 0.8889687 0.7932469
vt 0.8826252 0.800779
vt 0.8889687 0.800779
vt 0.8826252 0.8083132
vt 0.8889687 0.8083132
vt 0.8826252 0.8158456
vt 0.8889687 0.8158456
vt 0.3344264 0.8874893
vt 0.3344264 0.8938331
vt 0.3419601 0.8938331
vt 0.3419601 0.8874893
vt 0.349494 0.8938331
vt 0.349494 0.8874893
vt 0.3570287 0.8938331
vt 0.3570287 0.8874893
vt 0.3645637 0.8938331
vt 0.3645637 0.8874893
vt 0.3720978 0.8938331
vt 0.3720978 0.8874893
vt 0.3796313 0.8938331
vt 0.3796313 0.8874893
vt 0.387164 0.8938331
vt 0.387164 0.8874893
vt 0.3946962 0.8938331
vt 0.3946962 0.8874893
vt 0.4022272 0.8938331
vt 0.4022272 0.8874893
vt 0.4097587 0.8938331
vt 0.4097587 0.8874893
vt 0.4172896 0.8938331
vt 0.4172896 0.8874893
vt 0.424821 0.8938331
vt 0.424821 0.8874893
vt 0.4323523 0.8938331
vt 0.4323523 0.8874893
vt 0.4398846 0.8938331
vt 0.4398846 0.8874893
vt 0.4474168 0.8938331
vt 0.4474168 0.8874893
vt 0.45495 0.8938331
vt 0.45495 0.8874893
vt 0.7860131 0.437409
vt 0.786013 0.4527986
vt 0.7981218 0.4527987
vt 0.8152168 0.4374092
vt 0.8188906 0.43814
vt 0.8220051 0.440221
vt 0.8240861 0.4433354
vt 0.8248168 0.4470091
vt 0.8248168 0.4681587
vt 0.8077218 0.4681586
vt 0.7981222 0.4818818
vt 0.7981236 0.5271988
vt 0.8077236 0.5271985
vt 0.7037851 0.5513864
vt 0.6905217 0.5793503
vt 0.7037848 0.5793503
vt 0.6074769 0.5909557
vt 0.6102849 0.5939696
vt 0.612024 0.5977039
vt 0.6038752 0.5889571
vt 0.6905217 0.6158308
vt 0.612524 0.6017924
vt 0.6117362 0.6058356
vt 0.6146225 0.6158303
vt 0.6097376 0.6094375
vt 0.6067237 0.6122453
vt 0.6029897 0.6139843
vt 0.6146222 0.6369801
vt 0.598901 0.6144843
vt 0.5948579 0.6136966
vt 0.5767182 0.6369798
vt 0.5912561 0.6116981
vt 0.5884482 0.6086841
vt 0.5867092 0.6049498
vt 0.5862089 0.6008614
vt 0.5767184 0.5551028
vt 0.5869967 0.596818
vt 0.5889955 0.5932162
vt 0.5920092 0.5904085
vt 0.5957434 0.5886695
vt 0.5998321 0.5881691
vt 0.5766078 0.5513857
vt 0.3708868 0.01144553
vt 0.4993457 0.001958237
vt 0.372169 0.001977998
vt 0.4728849 0.01149076
vt 0.5006866 0.01191346
vt 0.5049716 0.02505821
vt 0.5118904 0.03695032
vt 0.4728877 0.08440727
vt 0.5211214 0.04703793
vt 0.5322359 0.05485182
vt 0.5447171 0.0600287
vt 0.6700293 0.0964179
vt 0.673757 0.09789558
vt 0.677157 0.1000553
vt 0.680113 0.1028232
vt 0.682524 0.1061048
vt 0.6843076 0.1097877
vt 0.6854028 0.1137462
vt 0.6857721 0.1178447
vt 0.6857722 0.1257592
vt 0.001957484 0.1257706
vt 0.001976457 0.08441513
vt 0.1882964 0.7271214
vt 0.2009734 0.7259531
vt 0.187769 0.7259531
vt 0.1893352 0.7307999
vt 0.189546 0.7346331
vt 0.2009735 0.7335857
vt 0.2005123 0.7385492
vt 0.1889169 0.7384143
vt 0.1991467 0.7433221
vt 0.1874824 0.7419399
vt 0.1969289 0.7477205
vt 0.1853194 0.7450197
vt 0.1939439 0.7515758
vt 0.190307 0.7547398
vt 0.1825446 0.7474878
vt 0.1861579 0.7570911
vt 0.1793078 0.7492113
vt 0.1816559 0.7585388
vt 0.1757834 0.7500966
vt 0.1769736 0.7590276
vt 0.1721614 0.7500966
vt 0.1686369 0.7492113
vt 0.02595296 0.7590276
vt 0.03434844 0.7492113
vt 0.03758522 0.7474878
vt 0.03082398 0.7500966
vt 0.1654 0.7474878
vt 0.02720186 0.7500966
vt 0.04035989 0.7450197
vt 0.021271 0.7585388
vt 0.1626254 0.7450197
vt 0.02367723 0.7492113
vt 0.04252267 0.7419399
vt 0.01676863 0.7570911
vt 0.1604623 0.7419399
vt 0.02044056 0.7474878
vt 0.04395732 0.7384142
vt 0.1590278 0.7384143
vt 0.04458648 0.7346328
vt 0.1583988 0.7346328
vt 0.04437577 0.7307997
vt 0.1586094 0.7307997
vt 0.04333712 0.7271212
vt 0.1596483 0.7271214
vt 0.04280962 0.7259531
vt 0.1601757 0.7259531
vt 0.01261959 0.7547398
vt 0.01766589 0.7450197
vt 0.01550289 0.7419399
vt 0.008982689 0.7515758
vt 0.005997886 0.7477205
vt 0.003780138 0.7433221
vt 0.01406841 0.7384143
vt 0.002414189 0.7385492
vt 0.01343935 0.7346328
vt 0.00195324 0.7335857
vt 0.01364998 0.7307999
vt 0.001953157 0.7259531
vt 0.01468896 0.7271214
vt 0.01521585 0.7259531
vt 0.1361797 0.3023527
vt 0.1332064 0.3062751
vt 0.1402691 0.298846
vt 0.1314688 0.3099685
vt 0.1463699 0.2970229
vt 0.131057 0.3146261
vt 0.1505304 0.2968954
vt 0.131445 0.3184097
vt 0.1546083 0.2977306
vt 0.1327605 0.3223587
vt 0.1583834 0.2994836
vt 0.1349513 0.325898
vt 0.1616525 0.3020602
vt 0.1378994 0.3288367
vt 0.1642395 0.3053212
vt 0.1414455 0.3310163
vt 0.1660047 0.3090909
vt 0.1453989 0.3323193
vt 0.1668527 0.3131661
vt 0.1495459 0.3326756
vt 0.1667383 0.317327
vt 0.1536636 0.3320659
vt 0.1656673 0.3213493
vt 0.1575293 0.3305229
vt 0.1636977 0.3250163
vt 0.1609352 0.3281302
vt 0.5865623 0.05795931
vt 0.5863837 0.06517195
vt 0.6596572 0.06518609
vt 0.6594809 0.05797343
vt 0.5865646 0.04566892
vt 0.6594836 0.04568382
vt 0.5810106 0.02538284
vt 0.5452085 0.04566052
vt 0.66391 0.02538284
vt 0.5807055 0.02416538
vt 0.6690125 0.04568582
vt 0.5745816 0.02492265
vt 0.6676665 0.02506982
vt 0.568415 0.02514209
vt 0.6712752 0.02398738
vt 0.5622529 0.02482231
vt 0.5561422 0.02396545
vt 0.5524533 0.02307852
vt 0.5251265 0.03106514
vt 0.6746223 0.02226007
vt 0.6775561 0.01989535
vt 0.691322 0.02251102
vt 0.679974 0.01700582
vt 0.7045318 0.03683786
vt 0.7003997 0.02024975
vt 0.6817786 0.01369809
vt 0.6828994 0.01010066
vt 0.6964384 0.00307931
vt 0.6833068 0.006350548
vt 0.8842329 0.6629142
vt 0.8873393 0.6728042
vt 0.8863852 0.6664773
vt 0.8868567 0.6798037
vt 0.8857682 0.6825567
vt 0.8813173 0.6599441
vt 0.8833489 0.6859441
vt 0.8777946 0.6577259
vt 0.8802139 0.6886824
vt 0.8738558 0.65638
vt 0.876532 0.6906238
vt 0.8697128 0.6559787
vt 0.8725014 0.6916637
vt 0.865589 0.6565438
vt 0.8683398 0.6917461
vt 0.8617063 0.6580446
vt 0.8642712 0.6908665
vt 0.8582747 0.6604003
vt 0.8605153 0.6890726
vt 0.8554786 0.6634839
vt 0.8572742 0.6864607
vt 0.8534695 0.6671293
vt 0.854723 0.6831716
vt 0.8523549 0.67114
vt 0.852999 0.6793831
vt 0.8521951 0.675299
vt 0.7829314 0.2636345
vt 0.7980995 0.239204
vt 0.7829314 0.239204
vt 0.8017643 0.2396867
vt 0.8051795 0.2411014
vt 0.808112 0.2433516
vt 0.8103625 0.2462842
vt 0.8117768 0.2496991
vt 0.8122595 0.2533641
vt 0.787229 0.2693868
vt 0.7822297 0.2662456
vt 0.7766572 0.2642953
vt 0.7707902 0.2636342
vt 0.7914039 0.2735617
vt 0.7945449 0.2785609
vt 0.796495 0.2841334
vt 0.7971561 0.2900007
vt 0.8122595 0.3266373
vt 0.796495 0.2958679
vt 0.7945449 0.3014408
vt 0.7914035 0.3064401
vt 0.7872283 0.3106149
vt 0.7829314 0.3163669
vt 0.8117768 0.3303022
vt 0.7822289 0.313756
vt 0.8103624 0.3337173
vt 0.7766563 0.3157062
vt 0.7707902 0.3163675
vt 0.808112 0.3366498
vt 0.8051795 0.3389
vt 0.8017643 0.3403148
vt 0.7980994 0.3407974
vt 0.7829314 0.3407974
vt 0.5350018 0.1904207
vt 0.5099252 0.1904207
vt 0.5099247 0.2034061
vt 0.5350014 0.2034025
vt 0.5098352 0.2222901
vt 0.4857673 0.2034061
vt 0.456134 0.2222901
vt 0.5720033 0.2222901
vt 0.5592759 0.2034025
vt 0.5720043 0.2034025
vt 0.5592765 0.1904206
vt 0.5843536 0.1904206
vt 0.584353 0.2034025
vt 0.4606903 0.2034026
vt 0.485768 0.1904207
vt 0.4606905 0.1904207
vt 0.4363572 0.2034026
vt 0.4150808 0.2036267
vt 0.4172945 0.1995458
vt 0.4363579 0.1904207
vt 0.4184761 0.1950588
vt 0.4185586 0.1904207
vt 0.4119607 0.2070695
vt 0.4081118 0.2096787
vt 0.4037529 0.211306
vt 0.3991306 0.2222902
vt 0.399131 0.2118589
vt 0.3945095 0.211306
vt 0.3901505 0.2096787
vt 0.3863019 0.2070695
vt 0.3487316 0.2222902
vt 0.362168 0.2034027
vt 0.3831823 0.2036267
vt 0.3809688 0.1995459
vt 0.3797873 0.1950589
vt 0.3621686 0.1904208
vt 0.3797053 0.1904207
vt 0.3381331 0.2034027
vt 0.3130558 0.2034027
vt 0.3381336 0.1904208
vt 0.3130563 0.1904208
vt 0.2950304 0.2222903
vt 0.2887231 0.2034027
vt 0.2642823 0.2070697
vt 0.2604333 0.2096788
vt 0.2560744 0.2113061
vt 0.2674023 0.2036268
vt 0.2696161 0.1995461
vt 0.2707978 0.195059
vt 0.2887234 0.1904208
vt 0.2708803 0.1904208
vt 0.2448645 0.2222903
vt 0.2514527 0.2118589
vt 0.2468312 0.2113061
vt 0.2424721 0.2096788
vt 0.2386235 0.2070697
vt 0.1876279 0.2222903
vt 0.2144117 0.2034027
vt 0.2355037 0.2036268
vt 0.2332904 0.1995461
vt 0.2144122 0.1904208
vt 0.2321092 0.195059
vt 0.2320271 0.1904208
vt 0.1901372 0.2034027
vt 0.177409 0.2034027
vt 0.1774083 0.2222903
vt 0.1901378 0.1904208
vt 0.1650608 0.1904208
vt 0.1650602 0.2034029
vt 0.7405519 0.8004997
vt 0.7405519 0.8311772
vt 0.7452856 0.8311772
vt 0.7452856 0.8004997
vt 0.7500192 0.8311772
vt 0.7500192 0.8004997
vt 0.754753 0.8311772
vt 0.754753 0.8004997
vt 0.7594869 0.8311771
vt 0.7594869 0.8004997
vt 0.7642202 0.8311771
vt 0.7642202 0.8004997
vt 0.768954 0.8311771
vt 0.7689539 0.8004997
vt 0.7736876 0.8311771
vt 0.7736876 0.8004997
vt 0.7784213 0.8311771
vt 0.7784213 0.8004997
vt 0.7831548 0.8311771
vt 0.7831548 0.8004997
vt 0.7878885 0.8311771
vt 0.7878885 0.8004997
vt 0.7926223 0.8311771
vt 0.7926223 0.8004997
vt 0.797356 0.8311771
vt 0.797356 0.8004997
vt 0.8020896 0.8311771
vt 0.8020897 0.8004997
vt 0.8068234 0.8311771
vt 0.8068234 0.8004997
vt 0.8115569 0.8311771
vt 0.8115569 0.8004997
vt 0.8162907 0.8311771
vt 0.8162908 0.8004997
vt 0.8210245 0.8311771
vt 0.8210245 0.8004997
vt 0.825758 0.8311771
vt 0.825758 0.8004997
vt 0.8304916 0.8311771
vt 0.8304916 0.8004997
vt 0.8352254 0.8311771
vt 0.8352254 0.8004997
vt 0.1562014 0.5513932
vt 0.3238406 0.5768347
vt 0.3238406 0.5513941
vt 0.1518531 0.5519656
vt 0.1478015 0.5536442
vt 0.144322 0.5563142
vt 0.1416521 0.5597938
vt 0.1399738 0.5638458
vt 0.1394013 0.5681942
vt 0.1394012 0.6047981
vt 0.3370446 0.6047978
vt 0.337045 0.5768344
vt 0.8365142 0.4663152
vt 0.8365142 0.4727392
vt 0.856922 0.4727392
vt 0.856922 0.4663152
vt 0.8365142 0.4598926
vt 0.856922 0.4598926
vt 0.8365142 0.4534715
vt 0.856922 0.4534715
vt 0.8365142 0.4470515
vt 0.856922 0.4470515
vt 0.856922 0.4408959
vt 0.8365142 0.4408959
vt 0.856922 0.4342188
vt 0.8365142 0.4342188
vt 0.856922 0.4277973
vt 0.8365142 0.4277973
vt 0.856922 0.4213748
vt 0.8365142 0.4213748
vt 0.8365142 0.4149503
vt 0.856922 0.4149503
vt 0.8365142 0.4085229
vt 0.856922 0.4085229
vt 0.8365142 0.4020923
vt 0.856922 0.4020923
vt 0.8365142 0.3956591
vt 0.856922 0.3956591
vt 0.8365142 0.3892247
vt 0.856922 0.3892247
vt 0.8365142 0.3827889
vt 0.856922 0.3827889
vt 0.856922 0.3766148
vt 0.8365142 0.373596
vt 0.856922 0.3705776
vt 0.8365142 0.3705776
vt 0.8365142 0.36672
vt 0.856922 0.3630732
vt 0.8365142 0.3630732
vt 0.856922 0.3566873
vt 0.8365142 0.3566873
vt 0.8365142 0.3502596
vt 0.856922 0.3502596
vt 0.8365142 0.3438336
vt 0.856922 0.3438336
vt 0.8894979 0.5381439
vt 0.8911977 0.5144153
vt 0.8894979 0.5144153
vt 0.8916733 0.5419283
vt 0.8938325 0.5450405
vt 0.8911977 0.4907835
vt 0.893832 0.4112761
vt 0.8911977 0.4661273
vt 0.8894976 0.4661273
vt 0.8894976 0.4907835
vt 0.8911977 0.4422029
vt 0.8916729 0.4143885
vt 0.8894976 0.4175466
vt 0.8894976 0.4422029
vt 0.7864553 0.7886833
vt 0.7801077 0.7938678
vt 0.7835228 0.7918665
vt 0.7877225 0.7866281
vt 0.7764426 0.7945502
vt 0.5791617 0.79286
vt 0.5848795 0.7945507
vt 0.3225711 0.7866286
vt 0.4339619 0.7928601
vt 0.5734441 0.7945507
vt 0.4396795 0.7945507
vt 0.4282442 0.7945507
vt 0.3338508 0.7945508
vt 0.3301859 0.7938682
vt 0.3238382 0.788684
vt 0.3267708 0.7918672
vt 0.9245596 0.2544623
vt 0.8964846 0.2544623
vt 0.8964846 0.2816198
vt 0.9245596 0.2816198
vt 0.4743938 0.5604862
vt 0.4754018 0.5700543
vt 0.4754018 0.5515419
vt 0.4714211 0.5689834
vt 0.4666316 0.5766062
vt 0.4910612 0.6147711
vt 0.4602661 0.5829719
vt 0.4526434 0.5877616
vt 0.4441465 0.590735
vt 0.4352005 0.5917429
vt 0.4966492 0.6140358
vt 0.3793398 0.6147711
vt 0.5018563 0.6118789
vt 0.4262548 0.590735
vt 0.5063277 0.6084479
vt 0.4177579 0.5877617
vt 0.5097588 0.6039764
vt 0.5119156 0.5987693
vt 0.5126514 0.5931812
vt 0.5126514 0.5700543
vt 0.4101353 0.5829724
vt 0.4037699 0.5766068
vt 0.3949994 0.5700543
vt 0.3737518 0.6140358
vt 0.3989807 0.5689842
vt 0.3685445 0.6118789
vt 0.3960072 0.5604876
vt 0.3949994 0.5515419
vt 0.3640733 0.6084479
vt 0.3606423 0.6039764
vt 0.3584854 0.5987693
vt 0.3577497 0.5931812
vt 0.3577497 0.5700543
vt 0.06279378 0.7787675
vt 0.06087991 0.7768538
vt 0.06171087 0.7779366
vt 0.0603576 0.7755927
vt 0.06405483 0.7792897
vt 0.06017949 0.7742394
vt 0.06540818 0.7794682
vt 0.1911962 0.7713274
vt 0.06017954 0.7713279
vt 0.1175833 0.7794679
vt 0.1795252 0.7829037
vt 0.1175833 0.7936108
vt 0.1795252 0.7936108
vt 0.2031476 0.7829037
vt 0.2031475 0.7645286
vt 0.1911962 0.7645286
vt 0.1913698 0.7630985
vt 0.2029739 0.7630984
vt 0.1918806 0.7617514
vt 0.202463 0.7617514
vt 0.1926989 0.7605659
vt 0.2016446 0.7605659
vt 0.1937773 0.7596107
vt 0.2005664 0.7596107
vt 0.1950528 0.758941
vt 0.1992907 0.758941
vt 0.1964514 0.7585965
vt 0.197892 0.7585965
vt 0.6816844 0.8575104
vt 0.67524 0.8371266
vt 0.67524 0.8575104
vt 0.6816844 0.8371266
vt 0.6881287 0.8575104
vt 0.6881287 0.8371266
vt 0.6945731 0.8575104
vt 0.6945731 0.8371266
vt 0.7014015 0.8575104
vt 0.7014015 0.8371266
vt 0.7087932 0.8575104
vt 0.7075876 0.8371266
vt 0.7122287 0.8575104
vt 0.7140619 0.8371266
vt 0.7156655 0.8575104
vt 0.7204872 0.8575104
vt 0.7204872 0.8371266
vt 0.7266847 0.8575104
vt 0.7266847 0.8371266
vt 0.7331449 0.8371266
vt 0.7331449 0.8575104
vt 0.7395714 0.8371266
vt 0.7395714 0.8575104
vt 0.7460158 0.8371266
vt 0.7460158 0.8575104
vt 0.75246 0.8575104
vt 0.75246 0.8371266
vt 0.7589041 0.8575104
vt 0.7589041 0.8371266
vt 0.7653487 0.8575104
vt 0.7653487 0.8371266
vt 0.7717929 0.8575104
vt 0.7717929 0.8371266
vt 0.7782374 0.8575104
vt 0.7782374 0.8371266
vt 0.7846816 0.8575104
vt 0.7846816 0.8371266
vt 0.7911258 0.8576205
vt 0.7911258 0.8371266
vt 0.7975705 0.8576205
vt 0.7975705 0.8371266
vt 0.8040148 0.8576205
vt 0.8040148 0.8371266
vt 0.2196585 0.263062
vt 0.2054797 0.2740574
vt 0.2162475 0.2767423
vt 0.209479 0.2461201
vt 0.2054799 0.2460124
vt 0.2065266 0.2453838
vt 0.3362682 0.02651758
vt 0.3345392 0.03573042
vt 0.3379517 0.0302392
vt 0.3182957 0.03320237
vt 0.3329787 0.04193514
vt 0.3141634 0.02827141
vt 0.3207021 0.03916895
vt 0.3329954 0.01741614
vt 0.3211468 0.0455873
vt 0.3087095 0.02485853
vt 0.3334235 0.04835339
vt 0.3195865 0.05182862
vt 0.3358298 0.05431983
vt 0.3161737 0.05728257
vt 0.3399622 0.05925085
vt 0.3006627 0.01741614
vt 0.3112426 0.06141515
vt 0.3024679 0.02329823
vt 0.2960496 0.023743
vt 0.2900828 0.02614947
vt 0.3454161 0.06266364
vt 0.2496678 0.01741614
vt 0.3499865 0.07014853
vt 0.3516577 0.06422376
vt 0.3580759 0.06377909
vt 0.3640426 0.06137292
vt 0.3006627 0.07014853
vt 0.3052556 0.06390485
vt 0.2988577 0.0642664
vt 0.4062627 0.07014848
vt 0.252476 0.06382143
vt 0.2478629 0.07014853
vt 0.2460579 0.0642664
vt 0.2584427 0.06141548
vt 0.2926162 0.06270574
vt 0.2871623 0.05929333
vt 0.2633738 0.05728278
vt 0.2398162 0.06270608
vt 0.2830299 0.05436226
vt 0.2667865 0.05182885
vt 0.2683469 0.0455873
vt 0.2806236 0.04839573
vt 0.2801787 0.0419773
vt 0.2679023 0.03916913
vt 0.2654957 0.03320259
vt 0.2817391 0.03573542
vt 0.2851519 0.03028174
vt 0.2613634 0.02827143
vt 0.2559095 0.02485874
vt 0.2496678 0.02329803
vt 0.2432701 0.02365984
vt 0.2085838 0.01741615
vt 0.2057288 0.02567049
vt 0.237283 0.02614933
vt 0.2090513 0.02841099
vt 0.232352 0.03028174
vt 0.2126959 0.03321704
vt 0.2289392 0.03573578
vt 0.2151022 0.03918336
vt 0.2273788 0.04197736
vt 0.215547 0.04560174
vt 0.2278236 0.04839552
vt 0.2139866 0.05184336
vt 0.23023 0.05436214
vt 0.2105739 0.0572973
vt 0.2056429 0.06142989
vt 0.2343623 0.05929318
vt 0.1983096 0.07014853
vt 0.1996761 0.06383596
vt 0.1932579 0.06428073
vt 0.142263 0.07014859
vt 0.1528429 0.06141533
vt 0.1870162 0.06272069
vt 0.1815624 0.05930768
vt 0.157774 0.05728283
vt 0.17743 0.05437672
vt 0.1468762 0.06382132
vt 0.1611867 0.05182875
vt 0.1750236 0.04840993
vt 0.174579 0.04199199
vt 0.162747 0.04558716
vt 0.1623023 0.03916902
vt 0.1761392 0.03574999
vt 0.1598959 0.03320219
vt 0.179552 0.03029593
vt 0.1557636 0.02827151
vt 0.1503096 0.0248586
vt 0.1844831 0.02616388
vt 0.1904497 0.02375766
vt 0.1880355 0.01741621
vt 0.142263 0.01741621
vt 0.1440681 0.0232983
vt 0.1376498 0.02374287
vt 0.1316832 0.02614959
vt 0.09754804 0.02486033
vt 0.089463 0.01741624
vt 0.103002 0.02827324
vt 0.126752 0.03028159
vt 0.09130631 0.02330018
vt 0.08487014 0.02365984
vt 0.1071342 0.03320436
vt 0.1233393 0.03573551
vt 0.07892144 0.02615112
vt 0.121779 0.04197744
vt 0.1095855 0.03918962
vt 0.1099854 0.04558928
vt 0.1222238 0.04839548
vt 0.1246301 0.05436214
vt 0.108425 0.05183061
vt 0.1050123 0.05728453
vt 0.1287625 0.05929318
vt 0.1342164 0.06270631
vt 0.1000814 0.06141724
vt 0.1404579 0.06426609
vt 0.09411459 0.06382322
vt 0.08946303 0.07014859
vt 0.08769618 0.06426819
vt 0.04127645 0.06382148
vt 0.02833831 0.07014859
vt 0.04724314 0.06141538
vt 0.03485808 0.06426631
vt 0.08145472 0.06270783
vt 0.02861639 0.06270637
vt 0.02247114 0.06948753
vt 0.01689831 0.06753752
vt 0.02316266 0.05929328
vt 0.01189908 0.06439634
vt 0.05217407 0.05728283
vt 0.07600079 0.05929474
vt 0.01903013 0.0543622
vt 0.007724308 0.06022146
vt 0.004583118 0.05522231
vt 0.01662391 0.04839579
vt 0.002633167 0.04964954
vt 0.07186845 0.05436419
vt 0.05558685 0.05182913
vt 0.016179 0.04197736
vt 0.05714719 0.04558741
vt 0.06946205 0.04839732
vt 0.001971954 0.0437824
vt 0.002633115 0.03791519
vt 0.004583238 0.03234231
vt 0.06901731 0.04197916
vt 0.05670241 0.03916907
vt 0.01773955 0.03573569
vt 0.00772455 0.02734309
vt 0.01189961 0.02316818
vt 0.05429601 0.03320266
vt 0.07057767 0.03573741
vt 0.0739904 0.03028341
vt 0.05016364 0.02827136
vt 0.02115215 0.03028176
vt 0.01689885 0.02002702
vt 0.02247178 0.01807713
vt 0.02608335 0.02614923
vt 0.0283381 0.01741621
vt 0.03207033 0.02365989
vt 0.03666316 0.01741621
vt 0.03846826 0.0232983
vt 0.04470982 0.0248586
vt 0.3611138 0.02473868
vt 0.3535437 0.0174161
vt 0.3536818 0.02328753
vt 0.4016697 0.0236598
vt 0.4163108 0.0174161
vt 0.4080678 0.02329818
vt 0.4143094 0.02485887
vt 0.4221771 0.01807693
vt 0.395683 0.02614917
vt 0.3669632 0.02822897
vt 0.4197632 0.02827141
vt 0.4277501 0.02002689
vt 0.4327495 0.02316803
vt 0.3710956 0.03315989
vt 0.4238956 0.03320208
vt 0.4369245 0.02734284
vt 0.4400659 0.03234221
vt 0.426302 0.03916891
vt 0.442016 0.03791514
vt 0.3907517 0.03028166
vt 0.3873391 0.03573561
vt 0.4267467 0.0455873
vt 0.3857787 0.04197726
vt 0.3735021 0.03912662
vt 0.3739468 0.04554471
vt 0.3862235 0.04839548
vt 0.4426771 0.04378223
vt 0.4420162 0.04964931
vt 0.4400659 0.05522212
vt 0.3723865 0.05178649
vt 0.3886297 0.05436214
vt 0.4251864 0.05182882
vt 0.4369248 0.0602214
vt 0.4327499 0.06439616
vt 0.4217737 0.05728271
vt 0.4277508 0.0675374
vt 0.3927622 0.05929311
vt 0.3689736 0.05724049
vt 0.398216 0.06270584
vt 0.4168427 0.06141516
vt 0.4221779 0.06948739
vt 0.4163109 0.07014848
vt 0.4108758 0.06382148
vt 0.4044577 0.06426635
vt 0.1446299 0.9304014
vt 0.1199734 0.9293627
vt 0.1199734 0.9304013
vt 0.1446299 0.9293629
vt 0.1048054 0.9277533
vt 0.1048054 0.9293627
vt 0.1991989 0.9277543
vt 0.1684967 0.9293631
vt 0.1960865 0.9290733
vt 0.1684967 0.9304015
vt 0.193153 0.9304017
vt 0.004236074 0.8200637
vt 0.268959 0.816121
vt 0.004236074 0.8161207
vt 0.3934522 0.8161219
vt 0.7270247 0.8200654
vt 0.5482968 0.8161227
vt 0.7270247 0.8161234
vt 0.4012206 0.9761581
vt 0.3731455 0.9749651
vt 0.3731455 0.9761584
vt 0.4012205 0.9609891
vt 0.3871213 0.9609891
vt 0.02604878 0.917274
vt 0.00136077 0.9183123
vt 0.02604878 0.9183123
vt 0.00136077 0.9156647
vt 0.049711 0.917274
vt 0.1230421 0.9156649
vt 0.0743989 0.917274
vt 0.0743989 0.9183123
vt 0.049711 0.9183123
vt 0.09835404 0.917274
vt 0.1230421 0.9183123
vt 0.09835404 0.9183123
vt 0.09978496 0.7926755
vt 0.002119362 0.7941624
vt 0.09880146 0.7941558
vt 0.002595091 0.7854176
vt 0.1011994 0.7892601
vt 0.101682 0.7854176
vt 0.5473701 0.3119218
vt 0.6983908 0.3119218
vt 0.6983908 0.2282396
vt 0.5473701 0.2282396
vt 0.6236496 0.9655938
vt 0.6377488 0.9655938
vt 0.6377486 0.9504246
vt 0.6096226 0.9515666
vt 0.6096226 0.9504246
vt 0.002009836 0.6013462
vt 0.02648523 0.601296
vt 0.02646289 0.5904142
vt 0.02695857 0.5852692
vt 0.001959249 0.5768018
vt 0.02643525 0.5767508
vt 0.02844815 0.5803208
vt 0.03087878 0.575761
vt 0.03415591 0.5717655
vt 0.02642826 0.5513958
vt 0.03815032 0.5684855
vt 0.04270769 0.5660484
vt 0.04765312 0.5645482
vt 0.05279628 0.5640419
vt 0.07916369 0.5513946
vt 0.05793949 0.5645477
vt 0.06288476 0.566048
vt 0.06744219 0.5684848
vt 0.07143655 0.5717646
vt 0.07471422 0.5757602
vt 0.07915731 0.5767496
vt 0.07714529 0.5803196
vt 0.07863602 0.5852681
vt 0.1036335 0.5767945
vt 0.07913315 0.590413
vt 0.1035888 0.601339
vt 0.0791131 0.6012945
vt 0.1591064 0.1906772
vt 0.154633 0.2321028
vt 0.1590369 0.2321118
vt 0.1341794 0.190613
vt 0.1341256 0.2174168
vt 0.1296484 0.2767715
vt 0.1545621 0.26739
vt 0.1427728 0.282239
vt 0.1553052 0.2889608
vt 0.1790824 0.2674429
vt 0.1671196 0.2968648
vt 0.1160584 0.2726138
vt 0.1881489 0.2708426
vt 0.178103 0.3058854
vt 0.1881479 0.315937
vt 0.1063747 0.2706638
vt 0.09415225 0.2691468
vt 0.08060151 0.2686155
vt 0.2486276 0.3215911
vt 0.02705142 0.2171984
vt 0.1913824 0.3219875
vt 0.1989241 0.3319934
vt 0.2023298 0.337186
vt 0.2525168 0.3371845
vt 0.0670488 0.2689938
vt 0.05481994 0.2706511
vt 0.04568573 0.2724446
vt 0.0320763 0.2765366
vt 0.006482994 0.2318002
vt 0.02710931 0.1903947
vt 0.002189529 0.1903481
vt 0.002078984 0.2317907
vt 0.006451962 0.2670902
vt 0.01893366 0.2819422
vt 0.006383547 0.2886097
vt 0.001959453 0.2886003
vt 0.002005279 0.2670806
vt 0.001953125 0.5070634
vt 0.7087113 0.5070634
vt 0.7087113 0.4896842
vt 0.001953125 0.4896842
vt 0.3877055 0.1570799
vt 0.3904521 0.153872
vt 0.3877055 0.1541391
vt 0.3904521 0.1573517
vt 0.3931985 0.1530768
vt 0.3931985 0.1581519
vt 0.3959444 0.1517842
vt 0.3959444 0.1594499
vt 0.3986902 0.1500436
vt 0.3986902 0.1611959
vt 0.4015903 0.1476625
vt 0.4015903 0.1633225
vt 0.4041811 0.147665
vt 0.4041811 0.165748
vt 0.4069306 0.1476671
vt 0.4069306 0.1683784
vt 0.4096804 0.1711303
vt 0.4096804 0.1476695
vt 0.877375 0.8866149
vt 0.8773752 0.914741
vt 0.9058542 0.914741
vt 0.9058545 0.8866149
vt 0.8062891 0.6158628
vt 0.7870892 0.6106933
vt 0.7870892 0.6158628
vt 0.8062891 0.6106933
vt 0.7870892 0.6055237
vt 0.8062891 0.6055237
vt 0.7870892 0.6003541
vt 0.8062891 0.6003541
vt 0.7870892 0.5951845
vt 0.8062891 0.5951845
vt 0.7870892 0.5900147
vt 0.8062891 0.5900147
vt 0.7870892 0.5848449
vt 0.8062891 0.5848449
vt 0.7870892 0.5796753
vt 0.8062891 0.5796753
vt 0.7870892 0.5745056
vt 0.8062891 0.5745056
vt 0.7870892 0.5693358
vt 0.8062891 0.5693358
vt 0.7870892 0.5641661
vt 0.8062891 0.5641661
vt 0.7870892 0.5589964
vt 0.8062891 0.5589964
vt 0.7870892 0.5538269
vt 0.8062891 0.5538269
vt 0.7870892 0.5486571
vt 0.8062891 0.5486571
vt 0.7870892 0.5434875
vt 0.8062891 0.5434875
vt 0.7870892 0.538318
vt 0.8062891 0.538318
vt 0.7870892 0.5331483
vt 0.8062891 0.5331483
vt 0.8806243 0.821795
vt 0.8806238 0.849921
vt 0.9091052 0.8499215
vt 0.9091052 0.8217953
vt 0.9597539 0.3665351
vt 0.9316278 0.3665353
vt 0.9597539 0.3676774
vt 0.9457269 0.3817044
vt 0.9316279 0.3817046
vt 0.9902675 0.9798092
vt 0.9619329 0.9798092
vt 0.9619329 0.9939081
vt 0.9902675 0.9939081
vt 0.9335732 0.7545299
vt 0.9335734 0.768629
vt 0.9487427 0.7686289
vt 0.9476 0.7405027
vt 0.9487423 0.7405027
vt 0.9213309 0.7193619
vt 0.8949181 0.7193619
vt 0.8949181 0.7474881
vt 0.9213309 0.7474881
vt 0.9555392 0.4844059
vt 0.9555392 0.5125322
vt 0.9566814 0.4844059
vt 0.9707084 0.4984329
vt 0.9707084 0.5125322
vt 0.9051139 0.9753904
vt 0.8767794 0.9753904
vt 0.8767794 0.9894894
vt 0.9051139 0.9894894
vt 0.3233985 0.9409793
vt 0.3092995 0.9409793
vt 0.3092995 0.9561488
vt 0.3374257 0.9550064
vt 0.3374257 0.9561488
vt 0.7443421 0.8906344
vt 0.7161369 0.8906344
vt 0.7161369 0.9187607
vt 0.7443421 0.9187607
vt 0.9508618 0.1382558
vt 0.9508616 0.166382
vt 0.9520039 0.1382558
vt 0.9660307 0.1522827
vt 0.9660307 0.166382
vt 0.23215 0.982882
vt 0.2038154 0.982882
vt 0.2038154 0.9969808
vt 0.23215 0.9969808
vt 0.5288458 0.9320138
vt 0.5147466 0.9320136
vt 0.5147465 0.9471828
vt 0.5428728 0.946041
vt 0.5428725 0.9471833
vt 0.9240081 0.550696
vt 0.8971817 0.550696
vt 0.8971817 0.5788222
vt 0.9240081 0.5788223
vt 0.9364433 0.677487
vt 0.9364433 0.7056132
vt 0.9375854 0.677487
vt 0.9516128 0.691514
vt 0.9516128 0.7056132
vt 0.9911508 0.7845046
vt 0.9911508 0.7537091
vt 0.9758272 0.7537091
vt 0.9758272 0.7845046
vt 0.3574742 0.9512839
vt 0.3433752 0.9512839
vt 0.3433752 0.966453
vt 0.3715011 0.9653109
vt 0.3715011 0.966453
vt 0.7101875 0.8906344
vt 0.6819823 0.8906344
vt 0.6819823 0.9187607
vt 0.7101875 0.9187607
vt 0.8825985 0.9464771
vt 0.8544724 0.9464771
vt 0.8825985 0.9476191
vt 0.8685714 0.9616464
vt 0.8544723 0.9616464
vt 0.1978658 0.9706135
vt 0.1695313 0.9706135
vt 0.1695313 0.9847128
vt 0.1978658 0.9847128
vt 0.9497468 0.1863585
vt 0.9497468 0.2004576
vt 0.9649159 0.2004576
vt 0.9637739 0.1723314
vt 0.9649159 0.1723314
vt 0.9213305 0.7875133
vt 0.8949181 0.7875133
vt 0.8949181 0.8156393
vt 0.9213306 0.8156393
vt 0.9555391 0.4503304
vt 0.9555391 0.4784565
vt 0.9566814 0.4503304
vt 0.9707082 0.4643575
vt 0.9707082 0.4784566
vt 0.9787815 0.8844811
vt 0.9787815 0.9128152
vt 0.9928806 0.9128152
vt 0.9928806 0.8844811
vt 0.8605819 0.9405275
vt 0.8889167 0.9405275
vt 0.8889167 0.9206905
vt 0.8605819 0.9206905
vt 0.5882415 0.9215686
vt 0.5599068 0.9215686
vt 0.5599068 0.9414057
vt 0.5882415 0.9414057
vt 0.9437972 0.1747126
vt 0.9239602 0.1747126
vt 0.9239602 0.2030473
vt 0.9437972 0.2030473
vt 0.9250904 0.06457182
vt 0.9449276 0.06457182
vt 0.9449276 0.03623715
vt 0.9250904 0.03623715
vt 0.7786261 0.9240776
vt 0.7502915 0.9240776
vt 0.7502915 0.9439147
vt 0.7786261 0.9439147
vt 0.9239602 0.1404285
vt 0.9239602 0.1687632
vt 0.9437973 0.1687632
vt 0.9437973 0.1404285
vt 0.9324347 0.5399926
vt 0.9324353 0.5540916
vt 0.9476044 0.5540913
vt 0.9464617 0.5259653
vt 0.9476039 0.5259653
vt 0.4063618 0.8997833
vt 0.3780272 0.8997826
vt 0.3780268 0.9196199
vt 0.4063615 0.9196205
vt 0.9005464 0.3888283
vt 0.900546 0.417163
vt 0.9203829 0.4171632
vt 0.9203835 0.3888287
vt 0.9086333 0.4857314
vt 0.9284704 0.4857317
vt 0.9284707 0.4573968
vt 0.9086338 0.4573968
vt 0.9231067 0.4916812
vt 0.9032697 0.4916809
vt 0.9032694 0.5200157
vt 0.9231064 0.5200159
vt 0.9180372 0.8816575
vt 0.9180368 0.9099917
vt 0.9378738 0.9099922
vt 0.9378741 0.8816578
vt 0.4406457 0.8997831
vt 0.4123113 0.8997826
vt 0.412311 0.9196198
vt 0.4406452 0.9196201
vt 0.4724366 0.1565384
vt 0.4751833 0.1562691
vt 0.4751833 0.1533285
vt 0.4724366 0.1530593
vt 0.4696901 0.1573362
vt 0.4696901 0.1522619
vt 0.4669439 0.1586317
vt 0.4669439 0.1509672
vt 0.4642278 0.1603753
vt 0.4642278 0.1492671
vt 0.4612974 0.1625003
vt 0.4612974 0.1468423
vt 0.4587061 0.1649247
vt 0.4587061 0.1468443
vt 0.4559605 0.1675552
vt 0.4559605 0.1468463
vt 0.4532067 0.1703066
vt 0.4532067 0.1468482
vt 0.762107 0.9498641
vt 0.748008 0.9498641
vt 0.748008 0.9650334
vt 0.776134 0.9638909
vt 0.776134 0.9650332
vt 0.5954633 0.9744102
vt 0.5671289 0.9744091
vt 0.5671284 0.9885083
vt 0.5954627 0.9885093
vt 0.4747216 0.9320142
vt 0.4465954 0.932013
vt 0.4747216 0.9331564
vt 0.4606941 0.9471829
vt 0.4465949 0.9471823
vt 0.5196728 0.8979378
vt 0.4932619 0.8979374
vt 0.4932614 0.9260635
vt 0.5196722 0.9260641
vt 0.6492631 0.002619445
vt 0.635164 0.002619224
vt 0.6351637 0.01778828
vt 0.6632899 0.01664653
vt 0.6632896 0.01778872
vt 0.9918925 0.06873406
vt 0.9918932 0.03851631
vt 0.9768571 0.03851601
vt 0.9768564 0.06873368
vt 0.2338711 0.9524218
vt 0.205745 0.9524218
vt 0.2338711 0.9535639
vt 0.2198441 0.9675909
vt 0.205745 0.9675909
vt 0.8142399 0.8866152
vt 0.7860345 0.8866147
vt 0.786034 0.9147409
vt 0.8142392 0.9147413
vt 0.9508771 0.05005604
vt 0.9508771 0.06415516
vt 0.9660463 0.06415516
vt 0.9649042 0.03602885
vt 0.9660463 0.03602885
vt 0.9860157 0.2149856
vt 0.9860162 0.1847679
vt 0.97098 0.1847676
vt 0.9709793 0.2149851
vt 0.3644604 0.5513896
vt 0.3363345 0.5513907
vt 0.3644604 0.5525318
vt 0.3504342 0.5665593
vt 0.3363349 0.56656
vt 0.9233111 0.3547531
vt 0.8964849 0.3547525
vt 0.8964843 0.3828787
vt 0.9233104 0.3828792
vt 0.93442 0.4712154
vt 0.9344204 0.4853146
vt 0.9495898 0.4853143
vt 0.9484474 0.4571883
vt 0.9495892 0.4571883
vt 0.3351226 0.2565749
vt 0.3351232 0.2282401
vt 0.3210241 0.2282398
vt 0.3210233 0.2565745
vt 0.9438236 0.8815873
vt 0.9438239 0.9097134
vt 0.944966 0.8815873
vt 0.958993 0.8956143
vt 0.958993 0.9097134
vt 0.9508618 0.1182071
vt 0.9508618 0.1323064
vt 0.966031 0.1323064
vt 0.9648887 0.1041801
vt 0.966031 0.1041801
vt 0.8217192 0.9464776
vt 0.80762 0.9464774
vt 0.80762 0.9616466
vt 0.8357463 0.9605045
vt 0.8357463 0.9616467
vt 0.9923546 0.1418598
vt 0.9923553 0.1116418
vt 0.9773194 0.1116416
vt 0.9773185 0.1418592
vt 0.9611749 0.5600413
vt 0.9330485 0.5600411
vt 0.9611749 0.5611836
vt 0.9471478 0.5752105
vt 0.9330485 0.5752105
vt 0.5105582 0.7482473
vt 0.4818006 0.7482476
vt 0.4818007 0.7763737
vt 0.5105583 0.7763736
vt 0.9293329 0.4371392
vt 0.9293325 0.4512384
vt 0.9445018 0.4512388
vt 0.9433601 0.4231125
vt 0.9445022 0.4231125
vt 0.7272714 0.9764476
vt 0.6937293 0.9764472
vt 0.6937293 0.9931375
vt 0.7272711 0.993138
vt 0.5769485 0.9473553
vt 0.5488225 0.9473551
vt 0.5769485 0.9484975
vt 0.5629215 0.9625245
vt 0.5488225 0.9625244
vt 0.7358471 0.9929755
vt 0.7693893 0.9929749
vt 0.7693889 0.9762842
vt 0.7358466 0.9762853
vt 0.7443373 0.1564622
vt 0.7443382 0.1847968
vt 0.7584373 0.1847963
vt 0.7584365 0.1564618
vt 0.9721839 0.001953693
vt 0.9721849 0.03217113
vt 0.987221 0.03217087
vt 0.98722 0.001953224
vt 0.9721676 0.07507921
vt 0.9721684 0.1052968
vt 0.9872047 0.1052963
vt 0.9872036 0.07507904
vt 0.9886217 0.6717785
vt 0.9886221 0.6415609
vt 0.9735856 0.6415609
vt 0.9735856 0.6717785
vt 0.01138041 0.9927711
vt 0.03971493 0.9927706
vt 0.0397146 0.9786714
vt 0.01138008 0.978672
vt 0.9773648 0.1482052
vt 0.9773651 0.1784227
vt 0.9924017 0.1784225
vt 0.9924006 0.1482049
vt 0.2561607 0.9417866
vt 0.2561606 0.9276875
vt 0.2409912 0.9276875
vt 0.2421335 0.9558138
vt 0.2409915 0.9558138
vt 0.8201886 0.940528
vt 0.8485231 0.940528
vt 0.8485231 0.9206907
vt 0.8201886 0.9206907
vt 0.7005842 0.05190705
vt 0.7287104 0.05190782
vt 0.7005842 0.05076465
vt 0.7146116 0.03673822
vt 0.7287108 0.03673855
vt 0.9231645 0.6852862
vt 0.8967519 0.6852862
vt 0.8967522 0.7134125
vt 0.9231648 0.7134125
vt 0.6577252 0.9655939
vt 0.6718242 0.9655939
vt 0.6718242 0.9504246
vt 0.6436982 0.9515669
vt 0.6436982 0.9504246
vt 0.001953125 0.9440988
vt 0.03028775 0.9440988
vt 0.03028775 0.9242617
vt 0.001953125 0.9242617
vt 0.9444292 0.3605857
vt 0.9444301 0.3324595
vt 0.9432868 0.3605857
vt 0.9292604 0.3465582
vt 0.9292608 0.3324592
vt 0.6077233 0.8874928
vt 0.579518 0.8874928
vt 0.579518 0.9156191
vt 0.6077234 0.9156189
vt 0.9453171 0.7343716
vt 0.9453169 0.7202724
vt 0.9301475 0.7202725
vt 0.9312901 0.7483987
vt 0.9301478 0.7483987
vt 0.0362372 0.9242617
vt 0.0362372 0.9440988
vt 0.06457174 0.9440988
vt 0.06457174 0.9242617
vt 0.9656312 0.3054828
vt 0.9656315 0.2773566
vt 0.9644889 0.3054828
vt 0.9504622 0.2914556
vt 0.9504622 0.2773564
vt 0.9233117 0.3206774
vt 0.8964855 0.3206761
vt 0.8964844 0.3488024
vt 0.9233106 0.3488036
vt 0.0159801 0.9652176
vt 0.03007935 0.9652176
vt 0.03007935 0.9500483
vt 0.001953125 0.9511908
vt 0.001953125 0.9500483
vt 0.9437972 0.2089967
vt 0.9239601 0.2089967
vt 0.9239601 0.2373314
vt 0.9437972 0.2373314
vt 0.9656312 0.3395586
vt 0.9656315 0.3114323
vt 0.9644889 0.3395586
vt 0.9504622 0.3255316
vt 0.9504622 0.3114323
vt 0.6760329 0.8906345
vt 0.6478275 0.8906344
vt 0.6478275 0.9187606
vt 0.6760329 0.9187606
vt 0.05005593 0.9652175
vt 0.06415507 0.9652175
vt 0.06415495 0.9500483
vt 0.03602879 0.9511908
vt 0.03602879 0.9500484
vt 0.9448553 0.03028769
vt 0.9448553 0.001953125
vt 0.925018 0.001953125
vt 0.925018 0.03028769
vt 0.9644893 0.2714072
vt 0.9656314 0.2714072
vt 0.9656316 0.243281
vt 0.9504622 0.2432809
vt 0.9504622 0.2573801
vt 0.9226809 0.6512101
vt 0.8962683 0.6512105
vt 0.8962687 0.6793367
vt 0.9226814 0.6793362
vt 0.9649159 0.2205064
vt 0.9649159 0.2064072
vt 0.9497468 0.2064071
vt 0.9508889 0.2345332
vt 0.9497468 0.2345332
vt 0.9449124 0.1344791
vt 0.9449124 0.1061444
vt 0.9250752 0.1061444
vt 0.9250752 0.1344791
vt 0.07880208 0.9792143
vt 0.05046746 0.9792143
vt 0.05046746 0.9933133
vt 0.07880208 0.9933133
vt 0.9190635 0.9910513
vt 0.9473981 0.9910513
vt 0.9473981 0.9769521
vt 0.9190635 0.9769521
vt 0.9911508 0.8217663
vt 0.9911508 0.7909707
vt 0.9758272 0.7909707
vt 0.9758272 0.8217663
vt 0.2798147 0.9973161
vt 0.3081493 0.9973161
vt 0.3081493 0.9832172
vt 0.2798147 0.9832172
vt 0.4799529 0.9883506
vt 0.5082877 0.9883506
vt 0.5082877 0.9742514
vt 0.4799529 0.9742514
vt 0.5142371 0.9918865
vt 0.5425717 0.9918865
vt 0.5425717 0.9777874
vt 0.5142371 0.9777874
vt 0.5069165 0.6207217
vt 0.4787904 0.6207207
vt 0.5069165 0.6218638
vt 0.4928891 0.6358904
vt 0.4787898 0.6358901
vt 0.5256229 0.917775
vt 0.5539573 0.9177749
vt 0.5539569 0.8979374
vt 0.5256223 0.8979382
vt 0.1529805 0.9449484
vt 0.1388812 0.9449483
vt 0.1388812 0.9601176
vt 0.1670075 0.9589753
vt 0.1670075 0.9601176
vt 0.9217676 0.7534376
vt 0.8953547 0.7534378
vt 0.8953549 0.7815637
vt 0.9217676 0.7815637
vt 0.1329317 0.9449483
vt 0.1048056 0.9449483
vt 0.1329317 0.9460905
vt 0.1189047 0.9601176
vt 0.1048053 0.9601176
vt 0.8158144 0.8569638
vt 0.844149 0.8569635
vt 0.8441486 0.8371264
vt 0.8158141 0.8371266
vt 0.4259891 0.9512841
vt 0.4118899 0.9512841
vt 0.4118899 0.966453
vt 0.440016 0.9653109
vt 0.440016 0.966453
vt 0.641878 0.8906345
vt 0.6136728 0.8906348
vt 0.6136728 0.9187607
vt 0.641878 0.9187605
vt 0.9504517 0.4162548
vt 0.9504517 0.4443809
vt 0.9515939 0.4162548
vt 0.9656208 0.4302818
vt 0.9656208 0.444381
vt 0.9233824 0.4231126
vt 0.9035454 0.423113
vt 0.9035459 0.4514474
vt 0.9233829 0.4514472
vt 0.9502682 0.0841317
vt 0.9502682 0.0982307
vt 0.9654375 0.0982307
vt 0.9642952 0.07010461
vt 0.9654375 0.07010461
vt 0.9184718 0.5847718
vt 0.8916454 0.5847718
vt 0.8916454 0.6128979
vt 0.9184718 0.6128979
vt 0.5087971 0.9320136
vt 0.4806711 0.9320144
vt 0.5087971 0.9331559
vt 0.4947705 0.9471832
vt 0.4806716 0.9471835
vt 0.9091904 0.9206904
vt 0.9091904 0.9405277
vt 0.9375249 0.9405274
vt 0.9375246 0.9206903
vt 0.9508047 0.01598021
vt 0.9508047 0.0300794
vt 0.965974 0.0300794
vt 0.9648317 0.001953125
vt 0.9659738 0.001953125
vt 0.8546327 0.8866149
vt 0.826427 0.8866149
vt 0.826427 0.914741
vt 0.8546325 0.9147413
vt 0.9364434 0.6190557
vt 0.9364437 0.6471818
vt 0.9375854 0.6190557
vt 0.9516127 0.6330826
vt 0.9516129 0.6471816
vt 0.8885099 0.8757084
vt 0.9168444 0.875708
vt 0.9168442 0.855871
vt 0.8885097 0.8558712
vt 0.3919131 0.9377033
vt 0.377814 0.9377033
vt 0.3778141 0.9528727
vt 0.4059404 0.9517302
vt 0.4059404 0.9528726
vt 0.4873119 0.8979373
vt 0.4608994 0.8979373
vt 0.4608995 0.9260634
vt 0.4873119 0.9260634
vt 0.7058998 0.9504246
vt 0.6777737 0.9504246
vt 0.7058998 0.9515669
vt 0.6918728 0.9655938
vt 0.6777737 0.9655938
vt 0.8092611 0.7941294
vt 0.8375956 0.7941288
vt 0.8375954 0.7742919
vt 0.8092608 0.7742923
vt 0.9408515 0.9473571
vt 0.9408517 0.9614562
vt 0.9560208 0.9614561
vt 0.9548786 0.93333
vt 0.9560207 0.93333
vt 0.7439598 0.6697517
vt 0.7152024 0.6697516
vt 0.7152024 0.6978776
vt 0.7439598 0.6978776
vt 0.9575443 0.3821792
vt 0.957544 0.4103053
vt 0.9586868 0.3821792
vt 0.9727132 0.3962061
vt 0.9727132 0.4103053
vt 0.9232 0.100195
vt 0.9231995 0.0718602
vt 0.9033624 0.07186048
vt 0.9033628 0.1001952
vt 0.5969971 0.9473551
vt 0.582898 0.9473551
vt 0.582898 0.9625244
vt 0.6110241 0.9613821
vt 0.6110241 0.9625242
vt 0.9166741 0.9464772
vt 0.8885479 0.9464772
vt 0.9166741 0.9476196
vt 0.9026471 0.9616466
vt 0.8885479 0.9616466
vt 0.9291494 0.07052127
vt 0.9291494 0.09885578
vt 0.9443188 0.09885578
vt 0.9443188 0.07052127
vt 0.8145627 0.2332525
vt 0.8145627 0.2087777
vt 0.8031528 0.2087784
vt 0.7980081 0.208272
vt 0.7894903 0.2332543
vt 0.7894903 0.2087795
vt 0.7930608 0.2067716
vt 0.7885017 0.2043345
vt 0.7845058 0.2010545
vt 0.7648332 0.2087803
vt 0.7812269 0.1970579
vt 0.7787905 0.1924982
vt 0.7772907 0.1875509
vt 0.776785 0.1824058
vt 0.7648332 0.1560316
vt 0.7772904 0.1772609
vt 0.7787898 0.1723134
vt 0.7812258 0.1677541
vt 0.7845048 0.1637575
vt 0.7885005 0.1604772
vt 0.7894941 0.1560323
vt 0.7930594 0.1580412
vt 0.7980065 0.1565421
vt 0.7894941 0.1315574
vt 0.8031514 0.1560376
vt 0.8145651 0.1315671
vt 0.8145651 0.1560422
vt 0.8741913 0.7611197
vt 0.8741913 0.7327855
vt 0.8590217 0.7327855
vt 0.8590217 0.7611197
vt 0.9920529 0.4524019
vt 0.9920533 0.4221843
vt 0.9770175 0.4221841
vt 0.9770167 0.4524017
vt 0.7707353 0.7069057
vt 0.7714695 0.7150162
vt 0.814427 0.7150483
vt 0.8137063 0.7069366
vt 0.7695392 0.6987984
vt 0.8126486 0.6988264
vt 0.7677987 0.6906905
vt 0.8112906 0.6907192
vt 0.7654092 0.682582
vt 0.8096807 0.6826127
vt 0.7623051 0.6744721
vt 0.8078743 0.6745058
vt 0.758278 0.6663724
vt 0.8059344 0.6663979
vt 0.7537223 0.6582887
vt 0.8039196 0.6582889
vt 0.3294758 0.1631221
vt 0.3322224 0.1509433
vt 0.3294758 0.1509433
vt 0.3322224 0.1631221
vt 0.3349691 0.1509433
vt 0.3349691 0.1631221
vt 0.3377158 0.1509433
vt 0.3377158 0.1631221
vt 0.3404625 0.1509433
vt 0.3404623 0.1631221
vt 0.3432092 0.1509433
vt 0.3432092 0.1631221
vt 0.3459557 0.1509433
vt 0.3459557 0.1631221
vt 0.3487024 0.1509433
vt 0.3487023 0.1631221
vt 0.3514491 0.1509433
vt 0.3514491 0.1631221
vt 0.3539524 0.1509433
vt 0.3539654 0.1631221
vt 0.001953125 0.6429295
vt 0.001953125 0.6535273
vt 0.6843342 0.6535273
vt 0.6843342 0.6429295
vt 0.1315347 0.5913661
vt 0.1287884 0.603545
vt 0.1315347 0.603545
vt 0.1287884 0.5913661
vt 0.1260417 0.603545
vt 0.1260417 0.5913661
vt 0.1232948 0.603545
vt 0.1232948 0.5913661
vt 0.1205483 0.603545
vt 0.1205483 0.5913661
vt 0.1178017 0.603545
vt 0.1178017 0.5913661
vt 0.1150551 0.603545
vt 0.115055 0.5913661
vt 0.1123086 0.603545
vt 0.1123086 0.5913661
vt 0.1095618 0.603545
vt 0.1095618 0.5913661
vt 0.6471088 0.1680241
vt 0.6498623 0.1707667
vt 0.6498623 0.1473167
vt 0.6471156 0.1473158
vt 0.6443632 0.165395
vt 0.6443692 0.147315
vt 0.6416173 0.1629716
vt 0.6419312 0.1473142
vt 0.6388712 0.1608476
vt 0.6388756 0.1496973
vt 0.6361256 0.1591042
vt 0.6361281 0.1514398
vt 0.6333792 0.1578085
vt 0.6333811 0.1527343
vt 0.630633 0.1570101
vt 0.6306342 0.1535311
vt 0.6278863 0.15674
vt 0.6278874 0.1537994
vt 0.2564352 0.2910647
vt 0.256166 0.2871876
vt 0.2273008 0.2910761
vt 0.2553688 0.2834707
vt 0.254074 0.2800452
vt 0.2523315 0.2770424
vt 0.2502085 0.2745783
vt 0.2477861 0.2727471
vt 0.2451578 0.2716196
vt 0.2424243 0.2712388
vt 0.2273009 0.2712388
vt 0.9845181 0.8674437
vt 0.9553837 0.8674528
vt 0.9553842 0.881552
vt 0.9845186 0.8815511
vt 0.6500606 0.4180775
vt 0.6528074 0.3946222
vt 0.6500609 0.3946237
vt 0.6528178 0.4153306
vt 0.6555539 0.3946209
vt 0.6555627 0.4127008
vt 0.6579923 0.3946196
vt 0.6583078 0.4102773
vt 0.6610498 0.3970024
vt 0.6610523 0.4081527
vt 0.6637977 0.398745
vt 0.6637982 0.4064093
vt 0.6665444 0.4000391
vt 0.666545 0.4051134
vt 0.6692913 0.4008361
vt 0.6692917 0.4043151
vt 0.6720379 0.401105
vt 0.6720384 0.4040456
vt 0.7087113 0.4837347
vt 0.7087113 0.4663554
vt 0.001953125 0.4663554
vt 0.001953125 0.4837347
vt 0.001588452 0.07890266
vt 0.2137645 0.07442287
vt 0.001588452 0.07454234
vt 0.2145857 0.07902497
vt 0.2154374 0.07665986
vt 0.2166233 0.07902497
vt 0.2150511 0.07442287
vt 0.8190406 0.4745363
vt 0.8171207 0.4745363
vt 0.8171208 0.6701016
vt 0.8190411 0.6768672
vt 0.8211027 0.6812107
vt 0.8209602 0.474536
vt 0.8206435 0.68244
vt 0.8211038 0.6836008
vt 0.8228809 0.4745351
vt 0.8226602 0.6835304
vt 0.8217841 0.6846578
vt 0.8226595 0.6855804
vt 0.8249203 0.6844332
vt 0.82372 0.6863244
vt 0.8249233 0.6868795
vt 0.8248 0.4745357
vt 0.8267196 0.6842948
vt 0.8262736 0.6871809
vt 0.827694 0.6873358
vt 0.8286474 0.6873294
vt 0.8267232 0.4756272
vt 0.8259807 0.4744638
vt 0.8282445 0.4741327
vt 0.8286438 0.4752788
vt 0.8305656 0.6873319
vt 0.8296412 0.4736284
vt 0.8305646 0.474322
vt 0.8305372 0.472996
vt 0.7091054 0.5333542
vt 0.006093853 0.5333669
vt 0.003321161 0.5377891
vt 0.7091058 0.5454338
vt 0.002352908 0.5454466
vt 0.79063 0.6509468
vt 0.8057992 0.6509468
vt 0.8057992 0.6218122
vt 0.79063 0.6218122
vt 0.2010832 0.9457848
vt 0.1729569 0.9457849
vt 0.2010832 0.9469272
vt 0.1870559 0.9609541
vt 0.1729569 0.9609541
vt 0.7661728 0.3637929
vt 0.7661732 0.3778921
vt 0.7813426 0.3778914
vt 0.7801993 0.3497654
vt 0.7813416 0.3497654
vt 0.8718266 0.5724794
vt 0.8718266 0.5673105
vt 0.8526264 0.5673104
vt 0.8526264 0.5724794
vt 0.8718266 0.5776478
vt 0.8526264 0.5776478
vt 0.8718266 0.5828165
vt 0.8526264 0.5828165
vt 0.8718266 0.5879853
vt 0.8526264 0.5879853
vt 0.8718266 0.593154
vt 0.8526263 0.5931538
vt 0.8718266 0.5983224
vt 0.8526264 0.5983224
vt 0.8718266 0.6034914
vt 0.8526264 0.6034914
vt 0.8718266 0.6086602
vt 0.8526264 0.6086602
vt 0.8718266 0.6138288
vt 0.8526264 0.6138288
vt 0.8718266 0.6189975
vt 0.8526264 0.6189975
vt 0.8718266 0.6241661
vt 0.8526264 0.6241661
vt 0.8718266 0.6293347
vt 0.8526264 0.6293349
vt 0.8718266 0.6345035
vt 0.8526264 0.6345035
vt 0.8718266 0.6396722
vt 0.8526264 0.6396722
vt 0.8718266 0.6448411
vt 0.8526264 0.6448411
vt 0.8718266 0.6500095
vt 0.8526264 0.6500098
vt 0.9428862 0.8027048
vt 0.9428864 0.7745786
vt 0.941744 0.8027048
vt 0.927717 0.7886777
vt 0.927717 0.7745786
vt 0.2561762 0.3048251
vt 0.2561762 0.3246622
vt 0.2712997 0.3246622
vt 0.2740331 0.3242815
vt 0.2766613 0.3231538
vt 0.2790837 0.3213229
vt 0.2812067 0.3188587
vt 0.2829493 0.3158561
vt 0.284244 0.3124306
vt 0.2850413 0.3087135
vt 0.2853105 0.3048309
vt 0.8416956 0.9816948
vt 0.8708299 0.9816992
vt 0.8708299 0.967596
vt 0.8416957 0.9675958
vt 0.8590217 0.7268361
vt 0.8741907 0.7268361
vt 0.8741907 0.6977018
vt 0.8590217 0.6977018
vt 0.5304588 0.6265044
vt 0.523158 0.620342
vt 0.519861 0.6265156
vt 0.5258338 0.6138756
vt 0.5278625 0.607178
vt 0.5478382 0.6265255
vt 0.5550506 0.6164194
vt 0.5287552 0.6026746
vt 0.5295839 0.5966544
vt 0.5297832 0.589981
vt 0.5682508 0.6164194
vt 0.5682508 0.6286878
vt 0.5478382 0.6287019
vt 0.5550506 0.5636708
vt 0.5295349 0.5833069
vt 0.5287998 0.5772865
vt 0.5278505 0.5725226
vt 0.5478382 0.5535648
vt 0.5682508 0.5636708
vt 0.5682508 0.5514021
vt 0.5478382 0.5513883
vt 0.5258169 0.5658263
vt 0.5304588 0.5535648
vt 0.5231366 0.5593613
vt 0.5198358 0.5531905
vt 0.707181 0.8035293
vt 0.008369103 0.8002299
vt 0.004174583 0.803551
vt 0.7071808 0.7987532
vt 0.01326854 0.7987747
vt 0.0145458 0.3696303
vt 0.6983594 0.3447922
vt 0.01454537 0.344804
vt 0.01380161 0.3747718
vt 0.01167144 0.3792096
vt 0.6983601 0.3836741
vt 0.008448936 0.382322
vt 0.00443945 0.3836902
vt 0.7609732 0.7183815
vt 0.7609519 0.6899387
vt 0.7569134 0.6960573
vt 0.7568436 0.7215188
vt 0.7537563 0.6995992
vt 0.752722 0.7241984
vt 0.7511013 0.7019094
vt 0.7486379 0.7260233
vt 0.7495883 0.7032228
vt 0.7455255 0.7045687
vt 0.7444685 0.7267308
vt 0.739376 0.7270309
vt 0.7402422 0.7058136
vt 0.7341228 0.7279812
vt 0.7349049 0.7086446
vt 0.7289149 0.7277722
vt 0.7295412 0.71219
vt 0.7216073 0.7168946
vt 0.7216073 0.7274841
vt 0.07950566 0.4472059
vt 0.05484944 0.4604059
vt 0.07950566 0.4604059
vt 0.05484945 0.4472059
vt 0.0575501 0.4280061
vt 0.1024893 0.4472059
vt 0.04396797 0.428006
vt 0.04396797 0.4472059
vt 0.11755 0.4280064
vt 0.1271456 0.4472059
vt 0.1024893 0.4604059
vt 0.1271456 0.4604059
vt 0.1516893 0.4472059
vt 0.1775499 0.4280064
vt 0.1763455 0.4472059
vt 0.1516893 0.4604059
vt 0.1763455 0.4604059
vt 0.1996892 0.4472059
vt 0.2375499 0.4280064
vt 0.2243454 0.4472059
vt 0.1996892 0.4604059
vt 0.2243454 0.4604059
vt 0.2488892 0.4472059
vt 0.29755 0.4280064
vt 0.2735453 0.4472059
vt 0.2488892 0.4604059
vt 0.2735453 0.4604059
vt 0.296529 0.4472059
vt 0.3211853 0.4472059
vt 0.296529 0.4604059
vt 0.3211853 0.4604059
vt 0.3459691 0.4472059
vt 0.3575499 0.4280064
vt 0.3706252 0.4472059
vt 0.3459691 0.4604059
vt 0.3706252 0.4604059
vt 0.3936073 0.4472059
vt 0.4175499 0.4280064
vt 0.4182635 0.4472059
vt 0.3936073 0.4604059
vt 0.4182635 0.4604059
vt 0.4428073 0.4472059
vt 0.4775497 0.4280064
vt 0.4674636 0.4472059
vt 0.4428073 0.4604059
vt 0.4674636 0.4604059
vt 0.4908074 0.4472059
vt 0.5154636 0.4472059
vt 0.4908074 0.4604059
vt 0.5154636 0.4604059
vt 0.5400075 0.4472059
vt 0.5400075 0.4280064
vt 0.5646636 0.4472059
vt 0.5400075 0.4604059
vt 0.5646637 0.4604059
vt 0.5876471 0.4472059
vt 0.5975496 0.428006
vt 0.6123036 0.4472059
vt 0.5876471 0.4604059
vt 0.6123036 0.4604059
vt 0.637328 0.4472059
vt 0.6575498 0.428006
vt 0.6619843 0.4472059
vt 0.637328 0.4604059
vt 0.6619843 0.4604059
vt 0.6733931 0.4472059
vt 0.6733931 0.428006
vt 0.06720062 0.8101814
vt 0.04244611 0.8117052
vt 0.06721504 0.8117052
vt 0.04243706 0.810184
vt 0.0556142 0.8077755
vt 0.09229745 0.8101641
vt 0.004728109 0.8077957
vt 0.0172493 0.8101901
vt 0.004730025 0.8117149
vt 0.01725122 0.8117149
vt 0.1170328 0.810122
vt 0.09229407 0.8117015
vt 0.117063 0.8117015
vt 0.1286428 0.8076475
vt 0.1400558 0.8099871
vt 0.1647809 0.8099741
vt 0.1400424 0.8114545
vt 0.1648113 0.8114545
vt 0.2255682 0.8076152
vt 0.1893228 0.8100078
vt 0.2140529 0.8100108
vt 0.1893056 0.8115315
vt 0.2140746 0.8115315
vt 0.237452 0.8100147
vt 0.2621737 0.8100136
vt 0.2374334 0.811539
vt 0.2622024 0.811539
vt 0.3231617 0.8076066
vt 0.286695 0.8100092
vt 0.3114163 0.8100075
vt 0.2866713 0.8115318
vt 0.3114401 0.8115318
vt 0.3344444 0.8100007
vt 0.359163 0.8099941
vt 0.3344215 0.8115199
vt 0.3591902 0.8115199
vt 0.3839177 0.8099772
vt 0.4204748 0.8075703
vt 0.4086365 0.8099709
vt 0.3838896 0.8114964
vt 0.4086585 0.8114964
vt 0.4316673 0.8099611
vt 0.4563911 0.8099522
vt 0.4316435 0.8114783
vt 0.4564123 0.8114783
vt 0.4809186 0.8099304
vt 0.5176093 0.8075229
vt 0.5056427 0.8099219
vt 0.4808885 0.811448
vt 0.5056574 0.811448
vt 0.5290488 0.809911
vt 0.553789 0.8099045
vt 0.5290284 0.8114268
vt 0.5537973 0.8114268
vt 0.5783603 0.8098824
vt 0.6151357 0.8075014
vt 0.6030996 0.8098809
vt 0.5783328 0.8113888
vt 0.6031017 0.8113888
vt 0.6261616 0.8099082
vt 0.6887956 0.8075253
vt 0.6509195 0.809918
vt 0.6261451 0.8114408
vt 0.650914 0.8114408
vt 0.6755697 0.8099239
vt 0.6755689 0.8114457
vt 0.6887893 0.8114457
vt 0.3577538 0.8997825
vt 0.3720774 0.9196199
vt 0.3720775 0.8997828
vt 0.3550203 0.9001631
vt 0.3523921 0.9012908
vt 0.3499698 0.9031218
vt 0.3478467 0.9055858
vt 0.3461041 0.9085885
vt 0.3448093 0.9120141
vt 0.3440118 0.9157311
vt 0.3437428 0.9196195
vt 0.3375884 0.8997869
vt 0.3232573 0.9196192
vt 0.3375815 0.9196241
vt 0.3205238 0.9192375
vt 0.317896 0.9181089
vt 0.3154742 0.9162769
vt 0.3133519 0.9138117
vt 0.3116104 0.9108085
vt 0.3103169 0.9073823
vt 0.309523 0.903659
vt 0.3092536 0.8997766
vt 0.01975186 0.7190517
vt 0.006539167 0.7207992
vt 0.01975189 0.7207992
vt 0.006539123 0.7162999
vt 0.05698423 0.7162999
vt 0.04439341 0.7190517
vt 0.069148 0.7190517
vt 0.04439341 0.7207992
vt 0.069148 0.7207992
vt 0.09222342 0.7190517
vt 0.116978 0.7190517
vt 0.09222342 0.7207992
vt 0.116978 0.7207992
vt 0.12979 0.7162999
vt 0.1416197 0.7190517
vt 0.1663743 0.7190517
vt 0.1416197 0.7207992
vt 0.1663743 0.7207992
vt 0.1898111 0.7190517
vt 0.2269385 0.7162999
vt 0.2145657 0.7190517
vt 0.1898111 0.7207992
vt 0.2145657 0.7207992
vt 0.2392074 0.7190517
vt 0.263962 0.7190517
vt 0.2392074 0.7207992
vt 0.263962 0.7207992
vt 0.2870374 0.7190517
vt 0.3243213 0.7162999
vt 0.311792 0.7190517
vt 0.2870374 0.7207992
vt 0.311792 0.7207992
vt 0.3366725 0.7190517
vt 0.361427 0.7190517
vt 0.3366725 0.7207992
vt 0.361427 0.7207992
vt 0.4217817 0.7162999
vt 0.3845025 0.7190515
vt 0.4092572 0.7190515
vt 0.3845025 0.7207992
vt 0.4092572 0.7207992
vt 0.4338987 0.7190515
vt 0.4586533 0.7190515
vt 0.4338987 0.7207992
vt 0.4586533 0.7207992
vt 0.5189171 0.7162999
vt 0.4820902 0.7190517
vt 0.5068446 0.7190517
vt 0.4820902 0.7207992
vt 0.5068446 0.7207992
vt 0.5314865 0.7190517
vt 0.5562411 0.7190517
vt 0.5314865 0.7207992
vt 0.5562411 0.7207992
vt 0.6161792 0.7162999
vt 0.5793164 0.7190517
vt 0.604071 0.7190517
vt 0.5793164 0.7207992
vt 0.604071 0.7207992
vt 0.629195 0.7190517
vt 0.6916365 0.7162999
vt 0.6539498 0.7190517
vt 0.629195 0.7207992
vt 0.6539498 0.7207992
vt 0.6791221 0.7190517
vt 0.6791221 0.7207992
vt 0.6916365 0.7207992
vt 0.03801853 0.4088566
vt 0.0133621 0.4220566
vt 0.03801852 0.4220566
vt 0.0133621 0.4088566
vt 0.01779659 0.3896565
vt 0.06304275 0.4088566
vt 0.001953125 0.3896565
vt 0.001953125 0.4088565
vt 0.07779654 0.3896565
vt 0.08769889 0.4088566
vt 0.06304275 0.4220566
vt 0.08769889 0.4220566
vt 0.1106825 0.4088566
vt 0.1377964 0.3896565
vt 0.1353387 0.4088566
vt 0.1106825 0.4220566
vt 0.1353387 0.4220566
vt 0.1598827 0.4088566
vt 0.1845386 0.4088566
vt 0.1598827 0.4220566
vt 0.1845386 0.4220566
vt 0.1977961 0.3896565
vt 0.2078823 0.4088565
vt 0.257796 0.3896565
vt 0.2325385 0.4088565
vt 0.2078823 0.4220565
vt 0.2325385 0.4220565
vt 0.2570821 0.4088565
vt 0.2817384 0.4088565
vt 0.2570821 0.4220565
vt 0.2817384 0.4220565
vt 0.3047222 0.4088565
vt 0.3177959 0.3896565
vt 0.3293781 0.4088565
vt 0.3047222 0.4220565
vt 0.3293781 0.4220565
vt 0.3541605 0.4088565
vt 0.3777958 0.3896565
vt 0.3788167 0.4088565
vt 0.3541605 0.4220565
vt 0.3788167 0.4220565
vt 0.4018004 0.4088565
vt 0.4377959 0.3896565
vt 0.4264566 0.4088565
vt 0.4018004 0.4220565
vt 0.4264566 0.4220565
vt 0.4510002 0.4088565
vt 0.4977956 0.3896565
vt 0.4756564 0.4088565
vt 0.4510002 0.4220565
vt 0.4756564 0.4220565
vt 0.499 0.4088565
vt 0.5577953 0.3896565
vt 0.5236564 0.4088565
vt 0.499 0.4220565
vt 0.5236564 0.4220565
vt 0.5482001 0.4088565
vt 0.5728562 0.4088565
vt 0.5482001 0.4220565
vt 0.5728562 0.4220566
vt 0.6313776 0.3896565
vt 0.5958398 0.4088565
vt 0.6204962 0.4088565
vt 0.6313776 0.4088565
vt 0.5958398 0.4220566
vt 0.6204962 0.4220566
vt 0.5070028 0.3052275
vt 0.5106189 0.305856
vt 0.5090495 0.305231
vt 0.5119219 0.3072129
vt 0.2931197 0.3069995
vt 0.2931238 0.3048216
vt 0.4402038 0.3090756
vt 0.5127815 0.3090214
vt 0.3655075 0.309126
vt 0.2931156 0.3091776
vt 0.477547 0.3117053
vt 0.5130778 0.3117728
vt 0.4962168 0.3139187
vt 0.5130737 0.313951
vt 0.5001634 0.3161046
vt 0.4922575 0.3160896
vt 0.5130695 0.3161296
vt 0.4775427 0.3138833
vt 0.5001613 0.3182801
vt 0.5130654 0.318308
vt 0.4982873 0.3172766
vt 0.5016432 0.319797
vt 0.496211 0.3169288
vt 0.5130624 0.3198202
vt 0.502594 0.3216892
vt 0.5130584 0.3217084
vt 0.4941334 0.3172687
vt 0.5029191 0.3237688
vt 0.5130544 0.3237872
vt 0.5130509 0.3258657
vt 0.5025864 0.3258476
vt 0.5130478 0.3277576
vt 0.5016285 0.3277372
vt 0.5130453 0.3291867
vt 0.5002242 0.3291634
vt 0.5130411 0.3313649
vt 0.4922554 0.3182653
vt 0.5001347 0.3313411
vt 0.498263 0.3302467
vt 0.5130371 0.3335434
vt 0.4961853 0.3305862
vt 0.4961798 0.3335117
vt 0.513033 0.335722
vt 0.4885622 0.3356756
vt 0.4922329 0.3313261
vt 0.4941088 0.3302386
vt 0.4922369 0.3292374
vt 0.4775058 0.3334762
vt 0.4814608 0.3313057
vt 0.4588318 0.3334408
vt 0.4310431 0.3355665
vt 0.4814648 0.3292178
vt 0.4907528 0.3277169
vt 0.4829547 0.3277025
vt 0.4898016 0.3258235
vt 0.4839129 0.3258131
vt 0.4894766 0.3237437
vt 0.4842458 0.3237342
vt 0.4898094 0.3216652
vt 0.4839208 0.3216543
vt 0.4907678 0.3197765
vt 0.4829695 0.3197622
vt 0.4795891 0.3302113
vt 0.4814874 0.318245
vt 0.4775113 0.3305513
vt 0.4734732 0.3312906
vt 0.475435 0.3302037
vt 0.4734773 0.3291126
vt 0.4814915 0.3160692
vt 0.4796135 0.3172417
vt 0.4775371 0.3168939
vt 0.4735858 0.3160541
vt 0.4754593 0.3172336
vt 0.4735817 0.3182299
vt 0.4627868 0.3312702
vt 0.4627908 0.3291826
vt 0.4720789 0.3276817
vt 0.4642806 0.3276675
vt 0.4711277 0.3257885
vt 0.4652389 0.3257778
vt 0.4708026 0.3237083
vt 0.4655717 0.323699
vt 0.4711355 0.32163
vt 0.4652467 0.3216194
vt 0.4720939 0.3197414
vt 0.4642956 0.319727
vt 0.4609151 0.3301765
vt 0.4628132 0.3182097
vt 0.4588373 0.3305162
vt 0.454885 0.3312552
vt 0.4567609 0.3301686
vt 0.454889 0.3291675
vt 0.4628173 0.3160335
vt 0.4609396 0.3172067
vt 0.4588631 0.3168589
vt 0.4401578 0.3334054
vt 0.4441128 0.3312349
vt 0.4588689 0.3138478
vt 0.4549121 0.3160187
vt 0.4567853 0.3171988
vt 0.454908 0.3181947
vt 0.4441167 0.3291475
vt 0.4534049 0.3276469
vt 0.4456067 0.3276325
vt 0.446565 0.3257429
vt 0.4524536 0.3257537
vt 0.4468979 0.3236641
vt 0.4521286 0.3236736
vt 0.4465729 0.3215842
vt 0.4524615 0.3215952
vt 0.4422411 0.3301416
vt 0.4456216 0.319692
vt 0.4534199 0.3197064
vt 0.4441406 0.318176
vt 0.4401634 0.3304814
vt 0.4362111 0.3312198
vt 0.438087 0.3301338
vt 0.436215 0.3291325
vt 0.4441449 0.3159982
vt 0.4422656 0.3171715
vt 0.4401891 0.3168239
vt 0.4214838 0.3333701
vt 0.4028098 0.3333348
vt 0.3941755 0.3354966
vt 0.4254388 0.3311995
vt 0.4362368 0.3159831
vt 0.4381115 0.3171637
vt 0.4362327 0.3181611
vt 0.440195 0.3138123
vt 0.4175371 0.3311845
vt 0.3841358 0.3332993
vt 0.3880908 0.3311286
vt 0.3564005 0.335425
vt 0.440199 0.3116342
vt 0.4028511 0.3115637
vt 0.421521 0.3137771
vt 0.4254704 0.3159629
vt 0.4254649 0.3181392
vt 0.4235917 0.3171366
vt 0.4269477 0.3196572
vt 0.4347459 0.3196714
vt 0.4337876 0.32156
vt 0.4278989 0.3215492
vt 0.4334547 0.3236386
vt 0.4282238 0.323629
vt 0.4337797 0.3257186
vt 0.427891 0.3257078
vt 0.4347309 0.3276118
vt 0.4269327 0.3275974
vt 0.4254428 0.3291124
vt 0.4235671 0.3301066
vt 0.4214894 0.3304463
vt 0.4194129 0.3300987
vt 0.4175411 0.3290975
vt 0.4067649 0.331164
vt 0.4067688 0.3290775
vt 0.4160569 0.3275769
vt 0.4082587 0.3275626
vt 0.409217 0.3256729
vt 0.4151058 0.3256837
vt 0.4095499 0.3235942
vt 0.4147807 0.3236036
vt 0.4092248 0.3215142
vt 0.4151136 0.321525
vt 0.4048931 0.3300715
vt 0.4082738 0.319622
vt 0.416072 0.3196366
vt 0.4175604 0.3181242
vt 0.4028154 0.3304113
vt 0.4067908 0.318104
vt 0.4067949 0.3159273
vt 0.4049177 0.3171017
vt 0.4028413 0.3167539
vt 0.3988631 0.331149
vt 0.4007389 0.3300637
vt 0.398867 0.3290625
vt 0.4175659 0.3159479
vt 0.4194375 0.3171287
vt 0.4215152 0.3167889
vt 0.402847 0.3137416
vt 0.3880948 0.3290422
vt 0.3973829 0.3275419
vt 0.3895847 0.3275272
vt 0.390543 0.3256376
vt 0.3964318 0.3256488
vt 0.3908759 0.3235586
vt 0.3961068 0.3235686
vt 0.3905509 0.3214789
vt 0.3964397 0.32149
vt 0.3862191 0.3300362
vt 0.3895998 0.3195867
vt 0.3973979 0.3196014
vt 0.3988867 0.3180892
vt 0.3841414 0.3303762
vt 0.3881167 0.3180688
vt 0.380189 0.3311138
vt 0.3820649 0.3300284
vt 0.3694168 0.3310933
vt 0.3801931 0.3290271
vt 0.3988908 0.3159124
vt 0.4007636 0.3170937
vt 0.3881208 0.3158918
vt 0.3862437 0.3170663
vt 0.3841673 0.3167185
vt 0.3841192 0.3137062
vt 0.3802169 0.3158769
vt 0.3694479 0.3158566
vt 0.3820896 0.3170584
vt 0.3802127 0.3180539
vt 0.3655031 0.3114929
vt 0.365499 0.3136709
vt 0.3281552 0.3114222
vt 0.346825 0.3136355
vt 0.350774 0.3158211
vt 0.3615417 0.3158416
vt 0.3094813 0.3113866
vt 0.2931115 0.3113559
vt 0.3094772 0.3135648
vt 0.2931074 0.3135343
vt 0.3281511 0.3136002
vt 0.3321001 0.3157857
vt 0.3055223 0.3157355
vt 0.2931033 0.3157127
vt 0.3134261 0.3157504
vt 0.3428701 0.3158065
vt 0.3055172 0.3179123
vt 0.2930993 0.317891
vt 0.3073938 0.3169169
vt 0.3040286 0.3194247
vt 0.3094715 0.316577
vt 0.2930967 0.3194054
vt 0.3030706 0.3213133
vt 0.2930934 0.3212934
vt 0.3115479 0.3169247
vt 0.3027377 0.3233917
vt 0.2930896 0.3233725
vt 0.2930852 0.3254509
vt 0.3030623 0.3254716
vt 0.2930813 0.3273427
vt 0.3040132 0.3273647
vt 0.2930784 0.3287696
vt 0.3054972 0.3288855
vt 0.2930742 0.3309483
vt 0.3134209 0.3179274
vt 0.3054931 0.3309722
vt 0.307369 0.3298867
vt 0.29307 0.3331263
vt 0.3094454 0.3302343
vt 0.3094398 0.3331578
vt 0.2930659 0.3353048
vt 0.3191118 0.3353542
vt 0.3133948 0.3309871
vt 0.3241671 0.3310075
vt 0.3115232 0.3298946
vt 0.3133988 0.3289007
vt 0.3281139 0.333193
vt 0.3241711 0.3289211
vt 0.3148887 0.3273857
vt 0.3226869 0.3274004
vt 0.3217358 0.3255073
vt 0.3158471 0.3254959
vt 0.3214108 0.3234271
vt 0.31618 0.323417
vt 0.3217438 0.3213484
vt 0.3158551 0.3213373
vt 0.3260429 0.3299221
vt 0.3227021 0.3194601
vt 0.3149039 0.3194451
vt 0.3281194 0.3302698
vt 0.3241909 0.3179476
vt 0.3320688 0.3310224
vt 0.3301972 0.3299301
vt 0.3320728 0.3289358
vt 0.3241938 0.3157707
vt 0.3260677 0.3169523
vt 0.3281454 0.3166124
vt 0.3302218 0.31696
vt 0.3320948 0.3179628
vt 0.3428451 0.3289565
vt 0.3335627 0.3274211
vt 0.341361 0.3274359
vt 0.3345211 0.3255313
vt 0.3404098 0.3255426
vt 0.334854 0.3234527
vt 0.3400848 0.3234624
vt 0.334529 0.3213727
vt 0.3404177 0.321384
vt 0.3335778 0.3194805
vt 0.341376 0.3194953
vt 0.3428648 0.3179829
vt 0.3447416 0.3169876
vt 0.3468194 0.3166479
vt 0.3488958 0.3169956
vt 0.3507687 0.3179981
vt 0.3615388 0.3180185
vt 0.36005 0.3195309
vt 0.3634155 0.317023
vt 0.3522518 0.3195158
vt 0.3654932 0.3166832
vt 0.3590917 0.3214193
vt 0.3532029 0.3214082
vt 0.3587587 0.323498
vt 0.353528 0.3234881
vt 0.3590838 0.3255779
vt 0.3531951 0.3255667
vt 0.3675697 0.3170311
vt 0.3694426 0.3180335
vt 0.3600349 0.3274713
vt 0.3522367 0.3274563
vt 0.3709257 0.3195513
vt 0.3787239 0.3195662
vt 0.3777656 0.3214547
vt 0.3718769 0.3214436
vt 0.3774328 0.3235332
vt 0.3722019 0.3235234
vt 0.3777578 0.3256133
vt 0.3718691 0.3256022
vt 0.3507468 0.3289714
vt 0.3787089 0.3275065
vt 0.3709106 0.3274917
vt 0.3694207 0.3290068
vt 0.3675451 0.3300009
vt 0.361519 0.3289918
vt 0.3654673 0.3303407
vt 0.3507428 0.3310578
vt 0.3488711 0.3299653
vt 0.3467934 0.3303051
vt 0.3615151 0.3310784
vt 0.3633909 0.3299929
vt 0.3428411 0.3310428
vt 0.344717 0.3299574
vt 0.3467879 0.3332285
vt 0.3654618 0.3332638
vt 0.7067937 0.6682011
vt 0.002882869 0.6663336
vt 0.003862058 0.668215
vt 0.707773 0.6663185
vt 0.002189065 0.6640469
vt 0.7084674 0.6640308
vt 0.7087004 0.6616526
vt 0.001954481 0.6616676
vt 0.001953909 0.6594992
vt 0.7086997 0.659476
vt 0.7086393 0.6828817
vt 0.001953125 0.680712
vt 0.001953125 0.6828812
vt 0.7086393 0.6807042
vt 0.002187948 0.6783334
vt 0.7084053 0.6783251
vt 0.7077115 0.6760378
vt 0.002881831 0.6760464
vt 0.003860302 0.6741645
vt 0.7067324 0.6741562
vt 0.001953125 0.5130129
vt 0.7083521 0.5152065
vt 0.7083516 0.5130173
vt 0.001953125 0.5152022
vt 0.002187169 0.5175804
vt 0.7081181 0.5175849
vt 0.7074246 0.5198731
vt 0.002880657 0.5198687
vt 0.7062981 0.5219826
vt 0.004006567 0.5219782
vt 0.704783 0.5238314
vt 0.005522242 0.5238276
vt 0.7029359 0.525349
vt 0.007368605 0.5253463
vt 0.70083 0.5264775
vt 0.00947576 0.526475
vt 0.6985434 0.5271714
vt 0.01176175 0.527169
vt 0.696166 0.527405
vt 0.01413913 0.5274038
vt 0.6448262 0.884685
vt 0.6515809 0.8771035
vt 0.6448262 0.8771035
vt 0.6515809 0.884685
vt 0.6583463 0.8771035
vt 0.6583463 0.884685
vt 0.6651167 0.8771035
vt 0.6651167 0.884685
vt 0.6718856 0.8771035
vt 0.6718856 0.884685
vt 0.6786402 0.8771035
vt 0.6786402 0.884685
vt 0.6853949 0.884685
vt 0.6853949 0.8771035
vt 0.692351 0.884685
vt 0.692351 0.8771035
vt 0.6989248 0.884685
vt 0.6989248 0.8771035
vt 0.7056903 0.884685
vt 0.7056903 0.8771035
vt 0.712445 0.884685
vt 0.712445 0.8771035
vt 0.7191995 0.884685
vt 0.7191995 0.8771035
vt 0.7259641 0.884685
vt 0.7259641 0.8771035
vt 0.7327287 0.8771035
vt 0.7327287 0.884685
vt 0.7395182 0.8771035
vt 0.7395182 0.884685
vt 0.7462729 0.8771035
vt 0.7462729 0.884685
vt 0.7530277 0.884685
vt 0.7530277 0.8771035
vt 0.7598011 0.884685
vt 0.7598011 0.8771035
vt 0.7665657 0.884685
vt 0.7665657 0.8771035
vt 0.7733306 0.8771035
vt 0.7733306 0.884685
vt 0.780085 0.8771035
vt 0.780085 0.884685
vt 0.8764049 0.1431464
vt 0.8839862 0.1499009
vt 0.8839862 0.1431464
vt 0.8764049 0.1499009
vt 0.8839862 0.1566664
vt 0.8764049 0.1566664
vt 0.8839862 0.1632393
vt 0.8764049 0.1632393
vt 0.8839862 0.1701963
vt 0.8764049 0.1701963
vt 0.8839862 0.1769509
vt 0.8764049 0.1769509
vt 0.8764049 0.1837055
vt 0.8839862 0.1837055
vt 0.8764049 0.1904742
vt 0.8839862 0.1904742
vt 0.8764049 0.1972446
vt 0.8839862 0.1972446
vt 0.8839862 0.2040098
vt 0.8764049 0.2040098
vt 0.8839862 0.2107645
vt 0.8764049 0.2107645
vt 0.8839862 0.217519
vt 0.8764049 0.217519
vt 0.8839862 0.2242837
vt 0.8764049 0.2242837
vt 0.8839862 0.2310489
vt 0.8764049 0.2310489
vt 0.8839862 0.2378217
vt 0.8764049 0.2378217
vt 0.8839862 0.2445764
vt 0.8764049 0.2445764
vt 0.8764049 0.2513309
vt 0.8839862 0.2513309
vt 0.8764049 0.2581042
vt 0.8839862 0.2581042
vt 0.8764049 0.2648857
vt 0.8839862 0.2648857
vt 0.8839862 0.2716504
vt 0.8764049 0.2716504
vt 0.8839862 0.2784048
vt 0.8764049 0.2784048
vt 0.3564946 0.8797638
vt 0.3564946 0.8721797
vt 0.3497413 0.8721797
vt 0.3497413 0.8797638
vt 0.3429767 0.8721797
vt 0.3429767 0.8797638
vt 0.3362071 0.8797638
vt 0.3362071 0.8721797
vt 0.3294395 0.8797638
vt 0.3294395 0.8721797
vt 0.322686 0.8797638
vt 0.322686 0.8721797
vt 0.3159323 0.8721797
vt 0.3159323 0.8797638
vt 0.3091645 0.8721797
vt 0.3091645 0.8797638
vt 0.302395 0.8721797
vt 0.302395 0.8797638
vt 0.2956307 0.8797638
vt 0.2956307 0.8721797
vt 0.2888771 0.8797638
vt 0.2888771 0.8721797
vt 0.2821235 0.8797638
vt 0.2821235 0.8721797
vt 0.2753479 0.8797638
vt 0.2753479 0.8721797
vt 0.2685834 0.8797638
vt 0.2685834 0.8721797
vt 0.2618116 0.8797638
vt 0.2618116 0.8721797
vt 0.2550579 0.8797638
vt 0.2550579 0.8721797
vt 0.2483043 0.8721797
vt 0.2483043 0.8797638
vt 0.2415327 0.8721797
vt 0.2415327 0.8797638
vt 0.2347681 0.8721797
vt 0.2347681 0.8797638
vt 0.2280044 0.8721797
vt 0.2280044 0.8797638
vt 0.2212508 0.8721797
vt 0.2212508 0.8797638
vt 0.4976885 0.8815398
vt 0.4976885 0.8739558
vt 0.4909349 0.8739558
vt 0.4909349 0.8815398
vt 0.4841706 0.8739558
vt 0.4841706 0.8815398
vt 0.4774014 0.8815398
vt 0.4774014 0.8739558
vt 0.4706338 0.8815398
vt 0.4706338 0.8739558
vt 0.4638805 0.8815398
vt 0.4638805 0.8739558
vt 0.4571269 0.8739558
vt 0.4571269 0.8815398
vt 0.4503594 0.8739558
vt 0.4503594 0.8815398
vt 0.4435903 0.8739558
vt 0.4435903 0.8815398
vt 0.4368259 0.8739558
vt 0.4368259 0.8815398
vt 0.4300723 0.8739558
vt 0.4300723 0.8815398
vt 0.4233191 0.8739558
vt 0.4233191 0.8815398
vt 0.4165556 0.8739558
vt 0.4165556 0.8815398
vt 0.4097903 0.8815398
vt 0.4097903 0.8739558
vt 0.4030038 0.8815398
vt 0.4030038 0.8739558
vt 0.3962502 0.8815398
vt 0.3962502 0.8739558
vt 0.3894967 0.8739558
vt 0.3894967 0.8815398
vt 0.3827262 0.8739558
vt 0.3827262 0.8815398
vt 0.375961 0.8739558
vt 0.375961 0.8815398
vt 0.3691973 0.8739558
vt 0.3691973 0.8815398
vt 0.3624441 0.8739558
vt 0.3624441 0.8815398
vt 0.8007115 0.8711541
vt 0.8007115 0.86357
vt 0.7939579 0.86357
vt 0.7939579 0.8711541
vt 0.7871935 0.86357
vt 0.7871935 0.8711541
vt 0.7804242 0.8711541
vt 0.7804242 0.86357
vt 0.7736568 0.8711541
vt 0.7736568 0.86357
vt 0.7669033 0.8711541
vt 0.7669033 0.86357
vt 0.7601497 0.86357
vt 0.7601497 0.8711541
vt 0.7533821 0.86357
vt 0.7533821 0.8711541
vt 0.7466128 0.86357
vt 0.7466128 0.8711541
vt 0.7398485 0.86357
vt 0.7398485 0.8711541
vt 0.7330949 0.86357
vt 0.7330949 0.8711541
vt 0.7263415 0.86357
vt 0.7263415 0.8711541
vt 0.7195778 0.86357
vt 0.7195778 0.8711541
vt 0.7128122 0.8711541
vt 0.7128122 0.86357
vt 0.7060261 0.8711541
vt 0.7060261 0.86357
vt 0.6992728 0.8711541
vt 0.6992728 0.86357
vt 0.6925191 0.86357
vt 0.6925191 0.8711541
vt 0.685749 0.86357
vt 0.685749 0.8711541
vt 0.6789832 0.86357
vt 0.6789832 0.8711541
vt 0.6722196 0.86357
vt 0.6722196 0.8711541
vt 0.6654664 0.86357
vt 0.6654664 0.8711541
vt 0.8607904 0.1096148
vt 0.8683747 0.1163685
vt 0.8683747 0.1096148
vt 0.8607904 0.1163685
vt 0.8683747 0.1231328
vt 0.8607904 0.1231328
vt 0.8683747 0.1299018
vt 0.8607904 0.1299018
vt 0.8683747 0.1366697
vt 0.8607904 0.1366697
vt 0.8683747 0.1434232
vt 0.8607904 0.1434232
vt 0.8607904 0.1501766
vt 0.8683747 0.1501766
vt 0.8607904 0.1569441
vt 0.8683747 0.1569441
vt 0.8607904 0.1637135
vt 0.8683747 0.1637135
vt 0.8683747 0.1704778
vt 0.8607904 0.1704778
vt 0.8683747 0.1772312
vt 0.8607904 0.1772312
vt 0.8683747 0.1839846
vt 0.8607904 0.1839846
vt 0.8683747 0.190748
vt 0.8607904 0.190748
vt 0.8683747 0.1975139
vt 0.8607904 0.1975139
vt 0.8683747 0.2042841
vt 0.8607904 0.2042841
vt 0.8683747 0.2110376
vt 0.8607904 0.2110376
vt 0.8607904 0.2177911
vt 0.8683747 0.2177911
vt 0.8607904 0.2245771
vt 0.8683747 0.2245771
vt 0.8607904 0.2313428
vt 0.8683747 0.2313428
vt 0.8683747 0.2381066
vt 0.8607904 0.2381066
vt 0.8683747 0.2448598
vt 0.8607904 0.2448598
vt 0.8753257 0.001953125
vt 0.8829097 0.008706797
vt 0.8829097 0.001953125
vt 0.8753257 0.008706797
vt 0.8829097 0.01548378
vt 0.8753257 0.01548378
vt 0.8829097 0.02225314
vt 0.8753257 0.02225314
vt 0.8829097 0.02902066
vt 0.8753257 0.02902066
vt 0.8829097 0.03577439
vt 0.8753257 0.03577439
vt 0.8753257 0.04252817
vt 0.8829097 0.04252817
vt 0.8753257 0.04929555
vt 0.8829097 0.04929555
vt 0.8753257 0.05606516
vt 0.8829097 0.05606516
vt 0.8753257 0.06282964
vt 0.8829097 0.06282964
vt 0.8753257 0.06958315
vt 0.8829097 0.06958315
vt 0.8753257 0.07633656
vt 0.8829097 0.07633656
vt 0.8753257 0.08310038
vt 0.8829097 0.08310038
vt 0.8829097 0.08986616
vt 0.8753257 0.08986616
vt 0.8829097 0.09663641
vt 0.8753257 0.09663641
vt 0.8829097 0.1033899
vt 0.8753257 0.1033899
vt 0.8753257 0.1101437
vt 0.8829097 0.1101437
vt 0.8753257 0.1169138
vt 0.8829097 0.1169138
vt 0.8753257 0.1236797
vt 0.8829097 0.1236797
vt 0.8829097 0.1304435
vt 0.8753257 0.1304435
vt 0.8829097 0.1371969
vt 0.8753257 0.1371969
vt 0.001953125 0.8756323
vt 0.001953125 0.8832164
vt 0.008707128 0.8832164
vt 0.008707128 0.8756323
vt 0.01547181 0.8832164
vt 0.01547181 0.8756323
vt 0.02224139 0.8756323
vt 0.02224139 0.8832164
vt 0.02900943 0.8756323
vt 0.02900943 0.8832164
vt 0.03576322 0.8756323
vt 0.03576322 0.8832164
vt 0.04251716 0.8832164
vt 0.04251716 0.8756323
vt 0.04928498 0.8832164
vt 0.04928498 0.8756323
vt 0.05605489 0.8832164
vt 0.05605489 0.8756323
vt 0.06281957 0.8832164
vt 0.06281957 0.8756323
vt 0.06957357 0.8832164
vt 0.06957357 0.8756323
vt 0.07632703 0.8832164
vt 0.07632703 0.8756323
vt 0.08309115 0.8832164
vt 0.08309115 0.8756323
vt 0.08985738 0.8832164
vt 0.08985738 0.8756323
vt 0.09662796 0.8756323
vt 0.09662796 0.8832164
vt 0.1033838 0.8756323
vt 0.1033838 0.8832164
vt 0.1101376 0.8832164
vt 0.1101376 0.8756323
vt 0.1169081 0.8832164
vt 0.1169081 0.8756323
vt 0.1236743 0.8832164
vt 0.1236743 0.8756323
vt 0.1304383 0.8832164
vt 0.1304383 0.8756323
vt 0.1371919 0.8832164
vt 0.1371919 0.8756323
vt 0.503638 0.8739588
vt 0.503638 0.8815433
vt 0.5103918 0.8815433
vt 0.5103918 0.8739588
vt 0.5171564 0.8815433
vt 0.5171564 0.8739588
vt 0.5239261 0.8739588
vt 0.5239261 0.8815433
vt 0.5306942 0.8739588
vt 0.5306942 0.8815433
vt 0.5374498 0.8739588
vt 0.5374498 0.8815433
vt 0.5442039 0.8815433
vt 0.5442039 0.8739588
vt 0.5509718 0.8815433
vt 0.5509718 0.8739588
vt 0.5577415 0.8815433
vt 0.5577415 0.8739588
vt 0.5645062 0.8815433
vt 0.5645062 0.8739588
vt 0.57126 0.8815433
vt 0.57126 0.8739588
vt 0.5780138 0.8815433
vt 0.5780138 0.8739588
vt 0.5847779 0.8815433
vt 0.5847779 0.8739588
vt 0.5915442 0.8739588
vt 0.5915442 0.8815433
vt 0.5983145 0.8739588
vt 0.5983145 0.8815433
vt 0.6050686 0.8739588
vt 0.6050686 0.8815433
vt 0.6118224 0.8815433
vt 0.6118224 0.8739588
vt 0.6185928 0.8815433
vt 0.6185928 0.8739588
vt 0.6253591 0.8815433
vt 0.6253591 0.8739588
vt 0.6321231 0.8815433
vt 0.6321231 0.8739588
vt 0.6388768 0.8815433
vt 0.6388768 0.8739588
vt 0.08005687 0.8620986
vt 0.08005687 0.8696828
vt 0.08681026 0.8696828
vt 0.08681026 0.8620986
vt 0.0935744 0.8696828
vt 0.0935744 0.8620986
vt 0.100344 0.8620986
vt 0.100344 0.8696828
vt 0.1071271 0.8620986
vt 0.1071271 0.8696828
vt 0.1138808 0.8620986
vt 0.1138808 0.8696828
vt 0.1206342 0.8696828
vt 0.1206342 0.8620986
vt 0.1274017 0.8696828
vt 0.1274017 0.8620986
vt 0.134171 0.8696828
vt 0.134171 0.8620986
vt 0.1409353 0.8696828
vt 0.1409353 0.8620986
vt 0.1476888 0.8696828
vt 0.1476888 0.8620986
vt 0.1544421 0.8696828
vt 0.1544421 0.8620986
vt 0.1612057 0.8696828
vt 0.1612057 0.8620986
vt 0.1679713 0.8620986
vt 0.1679713 0.8696828
vt 0.1747414 0.8620986
vt 0.1747414 0.8696828
vt 0.1814949 0.8620986
vt 0.1814949 0.8696828
vt 0.1882484 0.8696828
vt 0.1882484 0.8620986
vt 0.1950187 0.8696828
vt 0.1950187 0.8620986
vt 0.2017844 0.8696828
vt 0.2017844 0.8620986
vt 0.2085479 0.8696828
vt 0.2085479 0.8620986
vt 0.2153013 0.8696828
vt 0.2153013 0.8620986
vt 0.8628714 0.3860544
vt 0.8704554 0.3860544
vt 0.8704554 0.3793007
vt 0.8628714 0.3793007
vt 0.8704554 0.3725366
vt 0.8628714 0.3725366
vt 0.8628714 0.3657672
vt 0.8704554 0.3657672
vt 0.8628714 0.3589996
vt 0.8704554 0.3589996
vt 0.8628714 0.3522462
vt 0.8704554 0.3522462
vt 0.8704554 0.3454925
vt 0.8628714 0.3454925
vt 0.8704554 0.3387249
vt 0.8628714 0.3387249
vt 0.8704554 0.3319556
vt 0.8628714 0.3319556
vt 0.8704554 0.3251914
vt 0.8628714 0.3251914
vt 0.8704554 0.3184378
vt 0.8628714 0.3184378
vt 0.8704554 0.3116844
vt 0.8628714 0.3116844
vt 0.8704554 0.3049208
vt 0.8628714 0.3049208
vt 0.8628714 0.2981596
vt 0.8704554 0.2981596
vt 0.8628714 0.2913851
vt 0.8704554 0.2913851
vt 0.8628714 0.2846315
vt 0.8704554 0.2846315
vt 0.8704554 0.2778778
vt 0.8628714 0.2778778
vt 0.8704554 0.2710875
vt 0.8628714 0.2710875
vt 0.8704554 0.2643263
vt 0.8628714 0.2643263
vt 0.8704554 0.2575627
vt 0.8628714 0.2575627
vt 0.8704554 0.2508093
vt 0.8628714 0.2508093
vt 0.4236739 0.5795937
vt 0.4518 0.5795944
vt 0.4518009 0.5513892
vt 0.4236748 0.5513886
vt 0.9197717 0.6452606
vt 0.9197722 0.618848
vt 0.891646 0.6188474
vt 0.8916454 0.64526
vt 0.9768336 0.4953098
vt 0.9768336 0.5255276
vt 0.9918696 0.5255279
vt 0.9918699 0.49531
vt 0.9619162 0.6561759
vt 0.9607739 0.684302
vt 0.9619162 0.684302
vt 0.9467471 0.6702744
vt 0.9467471 0.6561753
vt 0.8993038 0.03757572
vt 0.8993033 0.06591024
vt 0.9191409 0.0659107
vt 0.9191409 0.03757597
vt 0.03524156 0.1786753
vt 0.02833295 0.1844437
vt 0.04191507 0.1844442
vt 0.04191524 0.1797325
vt 0.04858897 0.1786759
vt 0.09524156 0.1786775
vt 0.05460953 0.1756084
vt 0.101915 0.1844464
vt 0.08922126 0.1756097
vt 0.05938761 0.1708308
vt 0.08444359 0.1708317
vt 0.06245543 0.1648104
vt 0.08137622 0.1648111
vt 0.06351271 0.1581367
vt 0.08031946 0.1581373
vt 0.06245594 0.151463
vt 0.08137675 0.1514637
vt 0.05938862 0.1454425
vt 0.08444452 0.1454433
vt 0.05461089 0.1406644
vt 0.0892226 0.1406657
vt 0.1019153 0.1797348
vt 0.04859055 0.1375966
vt 0.108589 0.1786781
vt 0.09524319 0.1375983
vt 0.1552415 0.1786798
vt 0.1146096 0.1756108
vt 0.161915 0.1844488
vt 0.1492212 0.175612
vt 0.1193877 0.1708331
vt 0.1444435 0.170834
vt 0.1224555 0.1648127
vt 0.1413761 0.1648134
vt 0.1235127 0.158139
vt 0.1403194 0.1581396
vt 0.122456 0.1514653
vt 0.1413766 0.1514659
vt 0.1193887 0.1454447
vt 0.1444444 0.1454456
vt 0.114611 0.1406666
vt 0.1492225 0.1406679
vt 0.1619152 0.179737
vt 0.1085906 0.1375988
vt 0.1685889 0.1786804
vt 0.1552431 0.1376006
vt 0.2152414 0.178682
vt 0.1746094 0.1756129
vt 0.2219148 0.184451
vt 0.209221 0.1756142
vt 0.2219151 0.1797393
vt 0.1793875 0.1708353
vt 0.2044433 0.1708362
vt 0.1824554 0.1648149
vt 0.201376 0.1648156
vt 0.1835126 0.1581412
vt 0.2003192 0.1581418
vt 0.1824559 0.1514675
vt 0.2013765 0.1514681
vt 0.1793886 0.145447
vt 0.2044443 0.1454477
vt 0.1746107 0.1406689
vt 0.2092224 0.1406701
vt 0.1685906 0.1376011
vt 0.2152429 0.1376027
vt 0.2219168 0.1317153
vt 0.2219167 0.1365459
vt 0.2285904 0.1376033
vt 0.161917 0.1317133
vt 0.1619168 0.1365438
vt 0.1019171 0.1317114
vt 0.1019169 0.1365415
vt 0.028335 0.1317112
vt 0.04191692 0.1365393
vt 0.03524314 0.137596
vt 0.02922259 0.1406634
vt 0.02319103 0.1322177
vt 0.01824489 0.1337178
vt 0.02444454 0.1454411
vt 0.01368644 0.1361541
vt 0.009690863 0.139433
vt 0.02137676 0.1514614
vt 0.006411669 0.1434283
vt 0.003974918 0.1479867
vt 0.002474369 0.1529326
vt 0.02031948 0.1581351
vt 0.00196752 0.1580765
vt 0.002473981 0.1632204
vt 0.02137626 0.1648089
vt 0.003974152 0.1681664
vt 0.006410562 0.1727251
vt 0.0244436 0.1708294
vt 0.009689455 0.1767207
vt 0.01368478 0.1799997
vt 0.02922128 0.1756074
vt 0.01824304 0.1824363
vt 0.02318908 0.1839369
vt 0.028333 0.1844437
vt 0.9765988 0.747243
vt 0.991922 0.747243
vt 0.991922 0.7164476
vt 0.9765982 0.7164477
vt 0.002281001 0.8538083
vt 0.002631694 0.8544644
vt 0.003103605 0.8550393
vt 0.003678631 0.8555112
vt 0.002065047 0.8530965
vt 0.004334661 0.8558618
vt 0.001992117 0.8523563
vt 0.005046506 0.8560777
vt 0.001992092 0.8516781
vt 0.005786775 0.8561506
vt 0.02803775 0.8516772
vt 0.06474867 0.8516758
vt 0.1024192 0.8516744
vt 0.2181629 0.8561426
vt 0.1399122 0.8516729
vt 0.1958959 0.8516709
vt 0.2219573 0.8516699
vt 0.2189032 0.8560697
vt 0.2219573 0.8523479
vt 0.2218844 0.8530882
vt 0.219615 0.8558537
vt 0.2216685 0.8538
vt 0.220271 0.855503
vt 0.2213179 0.8544561
vt 0.220846 0.8550311
vt 0.007607828 0.6939273
vt 0.009714464 0.6955217
vt 0.01200105 0.6965038
vt 0.005798503 0.6918339
vt 0.01437844 0.6968353
vt 0.004097546 0.6888494
vt 0.06517603 0.6968341
vt 0.1376747 0.6968325
vt 0.233953 0.6968303
vt 0.3303394 0.6968281
vt 0.4276831 0.6968259
vt 0.7068373 0.6888313
vt 0.5248171 0.6968236
vt 0.6232009 0.6968214
vt 0.6965546 0.6968198
vt 0.7051739 0.6917648
vt 0.6989323 0.6964878
vt 0.7033269 0.6939104
vt 0.7012188 0.6955053
vt 0.01232555 0.7031091
vt 0.01003835 0.7040905
vt 0.007930398 0.7056843
vt 0.006082765 0.7078293
vt 0.01470419 0.7027777
vt 0.004419136 0.7107623
vt 0.08986188 0.7027801
vt 0.1867377 0.702783
vt 0.2834875 0.702786
vt 0.380561 0.7027891
vt 0.7073659 0.710784
vt 0.4775571 0.702792
vt 0.5743198 0.702795
vt 0.6468365 0.7027972
vt 0.6970814 0.7027988
vt 0.7057024 0.7078506
vt 0.6994599 0.7031302
vt 0.7038549 0.7057056
vt 0.7017471 0.7041118
vt 0.3337098 0.07424867
vt 0.3277479 0.07424867
vt 0.3277479 0.0793274
vt 0.3337098 0.0793274
vt 0.3396712 0.0793274
vt 0.3396712 0.07424867
vt 0.3456331 0.07424867
vt 0.3456331 0.0793274
vt 0.3515946 0.0793274
vt 0.3515946 0.07424867
vt 0.3575561 0.07424867
vt 0.3575561 0.0793274
vt 0.363518 0.0793274
vt 0.363518 0.07424867
vt 0.3694799 0.0793274
vt 0.3694799 0.07424867
vt 0.3754414 0.0793274
vt 0.3754414 0.07424867
vt 0.3814031 0.07424867
vt 0.3814031 0.0793274
vt 0.3873648 0.0793274
vt 0.3873648 0.07424867
vt 0.3933263 0.07424867
vt 0.3933263 0.0793274
vt 0.3992883 0.07424867
vt 0.3992883 0.0793274
vt 0.4052501 0.07424867
vt 0.4052501 0.0793274
vt 0.4112116 0.0793274
vt 0.4112116 0.07424867
vt 0.4171733 0.07424867
vt 0.4171733 0.0793274
vt 0.423135 0.0793274
vt 0.423135 0.07424867
vt 0.09099546 0.9917157
vt 0.09543955 0.9903077
vt 0.09099546 0.9903077
vt 0.09543955 0.9917157
vt 0.09988384 0.9903077
vt 0.09988384 0.9917157
vt 0.104328 0.9917157
vt 0.104328 0.9903077
vt 0.1087723 0.9903077
vt 0.1087723 0.9917157
vt 0.1132163 0.9903077
vt 0.1132163 0.9917157
vt 0.1176605 0.9903077
vt 0.1176605 0.9917157
vt 0.1221048 0.9917157
vt 0.1221048 0.9903077
vt 0.126549 0.9903077
vt 0.126549 0.9917157
vt 0.1309931 0.9917157
vt 0.1309931 0.9903077
vt 0.1354373 0.9917157
vt 0.1354373 0.9903077
vt 0.1398817 0.9917157
vt 0.1398817 0.9903077
vt 0.1443256 0.9903077
vt 0.1443256 0.9917157
vt 0.14877 0.9903077
vt 0.14877 0.9917157
vt 0.153214 0.9903077
vt 0.153214 0.9917157
vt 0.1576582 0.9903077
vt 0.1576582 0.9917157
vt 0.1621026 0.9903077
vt 0.1621026 0.9917157
vt 0.9446566 0.3265096
vt 0.9404408 0.321308
vt 0.9404408 0.3265096
vt 0.9446566 0.321308
vt 0.9404408 0.3161059
vt 0.9446566 0.3161059
vt 0.9404408 0.3109044
vt 0.9446566 0.3109044
vt 0.9404408 0.3057025
vt 0.9446566 0.3057025
vt 0.9404408 0.3005008
vt 0.9446566 0.3005008
vt 0.9404408 0.2952989
vt 0.9446566 0.2952989
vt 0.9404408 0.2900972
vt 0.9446566 0.2900972
vt 0.9404408 0.2848955
vt 0.9446566 0.2848955
vt 0.9404408 0.2796935
vt 0.9446566 0.2796935
vt 0.9404408 0.2744921
vt 0.9446566 0.2744921
vt 0.9404408 0.2692901
vt 0.9446566 0.2692901
vt 0.9404408 0.2640883
vt 0.9446566 0.2640883
vt 0.9404408 0.2588865
vt 0.9446566 0.2588865
vt 0.9404408 0.2536847
vt 0.9446566 0.2536847
vt 0.9404408 0.2484826
vt 0.9446566 0.2484826
vt 0.9404408 0.2432809
vt 0.9446566 0.2432809
vt 0.2071475 0.6123886
vt 0.2009912 0.6107474
vt 0.2009912 0.6123886
vt 0.2071475 0.6107474
vt 0.2133036 0.6107474
vt 0.2133036 0.6123886
vt 0.21946 0.6123886
vt 0.21946 0.6107474
vt 0.2256162 0.6123886
vt 0.2256162 0.6107474
vt 0.2317723 0.6123886
vt 0.2317723 0.6107474
vt 0.2379287 0.6123886
vt 0.2379287 0.6107474
vt 0.2440846 0.6123886
vt 0.2440846 0.6107474
vt 0.2502407 0.6123886
vt 0.2502407 0.6107474
vt 0.256397 0.6123886
vt 0.256397 0.6107474
vt 0.2625531 0.6123886
vt 0.2625531 0.6107474
vt 0.2687094 0.6123886
vt 0.2687094 0.6107474
vt 0.2748657 0.6123886
vt 0.2748657 0.6107474
vt 0.2810216 0.6123886
vt 0.2810216 0.6107474
vt 0.287178 0.6107474
vt 0.287178 0.6123886
vt 0.2933341 0.6123886
vt 0.2933341 0.6107474
vt 0.2994902 0.6107474
vt 0.2994902 0.6123886
vt 0.1264116 0.3359734
vt 0.1308618 0.3359734
vt 0.1308618 0.3345655
vt 0.1264116 0.3345655
vt 0.1219614 0.3345655
vt 0.1219614 0.3359734
vt 0.1175115 0.3359734
vt 0.1175115 0.3345655
vt 0.1130613 0.3359734
vt 0.1130613 0.3345655
vt 0.1086113 0.3359734
vt 0.1086113 0.3345655
vt 0.1041611 0.3345655
vt 0.1041611 0.3359734
vt 0.09971098 0.3359734
vt 0.09971098 0.3345655
vt 0.09526117 0.3345655
vt 0.09526117 0.3359734
vt 0.09081105 0.3345655
vt 0.09081105 0.3359734
vt 0.0863608 0.3345655
vt 0.0863608 0.3359734
vt 0.08191074 0.3359734
vt 0.08191074 0.3345655
vt 0.0774608 0.3359734
vt 0.0774608 0.3345655
vt 0.07301067 0.3359734
vt 0.07301067 0.3345655
vt 0.06856076 0.3359734
vt 0.06856076 0.3345655
vt 0.06411046 0.3359734
vt 0.06411046 0.3345655
vt 0.05966037 0.3359734
vt 0.05966037 0.3345655
vt 0.930757 0.2432809
vt 0.9349734 0.2484827
vt 0.9349734 0.2432809
vt 0.930757 0.2484827
vt 0.9349734 0.2536846
vt 0.930757 0.2536846
vt 0.9349734 0.2588863
vt 0.930757 0.2588863
vt 0.9349734 0.2640879
vt 0.930757 0.2640879
vt 0.9349734 0.2692894
vt 0.930757 0.2692894
vt 0.9349734 0.2744915
vt 0.930757 0.2744915
vt 0.9349734 0.2796929
vt 0.930757 0.2796929
vt 0.9349734 0.2848948
vt 0.930757 0.2848948
vt 0.9349734 0.2900965
vt 0.930757 0.2900965
vt 0.9349734 0.2952983
vt 0.930757 0.2952983
vt 0.9349734 0.3004998
vt 0.930757 0.3004998
vt 0.9349734 0.3057019
vt 0.930757 0.3057019
vt 0.9349734 0.3109036
vt 0.930757 0.3109036
vt 0.9349734 0.3161051
vt 0.930757 0.3161051
vt 0.9349734 0.3213069
vt 0.930757 0.3213069
vt 0.9349734 0.3265087
vt 0.930757 0.3265087
vt 0.9283357 0.6250101
vt 0.9324265 0.6190557
vt 0.9283357 0.6190557
vt 0.9324265 0.6250101
vt 0.9324265 0.6309643
vt 0.9283357 0.6309643
vt 0.9283357 0.6369182
vt 0.9324265 0.6369182
vt 0.9324265 0.6428724
vt 0.9283357 0.6428724
vt 0.9283357 0.6488269
vt 0.9324265 0.6488269
vt 0.9324265 0.6547809
vt 0.9283357 0.6547809
vt 0.9283357 0.6607352
vt 0.9324265 0.6607352
vt 0.9283357 0.6666895
vt 0.9324265 0.6666895
vt 0.9283357 0.6726437
vt 0.9324265 0.6726437
vt 0.9324265 0.6785976
vt 0.9283357 0.6785976
vt 0.9283357 0.6845519
vt 0.9324265 0.6845519
vt 0.9324265 0.6905059
vt 0.9283357 0.6905059
vt 0.9324265 0.6964603
vt 0.9283357 0.6964603
vt 0.9324265 0.7024146
vt 0.9283357 0.7024146
vt 0.9283357 0.7083686
vt 0.9324265 0.7083686
vt 0.9324265 0.714323
vt 0.9283357 0.714323
vt 0.3156347 0.07457134
vt 0.3217909 0.07926607
vt 0.3217909 0.07457134
vt 0.3156347 0.07926607
vt 0.3094785 0.07457134
vt 0.3094785 0.07926607
vt 0.3033226 0.07457134
vt 0.3033226 0.07926607
vt 0.2971666 0.07457134
vt 0.2971666 0.07926607
vt 0.2910101 0.07457134
vt 0.2910101 0.07926607
vt 0.2848542 0.07457134
vt 0.2848542 0.07926607
vt 0.2786983 0.07457134
vt 0.2786983 0.07926607
vt 0.2725421 0.07457134
vt 0.2725421 0.07926607
vt 0.2663859 0.07457134
vt 0.2663859 0.07926607
vt 0.2602299 0.07457134
vt 0.2602299 0.07926607
vt 0.2540737 0.07457134
vt 0.2540737 0.07926607
vt 0.2479178 0.07926607
vt 0.2479178 0.07457134
vt 0.2417617 0.07457134
vt 0.2417617 0.07926607
vt 0.2356053 0.07926607
vt 0.2356053 0.07457134
vt 0.2294494 0.07457134
vt 0.2294494 0.07926607
vt 0.2232933 0.07926607
vt 0.2232933 0.07457134
vt 0.6550104 0.868156
vt 0.6602593 0.868156
vt 0.6602589 0.851355
vt 0.65501 0.8513552
vt 0.6497603 0.868156
vt 0.6497603 0.8513553
vt 0.6445081 0.868156
vt 0.6445081 0.8513553
vt 0.639254 0.8681568
vt 0.6392543 0.8513554
vt 0.6339976 0.8681568
vt 0.6339976 0.8513556
vt 0.6287398 0.8681568
vt 0.6287398 0.8513556
vt 0.6234802 0.8681568
vt 0.62348 0.8513561
vt 0.6182194 0.8681568
vt 0.6182194 0.8513561
vt 0.6129588 0.8681571
vt 0.6129588 0.8513561
vt 0.6076993 0.8681571
vt 0.607699 0.8513561
vt 0.6024403 0.8681571
vt 0.6024403 0.8513561
vt 0.5971835 0.8681578
vt 0.5971835 0.8513567
vt 0.5919289 0.8681578
vt 0.5919289 0.8513567
vt 0.5866759 0.8681578
vt 0.5866759 0.8513567
vt 0.5814253 0.8681578
vt 0.5814253 0.8513567
vt 0.5761769 0.8681578
vt 0.5761769 0.8513567
vt 0.03269083 0.163905
vt 0.03106621 0.1557365
vt 0.03106621 0.1599822
vt 0.03569325 0.1669073
vt 0.03269083 0.1518136
vt 0.03569325 0.1488114
vt 0.03961591 0.168532
vt 0.03961591 0.1471865
vt 0.04386201 0.168532
vt 0.04386201 0.1471865
vt 0.04778481 0.1669073
vt 0.04778459 0.1488114
vt 0.05078689 0.1639048
vt 0.05078689 0.1518135
vt 0.05241163 0.1599822
vt 0.05241163 0.1557363
vt 0.5664638 0.868153
vt 0.5717122 0.868153
vt 0.5717117 0.8513518
vt 0.5664636 0.8513518
vt 0.5612134 0.8681535
vt 0.5612134 0.8513524
vt 0.5559614 0.8681535
vt 0.5559614 0.8513529
vt 0.5507075 0.8681535
vt 0.5507075 0.8513529
vt 0.5454513 0.8681541
vt 0.5454513 0.8513529
vt 0.540193 0.8681541
vt 0.540193 0.8513529
vt 0.5349337 0.8681541
vt 0.5349337 0.8513529
vt 0.529673 0.8681541
vt 0.529673 0.8513529
vt 0.5244125 0.8681546
vt 0.5244125 0.8513534
vt 0.5191528 0.8681546
vt 0.5191526 0.8513534
vt 0.5138941 0.8681546
vt 0.5138941 0.8513534
vt 0.5086374 0.8681548
vt 0.5086374 0.8513534
vt 0.5033826 0.8681548
vt 0.5033826 0.8513534
vt 0.4981298 0.8681548
vt 0.4981298 0.8513534
vt 0.4928793 0.8681548
vt 0.4928793 0.8513534
vt 0.4876307 0.8681548
vt 0.4876307 0.8513534
vt 0.03413895 0.03293696
vt 0.04230756 0.03456184
vt 0.03838491 0.03293696
vt 0.0302163 0.03456184
vt 0.04530999 0.03756415
vt 0.04693474 0.04148686
vt 0.02721387 0.03756403
vt 0.04693474 0.04573275
vt 0.02558925 0.04148686
vt 0.04530985 0.04965537
vt 0.02558911 0.04573268
vt 0.04230756 0.05265769
vt 0.02721401 0.04965543
vt 0.03838491 0.05428256
vt 0.03021608 0.05265769
vt 0.03413895 0.05428256
vt 0.5665268 0.8874928
vt 0.5735685 0.8897102
vt 0.5735685 0.8874928
vt 0.5665268 0.8897102
vt 0.5735685 0.8919879
vt 0.5665268 0.8919879
vt 0.5594848 0.8874928
vt 0.5594848 0.8919879
vt 0.5594848 0.8897102
vt 0.5524431 0.8874928
vt 0.5524431 0.8919879
vt 0.5524431 0.8897102
vt 0.5454012 0.8874928
vt 0.5454012 0.8897102
vt 0.5454012 0.8919879
vt 0.5383595 0.8874928
vt 0.5383595 0.8919879
vt 0.5383595 0.8897102
vt 0.5313175 0.8874928
vt 0.5313175 0.8897102
vt 0.5313175 0.8919879
vt 0.5242758 0.8874928
vt 0.5242758 0.8919879
vt 0.5242758 0.8897102
vt 0.5172339 0.8874928
vt 0.5172339 0.8919879
vt 0.5172339 0.8897102
vt 0.5101921 0.8874928
vt 0.5101921 0.8919879
vt 0.5101921 0.8897102
vt 0.50315 0.8874928
vt 0.50315 0.8897102
vt 0.50315 0.8919879
vt 0.4961085 0.8874928
vt 0.4961085 0.8897102
vt 0.4890667 0.8897102
vt 0.4961085 0.8919879
vt 0.4890667 0.8874928
vt 0.4890667 0.8919879
vt 0.4820249 0.8874928
vt 0.4820249 0.8919879
vt 0.4820249 0.8897102
vt 0.4749831 0.8874928
vt 0.4749831 0.8919879
vt 0.4749831 0.8897102
vt 0.4679413 0.8874928
vt 0.4679413 0.8897102
vt 0.4679413 0.8919879
vt 0.4608994 0.8874928
vt 0.4608994 0.8919879
vt 0.4608994 0.8897102
vt 0.1151846 0.8999494
vt 0.1151846 0.9091122
vt 0.1194585 0.9007661
vt 0.1243472 0.9091122
vt 0.1243472 0.8999494
vt 0.1870188 0.3282811
vt 0.1732747 0.3362162
vt 0.1824374 0.3362162
vt 0.1686933 0.328281
vt 0.1732747 0.3203459
vt 0.1824375 0.3203459
vt 0.1738071 0.7320849
vt 0.1781216 0.7404293
vt 0.1781215 0.7312665
vt 0.1689588 0.7404295
vt 0.1689588 0.7312666
vt 0.06474138 0.2780805
vt 0.06934205 0.2862135
vt 0.06934205 0.2770508
vt 0.06017927 0.2862135
vt 0.06017927 0.2770508
vt 0.2105933 0.7458084
vt 0.2149079 0.754153
vt 0.2149078 0.7449901
vt 0.2057451 0.754153
vt 0.205745 0.7449902
vt 0.03834449 0.2915363
vt 0.04290663 0.2834034
vt 0.03834449 0.2823736
vt 0.04750732 0.2915363
vt 0.04750725 0.2823736
vt 0.08923306 0.9007684
vt 0.09412049 0.9091154
vt 0.094122 0.8999522
vt 0.08495736 0.9091135
vt 0.08495963 0.8999505
vt 0.8911368 0.1146222
vt 0.8933538 0.1146222
vt 0.8933538 0.1075803
vt 0.8911368 0.1075803
vt 0.8933538 0.1005384
vt 0.8888591 0.1075803
vt 0.8888591 0.1146222
vt 0.8911368 0.1005384
vt 0.8888591 0.1005384
vt 0.8933538 0.09349643
vt 0.8888591 0.09349643
vt 0.8911368 0.09349643
vt 0.8933538 0.0864546
vt 0.8888591 0.0864546
vt 0.8911368 0.0864546
vt 0.8933538 0.07941271
vt 0.8911368 0.07941271
vt 0.8888591 0.07941271
vt 0.8933538 0.07237098
vt 0.8888591 0.07237098
vt 0.8911368 0.07237098
vt 0.8933538 0.06532919
vt 0.8911368 0.06532919
vt 0.8888591 0.06532919
vt 0.8933538 0.05828758
vt 0.8888591 0.05828758
vt 0.8911368 0.05828758
vt 0.8933538 0.05124586
vt 0.8888591 0.05124586
vt 0.8911368 0.05124586
vt 0.8933538 0.04420391
vt 0.8888591 0.04420391
vt 0.8911368 0.04420391
vt 0.8933538 0.03716197
vt 0.8911368 0.03716197
vt 0.8888591 0.03716197
vt 0.8933538 0.03012025
vt 0.8911368 0.03012025
vt 0.8911368 0.02307835
vt 0.8888591 0.03012025
vt 0.8933538 0.02307835
vt 0.8888591 0.02307835
vt 0.8933538 0.01603647
vt 0.8888591 0.01603647
vt 0.8911368 0.01603647
vt 0.8933538 0.008995015
vt 0.8888591 0.008995015
vt 0.8911368 0.008995015
vt 0.8933538 0.001953125
vt 0.8911368 0.001953125
vt 0.8888591 0.001953125
vt 0.1000721 0.8999493
vt 0.1000723 0.909112
vt 0.104346 0.9007656
vt 0.1092351 0.9091119
vt 0.1092349 0.8999493
vt 0.1368206 0.03612371
vt 0.1505648 0.04405892
vt 0.1459834 0.03612371
vt 0.1459833 0.05199411
vt 0.1368206 0.05199411
vt 0.1322393 0.04405892
vt 0.3491396 0.03400565
vt 0.3534541 0.04235018
vt 0.3534541 0.03318745
vt 0.3442914 0.04235018
vt 0.3442914 0.03318745
vt 0.006515324 0.5531722
vt 0.01111595 0.561305
vt 0.0111159 0.5521424
vt 0.001953125 0.561305
vt 0.001953125 0.5521424
vt 0.2512092 0.1928144
vt 0.2555236 0.2011589
vt 0.2555236 0.1919962
vt 0.2463607 0.2011589
vt 0.2463609 0.1919961
vt 0.06984442 0.9092361
vt 0.07440665 0.901103
vt 0.06984442 0.9000735
vt 0.07900719 0.9092361
vt 0.07900719 0.9000735
vt 0.09272841 0.5528361
vt 0.09761771 0.5611815
vt 0.09761662 0.5520186
vt 0.08845372 0.5611815
vt 0.0884552 0.5520179
vt 0.2285888 0.1786825
vt 0.2819149 0.1844534
vt 0.2752414 0.1786844
vt 0.2346094 0.1756152
vt 0.269221 0.1756167
vt 0.2393874 0.1708375
vt 0.2644434 0.1708386
vt 0.2424553 0.1648172
vt 0.261376 0.164818
vt 0.2435126 0.1581434
vt 0.2603193 0.1581443
vt 0.2424558 0.1514697
vt 0.2613766 0.1514706
vt 0.2393884 0.1454491
vt 0.2644444 0.1454502
vt 0.2346108 0.140671
vt 0.2692224 0.1406726
vt 0.275243 0.1376052
vt 0.2819168 0.1317175
vt 0.2819167 0.1365485
vt 0.2885905 0.1376057
vt 0.335243 0.1376078
vt 0.3419169 0.1317198
vt 0.3292224 0.1406751
vt 0.2946107 0.1406735
vt 0.3244444 0.1454528
vt 0.2993884 0.1454515
vt 0.3213766 0.1514731
vt 0.3024558 0.1514722
vt 0.3203193 0.1581468
vt 0.3035125 0.1581459
vt 0.321376 0.1648206
vt 0.3024553 0.1648196
vt 0.3244433 0.1708411
vt 0.2993874 0.1708399
vt 0.3292212 0.1756193
vt 0.2946094 0.1756176
vt 0.3352415 0.178687
vt 0.2885887 0.178685
vt 0.281915 0.1797417
vt 0.3419149 0.1844565
vt 0.341915 0.1797442
vt 0.3485887 0.1786876
vt 0.3952413 0.1786906
vt 0.3546093 0.1756202
vt 0.4019149 0.1844598
vt 0.3892209 0.1756228
vt 0.4019149 0.1797479
vt 0.3593874 0.1708426
vt 0.3844433 0.1708447
vt 0.3624553 0.1648222
vt 0.381376 0.1648242
vt 0.3635125 0.1581484
vt 0.3803191 0.1581504
vt 0.3624558 0.1514748
vt 0.3813765 0.1514767
vt 0.3593884 0.1454542
vt 0.3844442 0.1454564
vt 0.3546108 0.1406761
vt 0.3892223 0.1406787
vt 0.4085886 0.1786911
vt 0.3485905 0.1376083
vt 0.4619147 0.1844634
vt 0.3952429 0.1376114
vt 0.3419168 0.136551
vt 0.4019168 0.131722
vt 0.4019166 0.1365546
vt 0.4085903 0.1376119
vt 0.4619167 0.1317244
vt 0.4552412 0.1786943
vt 0.4146092 0.1756238
vt 0.4492209 0.1756263
vt 0.4193873 0.1708462
vt 0.4444432 0.1708483
vt 0.4224551 0.1648258
vt 0.441376 0.1648277
vt 0.4235123 0.1581521
vt 0.4403192 0.158154
vt 0.4224556 0.1514783
vt 0.4413765 0.1514803
vt 0.4193882 0.1454577
vt 0.4444443 0.1454599
vt 0.4146106 0.1406797
vt 0.4492221 0.1406823
vt 0.4552428 0.137615
vt 0.4619165 0.1365582
vt 0.4685903 0.1376155
vt 0.5219166 0.1317267
vt 0.5152426 0.1376186
vt 0.509222 0.1406859
vt 0.5219163 0.1365618
vt 0.4746107 0.1406833
vt 0.5044441 0.1454636
vt 0.4793883 0.1454614
vt 0.5013763 0.151484
vt 0.4824556 0.1514819
vt 0.5003191 0.1581577
vt 0.4835124 0.1581557
vt 0.5013757 0.1648314
vt 0.4824552 0.1648294
vt 0.5044432 0.170852
vt 0.4793873 0.1708497
vt 0.5092208 0.17563
vt 0.4746093 0.1756274
vt 0.5152411 0.1786978
vt 0.4685887 0.1786948
vt 0.4619149 0.1797515
vt 0.5243722 0.1844671
vt 0.5219148 0.1797552
vt 0.5285886 0.1786983
vt 0.5752411 0.1787015
vt 0.5346092 0.1756311
vt 0.5819145 0.1844668
vt 0.5692208 0.1756336
vt 0.5393872 0.1708534
vt 0.5644431 0.1708556
vt 0.5424551 0.1648331
vt 0.5613757 0.1648349
vt 0.5435122 0.1581594
vt 0.5603188 0.1581612
vt 0.5424556 0.1514855
vt 0.5613762 0.1514875
vt 0.5393884 0.145465
vt 0.5644441 0.1454673
vt 0.5346105 0.140687
vt 0.5692222 0.1406895
vt 0.5819147 0.1797587
vt 0.5285902 0.1376191
vt 0.5885886 0.178702
vt 0.5752429 0.1376221
vt 0.6352409 0.178705
vt 0.5946091 0.1756346
vt 0.6419144 0.1844709
vt 0.6292206 0.1756372
vt 0.6419147 0.1797623
vt 0.599387 0.1708568
vt 0.6485882 0.1787056
vt 0.6244429 0.1708591
vt 0.6577581 0.1844751
vt 0.6024551 0.1648366
vt 0.6546088 0.1756382
vt 0.6213756 0.1648386
vt 0.6629027 0.1839686
vt 0.6035123 0.1581628
vt 0.6203188 0.1581648
vt 0.6024554 0.1514891
vt 0.6213763 0.1514911
vt 0.5993882 0.1454685
vt 0.6244438 0.1454708
vt 0.5946105 0.1406904
vt 0.6292219 0.1406931
vt 0.659387 0.1708605
vt 0.6678498 0.182468
vt 0.6724088 0.1800309
vt 0.5885901 0.1376226
vt 0.6624549 0.1648402
vt 0.6764048 0.1767511
vt 0.679684 0.1727545
vt 0.6635122 0.1581665
vt 0.68212 0.1681949
vt 0.68362 0.1632476
vt 0.6841259 0.1581027
vt 0.6836206 0.1529578
vt 0.6624552 0.1514927
vt 0.682121 0.1480104
vt 0.6796851 0.1434507
vt 0.6593878 0.1454722
vt 0.6764064 0.1394539
vt 0.6724106 0.1361736
vt 0.6546105 0.1406941
vt 0.6678515 0.1337363
vt 0.6629046 0.1322351
vt 0.64859 0.1376263
vt 0.6577599 0.1317283
vt 0.6419166 0.1317313
vt 0.6419164 0.136569
vt 0.6352425 0.1376258
vt 0.5819165 0.131729
vt 0.5819163 0.1365654
vt 0.09817167 0.04893918
vt 0.09560105 0.04832266
vt 0.0955528 0.05189753
vt 0.09955758 0.04528483
vt 0.09338203 0.05198131
vt 0.09857862 0.04454975
vt 0.09202114 0.05362551
vt 0.09926511 0.04131353
vt 0.09618686 0.04060873
vt 0.09752515 0.03774968
vt 0.09458221 0.03632797
vt 0.09457043 0.03508163
vt 0.08917584 0.05146796
vt 0.0880774 0.05387112
vt 0.08434493 0.05271418
vt 0.08433306 0.05146796
vt 0.08139008 0.0500458
vt 0.08272848 0.04718697
vt 0.07965005 0.04648262
vt 0.08033655 0.04324606
vt 0.07935769 0.04251087
vt 0.08973953 0.03632797
vt 0.09083789 0.03392447
vt 0.08689415 0.0341703
vt 0.08553329 0.03581429
vt 0.08336262 0.03589851
vt 0.08331422 0.03947336
vt 0.08074356 0.03885642
vt 0.1095999 0.1625029
vt 0.1070595 0.1617247
vt 0.1068578 0.1653285
vt 0.1112585 0.1589234
vt 0.1046956 0.1653627
vt 0.1103244 0.1581679
vt 0.103262 0.1669315
vt 0.1110123 0.1549563
vt 0.1079327 0.1541617
vt 0.1094225 0.151353
vt 0.1066182 0.1497239
vt 0.1066544 0.1485
vt 0.1004571 0.1646669
vt 0.09932461 0.1670692
vt 0.09555665 0.1658911
vt 0.09559289 0.1646669
vt 0.09278899 0.1630379
vt 0.09427884 0.1602292
vt 0.09119884 0.1594347
vt 0.09188674 0.156223
vt 0.09095244 0.1554677
vt 0.1017536 0.1497239
vt 0.1028864 0.1473218
vt 0.09894842 0.1474593
vt 0.09751499 0.149028
vt 0.09535285 0.149062
vt 0.09515115 0.1526659
vt 0.09261056 0.1518879
vt 0.3812769 0.2865328
vt 0.3758287 0.2901731
vt 0.5079359 0.2901799
vt 0.3693991 0.2914509
vt 0.502483 0.286538
vt 0.3849162 0.2810848
vt 0.4988385 0.281087
vt 0.3861922 0.2746585
vt 0.4975565 0.2746564
vt 0.3849101 0.2682333
vt 0.4988321 0.2682254
vt 0.3812647 0.2627878
vt 0.5024707 0.2627744
vt 0.3758109 0.2591524
vt 0.5079182 0.2591316
vt 0.5413991 0.2282402
vt 0.514349 0.2578523
vt 0.5207801 0.2591295
vt 0.369379 0.2578788
vt 0.5262335 0.2627695
vt 0.3423707 0.2282832
vt 0.5414206 0.2745606
vt 0.5298792 0.2682164
vt 0.3629482 0.259161
vt 0.357497 0.2628046
vt 0.353855 0.2682559
vt 0.3423747 0.2746075
vt 0.3525764 0.2746841
vt 0.3428387 0.2792923
vt 0.5311604 0.2746424
vt 0.5409608 0.279242
vt 0.5395967 0.2837431
vt 0.3538595 0.2811086
vt 0.3442095 0.2837949
vt 0.346434 0.2879415
vt 0.529883 0.2810719
vt 0.5373812 0.287892
vt 0.5343992 0.2915302
vt 0.3575093 0.2865487
vt 0.3494251 0.2915727
vt 0.3530669 0.2945489
vt 0.5262438 0.2865267
vt 0.5307643 0.2945186
vt 0.5266153 0.2967425
vt 0.5207957 0.2901751
vt 0.5221109 0.2981139
vt 0.5143667 0.2914578
vt 0.3629666 0.2901789
vt 0.3572181 0.296757
vt 0.3617199 0.2981149
vt 0.5174261 0.2985779
vt 0.3663999 0.2985714
vt 0.04168426 0.5889221
vt 0.03533712 0.5898086
vt 0.03776655 0.5956742
vt 0.04329163 0.5924268
vt 0.04154021 0.5850687
vt 0.04225579 0.6001642
vt 0.03533643 0.5834603
vt 0.04611741 0.5950494
vt 0.04288053 0.5814535
vt 0.04812169 0.6025941
vt 0.03776399 0.5775937
vt 0.04973202 0.5963911
vt 0.04550151 0.578626
vt 0.0544715 0.602594
vt 0.04225164 0.5731021
vt 0.05358442 0.5962471
vt 0.04900504 0.5770175
vt 0.06033738 0.6001628
vt 0.04811754 0.5706702
vt 0.05708789 0.5946389
vt 0.05285705 0.5768729
vt 0.06482577 0.5956714
vt 0.0544676 0.57067
vt 0.05970912 0.591812
vt 0.05647105 0.578215
vt 0.06725274 0.5898046
vt 0.06033349 0.5731009
vt 0.06104862 0.5881966
vt 0.05929641 0.5808384
vt 0.06725088 0.5834565
vt 0.0648217 0.5775915
vt 0.06090349 0.5843437
vt 0.008301207 0.4462591
vt 0.001954208 0.447146
vt 0.004384313 0.4530118
vt 0.009908666 0.4497635
vt 0.00815687 0.4424059
vt 0.008874207 0.4575012
vt 0.001953217 0.4407972
vt 0.01273502 0.4523858
vt 0.0094973 0.4387906
vt 0.01474111 0.45993
vt 0.00438097 0.434931
vt 0.01634987 0.4537264
vt 0.0121186 0.4359632
vt 0.02109057 0.4599284
vt 0.008868525 0.4304396
vt 0.02020244 0.4535815
vt 0.01562213 0.4343543
vt 0.02695589 0.4574967
vt 0.01473388 0.4280073
vt 0.02370607 0.4519728
vt 0.0194742 0.4342093
vt 0.03144401 0.4530055
vt 0.02108394 0.4280061
vt 0.0263275 0.449146
vt 0.0230885 0.4355507
vt 0.03387139 0.4471388
vt 0.02694997 0.4304361
vt 0.02766731 0.445531
vt 0.02591442 0.4381735
vt 0.03386933 0.4407902
vt 0.03143919 0.4349253
vt 0.02752234 0.441678
vn -1 0 0
vn -1 0 0
vn -1 0 0
vn -1 0 0
vn -1 0 0
vn -1 0 0
vn -1 0 0
vn -1 0 0
vn -1 0 0
vn -1 -1.192093E-07 0
vn -1 -1.192093E-07 0
vn -1 0 0
vn -1 0 0
vn -1 0 0
vn -1 0 0
vn -1 0 0
vn -1 0 0
vn -1 -1.192093E-07 0
vn -1 0 0
vn -1 0 -1.192093E-07
vn -1 0 0
vn -1 -1.192093E-07 0
vn -1 0 0
vn -1 0 0
vn -1 0 0
vn -1 0 -1.192093E-07
vn -1 0 -1.192093E-07
vn 0.980957 -1.192093E-07 -0.1950684
vn 0.980957 -1.192093E-07 -0.1950684
vn 0.9238281 -1.192093E-07 -0.3825684
vn 0.9238281 -1.192093E-07 -0.3825684
vn 0.7070313 -1.192093E-07 -0.7070313
vn 0.7070313 -1.192093E-07 -0.7070313
vn 0.3825684 0 -0.9238281
vn 0.3825684 0 -0.9238281
vn 0.1950684 0 -0.980957
vn 0.1950684 0 -0.980957
vn 0 0 -1
vn 0 0 -1
vn 0 0 -1
vn 0 0 -1
vn -1 0 0
vn -1 0 0
vn -1 0 0
vn -1 0 0
vn 0 0 1
vn 0 0 1
vn 0 0 1
vn 0 0 1
vn 0 0 -1
vn 0 0 -1
vn 0 0 -1
vn 0 0 -1
vn 0 1 1.192093E-07
vn 0 1 0
vn 0 1 1.192093E-07
vn 0 1 0
vn 0 1 0
vn 0 1 0
vn 0 1 0
vn 0 1 0
vn 0 1 0
vn 0 1 0
vn 5.298853E-05 0.373291 -0.9277344
vn 5.298853E-05 0.373291 -0.9277344
vn 5.948544E-05 0.4641113 -0.8857422
vn 6.049871E-05 0.4782715 -0.878418
vn 6.902218E-05 0.6577148 -0.753418
vn 6.860495E-05 0.640625 -0.7675781
vn 6.854534E-05 0.7890625 -0.6142578
vn 6.788969E-05 0.8051758 -0.5927734
vn 5.567074E-05 0.9145508 -0.4047852
vn 5.811453E-05 0.9013672 -0.4326172
vn -0.002117157 0.9746094 -0.2244873
vn -0.00152874 0.9682617 -0.2502441
vn -0.00687027 0.987793 -0.1571045
vn -0.001170158 0.9951172 -0.1008911
vn -0.005363464 0.9936523 -0.1105957
vn -0.003084183 0.9975586 -0.06811523
vn 0.0005049706 0.9980469 -0.06216431
vn -0.002071381 0.9990234 -0.04486084
vn 0 0.9995117 -0.03016663
vn -8.612871E-05 0.2712402 -0.9624023
vn 8.970499E-05 0.2712402 -0.9624023
vn 8.970499E-05 0.2712402 -0.9624023
vn -5.382299E-05 0.2712402 -0.9624023
vn -0.0003199577 0.2712402 -0.9624023
vn -0.0002310276 0.2712402 -0.9624023
vn -2.384186E-07 0.2712402 -0.9624023
vn -0.03234863 -0.9916992 0.1233521
vn -0.06304932 -0.9663086 0.2495117
vn -0.03234863 -0.9916992 0.1233521
vn -0.06304932 -0.9663086 0.2495117
vn -0.117981 -0.8662109 0.4851074
vn -0.1137695 -0.8823242 0.4562988
vn -0.1317139 -0.8032227 0.5810547
vn -0.1529541 -0.7255859 0.6708984
vn -0.1710205 -0.7070313 0.6860352
vn -0.2049561 -0.5307617 0.8222656
vn -0.2094727 -0.5 0.840332
vn -0.2324219 -0.2773438 0.9321289
vn -0.2336426 -0.2587891 0.9370117
vn -0.2398682 -0.1304932 0.9619141
vn -0.2398682 -0.1304932 0.9619141
vn -0.2419434 0 0.9702148
vn -0.2419434 0 0.9702148
vn -0.2419434 0 0.9702148
vn -0.2419434 2.384186E-07 0.9702148
vn -0.2419434 0 0.9702148
vn -0.2419434 -7.152557E-07 0.9702148
vn -0.2419434 -2.384186E-07 0.9702148
vn -0.2419434 -2.384186E-07 0.9702148
vn -0.2419434 -2.086163E-06 0.9702148
vn -0.2419434 -2.086163E-06 0.9702148
vn -0.2419434 0 0.9702148
vn -0.2419434 -2.384186E-07 0.9702148
vn -0.2419434 -4.172325E-07 0.9702148
vn -0.2419434 -4.172325E-07 0.9702148
vn -0.2419434 0 0.9702148
vn -0.2419434 -2.384186E-07 0.9702148
vn -0.2419434 0 0.9702148
vn -0.2419434 -2.384186E-07 0.9702148
vn -0.2419434 -2.384186E-07 0.9702148
vn 0.02932739 -0.9916992 -0.1240845
vn 0.06149292 -0.9663086 -0.2498779
vn 0.02932739 -0.9916992 -0.1240845
vn 0.06149292 -0.9663086 -0.2498779
vn 0.1235962 -0.8662109 -0.4838867
vn 0.1137695 -0.8823242 -0.4562988
vn 0.1563721 -0.8032227 -0.574707
vn 0.1798096 -0.7255859 -0.6640625
vn 0.1710205 -0.7070313 -0.6860352
vn 0.2049561 -0.5307617 -0.8222656
vn 0.2094727 -0.5 -0.840332
vn 0.2336426 -0.2587891 -0.9370117
vn 0.2324219 -0.2773438 -0.9321289
vn 0.2398682 -0.1304932 -0.9619141
vn 0.2398682 -0.1304932 -0.9619141
vn 0.2419434 0 -0.9702148
vn 0.2419434 0 -0.9702148
vn 0.2419434 0 -0.9702148
vn 0.2419434 0 -0.9702148
vn 0.2419434 0 -0.9702148
vn 0.2419434 0 -0.9702148
vn 0.2419434 8.34465E-07 -0.9702148
vn 0.2419434 1.788139E-07 -0.9702148
vn 0.2419434 4.768372E-07 -0.9702148
vn 0.2419434 4.768372E-07 -0.9702148
vn 0.2419434 0 -0.9702148
vn 0.2419434 -1.192093E-07 -0.9702148
vn 0.2419434 -7.748604E-07 -0.9702148
vn 0.2419434 -4.172325E-07 -0.9702148
vn 0.2419434 -4.172325E-07 -0.9702148
vn 0.2419434 2.980232E-07 -0.9702148
vn 0.2419434 0 -0.9702148
vn 0.2419434 0 -0.9702148
vn 0 -0.9658203 -0.2587891
vn 0 -0.9912109 -0.1304932
vn 0 -0.9912109 -0.1304932
vn 0 -0.9658203 -0.2587891
vn 0 -0.8662109 -0.5
vn 0 -0.8662109 -0.5
vn 0 -0.7070313 -0.7070313
vn 0 -0.7070313 -0.7070313
vn 0 -0.5 -0.8662109
vn 0 -0.5 -0.8662109
vn 0 -0.2587891 -0.9658203
vn 0 -0.2587891 -0.9658203
vn 0 -0.1304932 -0.9912109
vn 0 -0.1304932 -0.9912109
vn 0 1.192093E-07 -1
vn 0 1.192093E-07 -1
vn 0 1.192093E-07 -1
vn 0 1.192093E-07 -1
vn -0.5737305 0.8188477 2.384186E-07
vn -0.5737305 0.8188477 2.384186E-07
vn -0.4995117 0.8662109 1.436472E-05
vn -0.5146484 0.8574219 1.15037E-05
vn -0.298584 0.9545898 -0.002521515
vn -0.3774414 0.9262695 2.503395E-05
vn -0.1904297 0.9819336 -0.002994537
vn -0.06365967 0.9980469 -0.00403595
vn -0.03091431 0.9995117 -0.002952576
vn 0.1911621 0.9814453 -1.788139E-07
vn 0.1561279 0.987793 -1.192093E-07
vn 0.3830566 0.9238281 0.0008544922
vn 0.4140625 0.9101563 0.001137733
vn 0.6298828 0.7763672 0.0007886887
vn 0.581543 0.8134766 -0.0001604557
vn 0.8212891 0.5708008 0.006252289
vn 0.8012695 0.5981445 0.0004694462
vn 0.59375 0.8046875 0.003761292
vn 0.9345703 0.355957 0.0002129078
vn 0.5195313 0.8544922 0.002590179
vn 0.5385742 0.8427734 -0.0003759861
vn 0.3874512 0.921875 0.0041008
vn 0.4074707 0.9130859 0.004928589
vn 0.197998 0.9799805 0
vn 0.1737061 0.9848633 0
vn -0.05813599 0.9985352 -3.576279E-07
vn -0.03323364 0.9995117 -2.980232E-07
vn -0.263916 0.9643555 5.960464E-07
vn -0.2868652 0.9580078 9.536743E-07
vn -0.4812012 0.8764648 1.490116E-06
vn -0.5 0.8662109 1.251698E-06
vn -0.6728516 0.7397461 -8.940697E-07
vn -0.6860352 0.7275391 -1.072884E-06
vn -0.8354492 0.5493164 8.34465E-07
vn -0.8276367 0.5610352 4.768372E-07
vn -0.9394531 0.342041 3.993511E-06
vn -0.9365234 0.3500977 3.993511E-06
vn -0.9931641 0.1160889 9.953976E-06
vn -0.9926758 0.1190186 9.834766E-06
vn -0.9931641 -0.1160889 8.404255E-06
vn -0.9926758 0.1190186 9.834766E-06
vn -0.9931641 0.1160889 9.953976E-06
vn -0.9926758 -0.1190186 8.225441E-06
vn -0.9394531 -0.342041 4.768372E-07
vn -0.9365234 -0.3500977 4.172325E-07
vn -0.8276367 -0.5610352 -3.33786E-06
vn -0.8354492 -0.5493164 -2.980232E-06
vn -0.6728516 -0.7397461 -4.291534E-06
vn -0.6860352 -0.7275391 -4.529953E-06
vn -0.4812012 -0.8764648 -1.370907E-06
vn -0.5 -0.8662109 -1.66893E-06
vn -0.263916 -0.9643555 -4.172325E-07
vn -0.2868652 -0.9580078 -4.172325E-07
vn -0.03323364 -0.9995117 7.748604E-07
vn -0.05813599 -0.9985352 5.364418E-07
vn 0.1737061 -0.9848633 1.192093E-07
vn 0.197998 -0.9799805 -1.788139E-07
vn 0.3874512 -0.921875 0.0041008
vn 0.4074707 -0.9130859 0.004928589
vn 0.5195313 -0.8544922 0.002588272
vn 0.59375 -0.8046875 0.003761292
vn 0.5385742 -0.8427734 -0.0003778934
vn 0.6298828 -0.7763672 0.0007896423
vn 0.7744141 -0.6328125 -0.0006833076
vn 0.7617188 -0.6474609 0.0005970001
vn 0.902832 -0.4296875 -4.684925E-05
vn 0.581543 -0.8134766 -0.0001562834
vn 0.9316406 -0.3640137 -0.0002646446
vn 0.3830566 -0.9238281 0.0008554459
vn 0.9882813 -0.1518555 -0.0002937317
vn 0.4140625 -0.9101563 0.001138687
vn 0.9921875 -0.1246338 -0.0002532005
vn 0.1561279 -0.987793 0
vn 0.1911621 -0.9814453 -1.192093E-07
vn 0.9882813 0.1525879 -0.004211426
vn -0.07171631 -0.9975586 -0.005199432
vn -0.0104599 -1 0
vn -0.1748047 -0.984375 -0.0007247925
vn -0.3054199 -0.9521484 -0.00352478
vn -0.3774414 -0.9262695 2.413988E-05
vn -0.5058594 -0.862793 1.394749E-05
vn -0.5219727 -0.8530273 1.114607E-05
vn -0.5839844 -0.8115234 1.192093E-07
vn -0.5839844 -0.8115234 1.192093E-07
vn 0.9882813 0.1514893 0.0001372099
vn 0.9389648 0.3444824 0.009208679
vn 0.9394531 0.342041 0.008781433
vn 0 1 0
vn 0 1 0
vn 0 1 0
vn 0 1 0
vn 0 1 0
vn 0 1 0
vn -0.5146484 6.556511E-07 -0.8574219
vn -0.5146484 6.556511E-07 -0.8574219
vn -0.5146484 1.192093E-07 -0.8574219
vn -0.5146484 0 -0.8574219
vn -0.5146484 0 -0.8574219
vn -0.5146484 0 -0.8574219
vn -0.5146484 0 -0.8574219
vn -0.5146484 0 -0.8574219
vn -0.5146484 0 -0.8574219
vn -0.5146484 0 -0.8574219
vn -0.5146484 0 -0.8574219
vn -0.5146484 0 -0.8574219
vn -0.5146484 0 -0.8574219
vn -0.5146484 0 -0.8574219
vn -0.5146484 0 -0.8574219
vn -0.5146484 0 -0.8574219
vn -0.5146484 0 -0.8574219
vn 0 1 1.192093E-07
vn 0 1 0
vn 0 1 0
vn 0 1 0
vn 0 1 0
vn 0 1 0
vn 0 -1 -1.192093E-07
vn 0 -1 -1.192093E-07
vn 0 -1 -1.192093E-07
vn 0 -1 0
vn 0 -1 -1.192093E-07
vn -2.384186E-07 -1 0
vn 0.2419434 2.384186E-07 -0.9702148
vn 0.2419434 4.768372E-07 -0.9702148
vn 0.2419434 4.768372E-07 -0.9702148
vn 0.2419434 2.980232E-07 -0.9702148
vn 0.2419434 0 -0.9702148
vn 0.2419434 0 -0.9702148
vn 0.2419434 0 -0.9702148
vn 0.2419434 0 -0.9702148
vn 0.2419434 0 -0.9702148
vn 0.2419434 0 -0.9702148
vn 0.2336426 0.2587891 -0.9370117
vn 0.2398682 0.1304932 -0.9619141
vn 0.2398682 0.1304932 -0.9619141
vn 0.2324219 0.2773438 -0.9321289
vn 0.2094727 0.5 -0.840332
vn 0.2049561 0.5307617 -0.8222656
vn 0.170166 0.7109375 -0.6826172
vn 0.178833 0.7036133 -0.6879883
vn 0.1467285 0.8051758 -0.574707
vn 0.1268311 0.8686523 -0.4790039
vn 0.1137695 0.8823242 -0.4562988
vn 0.06149292 0.9663086 -0.2498779
vn 0.06149292 0.9663086 -0.2498779
vn 0.02932739 0.9916992 -0.1240845
vn 0.02932739 0.9916992 -0.1240845
vn 0 1 0
vn 0 1 0
vn 8.940697E-07 1 2.384186E-07
vn 8.940697E-07 1 2.384186E-07
vn 1.788139E-06 1 4.768372E-07
vn 1.788139E-06 1 4.768372E-07
vn -0.06304932 0.9663086 0.2495117
vn -0.03234863 0.9916992 0.1233521
vn -0.03234863 0.9916992 0.1233521
vn -0.06304932 0.9663086 0.2495117
vn -0.112915 0.8686523 0.4824219
vn -0.1137695 0.8823242 0.4562988
vn -0.1402588 0.8051758 0.5761719
vn -0.1651611 0.7036133 0.6914063
vn -0.170166 0.7109375 0.6826172
vn -0.2049561 0.5307617 0.8222656
vn -0.2094727 0.5 0.840332
vn -0.2336426 0.2587891 0.9370117
vn -0.2324219 0.2773438 0.9321289
vn -0.2398682 0.1304932 0.9619141
vn -0.2398682 0.1304932 0.9619141
vn -0.5146484 -2.384186E-07 -0.8574219
vn -0.5146484 1.192093E-07 -0.8574219
vn -0.5146484 9.536743E-07 -0.8574219
vn -0.5146484 2.44379E-06 -0.8574219
vn -0.5146484 -5.364418E-07 -0.8574219
vn -0.5146484 1.788139E-07 -0.8574219
vn -0.5146484 4.887581E-06 -0.8574219
vn -0.5146484 5.066395E-06 -0.8574219
vn -0.5146484 -1.263618E-05 -0.8574219
vn -0.2419434 0 0.9702148
vn -0.2419434 0 0.9702148
vn -0.2419434 -1.192093E-07 0.9702148
vn -0.2419434 -1.192093E-07 0.9702148
vn -0.2419434 0 0.9702148
vn -0.2419434 0 0.9702148
vn -0.2419434 2.384186E-07 0.9702148
vn -0.2419434 0 0.9702148
vn -0.2419434 0 0.9702148
vn -0.2419434 -1.788139E-07 0.9702148
vn -0.2419434 -2.980232E-07 0.9702148
vn -0.2419434 8.34465E-07 0.9702148
vn -0.2419434 3.576279E-07 0.9702148
vn -0.2419434 0 0.9702148
vn -0.2419434 1.788139E-07 0.9702148
vn -0.2419434 2.980232E-07 0.9702148
vn -0.2419434 0 0.9702148
vn -0.2358398 -0.2225342 0.9458008
vn -0.2403564 -0.1119385 0.9643555
vn -0.2403564 -0.1119385 0.9643555
vn -0.2358398 -0.2225342 0.9458008
vn -0.2180176 -0.4338379 0.8740234
vn -0.2180176 -0.4338379 0.8740234
vn -0.1890869 -0.6235352 0.7587891
vn -0.1890869 -0.6235352 0.7587891
vn -0.1508789 -0.7817383 0.6049805
vn -0.1508789 -0.7817383 0.6049805
vn -0.1049805 -0.9008789 0.4208984
vn -0.1049805 -0.9008789 0.4208984
vn -0.05383301 -0.9750977 0.2159424
vn -0.05383301 -0.9750977 0.2159424
vn -5.00679E-06 -1 3.576279E-07
vn -7.271767E-06 -1 9.477139E-06
vn 0.05383301 -0.9750977 -0.2159424
vn 0.05383301 -0.9750977 -0.2159424
vn 0.1049805 -0.9008789 -0.4208984
vn 0.1049805 -0.9008789 -0.4208984
vn 0.1508789 -0.7817383 -0.6049805
vn 0.1508789 -0.7817383 -0.6049805
vn 0.1890869 -0.6235352 -0.7587891
vn 0.1890869 -0.6235352 -0.7587891
vn 0.2180176 -0.4338379 -0.8740234
vn 0.2180176 -0.4338379 -0.8740234
vn 0.2358398 -0.2225342 -0.9458008
vn 0.2358398 -0.2225342 -0.9458008
vn 0.2403564 -0.1119385 -0.9643555
vn 0.2403564 -0.1119385 -0.9643555
vn 0.2358398 0.2225342 -0.9458008
vn 0.2403564 0.1119385 -0.9643555
vn 0.2403564 0.1119385 -0.9643555
vn 0.2358398 0.2225342 -0.9458008
vn 0.2180176 0.4338379 -0.8740234
vn 0.2180176 0.4338379 -0.8740234
vn 0.1890869 0.6235352 -0.7587891
vn 0.1890869 0.6235352 -0.7587891
vn 0.1508789 0.7817383 -0.6049805
vn 0.1508789 0.7817383 -0.6049805
vn 0.1049805 0.9008789 -0.4208984
vn 0.1049805 0.9008789 -0.4208984
vn 0.05383301 0.9750977 -0.2159424
vn 0.05383301 0.9750977 -0.2159424
vn -8.940697E-07 1 -2.861023E-06
vn -3.159046E-06 1 6.318092E-06
vn -0.05383301 0.9750977 0.2159424
vn -0.05383301 0.9750977 0.2159424
vn -0.1049805 0.9008789 0.4208984
vn -0.1049805 0.9008789 0.4208984
vn -0.1508789 0.7817383 0.6049805
vn -0.1508789 0.7817383 0.6049805
vn -0.1890869 0.6235352 0.7587891
vn -0.1890869 0.6235352 0.7587891
vn -0.2180176 0.4338379 0.8740234
vn -0.2180176 0.4338379 0.8740234
vn -0.2358398 0.2225342 0.9458008
vn -0.2358398 0.2225342 0.9458008
vn -0.2403564 0.1119385 0.9643555
vn -0.2403564 0.1119385 0.9643555
vn -0.2419434 -3.576279E-07 0.9702148
vn -0.2419434 -5.364418E-07 0.9702148
vn -0.2419434 -5.364418E-07 0.9702148
vn -0.2419434 -4.768372E-07 0.9702148
vn -0.2419434 -2.980232E-07 0.9702148
vn -0.2419434 -1.788139E-07 0.9702148
vn -0.2419434 1.192093E-07 0.9702148
vn -0.2419434 0 0.9702148
vn -0.2419434 0 0.9702148
vn -0.2419434 1.788139E-07 0.9702148
vn -0.2419434 2.980232E-07 0.9702148
vn -0.2419434 2.980232E-07 0.9702148
vn -0.2419434 0 0.9702148
vn -0.2419434 0 0.9702148
vn -0.2419434 0 0.9702148
vn -0.2419434 -1.192093E-07 0.9702148
vn -0.2419434 -1.192093E-07 0.9702148
vn -0.2419434 0 0.9702148
vn -0.2419434 0 0.9702148
vn -0.2419434 0 0.9702148
vn -0.2419434 -1.788139E-07 0.9702148
vn -0.2419434 -1.192093E-07 0.9702148
vn -0.2419434 -4.768372E-07 0.9702148
vn -0.2419434 0 0.9702148
vn -0.2419434 1.788139E-07 0.9702148
vn -0.2419434 0 0.9702148
vn -0.2419434 0 0.9702148
vn -0.2419434 -1.788139E-07 0.9702148
vn 1 1.192093E-07 -2.980232E-07
vn 1 1.192093E-07 -2.980232E-07
vn 1 1.192093E-07 -2.980232E-07
vn 1 1.192093E-07 -2.980232E-07
vn 0.9702148 1.788139E-07 0.2419434
vn 0.9702148 1.788139E-07 0.2419434
vn 0.9702148 1.788139E-07 0.2419434
vn 0.9702148 1.788139E-07 0.2419434
vn 0.9702148 1.788139E-07 0.2419434
vn 0.9702148 1.788139E-07 0.2419434
vn 0.9702148 1.788139E-07 0.2419434
vn 0.9702148 1.788139E-07 0.2419434
vn 0.2419434 2.384186E-07 -0.9702148
vn 0.2419434 0 -0.9702148
vn 0.2419434 1.788139E-07 -0.9702148
vn 0.2419434 0 -0.9702148
vn 0.2419434 2.384186E-07 -0.9702148
vn 0.2419434 0 -0.9702148
vn 0.2419434 0 -0.9702148
vn -0.9702148 2.038479E-05 -0.2429199
vn -0.9702148 4.595518E-05 -0.2419434
vn -0.9702148 4.595518E-05 -0.2419434
vn -0.9702148 1.871586E-05 -0.2419434
vn -0.9702148 1.972914E-05 -0.2429199
vn -0.9702148 0 -0.2419434
vn -0.581543 0.8134766 0
vn -0.581543 0.8134766 0
vn -0.5043945 0.8637695 1.358986E-05
vn -0.5205078 0.8540039 1.084805E-05
vn -0.298584 0.9545898 -0.002521515
vn -0.3774414 0.9262695 2.372265E-05
vn -0.1904297 0.9819336 -0.002996445
vn -0.06365967 0.9980469 -0.00403595
vn -0.03092957 0.9995117 -0.002952576
vn 0.1911621 0.9814453 -1.788139E-07
vn 0.1561279 0.987793 -1.192093E-07
vn 0.3830566 0.9238281 0.0008554459
vn 0.4140625 0.9101563 0.001138687
vn 0.581543 0.8134766 -0.0001533031
vn 0.6298828 0.7768555 0.0007939339
vn 0.7885742 0.6147461 0.001776695
vn 0.59375 0.8046875 0.003765106
vn 0.5385742 0.8427734 -0.000377655
vn 0.5195313 0.8544922 0.002590179
vn 0.3874512 0.921875 0.0041008
vn 0.4074707 0.9130859 0.004932404
vn 0.7739258 0.6333008 0.00023067
vn 0.1737061 0.9848633 4.172325E-07
vn 0.197998 0.9799805 3.576279E-07
vn -0.03323364 0.9995117 2.384186E-07
vn -0.05813599 0.9985352 0
vn -0.2868652 0.9580078 -4.172325E-07
vn -0.263916 0.9643555 -4.172325E-07
vn -0.4812012 0.8764648 -7.152557E-07
vn -0.5 0.8662109 -8.34465E-07
vn -0.6728516 0.7397461 -1.788139E-06
vn -0.6860352 0.7275391 -1.847744E-06
vn -0.8276367 0.5610352 -3.576279E-07
vn -0.8354492 0.5493164 -1.192093E-07
vn -0.9365234 0.3500977 2.920628E-06
vn -0.9394531 0.342041 2.980232E-06
vn -0.9931641 0.1160889 9.953976E-06
vn -0.9926758 0.1190186 9.834766E-06
vn -0.9926758 -0.1190186 8.225441E-06
vn -0.9926758 0.1190186 9.834766E-06
vn -0.9931641 0.1160889 9.953976E-06
vn -0.9931641 -0.1160889 8.404255E-06
vn -0.9365234 -0.3500977 4.172325E-07
vn -0.9394531 -0.342041 4.768372E-07
vn -0.8354492 -0.5493164 -2.384186E-07
vn -0.8276367 -0.5610352 -2.384186E-07
vn -0.6728516 -0.7397461 -1.192093E-07
vn -0.6860352 -0.7275391 -1.192093E-07
vn -0.4812012 -0.8764648 0
vn -0.5 -0.8662109 0
vn -0.263916 -0.9643555 2.384186E-07
vn -0.2868652 -0.9580078 1.788139E-07
vn -0.05813599 -0.9985352 1.072884E-06
vn -0.03323364 -0.9995117 1.192093E-06
vn 0.1737061 -0.9848633 8.34465E-07
vn 0.197998 -0.9799805 6.556511E-07
vn 0.4074707 -0.9130859 0.004928589
vn 0.3874512 -0.921875 0.0041008
vn 0.5161133 -0.8564453 0.002824783
vn 0.5883789 -0.8085938 0.003400803
vn 0.6220703 -0.7832031 -2.086163E-06
vn 0.5332031 -0.8457031 -1.54376E-05
vn 0.7436523 -0.6689453 0
vn 0.7436523 -0.6689453 1.788139E-07
vn 0.8837891 -0.4677734 0
vn 0.9116211 -0.4082031 0.04928589
vn 0.7900391 -0.6123047 0.03326416
vn 0.5805664 -0.8139648 -4.11272E-06
vn 0.3808594 -0.9248047 -1.490116E-06
vn 0.4118652 -0.9111328 -1.788139E-06
vn 0.1911621 -0.9814453 -4.172325E-07
vn 0.1561279 -0.987793 -3.576279E-07
vn -0.06365967 -0.9980469 -0.00403595
vn -0.03092957 -0.9995117 -0.002952576
vn -0.1904297 -0.9819336 -0.002994537
vn -0.298584 -0.9545898 -0.002521515
vn -0.3774414 -0.9262695 2.354383E-05
vn -0.5131836 -0.8583984 1.066923E-05
vn -0.4980469 -0.8671875 1.341105E-05
vn -0.5712891 -0.8208008 -2.384186E-07
vn -0.5712891 -0.8208008 -2.384186E-07
vn 0.9365234 -0.3395996 0.08624268
vn 0.8999023 -0.4135742 0.1394043
vn 0.9848633 -0.1738281 0.01010895
vn 0.9790039 -0.2049561 0
vn 0.9995117 0.02966309 0
vn 0.9975586 0.06787109 -0.0007238388
vn 0.9404297 0.340332 -0.0001647472
vn 0.9418945 0.3366699 0.004348755
vn 0.9643555 0.263916 -0.001477242
vn 0.8740234 0.486084 0.002904892
vn 0.2419434 0 -0.9702148
vn 0.2419434 0 -0.9702148
vn 0.2419434 0 -0.9702148
vn 0.2419434 0 -0.9702148
vn 0.2419434 0 -0.9702148
vn 0.2419434 0 -0.9702148
vn 0.2419434 0 -0.9702148
vn 0.2419434 0 -0.9702148
vn 0.2419434 0 -0.9702148
vn 0.2419434 0 -0.9702148
vn -0.9702148 0 -0.2429199
vn -0.9702148 0 -0.2429199
vn -0.9702148 0 -0.2429199
vn -0.9702148 0 -0.2429199
vn -0.2419434 -2.384186E-07 0.9702148
vn -0.2419434 -2.384186E-07 0.9702148
vn -0.2419434 -2.384186E-07 0.9702148
vn -0.2419434 0 0.9702148
vn -0.2419434 1.788139E-07 0.9702148
vn -0.2419434 1.788139E-07 0.9702148
vn -0.2419434 -1.966953E-06 0.9702148
vn -0.2419434 -1.192093E-07 0.9702148
vn -0.2419434 -2.145767E-06 0.9702148
vn -0.2419434 1.788139E-07 0.9702148
vn -0.2419434 -5.960464E-07 0.9702148
vn -0.2419434 -5.364418E-07 0.9702148
vn -0.2419434 -1.192093E-07 0.9702148
vn -0.2419434 -1.788139E-07 0.9702148
vn -0.2419434 -2.384186E-07 0.9702148
vn -0.2419434 -2.384186E-07 0.9702148
vn -0.2419434 0 0.9702148
vn -0.2419434 0 0.9702148
vn -0.2419434 1.192093E-07 0.9702148
vn -0.2419434 2.980232E-07 0.9702148
vn -0.2419434 2.980232E-07 0.9702148
vn -0.2419434 0 0.9702148
vn -0.2419434 5.364418E-07 0.9702148
vn -0.2419434 -2.384186E-07 0.9702148
vn -0.2419434 -5.960464E-07 0.9702148
vn -0.2419434 -2.384186E-07 0.9702148
vn -0.2419434 -3.576279E-07 0.9702148
vn -0.2419434 0 0.9702148
vn 0.2419434 -1.192093E-07 -0.9702148
vn 0.2419434 1.192093E-07 -0.9702148
vn 0.2419434 -1.788139E-07 -0.9702148
vn 0.2419434 1.192093E-07 -0.9702148
vn 0.2423096 1.40667E-05 -0.9702148
vn 0.253418 0.0004165173 -0.9672852
vn 0.2607422 0.0006856918 -0.965332
vn 0.5151367 0 0.8569336
vn 0.5151367 0 0.8569336
vn 0.5151367 0 0.8569336
vn 0.5151367 0 0.8569336
vn 0.5151367 -2.980232E-07 0.8569336
vn 0.5151367 1.192093E-07 0.8569336
vn 0.5151367 0 0.8569336
vn 0.5151367 1.192093E-07 0.8569336
vn 0.5151367 1.192093E-07 0.8569336
vn 0.5151367 0 0.8569336
vn 0.5151367 0 0.8569336
vn 0.5151367 -1.788139E-07 0.8569336
vn 0.5151367 0 0.8569336
vn 0.5151367 -3.576279E-07 0.8569336
vn 0.5151367 -3.576279E-07 0.8569336
vn 0.5151367 -3.576279E-07 0.8569336
vn 0.5151367 -1.192093E-07 0.8569336
vn 0.5151367 0 0.8569336
vn 0.5151367 0 0.8569336
vn 0.5151367 0 0.8569336
vn 0.5151367 0 0.8569336
vn 0.5151367 0 0.8569336
vn 0.5151367 1.66893E-06 0.8569336
vn 0.5151367 3.33786E-06 0.8569336
vn 0.5151367 1.788139E-07 0.8569336
vn 0.5151367 -4.172325E-07 0.8569336
vn 0.5151367 -3.576279E-07 0.8569336
vn 0.5151367 -2.384186E-07 0.8569336
vn 0.5151367 0 0.8569336
vn 0.5151367 -1.788139E-07 0.8569336
vn 0.5151367 -2.384186E-07 0.8569336
vn 0.5151367 -1.788139E-07 0.8569336
vn 0.5151367 -5.364418E-07 0.8569336
vn 0.5151367 2.980232E-07 0.8569336
vn 0.5151367 -1.370907E-06 0.8569336
vn 0.5151367 -3.159046E-06 0.8569336
vn 0.5151367 -2.980232E-07 0.8569336
vn 0.5151367 -2.980232E-07 0.8569336
vn 0.5151367 -2.980232E-07 0.8569336
vn 0.5151367 -2.980232E-07 0.8569336
vn 0.5151367 0 0.8569336
vn 0.5151367 0 0.8569336
vn 0.5151367 0 0.8569336
vn 0.5151367 0 0.8569336
vn 0.5151367 -1.788139E-07 0.8569336
vn 0.5151367 -1.788139E-07 0.8569336
vn 0.5151367 -1.788139E-07 0.8569336
vn 0.5151367 -1.788139E-07 0.8569336
vn 0.9702148 0 0.2419434
vn 0.9702148 0 0.2419434
vn 0.9702148 0 0.2419434
vn 0.9702148 0 0.2419434
vn 0 1 5.364418E-07
vn -1.192093E-07 1 4.768372E-07
vn 1.192093E-07 1 6.556511E-07
vn 1.192093E-07 1 6.556511E-07
vn 1.192093E-07 1 6.556511E-07
vn 1.788139E-07 -1 -3.576279E-07
vn 3.576279E-07 -1 -2.384186E-07
vn 3.576279E-07 -1 -2.384186E-07
vn 3.576279E-07 -1 -2.384186E-07
vn 1.192093E-07 -1 -4.768372E-07
vn 0.9702148 0 0.2419434
vn 0.9702148 0 0.2419434
vn 0.9702148 0 0.2419434
vn 0.9702148 0 0.2419434
vn 0 1 0
vn 0 1 0
vn 0 1 0
vn 0 1 0
vn 0 1 0
vn 0.9702148 0 0.2419434
vn 0.9702148 0 0.2419434
vn 0.9702148 0 0.2419434
vn 0.9702148 0 0.2419434
vn 0 -1 0
vn 0 -1 0
vn 0 -1 0
vn 0 -1 0
vn 0 -1 0
vn 0.9702148 0 0.2419434
vn 0.9702148 0 0.2419434
vn 0.9702148 0 0.2419434
vn 0.9702148 0 0.2419434
vn 0.03765869 -0.9990234 0.007106781
vn 0.1834717 -0.9829102 0.002355576
vn 0.03765869 -0.9990234 0.007106781
vn 0.1633301 -0.9868164 0.003025055
vn 0.3835449 -0.9233398 1.788139E-07
vn 0.4035645 -0.9150391 1.192093E-07
vn 0.5800781 -0.8144531 0.002443314
vn 0.5952148 -0.8037109 0.002807617
vn 0.777832 -0.628418 0.009460449
vn 0.7890625 -0.6142578 0.009963989
vn 0.9038086 -0.4279785 0.007698059
vn 0.8994141 -0.4372559 0.008460999
vn 0.9633789 -0.2683105 -1.263618E-05
vn 0.9697266 -0.2437744 -0.0006341934
vn 1 -3.576279E-07 -0.00333786
vn 1 -5.960464E-07 -0.00333786
vn 0.9697266 0.2437744 -0.0006341934
vn 0.9633789 0.2683105 -1.263618E-05
vn 0.90625 0.4221191 0.008888245
vn 0.9023438 0.4304199 0.009811401
vn 0.7900391 0.612793 0.01287842
vn 0.7783203 0.6274414 0.01242828
vn 0.5869141 0.8095703 0.00491333
vn 0.5727539 0.8198242 0.004268646
vn 0.4035645 0.9150391 0
vn 0.3835449 0.9233398 0
vn 0.1834717 0.9829102 0.002355576
vn 0.1633301 0.9868164 0.003025055
vn 0.03765869 0.9990234 0.007102966
vn 0.03765869 0.9990234 0.007102966
vn 0.9702148 0 0.2419434
vn 0.9702148 0 0.2419434
vn 0.9702148 0 0.2419434
vn 0.9702148 0 0.2419434
vn -1.192093E-07 1 4.768372E-07
vn 1.192093E-07 1 6.556511E-07
vn 0 1 5.364418E-07
vn 1.192093E-07 1 6.556511E-07
vn 1.192093E-07 1 6.556511E-07
vn 0.9702148 1.788139E-07 0.2419434
vn 0.9702148 1.788139E-07 0.2419434
vn 0.9702148 1.788139E-07 0.2419434
vn 0.9702148 1.788139E-07 0.2419434
vn 0 -1 -5.364418E-07
vn -1.192093E-07 -1 -6.556511E-07
vn -1.192093E-07 -1 -6.556511E-07
vn -1.192093E-07 -1 -6.556511E-07
vn 1.192093E-07 -1 -4.768372E-07
vn 0.9702148 0 0.2419434
vn 0.9702148 0 0.2419434
vn 0.9702148 0 0.2419434
vn 0.9702148 0 0.2419434
vn 0 1 0
vn 0 1 0
vn 0 1 0
vn 0 1 0
vn 0 1 0
vn 0.9702148 0 0.2419434
vn 0.9702148 0 0.2419434
vn 0.9702148 0 0.2419434
vn 0.9702148 0 0.2419434
vn 0 1 0
vn 0 1 0
vn 0 1 0
vn 0 1 0
vn 0 1 0
vn 0.9702148 0 0.2419434
vn 0.9702148 0 0.2419434
vn 0.9702148 0 0.2419434
vn 0.9702148 0 0.2419434
vn 0 -1 0
vn 0 -1 0
vn 0 -1 0
vn 0 -1 0
vn 0 -1 0
vn 0.9702148 0 0.2419434
vn 0.9702148 0 0.2419434
vn 0.9702148 0 0.2419434
vn 0.9702148 0 0.2419434
vn 0 1 0
vn 0 1 0
vn 0 1 0
vn 0 1 0
vn 0 1 0
vn 0.9707031 0 0.2399902
vn 0.9707031 0 0.2399902
vn 0.9707031 0 0.2399902
vn 0.9707031 0 0.2399902
vn 0 -1 0
vn 0 -1 0
vn 0 -1 0
vn 0 -1 0
vn 0 -1 0
vn 0.9702148 1.788139E-07 0.2419434
vn 0.9702148 1.788139E-07 0.2419434
vn 0.9702148 1.788139E-07 0.2419434
vn 0.9702148 1.788139E-07 0.2419434
vn 0 1 0
vn 0 1 0
vn 0 1 0
vn 0 1 0
vn 0 1 0
vn 0.9702148 0 0.2419434
vn 0.9702148 0 0.2419434
vn 0.9702148 0 0.2419434
vn 0.9702148 0 0.2419434
vn 0 -1 0
vn 0 -1 0
vn 0 -1 0
vn 0 -1 0
vn 0 -1 0
vn 0.9702148 -2.980232E-07 0.2419434
vn 0.9702148 -2.980232E-07 0.2419434
vn 0.9702148 -2.980232E-07 0.2419434
vn 0.9702148 -2.980232E-07 0.2419434
vn 0.1834717 -0.9829102 0.002353668
vn 0.03765869 -0.9990234 0.007102966
vn 0.03765869 -0.9990234 0.007102966
vn 0.1633301 -0.9868164 0.003025055
vn 0.3835449 -0.9233398 -1.192093E-07
vn 0.4035645 -0.9150391 -1.192093E-07
vn 0.5517578 -0.8339844 0.009590149
vn 0.5629883 -0.8261719 0.01108551
vn 0.7788086 -0.6269531 0.02062988
vn 0.7915039 -0.6108398 0.02088928
vn 0.9106445 -0.4133301 0.01322937
vn 0.9130859 -0.4072266 0.01190948
vn 0.9697266 -0.2437744 -0.0006341934
vn 0.9633789 -0.2683105 -1.275539E-05
vn 1 -2.980232E-07 -0.00333786
vn 1 -2.980232E-07 -0.00333786
vn 0.9633789 0.2683105 -1.275539E-05
vn 0.9697266 0.2437744 -0.0006341934
vn 0.9130859 0.4072266 0.01190948
vn 0.9106445 0.4133301 0.01322937
vn 0.7788086 0.6269531 0.02062988
vn 0.7915039 0.6108398 0.02088928
vn 0.5517578 0.8339844 0.009590149
vn 0.5629883 0.8261719 0.01108551
vn 0.4035645 0.9150391 -1.192093E-07
vn 0.3835449 0.9233398 0
vn 0.1834717 0.9829102 0.002355576
vn 0.1633301 0.9868164 0.003025055
vn 0.03765869 0.9990234 0.007102966
vn 0.03765869 0.9990234 0.007102966
vn 0.9702148 0 0.2419434
vn 0.9702148 0 0.2419434
vn 0.9702148 0 0.2419434
vn 0.9702148 0 0.2419434
vn 0.9702148 0 0.2419434
vn 0.9702148 0 0.2419434
vn 0.9702148 0 0.2419434
vn 0.9702148 0 0.2419434
vn 0.9702148 0 0.2419434
vn 0.9702148 0 0.2419434
vn 0.9702148 0 0.2419434
vn 0.9702148 0 0.2419434
vn 0.9702148 0 0.2419434
vn 0.9702148 0 0.2419434
vn 0.9702148 0 0.2419434
vn 0.9702148 0 0.2419434
vn 0.9702148 0 0.2419434
vn 0.9702148 0 0.2419434
vn 0.9702148 0 0.2419434
vn 0.9702148 0 0.2419434
vn 0.9702148 0 0.2419434
vn 0.9702148 0 0.2419434
vn 0.9702148 0 0.2419434
vn 0.9702148 0 0.2419434
vn 0.9702148 -1.192093E-07 0.2419434
vn 0.9702148 -1.192093E-07 0.2419434
vn 0.9702148 -1.192093E-07 0.2419434
vn 0.9702148 -1.192093E-07 0.2419434
vn 0.9702148 0 0.2419434
vn 0.9702148 0 0.2419434
vn 0.9702148 0 0.2419434
vn 0.9702148 0 0.2419434
vn 0.9702148 0 0.2419434
vn 0.9702148 0 0.2419434
vn 0.9702148 0 0.2419434
vn 0.9702148 0 0.2419434
vn 0.8569336 0 -0.5151367
vn 0.8569336 0 -0.5151367
vn 0.8569336 0 -0.5151367
vn 0.8569336 0 -0.5151367
vn 0 1 0
vn 0 1 0
vn 0 1 0
vn 0 1 0
vn 0 1 0
vn 0.9702148 0 0.2419434
vn 0.9702148 0 0.2419434
vn 0.9702148 0 0.2419434
vn 0.9702148 0 0.2419434
vn 0 -1 0
vn 0 -1 0
vn 0 -1 0
vn 0 -1 0
vn 0 -1 0
vn 0.8569336 1.192093E-07 -0.5151367
vn 0.8569336 1.192093E-07 -0.5151367
vn 0.8569336 1.192093E-07 -0.5151367
vn 0.8569336 1.192093E-07 -0.5151367
vn 0 1 0
vn 0 1 0
vn 0 1 0
vn 0 1 0
vn 0 1 0
vn 0.9697266 0 0.2438965
vn 0.9697266 0 0.2438965
vn 0.9697266 0 0.2438965
vn 0.9697266 0 0.2438965
vn 0 -1 0
vn 0 -1 0
vn 0 -1 0
vn 0 -1 0
vn 0 -1 0
vn 0.8569336 0 -0.5151367
vn 0.8569336 0 -0.5151367
vn 0.8569336 0 -0.5151367
vn 0.8569336 0 -0.5151367
vn 0 1 0
vn 0 1 0
vn 0 1 0
vn 0 1 0
vn 0 1 0
vn 0.9702148 0 0.2419434
vn 0.9702148 0 0.2419434
vn 0.9702148 0 0.2419434
vn 0.9702148 0 0.2419434
vn 0.8569336 0 -0.5151367
vn 0.8569336 0 -0.5151367
vn 0.8569336 0 -0.5151367
vn 0.8569336 0 -0.5151367
vn 0.8569336 0 -0.5151367
vn 0.8569336 0 -0.5151367
vn 0.8569336 0 -0.5151367
vn 0.8569336 0 -0.5151367
vn 0 1 0
vn 0 1 0
vn 0 1 0
vn 0 1 0
vn 0 1 0
vn 0.9702148 1.788139E-07 0.2419434
vn 0.9702148 1.788139E-07 0.2419434
vn 0.9702148 1.788139E-07 0.2419434
vn 0.9702148 1.788139E-07 0.2419434
vn 0 -1 0
vn 0 -1 0
vn 0 -1 0
vn 0 -1 0
vn 0 -1 0
vn 0.8569336 0 -0.5151367
vn 0.8569336 0 -0.5151367
vn 0.8569336 0 -0.5151367
vn 0.8569336 0 -0.5151367
vn 0 1 1.192093E-07
vn 0 1 0
vn 0 1 0
vn 0 1 0
vn 0 1 1.192093E-07
vn 0.9702148 0 0.2419434
vn 0.9702148 0 0.2419434
vn 0.9702148 0 0.2419434
vn 0.9702148 0 0.2419434
vn 0 -1 0
vn 0 -1 0
vn 0 -1 0
vn 0 -1 0
vn 0 -1 0
vn 0.8569336 0 -0.5151367
vn 0.8569336 0 -0.5151367
vn 0.8569336 0 -0.5151367
vn 0.8569336 0 -0.5151367
vn 0.8569336 1.192093E-07 -0.5151367
vn 0.8569336 1.192093E-07 -0.5151367
vn 0.8569336 1.192093E-07 -0.5151367
vn 0.8569336 1.192093E-07 -0.5151367
vn 0 1 0
vn 0 1 0
vn 0 1 0
vn 0 1 0
vn 0 1 0
vn 0.9702148 2.384186E-07 0.2419434
vn 0.9702148 2.384186E-07 0.2419434
vn 0.9702148 2.384186E-07 0.2419434
vn 0.9702148 2.384186E-07 0.2419434
vn 0 -1 0
vn 0 -1 0
vn 0 -1 0
vn 0 -1 0
vn 0 -1 0
vn 0.8569336 1.192093E-07 -0.5151367
vn 0.8569336 1.192093E-07 -0.5151367
vn 0.8569336 1.192093E-07 -0.5151367
vn 0.8569336 1.192093E-07 -0.5151367
vn 0 1 0
vn 0 1 0
vn 0 1 0
vn 0 1 0
vn 0 1 0
vn 0 -1 0
vn 0 -1 0
vn 0 -1 0
vn 0 -1 0
vn 0 -1 0
vn 0 -1 0
vn 0 -1 0
vn 0 -1 0
vn 0 -1 0
vn 0 -1 0
vn -0.6381836 7.092953E-06 0.7700195
vn -0.8203125 6.139278E-06 0.5717773
vn -0.6381836 7.092953E-06 0.7700195
vn -0.800293 6.258488E-06 0.5996094
vn -0.9873047 -0.0008540154 0.1599121
vn -0.9775391 -0.0006895065 0.2114258
vn -0.9995117 -0.001256943 0.02835083
vn -0.9995117 -0.001256943 0.02835083
vn -0.9799805 -0.0004537106 -0.1988525
vn -0.9726563 -8.33869E-05 -0.2325439
vn -0.9799805 -0.0004537106 -0.1988525
vn -0.9746094 -0.0001792908 -0.2237549
vn -0.9702148 1.877546E-05 -0.2416992
vn -0.9702148 1.877546E-05 -0.2416992
vn -0.9702148 1.895428E-05 -0.2416992
vn -0.9702148 1.859665E-05 -0.2416992
vn -0.9702148 1.859665E-05 -0.2416992
vn -0.9702148 1.859665E-05 -0.2416992
vn -0.9702148 1.859665E-05 -0.2416992
vn -0.9702148 1.859665E-05 -0.2416992
vn -0.9702148 1.859665E-05 -0.2416992
vn -0.9702148 1.859665E-05 -0.2416992
vn -0.9702148 1.859665E-05 -0.2416992
vn -0.9702148 1.859665E-05 -0.2416992
vn -0.9702148 1.835823E-05 -0.2416992
vn -0.9702148 1.841784E-05 -0.2416992
vn -0.9702148 1.847744E-05 -0.2416992
vn -0.9702148 1.913309E-05 -0.2416992
vn -0.9702148 1.865625E-05 -0.2416992
vn -0.9702148 1.883507E-05 -0.2416992
vn -0.9702148 1.901388E-05 -0.2416992
vn -0.9702148 1.966953E-05 -0.2416992
vn -0.9702148 1.889467E-05 -0.2416992
vn -0.9702148 1.865625E-05 -0.2416992
vn -0.9702148 1.865625E-05 -0.2416992
vn -0.9702148 1.865625E-05 -0.2416992
vn -0.9702148 1.865625E-05 -0.2416992
vn -0.9702148 1.895428E-05 -0.2416992
vn -0.9702148 1.841784E-05 -0.2416992
vn -0.9702148 1.865625E-05 -0.2416992
vn -0.9702148 1.871586E-05 -0.2416992
vn -0.9702148 1.871586E-05 -0.2416992
vn -0.9702148 1.859665E-05 -0.2416992
vn -0.9702148 1.865625E-05 -0.2416992
vn -0.9702148 1.865625E-05 -0.2416992
vn -0.9702148 1.871586E-05 -0.2416992
vn -0.9702148 1.871586E-05 -0.2416992
vn -0.9702148 1.871586E-05 -0.2416992
vn -0.9702148 1.871586E-05 -0.2416992
vn -0.9702148 1.871586E-05 -0.2416992
vn -0.9702148 1.865625E-05 -0.2416992
vn -0.9702148 1.865625E-05 -0.2416992
vn -0.9702148 1.877546E-05 -0.2416992
vn -0.9702148 1.865625E-05 -0.2416992
vn -0.9702148 1.865625E-05 -0.2416992
vn -0.9702148 1.865625E-05 -0.2416992
vn -0.9702148 1.871586E-05 -0.2416992
vn -0.9702148 1.907349E-05 -0.2416992
vn -0.9702148 1.859665E-05 -0.2416992
vn -0.9702148 1.859665E-05 -0.2416992
vn -0.9702148 1.859665E-05 -0.2416992
vn -0.9702148 1.829863E-05 -0.2416992
vn -0.9702148 1.817942E-05 -0.2416992
vn -0.9702148 1.746416E-05 -0.2416992
vn -0.9702148 1.752377E-05 -0.2416992
vn -0.9702148 1.698732E-05 -0.2416992
vn -0.9702148 1.710653E-05 -0.2416992
vn -0.9702148 1.66893E-05 -0.2416992
vn -0.9702148 1.680851E-05 -0.2416992
vn -0.9702148 1.686811E-05 -0.2416992
vn -0.9702148 1.722574E-05 -0.2416992
vn -0.9702148 1.752377E-05 -0.2416992
vn -0.9702148 1.764297E-05 -0.2416992
vn -0.9702148 1.7941E-05 -0.2416992
vn -0.9702148 1.7941E-05 -0.2416992
vn -0.9702148 1.847744E-05 -0.2416992
vn -0.9702148 1.859665E-05 -0.2416992
vn -0.9702148 1.865625E-05 -0.2416992
vn -0.9702148 1.871586E-05 -0.2416992
vn -0.9702148 1.859665E-05 -0.2416992
vn -0.9702148 1.847744E-05 -0.2416992
vn -0.9702148 1.847744E-05 -0.2416992
vn -0.9702148 1.859665E-05 -0.2416992
vn -0.9702148 1.859665E-05 -0.2416992
vn -0.9702148 1.853704E-05 -0.2416992
vn -0.9702148 1.853704E-05 -0.2416992
vn -0.9702148 1.871586E-05 -0.2416992
vn -0.9702148 1.871586E-05 -0.2416992
vn -0.9702148 1.877546E-05 -0.2416992
vn -0.9702148 1.871586E-05 -0.2416992
vn -0.9702148 1.859665E-05 -0.2416992
vn -0.9702148 1.859665E-05 -0.2416992
vn -0.9702148 1.853704E-05 -0.2416992
vn -0.9702148 1.859665E-05 -0.2416992
vn -0.9702148 1.859665E-05 -0.2416992
vn -0.9702148 1.859665E-05 -0.2416992
vn -0.9702148 1.859665E-05 -0.2416992
vn -0.9702148 1.883507E-05 -0.2416992
vn -0.9702148 1.871586E-05 -0.2416992
vn -0.9702148 1.865625E-05 -0.2416992
vn -0.9702148 1.91927E-05 -0.2416992
vn -0.9702148 1.853704E-05 -0.2416992
vn -0.9702148 1.943111E-05 -0.2416992
vn -0.9702148 2.044439E-05 -0.2416992
vn -0.9702148 2.151728E-05 -0.2416992
vn -0.9702148 2.115965E-05 -0.2416992
vn -0.9702148 2.211332E-05 -0.2416992
vn -0.9702148 2.288818E-05 -0.2416992
vn -0.9702148 2.294779E-05 -0.2416992
vn -0.9702148 2.294779E-05 -0.2416992
vn -0.9702148 2.276897E-05 -0.2416992
vn -0.9702148 2.18153E-05 -0.2416992
vn -0.9702148 2.169609E-05 -0.2416992
vn -0.9702148 2.074242E-05 -0.2416992
vn -0.9702148 2.068281E-05 -0.2416992
vn -0.9702148 1.972914E-05 -0.2416992
vn -0.9702148 1.966953E-05 -0.2416992
vn -0.9702148 1.865625E-05 -0.2416992
vn -0.9702148 1.877546E-05 -0.2416992
vn -0.9702148 1.859665E-05 -0.2416992
vn -0.9702148 1.841784E-05 -0.2416992
vn -0.9702148 1.847744E-05 -0.2416992
vn -0.9702148 1.841784E-05 -0.2416992
vn -0.9702148 1.734495E-05 -0.2416992
vn -0.9702148 1.716614E-05 -0.2416992
vn -0.9702148 1.54376E-05 -0.2416992
vn -0.9702148 1.531839E-05 -0.2416992
vn -0.9702148 1.442432E-05 -0.2416992
vn -0.9702148 1.871586E-05 -0.2416992
vn -0.9702148 1.442432E-05 -0.2416992
vn -0.9702148 1.41263E-05 -0.2416992
vn -0.9702148 1.853704E-05 -0.2416992
vn -0.9702148 1.490116E-05 -0.2416992
vn -0.9702148 1.472235E-05 -0.2416992
vn -0.9702148 1.585484E-05 -0.2416992
vn -0.9702148 1.597404E-05 -0.2416992
vn -0.9702148 1.734495E-05 -0.2416992
vn -0.9702148 1.66297E-05 -0.2416992
vn -0.9702148 1.746416E-05 -0.2416992
vn -0.9702148 1.853704E-05 -0.2416992
vn -0.9702148 1.865625E-05 -0.2416992
vn -0.9702148 1.859665E-05 -0.2416992
vn -0.9702148 1.865625E-05 -0.2416992
vn -0.9702148 1.913309E-05 -0.2416992
vn -0.9702148 1.865625E-05 -0.2416992
vn -0.9702148 1.865625E-05 -0.2416992
vn -0.9702148 1.853704E-05 -0.2416992
vn -0.9702148 1.853704E-05 -0.2416992
vn -0.9702148 1.847744E-05 -0.2416992
vn -0.9702148 1.847744E-05 -0.2416992
vn -0.9702148 1.853704E-05 -0.2416992
vn -0.9702148 1.853704E-05 -0.2416992
vn -0.9702148 1.859665E-05 -0.2416992
vn -0.9702148 1.865625E-05 -0.2416992
vn -0.9702148 1.871586E-05 -0.2416992
vn -0.9702148 1.871586E-05 -0.2416992
vn -0.9702148 1.865625E-05 -0.2416992
vn -0.9702148 1.859665E-05 -0.2416992
vn -0.9702148 1.889467E-05 -0.2416992
vn -0.9702148 1.895428E-05 -0.2416992
vn -0.9702148 1.877546E-05 -0.2416992
vn -0.9702148 1.871586E-05 -0.2416992
vn -0.9702148 1.865625E-05 -0.2416992
vn -0.9702148 1.865625E-05 -0.2416992
vn -0.9702148 1.859665E-05 -0.2416992
vn -0.9702148 1.871586E-05 -0.2416992
vn -0.9702148 1.871586E-05 -0.2416992
vn -0.9702148 1.841784E-05 -0.2416992
vn -0.9702148 1.853704E-05 -0.2416992
vn -0.9702148 1.853704E-05 -0.2416992
vn -0.9702148 1.853704E-05 -0.2416992
vn -0.9702148 1.853704E-05 -0.2416992
vn -0.9702148 1.853704E-05 -0.2416992
vn -0.9702148 1.853704E-05 -0.2416992
vn -0.9702148 1.853704E-05 -0.2416992
vn -0.9702148 1.847744E-05 -0.2416992
vn -0.9702148 1.853704E-05 -0.2416992
vn -0.9702148 1.877546E-05 -0.2416992
vn -0.9702148 1.847744E-05 -0.2416992
vn -0.9702148 1.853704E-05 -0.2416992
vn -0.9702148 1.853704E-05 -0.2416992
vn -0.9702148 1.841784E-05 -0.2416992
vn -0.9702148 1.853704E-05 -0.2416992
vn -0.9702148 1.841784E-05 -0.2416992
vn -0.9702148 1.865625E-05 -0.2416992
vn -0.9702148 1.877546E-05 -0.2416992
vn -0.9702148 1.871586E-05 -0.2416992
vn -0.9702148 1.865625E-05 -0.2416992
vn -0.9702148 1.901388E-05 -0.2416992
vn -0.9702148 1.871586E-05 -0.2416992
vn -0.9702148 1.841784E-05 -0.2416992
vn -0.9702148 1.853704E-05 -0.2416992
vn -0.2419434 0 0.9702148
vn -0.2419434 0 0.9702148
vn -0.2419434 0 0.9702148
vn -0.2419434 0 0.9702148
vn -0.9702148 0 -0.2419434
vn -0.9702148 0 -0.2419434
vn -0.9702148 0 -0.2419434
vn -0.9702148 0 -0.2419434
vn -0.9702148 0 -0.2419434
vn -0.9702148 0 -0.2419434
vn -0.9702148 0 -0.2419434
vn -0.9702148 0 -0.2419434
vn -1 0 0
vn -1 0 0
vn -1 0 0
vn -1 0 0
vn -0.996582 -5.716085E-05 -0.08526611
vn -0.9829102 1.859665E-05 -0.1835938
vn -0.9858398 0.0001877546 -0.1671143
vn -0.9980469 -6.324053E-05 -0.06488037
vn -0.9873047 1.859665E-05 -0.1602783
vn -0.9912109 -7.373095E-05 0.1312256
vn -0.9916992 -7.462502E-05 0.1300049
vn -0.9448242 0 0.3271484
vn -0.9448242 0 0.3271484
vn -0.8618164 0 0.5073242
vn -0.8618164 0 0.5073242
vn -0.7460938 0 0.6660156
vn -0.7460938 0 0.6660156
vn -0.6010742 0 0.7993164
vn -0.6010742 0 0.7993164
vn -0.4343262 0 0.9008789
vn -0.4343262 0 0.9008789
vn -0.3452148 0 0.9384766
vn -0.3452148 0 0.9384766
vn 0.00605011 -0.9912109 -0.1329346
vn 0.00605011 -0.9912109 -0.1329346
vn 0.001535416 -0.9790039 -0.2042236
vn -0.003993988 -0.9716797 -0.2364502
vn -0.003787994 -0.9272461 -0.3737793
vn -0.01357269 -0.8852539 -0.4645996
vn 0.006774902 -0.8417969 -0.5400391
vn -0.003435135 -0.7451172 -0.6669922
vn 0.007240295 -0.7192383 -0.6948242
vn -0.000110209 -0.559082 -0.8291016
vn -0.000156641 -0.5673828 -0.8232422
vn 0.0004143715 -0.3481445 -0.9375
vn 0.0004141331 -0.3544922 -0.9350586
vn 0.0004148483 -0.1182251 -0.9931641
vn 0.0004148483 -0.1205444 -0.9926758
vn 0.0004160404 0.1182251 -0.9931641
vn 0.0004160404 0.1205444 -0.9926758
vn 0.0004138947 0.3481445 -0.9375
vn 0.0004136562 0.3544922 -0.9350586
vn 0.000392437 0.559082 -0.8291016
vn 0.0003910065 0.5678711 -0.8227539
vn 0.0003423691 0.7387695 -0.6738281
vn 0.000338316 0.7485352 -0.6630859
vn -0.004676819 0.875 -0.4838867
vn -0.005470276 0.8828125 -0.4697266
vn -0.01570129 0.96875 -0.2484131
vn -0.002752304 0.9506836 -0.3103027
vn -0.004314423 0.9907227 -0.1345215
vn -0.004127502 0.9970703 -0.07672119
vn 0.0219574 0.9985352 -0.04528809
vn 0 1 0
vn 0 1 0
vn 0 1 0
vn 0 1 5.364418E-07
vn 6.556511E-07 1 1.013279E-06
vn 3.576279E-07 1 1.490116E-06
vn -7.748604E-07 1 5.364418E-07
vn -0.003452301 1 0.002592087
vn -0.001130104 1 0.0008478165
vn -0.009170532 1 0.006881714
vn 0.4807129 1.192093E-07 -0.8769531
vn 0.4807129 1.192093E-07 -0.8769531
vn 0.4807129 1.192093E-07 -0.8769531
vn 0.4807129 1.192093E-07 -0.8769531
vn -1 0 0
vn -1 0 0
vn -1 0 0
vn -1 0 0
vn 0.3996582 0 0.9165039
vn 0.3996582 0 0.9165039
vn 0.3996582 0 0.9165039
vn 0.3996582 0 0.9165039
vn 0.09802246 0.9951172 0
vn 0.1748047 0.984375 0
vn 0.09802246 0.9951172 0
vn 0.1950684 0.980957 0
vn 0.3647461 0.9311523 0
vn 0.3825684 0.9238281 0
vn 0.5410156 0.8413086 0
vn 0.5556641 0.831543 0
vn 0.6962891 0.7177734 0
vn 0.7070313 0.7070313 0
vn 0.824707 0.5654297 0
vn 0.831543 0.5556641 0
vn 0.9208984 0.3901367 0
vn 0.9238281 0.3825684 0
vn 0.9799805 0.1992188 0
vn 0.980957 0.1950684 0
vn 0.9951172 0.09802246 0
vn 0.9951172 0.09802246 0
vn 0.09802246 -0.9951172 -1.192093E-07
vn 0.09802246 -0.9951172 -1.192093E-07
vn 0.1748047 -0.984375 -1.192093E-07
vn 0.1950684 -0.980957 -1.192093E-07
vn 0.3647461 -0.9311523 -1.192093E-07
vn 0.3825684 -0.9238281 -1.192093E-07
vn 0.5410156 -0.8413086 -1.192093E-07
vn 0.5556641 -0.831543 -1.192093E-07
vn 0.6962891 -0.7177734 0
vn 0.7070313 -0.7070313 0
vn 0.824707 -0.5654297 0
vn 0.831543 -0.5556641 0
vn 0.9208984 -0.3901367 0
vn 0.9238281 -0.3825684 0
vn 0.9799805 -0.1992188 0
vn 0.980957 -0.1950684 0
vn 0.9951172 -0.09802246 0
vn 0.9951172 -0.09802246 0
vn 0 -1 0
vn 0 -1 0
vn 0 -1 0
vn 0 -1 0
vn 2.384186E-07 -1 -1.788139E-07
vn 0 -1 -2.384186E-07
vn 0 -1 0
vn 0 -1 0
vn 0 1 2.384186E-07
vn -3.576279E-07 1 0
vn 0 1 1.788139E-07
vn -2.384186E-07 1 0
vn -4.768372E-07 1 -1.788139E-07
vn 6.556511E-07 1 0
vn 2.384186E-07 1 2.980232E-07
vn 1.192093E-07 1 2.980232E-07
vn 0.02122498 -0.9960938 -0.08514404
vn 0.02124023 -0.9960938 -0.08520508
vn -0.05426025 -0.9746094 0.2176514
vn -0.05429077 -0.9746094 0.2176514
vn -0.1244507 -0.8574219 0.4992676
vn -0.1244507 -0.8574219 0.4992676
vn -0.1824951 -0.6567383 0.7319336
vn -0.1824951 -0.6567383 0.7319336
vn -0.2226563 -0.3913574 0.8930664
vn -0.2226563 -0.3913574 0.8930664
vn -0.2408447 -0.09411621 0.9658203
vn -0.2408447 -0.09411621 0.9658203
vn -0.2358398 0.2233887 0.9458008
vn -0.2358398 0.2233887 0.9458008
vn -0.2067871 0.519043 0.8291016
vn -0.2067871 0.519043 0.8291016
vn -0.1588135 0.7543945 0.637207
vn -0.1588135 0.7543945 0.637207
vn -0.09466553 0.9204102 0.3796387
vn -0.09466553 0.9204102 0.3796387
vn -0.02122498 0.9960938 0.08514404
vn -0.02124023 0.9960938 0.08520508
vn 0.05429077 0.9746094 -0.2176514
vn 0.05426025 0.9746094 -0.2176514
vn 0.1244507 0.8574219 -0.4992676
vn 0.1244507 0.8574219 -0.4992676
vn 0.1824951 0.6567383 -0.7319336
vn 0.1824951 0.6567383 -0.7319336
vn 0.2226563 0.3913574 -0.8930664
vn 0.2226563 0.3913574 -0.8930664
vn 0.2409668 0.08776855 -0.9667969
vn 0.2409668 0.08776855 -0.9667969
vn 0.2357178 -0.2243652 -0.9458008
vn 0.2357178 -0.2243652 -0.9458008
vn 0.2073975 -0.5146484 -0.8320313
vn 0.2073975 -0.5146484 -0.8320313
vn 0.1588135 -0.7543945 -0.637207
vn 0.1588135 -0.7543945 -0.637207
vn 0.09466553 -0.9204102 -0.3796387
vn 0.09466553 -0.9204102 -0.3796387
vn 0.02124023 -0.9960938 -0.08520508
vn 0.02122498 -0.9960938 -0.08514404
vn 0.02204895 -0.9956055 -0.08843994
vn 0.02206421 -0.9956055 -0.08843994
vn -0.05410767 -0.9746094 0.217041
vn -0.05410767 -0.9746094 0.217041
vn -0.125 -0.855957 0.5014648
vn -0.125 -0.855957 0.5014648
vn -0.1824951 -0.6567383 0.7319336
vn -0.1824951 -0.6567383 0.7319336
vn -0.2226563 -0.3913574 0.8930664
vn -0.2226563 -0.3913574 0.8930664
vn -0.2408447 -0.09442139 0.9658203
vn -0.2408447 -0.09442139 0.9658203
vn -0.2357178 0.2242432 0.9458008
vn -0.2357178 0.2242432 0.9458008
vn -0.206665 0.5200195 0.8286133
vn -0.206665 0.5200195 0.8286133
vn -0.1588135 0.7543945 0.637207
vn -0.1588135 0.7543945 0.637207
vn -0.09466553 0.9204102 0.3796387
vn -0.09466553 0.9204102 0.3796387
vn -0.02124023 0.9960938 0.08514404
vn -0.02124023 0.9960938 0.08520508
vn 0.05426025 0.9746094 -0.2176514
vn 0.05426025 0.9746094 -0.2176514
vn 0.1244507 0.8574219 -0.4992676
vn 0.1244507 0.8574219 -0.4992676
vn 0.1824951 0.6567383 -0.7319336
vn 0.1824951 0.6567383 -0.7319336
vn 0.2226563 0.3913574 -0.8930664
vn 0.2226563 0.3913574 -0.8930664
vn 0.2409668 0.08776855 -0.9663086
vn 0.2409668 0.08776855 -0.9663086
vn 0.2357178 -0.2243652 -0.9458008
vn 0.2357178 -0.2243652 -0.9458008
vn 0.2073975 -0.5146484 -0.8320313
vn 0.2073975 -0.5146484 -0.8320313
vn 0.1588135 -0.7543945 -0.637207
vn 0.1588135 -0.7543945 -0.637207
vn 0.09466553 -0.9204102 -0.3796387
vn 0.09466553 -0.9204102 -0.3796387
vn 0.02206421 -0.9956055 -0.08843994
vn 0.02204895 -0.9956055 -0.08843994
vn 0.02122498 -0.9960938 -0.08514404
vn 0.02124023 -0.9960938 -0.08520508
vn -0.05426025 -0.9746094 0.2176514
vn -0.05429077 -0.9746094 0.2176514
vn -0.1244507 -0.8574219 0.4992676
vn -0.1244507 -0.8574219 0.4992676
vn -0.1824951 -0.6567383 0.7319336
vn -0.1824951 -0.6567383 0.7319336
vn -0.2225342 -0.3908691 0.8930664
vn -0.2225342 -0.3908691 0.8930664
vn -0.2409668 -0.08734131 0.9667969
vn -0.2409668 -0.08666992 0.9667969
vn -0.2358398 0.2246094 0.9453125
vn -0.2358398 0.2246094 0.9453125
vn -0.2073975 0.5146484 0.8320313
vn -0.2073975 0.5146484 0.8320313
vn -0.1588135 0.7543945 0.637207
vn -0.1588135 0.7543945 0.637207
vn -0.09466553 0.9204102 0.3796387
vn -0.09466553 0.9204102 0.3796387
vn -0.02122498 0.9960938 0.08514404
vn -0.02124023 0.9960938 0.08520508
vn 0.05429077 0.9746094 -0.2176514
vn 0.05426025 0.9746094 -0.2176514
vn 0.1244507 0.8574219 -0.4992676
vn 0.1244507 0.8574219 -0.4992676
vn 0.1824951 0.6567383 -0.7319336
vn 0.1824951 0.6567383 -0.7319336
vn 0.2226563 0.3913574 -0.8930664
vn 0.2226563 0.3913574 -0.8930664
vn 0.2409668 0.08770752 -0.9667969
vn 0.2409668 0.08776855 -0.9667969
vn 0.2357178 -0.2243652 -0.9458008
vn 0.2357178 -0.2243652 -0.9458008
vn 0.2073975 -0.5146484 -0.8320313
vn 0.2073975 -0.5146484 -0.8320313
vn 0.1588135 -0.7543945 -0.637207
vn 0.1588135 -0.7543945 -0.637207
vn 0.09466553 -0.9204102 -0.3796387
vn 0.09466553 -0.9204102 -0.3796387
vn 0.02124023 -0.9960938 -0.08520508
vn 0.02122498 -0.9960938 -0.08514404
vn 0.02124023 -0.9960938 -0.08514404
vn 0.02124023 -0.9960938 -0.08520508
vn -0.05426025 -0.9746094 0.2176514
vn -0.05429077 -0.9746094 0.2176514
vn -0.1244507 -0.8574219 0.4992676
vn -0.1244507 -0.8574219 0.4992676
vn -0.1824951 -0.6567383 0.7319336
vn -0.1824951 -0.6567383 0.7319336
vn -0.2226563 -0.3913574 0.8930664
vn -0.2226563 -0.3913574 0.8930664
vn -0.2408447 -0.09411621 0.9658203
vn -0.2408447 -0.09411621 0.9658203
vn -0.2358398 0.2233887 0.9458008
vn -0.2358398 0.2233887 0.9458008
vn -0.206665 0.519043 0.8291016
vn -0.206665 0.519043 0.8291016
vn -0.1583252 0.753418 0.6381836
vn -0.1585693 0.7524414 0.6396484
vn -0.09448242 0.9194336 0.3818359
vn -0.09448242 0.9194336 0.3820801
vn -0.02124023 0.9960938 0.08514404
vn -0.02124023 0.9960938 0.08520508
vn 0.05429077 0.9746094 -0.2176514
vn 0.05426025 0.9746094 -0.2176514
vn 0.1244507 0.8574219 -0.4992676
vn 0.1244507 0.8574219 -0.4992676
vn 0.1824951 0.6567383 -0.7319336
vn 0.1824951 0.6567383 -0.7319336
vn 0.2226563 0.3913574 -0.8930664
vn 0.2226563 0.3913574 -0.8930664
vn 0.2409668 0.08776855 -0.9663086
vn 0.2409668 0.08776855 -0.9663086
vn 0.2357178 -0.2243652 -0.9458008
vn 0.2357178 -0.2243652 -0.9458008
vn 0.2073975 -0.5146484 -0.8320313
vn 0.2073975 -0.5146484 -0.8320313
vn 0.1588135 -0.7543945 -0.637207
vn 0.1588135 -0.7543945 -0.637207
vn 0.09466553 -0.9204102 -0.3796387
vn 0.09466553 -0.9204102 -0.3796387
vn 0.02124023 -0.9960938 -0.08520508
vn 0.02124023 -0.9960938 -0.08514404
vn 0.02124023 -0.9960938 -0.08514404
vn 0.02124023 -0.9960938 -0.08520508
vn -0.05426025 -0.9746094 0.2176514
vn -0.05429077 -0.9746094 0.2176514
vn -0.1244507 -0.8574219 0.4992676
vn -0.1244507 -0.8574219 0.4992676
vn -0.1824951 -0.6567383 0.7319336
vn -0.1824951 -0.6567383 0.7319336
vn -0.2226563 -0.3913574 0.8930664
vn -0.2226563 -0.3913574 0.8930664
vn -0.2409668 -0.08776855 0.9663086
vn -0.2409668 -0.08776855 0.9663086
vn -0.2357178 0.2243652 0.9458008
vn -0.2357178 0.2243652 0.9458008
vn -0.2073975 0.5146484 0.8320313
vn -0.2073975 0.5146484 0.8320313
vn -0.1588135 0.7543945 0.637207
vn -0.1588135 0.7543945 0.637207
vn -0.09466553 0.9204102 0.3796387
vn -0.09466553 0.9204102 0.3796387
vn -0.02122498 0.9960938 0.08514404
vn -0.02124023 0.9960938 0.08520508
vn 0.05429077 0.9746094 -0.2176514
vn 0.05426025 0.9746094 -0.2176514
vn 0.1244507 0.8574219 -0.4992676
vn 0.1244507 0.8574219 -0.4992676
vn 0.1824951 0.6567383 -0.7319336
vn 0.1824951 0.6567383 -0.7319336
vn 0.2226563 0.3913574 -0.8930664
vn 0.2226563 0.3913574 -0.8930664
vn 0.2408447 0.09411621 -0.9658203
vn 0.2408447 0.09417725 -0.9658203
vn 0.2358398 -0.2233887 -0.9458008
vn 0.2358398 -0.2233887 -0.9458008
vn 0.2067871 -0.519043 -0.8291016
vn 0.2067871 -0.519043 -0.8291016
vn 0.1588135 -0.7543945 -0.637207
vn 0.1588135 -0.7543945 -0.637207
vn 0.09466553 -0.9204102 -0.3796387
vn 0.09466553 -0.9204102 -0.3796387
vn 0.02124023 -0.9960938 -0.08520508
vn 0.02124023 -0.9960938 -0.08514404
vn 0.02124023 -0.9960938 -0.08514404
vn 0.02124023 -0.9960938 -0.08520508
vn -0.05426025 -0.9746094 0.2176514
vn -0.05426025 -0.9746094 0.2176514
vn -0.1244507 -0.8574219 0.4992676
vn -0.1244507 -0.8574219 0.4992676
vn -0.1824951 -0.6567383 0.7319336
vn -0.1824951 -0.6567383 0.7319336
vn -0.2226563 -0.3913574 0.8930664
vn -0.2226563 -0.3913574 0.8930664
vn -0.2408447 -0.09411621 0.9658203
vn -0.2408447 -0.09411621 0.9658203
vn -0.2358398 0.2233887 0.9458008
vn -0.2358398 0.2233887 0.9458008
vn -0.2067871 0.519043 0.8291016
vn -0.2067871 0.519043 0.8291016
vn -0.1588135 0.7543945 0.637207
vn -0.1588135 0.7543945 0.637207
vn -0.09466553 0.9204102 0.3796387
vn -0.09466553 0.9204102 0.3796387
vn -0.02122498 0.9960938 0.08514404
vn -0.02124023 0.9960938 0.08520508
vn 0.05426025 0.9746094 -0.2176514
vn 0.05426025 0.9746094 -0.2176514
vn 0.1245728 0.8574219 -0.4990234
vn 0.1244507 0.8579102 -0.4985352
vn 0.1826172 0.6567383 -0.7314453
vn 0.1826172 0.6567383 -0.7314453
vn 0.2226563 0.3913574 -0.8930664
vn 0.2226563 0.3913574 -0.8930664
vn 0.2409668 0.08776855 -0.9663086
vn 0.2409668 0.08776855 -0.9663086
vn 0.2357178 -0.2243652 -0.9458008
vn 0.2357178 -0.2243652 -0.9458008
vn 0.2073975 -0.5146484 -0.8320313
vn 0.2073975 -0.5146484 -0.8320313
vn 0.1588135 -0.7543945 -0.637207
vn 0.1588135 -0.7543945 -0.637207
vn 0.09466553 -0.9204102 -0.3796387
vn 0.09466553 -0.9204102 -0.3796387
vn 0.02124023 -0.9960938 -0.08520508
vn 0.02124023 -0.9960938 -0.08514404
vn 1 8.34465E-07 0
vn 1 8.34465E-07 0
vn 0.9238281 -0.3825684 0
vn 0.9238281 -0.3825684 0
vn 0.7070313 -0.7070313 0
vn 0.7070313 -0.7070313 0
vn 0.3825684 -0.9238281 0
vn 0.3825684 -0.9238281 0
vn -1.549721E-06 -1 0
vn -1.549721E-06 -1 0
vn -0.3825684 -0.9238281 0
vn -0.3825684 -0.9238281 0
vn -0.7070313 -0.7070313 0
vn -0.7070313 -0.7070313 0
vn -0.9238281 -0.3825684 0
vn -0.9238281 -0.3825684 0
vn -1 -8.34465E-07 0
vn -1 -8.34465E-07 0
vn -0.9238281 0.3825684 0
vn -0.9238281 0.3825684 0
vn -0.7070313 0.7070313 0
vn -0.7070313 0.7070313 0
vn -0.3825684 0.9238281 0
vn -0.3825684 0.9238281 0
vn -1.788139E-07 1 0
vn -1.788139E-07 1 0
vn 0.3825684 0.9238281 0
vn 0.3825684 0.9238281 0
vn 0.7070313 0.7070313 0
vn 0.7070313 0.7070313 0
vn 0.9238281 0.3825684 0
vn 0.9238281 0.3825684 0
vn 1 8.34465E-07 0
vn 1 8.34465E-07 0
vn 1 7.152557E-07 0
vn 1 7.152557E-07 0
vn 0.9238281 -0.3825684 0
vn 0.9238281 -0.3825684 0
vn 0.7070313 -0.7070313 0
vn 0.7070313 -0.7070313 0
vn 0.3825684 -0.9238281 0
vn 0.3825684 -0.9238281 0
vn -1.549721E-06 -1 0
vn -1.549721E-06 -1 0
vn -0.3825684 -0.9238281 0
vn -0.3825684 -0.9238281 0
vn -0.7070313 -0.7070313 0
vn -0.7070313 -0.7070313 0
vn -0.9238281 -0.3825684 0
vn -0.9238281 -0.3825684 0
vn -1 -6.556511E-07 0
vn -1 -6.556511E-07 0
vn -0.9238281 0.3825684 0
vn -0.9238281 0.3825684 0
vn -0.7070313 0.7070313 0
vn -0.7070313 0.7070313 0
vn -0.3825684 0.9238281 0
vn -0.3825684 0.9238281 0
vn -2.384186E-07 1 0
vn -2.384186E-07 1 0
vn 0.3825684 0.9238281 0
vn 0.3825684 0.9238281 0
vn 0.7070313 0.7070313 0
vn 0.7070313 0.7070313 0
vn 0.9238281 0.3825684 0
vn 0.9238281 0.3825684 0
vn 1 7.152557E-07 0
vn 1 7.152557E-07 0
vn 0 -1 0
vn 0 -1 0
vn 0 -1 -1.788139E-07
vn 0 -1 0
vn 0 -1 0
vn 0 -1 0
vn 0 -1 0
vn 0 -1 -2.980232E-07
vn 0 -1 -5.960464E-07
vn -2.980232E-07 -1 -4.172325E-07
vn -1.192093E-07 -1 0
vn 0 -1 0
vn 0 -1 0
vn 1 -1.370907E-06 -7.164478E-05
vn 1 -4.768372E-06 -5.054474E-05
vn 1 0 -7.426739E-05
vn 1 4.470348E-06 -3.904104E-05
vn 1 -6.318092E-06 -4.3571E-05
vn 1 -1.788139E-07 0
vn 1 8.34465E-06 -3.260374E-05
vn 1 -1.788139E-07 -1.788139E-07
vn 1 -2.384186E-07 0
vn 1 -7.152557E-07 -1.132488E-06
vn 1 -1.192093E-06 -1.430511E-06
vn 1 -2.384186E-06 -1.728535E-06
vn 1 -1.609325E-06 -2.801418E-06
vn 1 -8.34465E-07 -1.072884E-06
vn 1 -6.556511E-07 -5.960464E-07
vn 1 -1.192093E-07 -8.940697E-07
vn 1 -4.172325E-07 -1.072884E-06
vn 1 3.576279E-07 -7.152557E-07
vn 1 0 -9.536743E-07
vn 1 8.34465E-07 -4.768372E-07
vn 1 1.490116E-06 -2.384186E-07
vn 1 2.264977E-06 0
vn 1 1.907349E-06 -0.0003929138
vn 1 1.966953E-06 0
vn 1 5.960464E-07 4.172325E-07
vn 1 -2.384186E-07 7.152557E-07
vn 1 -4.172325E-07 7.152557E-07
vn 1 9.655952E-06 -1.108646E-05
vn 1 -6.67572E-06 -0.0007863045
vn 0.9731445 0.001131058 0.2302246
vn 0.9707031 0.000223875 0.239502
vn 0.9731445 0.001131058 0.2302246
vn 0.972168 0.0006685257 0.2349854
vn 0.9702148 -6.973743E-06 0.2419434
vn 0.9702148 -7.331371E-06 0.2419434
vn 0.9702148 -7.212162E-06 0.2419434
vn 0.9702148 -5.960464E-07 0.2419434
vn 0.9702148 -7.092953E-06 0.2419434
vn 0.9702148 2.866983E-05 0.2419434
vn 0.9702148 2.044439E-05 0.2419434
vn 0.9702148 1.66297E-05 0.2418213
vn 0.9702148 1.561642E-05 0.2419434
vn 0.9702148 1.442432E-05 0.2419434
vn 0.9702148 1.460314E-05 0.2419434
vn 0.9702148 1.40667E-05 0.2419434
vn 0.9702148 1.376867E-05 0.2419434
vn 0.9702148 1.341105E-05 0.2419434
vn 0.9702148 1.299381E-05 0.2419434
vn 0.9702148 1.090765E-05 0.2419434
vn 0.9702148 -2.801418E-06 0.2419434
vn 0.9702148 -2.801418E-06 0.2419434
vn 0.3317871 -2.384186E-07 0.9433594
vn 0.3317871 1.788139E-07 0.9433594
vn 0.3317871 0 0.9433594
vn 0.3317871 0 0.9433594
vn 0.3317871 -7.152557E-07 0.9433594
vn 0.3317871 -5.364418E-07 0.9433594
vn 0.3317871 -1.966953E-06 0.9433594
vn 0.3317871 0 0.9433594
vn 0.3317871 0 0.9433594
vn 0.3317871 1.370907E-06 0.9433594
vn 0.3317871 1.370907E-06 0.9433594
vn 0.3317871 7.748604E-07 0.9433594
vn 0.3317871 1.132488E-06 0.9433594
vn 0.3317871 1.013279E-06 0.9433594
vn 0.3317871 -1.251698E-06 0.9433594
vn 0.3317871 0 0.9433594
vn 0.3317871 -1.072884E-06 0.9433594
vn 0.3317871 0 0.9433594
vn 0.3317871 0 0.9433594
vn 0.3317871 -9.536743E-07 0.9433594
vn 0.3317871 -3.516674E-06 0.9433594
vn 0.3317871 -1.013279E-06 0.9433594
vn 0.3317871 7.748604E-07 0.9433594
vn 0.3317871 8.940697E-07 0.9433594
vn 0.3317871 0 0.9433594
vn 0.3317871 3.695488E-06 0.9433594
vn 0.3317871 0 0.9433594
vn 0.3317871 2.384186E-07 0.9433594
vn 0.3317871 0 0.9433594
vn 0.3317871 -1.192093E-07 0.9433594
vn 0.3317871 0 0.9433594
vn 0.3317871 1.132488E-06 0.9433594
vn 0.3317871 0 0.9433594
vn 0.3317871 0 0.9433594
vn 0.3317871 0 0.9433594
vn 0.3317871 1.251698E-06 0.9433594
vn 0.3317871 0 0.9433594
vn 0.3317871 0 0.9433594
vn 0.3317871 0 0.9433594
vn 0.3317871 0 0.9433594
vn 0.3317871 0 0.9433594
vn 0.3317871 0 0.9433594
vn 0.3317871 0 0.9433594
vn 0.3317871 0 0.9433594
vn 0.3317871 0 0.9433594
vn 0.3317871 0 0.9433594
vn 0.3317871 -7.748604E-07 0.9433594
vn 0.3317871 -8.34465E-07 0.9433594
vn 0.3317871 -1.549721E-06 0.9433594
vn 0.3317871 -1.013279E-06 0.9433594
vn 0.3317871 -1.549721E-06 0.9433594
vn 0.3317871 1.192093E-07 0.9433594
vn 0.3317871 0 0.9433594
vn 0.3317871 1.966953E-06 0.9433594
vn 0.3317871 7.152557E-07 0.9433594
vn 0.3317871 5.364418E-07 0.9433594
vn 0.3317871 0 0.9433594
vn 0.3317871 -1.788139E-07 0.9433594
vn 0.3317871 2.384186E-07 0.9433594
vn 0.3317871 0 0.9433594
vn -2.402067E-05 -8.34465E-07 1
vn -9.536743E-07 0 1
vn -8.940697E-07 0 1
vn 0 0 1
vn 0 0 1
vn 0 0 1
vn 0 0 1
vn 0 0 1
vn 0 0 1
vn 0 0 1
vn 0 0 1
vn 0 0 1
vn 0 0 1
vn 0 0 1
vn 0 0 1
vn 0 0 1
vn 0 0 1
vn 0 0 1
vn 0 0 1
vn 0 0 1
vn 0 0 1
vn 0 0 1
vn 0 0 1
vn 0 0 1
vn 0 0 1
vn 0 0 1
vn -3.755093E-06 -1 -2.980232E-07
vn 0 -1 0
vn 0 -1 0
vn -3.755093E-06 -1 -2.980232E-07
vn -5.066395E-06 -1 -0.0001356602
vn -4.053116E-06 -1 3.039837E-06
vn 0.002065659 -1 -0.0007858276
vn 0.006134033 -1 -4.869699E-05
vn -2.861023E-06 -1 6.079674E-06
vn 0.005020142 -1 -0.001554489
vn -1.728535E-06 -1 4.589558E-06
vn 0.004119873 -1 -0.001276016
vn 4.172325E-07 -1 -2.205372E-06
vn 0 -1 0
vn -1.609325E-06 -1 4.470348E-06
vn 0 -1 0
vn 0.004379272 -1 8.386374E-05
vn 0.0105896 -1 0.0002026558
vn 0.0105896 -1 0.0002026558
vn -2.980232E-07 -1 2.920628E-06
vn 1.847744E-06 -1 -1.251698E-06
vn 4.172325E-07 -1 -1.072884E-06
vn -1.490116E-06 -1 -5.960464E-06
vn 8.940697E-07 -1 -5.364418E-07
vn 0 -1 0
vn -2.741814E-06 -1 -4.172325E-06
vn 0 -1 0
vn 0 -1 0
vn 0 -1 0
vn 2.634525E-05 3.814697E-06 1
vn 9.346008E-05 1.776218E-05 1
vn 9.346008E-05 1.776218E-05 1
vn 2.479553E-05 3.457069E-06 1
vn 2.980232E-06 3.576279E-07 1
vn 3.695488E-06 4.172325E-07 1
vn 0 0 1
vn 0 0 1
vn 0 0 1
vn 0 0 1
vn 0 0 1
vn 0 0 1
vn 0 0 1
vn 0 0 1
vn 0 0 1
vn 0 0 1
vn 0 0 1
vn 0 0 1
vn 0 0 1
vn 0 0 1
vn 0 0 1
vn 0 0 1
vn 0 0 1
vn 0 0 1
vn 0 0 1
vn 0 0 1
vn 0.9702148 7.152557E-07 0.2419434
vn 0.9702148 8.940697E-07 0.2419434
vn 0.9702148 0 0.2419434
vn 0.9702148 1.370907E-06 0.2419434
vn 0.9702148 -3.576279E-07 0.2419434
vn 0.9702148 -2.384186E-07 0.2419434
vn 0.9702148 1.788139E-07 0.2419434
vn 0.9702148 0 0.2419434
vn 0.9702148 5.960464E-07 0.2419434
vn 0.9702148 0 0.2419434
vn 0.9702148 1.311302E-06 0.2419434
vn 0.9702148 2.980232E-07 0.2419434
vn 0.9702148 0 0.2419434
vn 0.9702148 -7.748604E-07 0.2419434
vn 0.9702148 5.960464E-07 0.2419434
vn 0.9702148 2.026558E-06 0.2419434
vn 0.9702148 7.152557E-07 0.2419434
vn 0.9702148 -2.980232E-07 0.2419434
vn 0.9702148 -4.768372E-07 0.2419434
vn 0.9702148 -5.960464E-07 0.2419434
vn 0.9702148 2.980232E-07 0.2419434
vn 0.9702148 2.384186E-07 0.2419434
vn 0.9702148 -5.364418E-07 0.2419434
vn 0.9702148 0 0.2419434
vn 0.9702148 -1.311302E-06 0.2419434
vn 0.9702148 7.152557E-07 0.2419434
vn 0.9702148 -2.980232E-07 0.2419434
vn 0.9702148 0 0.2419434
vn 0.9702148 1.370907E-06 0.2419434
vn 0.9702148 1.430511E-06 0.2419434
vn 0.9702148 1.192093E-07 0.2419434
vn 0.9702148 -8.940697E-07 0.2419434
vn 0.9702148 0 0.2419434
vn 0.2419434 -2.384186E-07 -0.9702148
vn 0.2419434 -2.384186E-07 -0.9702148
vn 0.2419434 -1.788139E-07 -0.9702148
vn 0.2419434 0 -0.9702148
vn 0.2419434 0 -0.9702148
vn 0.2419434 1.788139E-07 -0.9702148
vn 0.2419434 1.192093E-07 -0.9702148
vn 0.2419434 2.384186E-07 -0.9702148
vn 0.2419434 2.384186E-07 -0.9702148
vn 0.2419434 1.192093E-07 -0.9702148
vn 0.2419434 1.788139E-07 -0.9702148
vn 0.2419434 0 -0.9702148
vn 0.2419434 0 -0.9702148
vn 0.2419434 2.980232E-07 -0.9702148
vn 0.2419434 2.980232E-07 -0.9702148
vn 0.2419434 2.980232E-07 -0.9702148
vn 0.2419434 -2.384186E-07 -0.9702148
vn 0.2419434 -2.980232E-07 -0.9702148
vn 0.2419434 1.788139E-07 -0.9702148
vn 0.2419434 0 -0.9702148
vn 0.2419434 0 -0.9702148
vn 0.2419434 0 -0.9702148
vn 0.2419434 -5.960464E-07 -0.9702148
vn 0.2419434 5.364418E-07 -0.9702148
vn 0.2419434 1.788139E-07 -0.9702148
vn 0.2419434 0 -0.9702148
vn 0.2419434 0 -0.9702148
vn 0.2419434 -1.907349E-06 -0.9702148
vn 0.2419434 -2.980232E-07 -0.9702148
vn 0.2419434 4.172325E-07 -0.9702148
vn 0.2419434 2.384186E-07 -0.9702148
vn 0.2419434 3.576279E-07 -0.9702148
vn 0.2419434 4.172325E-07 -0.9702148
vn 0.2419434 -1.192093E-07 -0.9702148
vn 0.2419434 0 -0.9702148
vn 0.2419434 0 -0.9702148
vn 0.2419434 1.788139E-07 -0.9702148
vn 0.2419434 0 -0.9702148
vn 0.2419434 0 -0.9702148
vn 0.2419434 0 -0.9702148
vn 0.2419434 0 -0.9702148
vn 0.2419434 -1.192093E-07 -0.9702148
vn 0.2419434 -1.192093E-07 -0.9702148
vn 0.2419434 -7.152557E-07 -0.9702148
vn 0.2419434 5.960464E-07 -0.9702148
vn 0.2419434 2.980232E-07 -0.9702148
vn 0.2419434 -1.788139E-07 -0.9702148
vn 0.2419434 8.34465E-07 -0.9702148
vn 0.2419434 4.768372E-07 -0.9702148
vn 0.2419434 -1.788139E-07 -0.9702148
vn 0.2419434 -1.788139E-07 -0.9702148
vn 0.2419434 0 -0.9702148
vn 0.2419434 1.192093E-07 -0.9702148
vn 0.2419434 -1.251698E-06 -0.9702148
vn 0.2419434 1.490116E-06 -0.9702148
vn 0.2419434 7.152557E-07 -0.9702148
vn 0.2419434 1.192093E-07 -0.9702148
vn 0.2419434 0 -0.9702148
vn 0.2419434 -2.980232E-07 -0.9702148
vn 0.2419434 0 -0.9702148
vn 0.2419434 0 -0.9702148
vn 0.2419434 1.013279E-06 -0.9702148
vn 0.2419434 1.788139E-07 -0.9702148
vn 0.2419434 1.192093E-07 -0.9702148
vn 0.2419434 1.788139E-07 -0.9702148
vn 0.2419434 1.192093E-07 -0.9702148
vn 0.2419434 2.384186E-07 -0.9702148
vn 0.2419434 2.384186E-07 -0.9702148
vn 0.2419434 2.384186E-07 -0.9702148
vn 0 0.03533936 -0.9995117
vn 0 0.03533936 -0.9995117
vn 0 0.3425293 -0.9394531
vn 0 0.3425293 -0.9394531
vn 0 0.6162109 -0.7875977
vn 0 0.6162109 -0.7875977
vn -1.788139E-07 0.8291016 -0.5585938
vn -1.788139E-07 0.8291016 -0.5585938
vn -2.384186E-07 0.9614258 -0.2751465
vn -2.384186E-07 0.9614258 -0.2751465
vn -1.788139E-07 0.9995117 0.03536987
vn -1.788139E-07 0.9995117 0.03536987
vn -1.192093E-07 0.9394531 0.3425293
vn -1.192093E-07 0.9394531 0.3425293
vn 0 0.7875977 0.6162109
vn 0 0.7875977 0.6162109
vn 1.788139E-07 0.5585938 0.8291016
vn 1.788139E-07 0.5585938 0.8291016
vn 1.907349E-06 0.2751465 0.9614258
vn 1.907349E-06 0.2751465 0.9614258
vn 2.384186E-06 -0.03533936 0.9995117
vn 2.384186E-06 -0.03533936 0.9995117
vn 4.768372E-07 -0.3425293 0.9394531
vn 4.768372E-07 -0.3425293 0.9394531
vn -9.536743E-07 -0.6162109 0.7875977
vn -9.536743E-07 -0.6162109 0.7875977
vn -1.251698E-06 -0.8291016 0.5585938
vn -1.251698E-06 -0.8291016 0.5585938
vn -4.768372E-07 -0.9614258 0.2751465
vn -4.768372E-07 -0.9614258 0.2751465
vn 1.192093E-07 -0.9995117 -0.03533936
vn 1.192093E-07 -0.9995117 -0.03533936
vn 0 -0.9394531 -0.3425293
vn 0 -0.9394531 -0.3425293
vn -7.152557E-07 -0.7875977 -0.6162109
vn -7.152557E-07 -0.7875977 -0.6162109
vn -6.556511E-07 -0.5585938 -0.8291016
vn -6.556511E-07 -0.5585938 -0.8291016
vn 0 -0.2751465 -0.9614258
vn 0 -0.2751465 -0.9614258
vn 0 0.03533936 -0.9995117
vn 0 0.03533936 -0.9995117
vn 1 0 0
vn 1 1.192093E-07 4.768372E-07
vn 1 0 0
vn 1 0 0
vn 1 0 0
vn 1 1.192093E-07 -1.132488E-06
vn 1 0 -5.364418E-07
vn 1 0 0
vn 1 0 0
vn 1 0 0
vn 1 1.788139E-07 7.152557E-07
vn 1 1.788139E-07 7.152557E-07
vn 0.09466553 -0.9204102 -0.3796387
vn 0.02124023 -0.9960938 -0.08520508
vn 0.02124023 -0.9960938 -0.08514404
vn 0.09466553 -0.9204102 -0.3796387
vn 0.1588135 -0.7543945 -0.637207
vn 0.1588135 -0.7543945 -0.637207
vn 0.2073975 -0.5146484 -0.8320313
vn 0.2073975 -0.5146484 -0.8320313
vn 0.2351074 -0.2260742 -0.9453125
vn 0.2351074 -0.2260742 -0.9453125
vn 0.2419434 0.07897949 -0.9672852
vn 0.2419434 0.08398438 -0.9667969
vn 0.2244873 0.387207 -0.894043
vn 0.2244873 0.387207 -0.8945313
vn 0.1824951 0.6567383 -0.7319336
vn 0.1824951 0.6567383 -0.7319336
vn 0.1244507 0.8574219 -0.4992676
vn 0.1244507 0.8574219 -0.4992676
vn 0.05426025 0.9746094 -0.2176514
vn 0.05426025 0.9746094 -0.2176514
vn -0.02124023 0.9960938 0.08514404
vn -0.02124023 0.9960938 0.08520508
vn -0.09466553 0.9204102 0.3796387
vn -0.09466553 0.9204102 0.3796387
vn -0.1588135 0.7543945 0.637207
vn -0.1588135 0.7543945 0.637207
vn -0.2073975 0.5146484 0.8320313
vn -0.2073975 0.5146484 0.8320313
vn -0.2351074 0.239624 0.9418945
vn -0.2359619 0.2236328 0.9458008
vn -0.2401123 -0.07427979 0.9677734
vn -0.2404785 -0.05740356 0.96875
vn -0.2075195 -0.369873 0.9057617
vn -0.2305908 -0.263916 0.9365234
vn -0.1984863 -0.5063477 0.8388672
vn -0.1602783 -0.6699219 0.7250977
vn -0.1608887 -0.7133789 0.6816406
vn -0.1184082 -0.8632813 0.4902344
vn -0.1184082 -0.8632813 0.4902344
vn -0.05426025 -0.9746094 0.2176514
vn -0.05429077 -0.9746094 0.2176514
vn 0.02124023 -0.9960938 -0.08520508
vn 0.02124023 -0.9960938 -0.08514404
vn -0.2419434 2.026558E-06 0.9702148
vn -0.2419434 6.556511E-07 0.9702148
vn -0.2419434 2.026558E-06 0.9702148
vn -0.2419434 0 0.9702148
vn -0.2419434 -1.192093E-07 0.9702148
vn -0.2419434 0 0.9702148
vn -0.2419434 0 0.9702148
vn -0.2419434 0 0.9702148
vn -0.2419434 0 0.9702148
vn -0.2419434 0 0.9702148
vn -0.2419434 -1.788139E-07 0.9702148
vn -0.2419434 0 0.9702148
vn -0.2419434 -1.192093E-07 0.9702148
vn -0.2419434 -1.192093E-07 0.9702148
vn -0.8569336 6.556511E-07 0.5151367
vn -0.8569336 5.364418E-07 0.5151367
vn -0.8569336 -1.233816E-05 0.5151367
vn -0.8569336 5.960464E-07 0.5151367
vn -0.8569336 2.980232E-07 0.5151367
vn -0.8569336 0 0.5151367
vn -0.8569336 1.192093E-07 0.5151367
vn -0.8569336 -1.788139E-07 0.5151367
vn -0.8569336 -2.384186E-07 0.5151367
vn -0.8569336 -1.788139E-07 0.5151367
vn -0.8569336 -1.788139E-07 0.5151367
vn -0.8569336 -1.192093E-07 0.5151367
vn -0.8569336 -1.788139E-07 0.5151367
vn -0.8569336 4.172325E-07 0.5151367
vn -0.8569336 3.576279E-07 0.5151367
vn -0.8569336 1.233816E-05 0.5151367
vn 0.9702148 2.384186E-07 0.2419434
vn 0.9702148 2.384186E-07 0.2419434
vn 0.9702148 2.384186E-07 0.2419434
vn 0.9702148 2.384186E-07 0.2419434
vn 0.9702148 3.576279E-07 0.2419434
vn 0.9702148 7.152557E-07 0.2419434
vn 0.9702148 0 0.2419434
vn 0.9702148 1.549721E-06 0.2419434
vn 0.9702148 0 0.2419434
vn 0.9702148 4.172325E-07 0.2419434
vn 0.9702148 -1.788139E-07 0.2419434
vn 0.9702148 7.152557E-07 0.2419434
vn 0.9702148 1.072884E-06 0.2419434
vn 0.9702148 -2.384186E-07 0.2419434
vn 0.9702148 2.384186E-07 0.2419434
vn 0.9702148 -4.172325E-07 0.2419434
vn 0.9702148 -1.788139E-07 0.2419434
vn 0.9702148 -6.556511E-07 0.2419434
vn 0.9702148 -8.940697E-07 0.2419434
vn 0.9702148 -3.576279E-07 0.2419434
vn 0.9702148 -1.490116E-06 0.2419434
vn 0.9702148 -1.788139E-07 0.2419434
vn 0.9702148 8.940697E-07 0.2419434
vn 0.9702148 0 0.2419434
vn 0.9702148 8.34465E-07 0.2419434
vn 0.9702148 1.192093E-07 0.2419434
vn 0.9702148 -6.556511E-07 0.2419434
vn 0.9702148 1.788139E-07 0.2419434
vn 0.9702148 -1.311302E-06 0.2419434
vn 0.9702148 4.172325E-07 0.2419434
vn 0.9702148 -3.576279E-07 0.2419434
vn 0.9702148 0 0.2419434
vn 0.9702148 7.748604E-07 0.2419434
vn 0.9702148 3.576279E-07 0.2419434
vn 0.9702148 -1.370907E-06 0.2419434
vn 0.9702148 -8.940697E-07 0.2419434
vn 0.9702148 0 0.2419434
vn -1 -1.788139E-07 4.768372E-07
vn -1 -1.788139E-07 4.768372E-07
vn -1 3.039837E-06 3.993511E-06
vn -1 -2.384186E-07 2.384186E-07
vn -1 -2.384186E-07 2.384186E-07
vn -1 0 1.192093E-07
vn -1 0 2.384186E-07
vn -1 0 0
vn -1 0 0
vn -1 0 -1.788139E-07
vn -1 0 -1.192093E-07
vn -1 0 0
vn -1 0 0
vn -1 0 0
vn -1 0 0
vn -1 0 0
vn -1 0 0
vn -1 0 0
vn -1 0 0
vn -1 0 0
vn -1 0 0
vn -1 0 0
vn -1 0 0
vn -1 0 0
vn -1 0 0
vn -1 0 0
vn -1 0 0
vn -1 0 0
vn -0.05426025 -0.9746094 0.2176514
vn 0.02122498 -0.9960938 -0.08514404
vn 0.02124023 -0.9960938 -0.08520508
vn -0.05429077 -0.9746094 0.2176514
vn -0.1244507 -0.8574219 0.4992676
vn -0.1244507 -0.8574219 0.4992676
vn -0.1843262 -0.6489258 0.7382813
vn -0.1843262 -0.6489258 0.7382813
vn -0.2297363 -0.3686523 0.9008789
vn -0.2297363 -0.3686523 0.9008789
vn -0.2423096 -0.04727173 0.9692383
vn -0.2495117 -0.0791626 0.965332
vn -0.2421875 0.1295166 0.9614258
vn -0.2386475 0.232666 0.9428711
vn -0.2376709 0.2783203 0.9306641
vn -0.2020264 0.5419922 0.815918
vn -0.2037354 0.5283203 0.8242188
vn -0.1569824 0.7631836 0.6264648
vn -0.159668 0.7539063 0.637207
vn -0.0949707 0.9204102 0.3793945
vn -0.09484863 0.9204102 0.3791504
vn -0.0214386 0.9960938 0.08551025
vn -0.02142334 0.9960938 0.08544922
vn 0.05426025 0.9746094 -0.2176514
vn 0.05429077 0.9746094 -0.2176514
vn 0.1244507 0.8574219 -0.4992676
vn 0.1244507 0.8574219 -0.4992676
vn 0.1824951 0.6567383 -0.7319336
vn 0.1824951 0.6567383 -0.7319336
vn 0.2226563 0.3913574 -0.8930664
vn 0.2226563 0.3913574 -0.8930664
vn 0.2409668 0.08776855 -0.9663086
vn 0.2409668 0.08776855 -0.9663086
vn 0.2357178 -0.2243652 -0.9458008
vn 0.2357178 -0.2243652 -0.9458008
vn 0.2073975 -0.5146484 -0.8320313
vn 0.2073975 -0.5146484 -0.8320313
vn 0.1588135 -0.7543945 -0.637207
vn 0.1588135 -0.7543945 -0.637207
vn 0.09466553 -0.9204102 -0.3796387
vn 0.09466553 -0.9204102 -0.3796387
vn 0.02124023 -0.9960938 -0.08520508
vn 0.02122498 -0.9960938 -0.08514404
vn 0 -1 0
vn 0 -1 0
vn 0 -1 0
vn 0 -1 0
vn 0 -1 0
vn 0 -1 0
vn 0.9702148 5.960464E-06 0.2418213
vn 0.9702148 2.074242E-05 0.2418213
vn 0.9702148 -3.135204E-05 0.2418213
vn 0.9702148 1.674891E-05 0.2418213
vn 0.9702148 2.0504E-05 0.2418213
vn 0.9702148 7.927418E-06 0.2418213
vn 0.9702148 2.318621E-05 0.2418213
vn 0.9702148 7.927418E-06 0.2418213
vn 0.9702148 1.311302E-05 0.2418213
vn 0.9702148 7.987022E-06 0.2418213
vn 0.9702148 1.263618E-05 0.2418213
vn 0.9702148 1.186132E-05 0.2418213
vn 0.9702148 1.144409E-05 0.2418213
vn 0.9702148 1.055002E-05 0.2418213
vn 0.9702148 1.013279E-05 0.2418213
vn 0.9702148 7.808208E-06 0.2418213
vn 0.9702148 8.940697E-06 0.2418213
vn 0.9702148 7.927418E-06 0.2418213
vn 0.9702148 6.973743E-06 0.2418213
vn 0.9702148 7.808208E-06 0.2418213
vn 0.9702148 9.298325E-06 0.2418213
vn 0.9702148 8.106232E-06 0.2418213
vn 0.9702148 8.34465E-06 0.2418213
vn 0.9702148 8.642673E-06 0.2418213
vn 0.9702148 1.966953E-06 0.2418213
vn 0.9702148 6.616116E-06 0.2418213
vn 0.9702148 8.225441E-06 0.2418213
vn 0.9702148 8.165836E-06 0.2418213
vn 0.9702148 8.046627E-06 0.2418213
vn 0.9702148 7.748604E-06 0.2418213
vn 0.9702148 7.867813E-06 0.2418213
vn 0.9702148 7.450581E-06 0.2418213
vn 0.9702148 7.808208E-06 0.2418213
vn 0.9702148 7.927418E-06 0.2418213
vn 0.9702148 7.927418E-06 0.2418213
vn 0.9702148 7.927418E-06 0.2418213
vn 0.9702148 7.987022E-06 0.2418213
vn 0.9702148 5.960464E-06 0.2418213
vn 0.9702148 7.987022E-06 0.2418213
vn 0.9702148 7.987022E-06 0.2418213
vn 0.9702148 7.987022E-06 0.2418213
vn 0.9702148 7.987022E-06 0.2418213
vn 0.9702148 7.927418E-06 0.2418213
vn 0.9702148 7.927418E-06 0.2418213
vn 0.9702148 7.927418E-06 0.2418213
vn 0.9702148 7.927418E-06 0.2418213
vn 0.9702148 7.867813E-06 0.2418213
vn 0.9702148 7.987022E-06 0.2418213
vn 0.9702148 8.106232E-06 0.2418213
vn 0.9702148 8.404255E-06 0.2418213
vn 0.9702148 6.079674E-06 0.2418213
vn 0.9702148 -2.264977E-06 0.2418213
vn 0.9702148 -4.172325E-06 0.2418213
vn 0.9702148 -2.145767E-06 0.2418213
vn 0.9702148 -2.980232E-06 0.2416992
vn 0.9702148 2.264977E-06 0.2418213
vn 0.9702148 1.490116E-06 0.2418213
vn 0.9702148 -2.503395E-06 0.2418213
vn 0.9702148 -3.099442E-06 0.2418213
vn 0.9702148 -4.768372E-06 0.2418213
vn 0.9702148 -4.053116E-06 0.2418213
vn 0.9702148 -3.933907E-06 0.2418213
vn 0.9702148 -1.907349E-06 0.2418213
vn 0.9702148 -1.788139E-07 0.2418213
vn 0.9702148 8.34465E-07 0.2418213
vn 0.9702148 4.053116E-06 0.2418213
vn 0.9702148 2.563E-06 0.2418213
vn 0.9702148 5.245209E-06 0.2418213
vn 0.9702148 7.748604E-07 0.2418213
vn 0.9702148 7.748604E-06 0.2418213
vn 0.9702148 8.583069E-06 0.2418213
vn 0.9702148 1.144409E-05 0.2418213
vn 0.9702148 1.329184E-05 0.2418213
vn 0.9702148 1.376867E-05 0.2418213
vn 0.9702148 1.394749E-05 0.2418213
vn 0.9702148 1.627207E-05 0.2418213
vn 0.9702148 7.033348E-06 0.2418213
vn 0.9702148 1.722574E-05 0.2418213
vn 0.9702148 1.895428E-05 0.2418213
vn 0.9702148 1.955032E-05 0.2418213
vn 0.9702148 2.026558E-05 0.2418213
vn 0.9702148 1.943111E-05 0.2418213
vn 0.9702148 1.734495E-05 0.2418213
vn 0.9702148 1.615286E-05 0.2418213
vn 0.9702148 1.41263E-05 0.2418213
vn 0.9702148 1.364946E-05 0.2418213
vn 0.9702148 1.013279E-05 0.2418213
vn 0.9702148 1.227856E-05 0.2418213
vn 0.9702148 1.0252E-05 0.2418213
vn 0.9702148 9.715557E-06 0.2418213
vn 0.9702148 8.46386E-06 0.2418213
vn 0.9702148 8.46386E-06 0.2418213
vn 0.9702148 6.854534E-06 0.2418213
vn 0.9702148 7.748604E-06 0.2418213
vn 0.9702148 8.106232E-06 0.2418213
vn 0.9702148 7.927418E-06 0.2418213
vn 0.9702148 7.927418E-06 0.2418213
vn 0.9702148 7.987022E-06 0.2418213
vn 0.9702148 8.642673E-06 0.2418213
vn 0.9702148 7.152557E-06 0.2418213
vn 0.9702148 7.987022E-06 0.2418213
vn 0.9702148 8.106232E-06 0.2418213
vn 0.9702148 7.867813E-06 0.2418213
vn 0.9702148 8.046627E-06 0.2418213
vn 0.9702148 8.046627E-06 0.2418213
vn 0.9702148 7.987022E-06 0.2418213
vn 0.9702148 7.987022E-06 0.2418213
vn 0.9702148 7.927418E-06 0.2418213
vn 0.9702148 7.927418E-06 0.2418213
vn 0.9702148 7.867813E-06 0.2418213
vn 0.9702148 7.867813E-06 0.2418213
vn 0.9702148 7.927418E-06 0.2418213
vn 0.9702148 7.867813E-06 0.2418213
vn 0.9702148 8.046627E-06 0.2418213
vn 0.9702148 7.987022E-06 0.2418213
vn 0.9702148 7.987022E-06 0.2418213
vn 0.9702148 7.987022E-06 0.2418213
vn 0.9702148 7.927418E-06 0.2418213
vn 0.9702148 7.808208E-06 0.2418213
vn 0.9702148 7.867813E-06 0.2418213
vn 0.9702148 7.808208E-06 0.2418213
vn 0.9702148 7.867813E-06 0.2418213
vn 0.9702148 7.867813E-06 0.2418213
vn 0.9702148 7.927418E-06 0.2418213
vn 0.9702148 8.046627E-06 0.2418213
vn 0.9702148 7.927418E-06 0.2418213
vn 0.9702148 7.867813E-06 0.2418213
vn 0.9702148 7.808208E-06 0.2418213
vn 0.9702148 7.808208E-06 0.2418213
vn 0.9702148 7.808208E-06 0.2418213
vn 0.9702148 7.867813E-06 0.2418213
vn 0.9702148 7.927418E-06 0.2418213
vn 0.9702148 7.927418E-06 0.2418213
vn 0.9702148 7.927418E-06 0.2418213
vn 0.9702148 7.867813E-06 0.2418213
vn 0.9702148 7.927418E-06 0.2418213
vn 0.9702148 7.927418E-06 0.2418213
vn 0.9702148 8.165836E-06 0.2418213
vn 0.9702148 8.165836E-06 0.2418213
vn 0.9702148 7.987022E-06 0.2418213
vn 0.9702148 7.867813E-06 0.2418213
vn 0.9702148 7.927418E-06 0.2418213
vn 0.9702148 8.106232E-06 0.2418213
vn 0.9702148 8.106232E-06 0.2418213
vn 0.9702148 7.927418E-06 0.2418213
vn 0.9702148 7.927418E-06 0.2418213
vn 0.9702148 8.106232E-06 0.2418213
vn 0.9702148 7.987022E-06 0.2418213
vn 0.9702148 7.987022E-06 0.2418213
vn 0.9702148 7.927418E-06 0.2418213
vn 0.9702148 7.867813E-06 0.2418213
vn 0.9702148 8.225441E-06 0.2418213
vn 0.9702148 8.46386E-06 0.2418213
vn 0.9702148 8.046627E-06 0.2418213
vn 0.9702148 8.046627E-06 0.2418213
vn 0.9702148 7.688999E-06 0.2418213
vn 0.9702148 7.927418E-06 0.2418213
vn 0.9702148 8.165836E-06 0.2418213
vn 0.9702148 8.285046E-06 0.2418213
vn 0.9702148 7.927418E-06 0.2418213
vn 0.9702148 8.165836E-06 0.2418213
vn 0.9702148 1.180172E-05 0.2418213
vn 0.9702148 1.680851E-05 0.2418213
vn 0.9702148 7.688999E-06 0.2418213
vn 0.9702148 8.34465E-06 0.2418213
vn 0.9702148 7.748604E-06 0.2418213
vn 0.9702148 8.106232E-06 0.2418213
vn 0.9702148 7.688999E-06 0.2418213
vn 0.9702148 6.318092E-06 0.2418213
vn 0.9702148 5.841255E-06 0.2418213
vn 0.9702148 7.688999E-06 0.2418213
vn 0.9702148 7.748604E-06 0.2418213
vn 0.9702148 8.046627E-06 0.2418213
vn 0.9702148 4.708767E-06 0.2418213
vn 0.9702148 7.927418E-06 0.2418213
vn 0.9702148 7.927418E-06 0.2418213
vn 0.9702148 7.748604E-06 0.2418213
vn 0.9702148 7.808208E-06 0.2418213
vn 0.9702148 7.808208E-06 0.2418213
vn 0.9702148 5.125999E-06 0.2418213
vn 0.9702148 3.993511E-06 0.2418213
vn 0.9702148 7.987022E-06 0.2418213
vn 0.9702148 3.099442E-06 0.2418213
vn 0.9702148 3.218651E-06 0.2418213
vn 0.9702148 2.861023E-06 0.2418213
vn 0.9702148 3.278255E-06 0.2418213
vn 0.9702148 7.927418E-06 0.2418213
vn 0.9702148 7.927418E-06 0.2418213
vn 0.9702148 8.046627E-06 0.2418213
vn 0.9702148 4.11272E-06 0.2418213
vn 0.9702148 4.470348E-06 0.2418213
vn 0.9702148 8.106232E-06 0.2418213
vn 0.9702148 7.867813E-06 0.2418213
vn 0.9702148 7.927418E-06 0.2418213
vn 0.9702148 8.106232E-06 0.2418213
vn 0.9702148 8.106232E-06 0.2418213
vn 0.9702148 5.662441E-06 0.2418213
vn 0.9702148 5.304813E-06 0.2418213
vn 0.9702148 7.271767E-06 0.2418213
vn 0.9702148 7.987022E-06 0.2418213
vn 0.9702148 7.808208E-06 0.2418213
vn 0.9702148 7.927418E-06 0.2418213
vn 0.9702148 7.987022E-06 0.2418213
vn 0.9702148 7.987022E-06 0.2418213
vn -0.2419434 0 0.9702148
vn -0.2419434 0 0.9702148
vn -0.2419434 0 0.9702148
vn -0.2419434 0 0.9702148
vn -0.2419434 0 0.9702148
vn -0.2419434 0 0.9702148
vn -0.2419434 0 0.9702148
vn -0.2419434 0 0.9702148
vn -0.2419434 0 0.9702148
vn -0.2419434 1.192093E-07 0.9702148
vn -0.2419434 1.192093E-07 0.9702148
vn 0.001049995 4.649162E-06 -1
vn 0.001101494 4.947186E-06 -1
vn 0.001052856 4.708767E-06 -1
vn -0.0001511574 2.980232E-07 -1
vn -0.001218796 5.00679E-06 -1
vn -0.001196861 4.827976E-06 -1
vn -0.001221657 5.00679E-06 -1
vn 0 -1 0
vn 0 -1 0
vn 0 -1 0
vn 0 -1 0
vn 0 -1 0
vn 0.2419434 3.576279E-07 -0.9702148
vn 0.2419434 -1.192093E-07 -0.9702148
vn 0.2419434 0 -0.9702148
vn 0.2419434 0 -0.9702148
vn 0.2419434 0 -0.9702148
vn 0.2419434 1.192093E-07 -0.9702148
vn 0.2419434 0 -0.9702148
vn 0.2419434 0 -0.9702148
vn 0.2419434 0 -0.9702148
vn 0.2419434 0 -0.9702148
vn 0.2419434 1.192093E-07 -0.9702148
vn 0.2419434 0 -0.9702148
vn -0.9702148 -6.657839E-05 -0.2424316
vn -0.9702148 -5.447865E-05 -0.2426758
vn -0.9702148 -9.220839E-05 -0.2418213
vn -0.9702148 -5.280972E-05 -0.2425537
vn -0.9702148 -2.288818E-05 -0.2421875
vn -0.9702148 0 -0.2419434
vn 1 0 0
vn 1 0 0
vn 1 0 0
vn 1 0 0
vn 0 -1 0
vn 0 -1 0
vn 0 -1 0
vn 0 -1 0
vn 0 -1 0
vn 0 0 1
vn 0 0 1
vn 0 0 1
vn 0 0 1
vn 0 0 1
vn 0 0 1
vn 0 0 1
vn 0 0 1
vn 0 0 1
vn 0 0 1
vn 0 0 1
vn 0 0 1
vn 0 0 1
vn 0 0 1
vn 0 0 1
vn 0 0 1
vn 0 0 1
vn 0 0 1
vn 0 0 1
vn 0 0 1
vn 0 0 1
vn 0 0 1
vn 0 0 1
vn 0 0 1
vn 0 0 1
vn 0 0 1
vn 0 0 1
vn 0 1 0
vn 0 1 0
vn 0 1 0
vn 0 1 0
vn 0 1 0
vn 0 1 0
vn 0 1 0
vn 0 1 0
vn 0 1 0
vn 0 1 0
vn 0 1 0
vn 0 1 0
vn 0 1 0
vn 0 1 0
vn 0 1 0
vn 0 1 0
vn 0 1 0
vn 0 1 0
vn 0 1 0
vn 0 1 0
vn 0 1 0
vn 0 1 0
vn 0 1 0
vn 0 1 0
vn 0 1 0
vn 0 1 0
vn 0 1 0
vn 0 1 0
vn 0 1 0
vn 0 1 0
vn 0 1 0
vn 0 1 0
vn 0 1 0
vn 0 1 0
vn 0 1 0
vn 0 1 0
vn 0 1 0
vn 1 0 0
vn 1 0 0
vn 1 0 0
vn 1 0 0
vn -0.9951172 -0.09802246 4.053116E-06
vn -0.9785156 -0.2060547 1.788139E-06
vn -0.9951172 -0.09802246 4.053116E-06
vn -0.9785156 -0.2060547 1.788139E-06
vn -0.9155273 -0.4025879 -1.132488E-06
vn -0.9155273 -0.4025879 -1.132488E-06
vn -0.8144531 -0.5805664 -6.556511E-07
vn -0.8144531 -0.5805664 -6.556511E-07
vn -0.6772461 -0.7358398 -0.0008268356
vn -0.6772461 -0.7358398 -0.0008263588
vn -0.527832 -0.8496094 0.000113368
vn -0.5166016 -0.8564453 0.0002515316
vn -0.380127 -0.9248047 0.0004796982
vn -0.3381348 -0.940918 0.0003082752
vn -0.1948242 -0.980957 0.0001096129
vn -0.147583 -0.9892578 0.0001078248
vn -0.09820557 -0.9951172 0.000105679
vn -0.09820557 -0.9951172 0.000105679
vn 0 0 1
vn 0 0 1
vn 0 0 1
vn 0 0 1
vn 0.9951172 0.09802246 -4.768372E-07
vn 0.980957 0.1950684 -5.364418E-07
vn 0.9951172 0.09802246 -4.768372E-07
vn 0.980957 0.1950684 -5.364418E-07
vn 0.9238281 0.3828125 -4.768372E-07
vn 0.9238281 0.3828125 -4.768372E-07
vn 0.831543 0.5556641 -3.576279E-07
vn 0.831543 0.5556641 -3.576279E-07
vn 0.7070313 0.7070313 -1.788139E-07
vn 0.7070313 0.7070313 -1.788139E-07
vn 0.5556641 0.831543 0
vn 0.5556641 0.831543 0
vn 0.3825684 0.9238281 1.192093E-07
vn 0.3825684 0.9238281 1.192093E-07
vn 0.1948242 0.980957 4.172325E-07
vn 0.1948242 0.980957 4.172325E-07
vn 0 1 5.364418E-07
vn 0 1 5.364418E-07
vn -0.1948242 0.980957 5.364418E-07
vn -0.1948242 0.980957 5.364418E-07
vn -0.3825684 0.9238281 3.576279E-07
vn -0.3825684 0.9238281 3.576279E-07
vn -0.5556641 0.831543 2.384186E-07
vn -0.5556641 0.831543 2.384186E-07
vn -0.7070313 0.7070313 1.192093E-07
vn -0.7070313 0.7070313 1.192093E-07
vn -0.831543 0.5556641 0
vn -0.831543 0.5556641 0
vn -0.9238281 0.3828125 0
vn -0.9238281 0.3828125 0
vn -0.980957 0.1950684 1.192093E-07
vn -0.980957 0.1950684 1.192093E-07
vn -0.9951172 0.09802246 1.788139E-07
vn -0.9951172 0.09802246 1.788139E-07
vn 0 0 1
vn 0 0 1
vn 0 0 1
vn 0 0 1
vn 0 -1 0
vn 0 -1 0
vn 0 -1 0
vn 0 -1 0
vn 0 -1 0
vn 0 0 1
vn 0 0 1
vn 0 0 1
vn 0 0 1
vn 0 1 8.940697E-07
vn 0 1 8.940697E-07
vn 0 1 8.940697E-07
vn 0 1 2.980232E-07
vn 0 1 0
vn 2.384186E-07 -2.384186E-07 1
vn 2.384186E-07 -2.384186E-07 1
vn 2.384186E-07 -2.384186E-07 1
vn 2.384186E-07 -2.384186E-07 1
vn 0 -1 0
vn 0 -1 -8.940697E-07
vn 0 -1 -2.980232E-07
vn 0 -1 -8.940697E-07
vn 0 -1 -8.940697E-07
vn 4.768372E-07 -2.384186E-07 1
vn 4.768372E-07 -2.384186E-07 1
vn 4.768372E-07 -2.384186E-07 1
vn 4.768372E-07 -2.384186E-07 1
vn 0 1 0
vn 0 1 0
vn 0 1 0
vn 0 1 0
vn 0 1 0
vn 0 0 1
vn 0 0 1
vn 0 0 1
vn 0 0 1
vn 0 -1 0
vn 0 -1 0
vn 0 -1 0
vn 0 -1 0
vn 0 -1 0
vn 0 0 1
vn 0 0 1
vn 0 0 1
vn 0 0 1
vn 0 1 0
vn 0 1 0
vn 0 1 0
vn 0 1 0
vn 0 1 0
vn 0 0 1
vn 0 0 1
vn 0 0 1
vn 0 0 1
vn 0 -1 0
vn 0 -1 0
vn 0 -1 0
vn 0 -1 0
vn 0 -1 0
vn 0 0 1
vn 0 0 1
vn 0 0 1
vn 0 0 1
vn 0 1 0
vn 0 1 0
vn 0 1 0
vn 0 1 0
vn 0 1 0
vn 0 0 1
vn 0 0 1
vn 0 0 1
vn 0 0 1
vn 0 -1 0
vn 0 -1 0
vn 0 -1 0
vn 0 -1 0
vn 0 -1 0
vn 0 0 1
vn 0 0 1
vn 0 0 1
vn 0 0 1
vn 0 1 0
vn 0 1 0
vn 0 1 0
vn 0 1 0
vn 0 1 0
vn 0 -4.768372E-07 1
vn 0 -4.768372E-07 1
vn 0 -4.768372E-07 1
vn 0 -4.768372E-07 1
vn 0 -1 0
vn 0 -1 0
vn 0 -1 0
vn 0 -1 0
vn 0 -1 0
vn 0 0 1
vn 0 0 1
vn 0 0 1
vn 0 0 1
vn 0.7070313 0 0.7070313
vn 0.7070313 0 0.7070313
vn 0.7070313 0 0.7070313
vn 0.7070313 0 0.7070313
vn 0.7070313 0 0.7070313
vn 0.7070313 0 0.7070313
vn 0.7070313 0 0.7070313
vn 0.7070313 0 0.7070313
vn 0.7070313 0 0.7070313
vn 0.7070313 0 0.7070313
vn 0.7070313 0 0.7070313
vn 0.7070313 0 0.7070313
vn 0.7070313 0 0.7070313
vn 0.7070313 0 0.7070313
vn 0.7070313 0 0.7070313
vn 0.7070313 0 0.7070313
vn 0.7070313 -3.576279E-07 0.7070313
vn 0.7070313 -3.576279E-07 0.7070313
vn 0.7070313 -3.576279E-07 0.7070313
vn 0.7070313 -3.576279E-07 0.7070313
vn 0.7070313 0 0.7070313
vn 0.7070313 0 0.7070313
vn 0.7070313 0 0.7070313
vn 0.7070313 0 0.7070313
vn -2.300739E-05 1 -1.132488E-06
vn -2.300739E-05 1 -1.132488E-06
vn -2.300739E-05 1 -1.132488E-06
vn -2.264977E-05 1 -4.172325E-07
vn -2.247095E-05 1 0
vn 0.7070313 1.502037E-05 0.7070313
vn 0.7070313 1.502037E-05 0.7070313
vn 0.7070313 1.502037E-05 0.7070313
vn 0.7070313 1.502037E-05 0.7070313
vn 0.7070313 1.502037E-05 0.7070313
vn 0.7070313 1.502037E-05 0.7070313
vn 0.7070313 1.502037E-05 0.7070313
vn 0.7070313 1.502037E-05 0.7070313
vn 0.7070313 1.507998E-05 0.7070313
vn 0.7070313 1.507998E-05 0.7070313
vn 0.7070313 1.507998E-05 0.7070313
vn 0.7070313 1.507998E-05 0.7070313
vn 0.7070313 1.478195E-05 0.7070313
vn 0.7070313 1.478195E-05 0.7070313
vn 0.7070313 1.478195E-05 0.7070313
vn 0.7070313 1.478195E-05 0.7070313
vn 0.7070313 1.513958E-05 0.7070313
vn 0.7070313 1.513958E-05 0.7070313
vn 0.7070313 1.513958E-05 0.7070313
vn 0.7070313 1.513958E-05 0.7070313
vn 0.7070313 1.502037E-05 0.7070313
vn 0.7070313 1.502037E-05 0.7070313
vn 0.7070313 1.502037E-05 0.7070313
vn 0.7070313 1.502037E-05 0.7070313
vn 0.9785156 -0.2060547 0
vn 0.9951172 -0.09802246 0
vn 0.9951172 -0.09802246 0
vn 0.9785156 -0.2060547 0
vn 0.9155273 -0.4025879 0
vn 0.9155273 -0.4025879 0
vn 0.8144531 -0.5800781 0.0002045631
vn 0.8144531 -0.5800781 0.0002045631
vn 0.6777344 -0.7353516 -0.0009050369
vn 0.6782227 -0.7348633 -0.0008993149
vn 0.5166016 -0.855957 0.00017941
vn 0.5283203 -0.8491211 2.372265E-05
vn 0.338623 -0.940918 0.0002259016
vn 0.3803711 -0.9248047 0.0004241467
vn 0.1474609 -0.9892578 2.682209E-05
vn 0.1949463 -0.980957 1.811981E-05
vn 0.09777832 -0.9951172 3.582239E-05
vn 0.09777832 -0.9951172 3.582239E-05
vn -2.18153E-05 1 -5.364418E-07
vn -2.18153E-05 1 -5.364418E-07
vn -2.17557E-05 1 -5.364418E-07
vn -2.157688E-05 1 -1.788139E-07
vn -2.151728E-05 1 0
vn 0 0 1
vn 0 0 1
vn 0 0 1
vn 0 0 1
vn 2.104044E-05 -1 0
vn 2.086163E-05 -1 -2.980232E-07
vn 2.098083E-05 -1 -1.192093E-07
vn 2.086163E-05 -1 -3.576279E-07
vn 2.086163E-05 -1 -3.576279E-07
vn 0 0 1
vn 0 0 1
vn 0 0 1
vn 0 0 1
vn -2.115965E-05 1 -2.384186E-07
vn -2.115965E-05 1 -2.384186E-07
vn -2.115965E-05 1 -2.384186E-07
vn -2.110004E-05 1 0
vn -2.104044E-05 1 0
vn 0 0 1
vn 0 0 1
vn 0 0 1
vn 0 0 1
vn 2.247095E-05 -1 0
vn 2.241135E-05 -1 0
vn 2.241135E-05 -1 0
vn 2.241135E-05 -1 0
vn 2.241135E-05 -1 0
vn 0 0 1
vn 0 0 1
vn 0 0 1
vn 0 0 1
vn -2.092123E-05 1 1.192093E-06
vn -2.092123E-05 1 1.192093E-06
vn -2.092123E-05 1 1.192093E-06
vn -2.098083E-05 1 4.172325E-07
vn -2.104044E-05 1 0
vn 0 -4.768372E-07 1
vn 0 -4.768372E-07 1
vn 0 -4.768372E-07 1
vn 0 -4.768372E-07 1
vn 2.199411E-05 -1 0
vn 2.211332E-05 -1 2.384186E-07
vn 2.199411E-05 -1 0
vn 2.211332E-05 -1 2.384186E-07
vn 2.211332E-05 -1 2.384186E-07
vn 0 1.966953E-06 1
vn 0 1.966953E-06 1
vn 0 1.966953E-06 1
vn 0 1.966953E-06 1
vn -2.086163E-05 1 -5.364418E-07
vn -2.086163E-05 1 -5.364418E-07
vn -2.086163E-05 1 -5.364418E-07
vn -2.068281E-05 1 -1.788139E-07
vn -2.05636E-05 1 0
vn 0 0 1
vn 0 0 1
vn 0 0 1
vn 0 0 1
vn 2.104044E-05 -1 0
vn 2.145767E-05 -1 8.34465E-07
vn 2.121925E-05 -1 2.980232E-07
vn 2.145767E-05 -1 8.34465E-07
vn 2.145767E-05 -1 8.34465E-07
vn -2.05636E-05 1 0
vn -2.05636E-05 1 0
vn -2.05636E-05 1 0
vn -2.05636E-05 1 0
vn -2.05636E-05 1 0
vn -2.115965E-05 1 -1.132488E-06
vn -2.115965E-05 1 -1.132488E-06
vn -2.115965E-05 1 -1.132488E-06
vn -2.080202E-05 1 -4.172325E-07
vn -2.05636E-05 1 0
vn 0 0 1
vn 0 0 1
vn 0 0 1
vn 0 0 1
vn 2.05636E-05 -1 0
vn 1.996756E-05 -1 -1.192093E-06
vn 2.038479E-05 -1 -4.172325E-07
vn 1.996756E-05 -1 -1.192093E-06
vn 1.996756E-05 -1 -1.192093E-06
vn 2.384186E-07 -2.384186E-07 1
vn 2.384186E-07 -2.384186E-07 1
vn 2.384186E-07 -2.384186E-07 1
vn 2.384186E-07 -2.384186E-07 1
vn -2.235174E-05 1 -1.728535E-06
vn -2.235174E-05 1 -1.728535E-06
vn -2.235174E-05 1 -1.66893E-06
vn -2.18153E-05 1 -5.960464E-07
vn -2.151728E-05 1 0
vn 4.768372E-07 -2.384186E-07 1
vn 4.768372E-07 -2.384186E-07 1
vn 4.768372E-07 -2.384186E-07 1
vn 4.768372E-07 -2.384186E-07 1
vn 2.05636E-05 -1 0
vn 1.943111E-05 -1 -2.324581E-06
vn 2.014637E-05 -1 -8.34465E-07
vn 1.937151E-05 -1 -2.384186E-06
vn 1.937151E-05 -1 -2.384186E-06
vn 0 0 1
vn 0 0 1
vn 0 0 1
vn 0 0 1
vn 0 0 1
vn 0 0 1
vn 0 0 1
vn 0 0 1
vn 0 0 1
vn 0 0 1
vn 0 0 1
vn 0 0 1
vn 0 0 1
vn 0 0 1
vn 0 0 1
vn 0 0 1
vn 0 0 1
vn 0 0 1
vn 0 0 1
vn 0 0 1
vn 0 0 1
vn 0 0 1
vn 0 0 1
vn 0 0 1
vn 0 0 1
vn 0 0 1
vn 0 0 1
vn 0 0 1
vn 0 -1 0
vn 0 -1 0
vn 0 -1 0
vn 0 -1 0
vn 0 -1 0
vn -0.7070313 -3.576279E-07 0.7070313
vn -0.7070313 -3.576279E-07 0.7070313
vn -0.7070313 -3.576279E-07 0.7070313
vn -0.7070313 -3.576279E-07 0.7070313
vn 0 1 0
vn 0 1 8.940697E-07
vn 0 1 2.980232E-07
vn 0 1 8.940697E-07
vn 0 1 8.940697E-07
vn 0 0 1
vn 0 0 1
vn 0 0 1
vn 0 0 1
vn 0 -1 -8.940697E-07
vn 0 -1 -8.940697E-07
vn 0 -1 -8.940697E-07
vn 0 -1 -2.980232E-07
vn 0 -1 0
vn -0.7070313 0 0.7070313
vn -0.7070313 0 0.7070313
vn -0.7070313 0 0.7070313
vn -0.7070313 0 0.7070313
vn 0 1 0
vn 0 1 0
vn 0 1 0
vn 0 1 0
vn 0 1 0
vn 0 0 1
vn 0 0 1
vn 0 0 1
vn 0 0 1
vn 0 -1 0
vn 0 -1 0
vn 0 -1 0
vn 0 -1 0
vn 0 -1 0
vn -0.7070313 0 0.7070313
vn -0.7070313 0 0.7070313
vn -0.7070313 0 0.7070313
vn -0.7070313 0 0.7070313
vn 0 1 0
vn 0 1 0
vn 0 1 0
vn 0 1 0
vn 0 1 0
vn 0 0 1
vn 0 0 1
vn 0 0 1
vn 0 0 1
vn 0 -1 0
vn 0 -1 0
vn 0 -1 0
vn 0 -1 0
vn 0 -1 0
vn -0.7070313 0 0.7070313
vn -0.7070313 0 0.7070313
vn -0.7070313 0 0.7070313
vn -0.7070313 0 0.7070313
vn 0 1 0
vn 0 1 0
vn 0 1 0
vn 0 1 0
vn 0 1 0
vn 2.384186E-07 -2.384186E-07 1
vn 2.384186E-07 -2.384186E-07 1
vn 2.384186E-07 -2.384186E-07 1
vn 2.384186E-07 -2.384186E-07 1
vn 0 -1 0
vn 0 -1 0
vn 0 -1 0
vn 0 -1 0
vn 0 -1 0
vn -0.7070313 -3.576279E-07 0.7070313
vn -0.7070313 -3.576279E-07 0.7070313
vn -0.7070313 -3.576279E-07 0.7070313
vn -0.7070313 -3.576279E-07 0.7070313
vn 0 1 0
vn 0 1 0
vn 0 1 0
vn 0 1 0
vn 0 1 0
vn 0 0 1
vn 0 0 1
vn 0 0 1
vn 0 0 1
vn 0 -1 0
vn 0 -1 0
vn 0 -1 0
vn 0 -1 0
vn 0 -1 0
vn -0.7070313 0 0.7070313
vn -0.7070313 0 0.7070313
vn -0.7070313 0 0.7070313
vn -0.7070313 0 0.7070313
vn 0 0 1
vn 0 0 1
vn 0 0 1
vn 0 0 1
vn 0 -4.768372E-07 1
vn 0 -4.768372E-07 1
vn 0 -4.768372E-07 1
vn 0 -4.768372E-07 1
vn 0 0 1
vn 0 0 1
vn 0 0 1
vn 0 0 1
vn 0 0 1
vn 0 0 1
vn 0 0 1
vn 0 0 1
vn 0 0 1
vn 0 0 1
vn 0 0 1
vn 0 0 1
vn 0 -4.768372E-07 1
vn 0 -4.768372E-07 1
vn 0 -4.768372E-07 1
vn 0 -4.768372E-07 1
vn 2.104044E-05 1 0
vn 2.115965E-05 1 -2.384186E-07
vn 2.110004E-05 1 0
vn 2.115965E-05 1 -2.384186E-07
vn 2.115965E-05 1 -2.384186E-07
vn -0.7070313 1.507998E-05 0.7070313
vn -0.7070313 1.507998E-05 0.7070313
vn -0.7070313 1.507998E-05 0.7070313
vn -0.7070313 1.507998E-05 0.7070313
vn -2.05636E-05 -1 0
vn -2.05636E-05 -1 0
vn -2.05636E-05 -1 0
vn -2.05636E-05 -1 0
vn -2.05636E-05 -1 0
vn 0 0 1
vn 0 0 1
vn 0 0 1
vn 0 0 1
vn 2.151728E-05 1 0
vn 2.17557E-05 1 -5.364418E-07
vn 2.157688E-05 1 -1.788139E-07
vn 2.18153E-05 1 -5.364418E-07
vn 2.18153E-05 1 -5.364418E-07
vn -0.7070313 1.478195E-05 0.7070313
vn -0.7070313 1.478195E-05 0.7070313
vn -0.7070313 1.478195E-05 0.7070313
vn -0.7070313 1.478195E-05 0.7070313
vn -2.05636E-05 -1 0
vn -2.05636E-05 -1 0
vn -2.05636E-05 -1 0
vn -2.05636E-05 -1 0
vn -2.05636E-05 -1 0
vn 0 0 1
vn 0 0 1
vn 0 0 1
vn 0 0 1
vn 2.104044E-05 1 0
vn 2.092123E-05 1 1.192093E-06
vn 2.098083E-05 1 4.172325E-07
vn 2.092123E-05 1 1.192093E-06
vn 2.092123E-05 1 1.192093E-06
vn -0.7070313 1.507998E-05 0.7070313
vn -0.7070313 1.507998E-05 0.7070313
vn -0.7070313 1.507998E-05 0.7070313
vn -0.7070313 1.507998E-05 0.7070313
vn -2.086163E-05 -1 5.364418E-07
vn -2.086163E-05 -1 5.364418E-07
vn -2.086163E-05 -1 5.364418E-07
vn -2.068281E-05 -1 1.788139E-07
vn -2.05636E-05 -1 0
vn 2.384186E-07 1.728535E-06 1
vn 2.384186E-07 1.728535E-06 1
vn 2.384186E-07 1.728535E-06 1
vn 2.384186E-07 1.728535E-06 1
vn 2.199411E-05 1 0
vn 2.211332E-05 1 -2.384186E-07
vn 2.199411E-05 1 0
vn 2.211332E-05 1 -2.384186E-07
vn 2.211332E-05 1 -2.384186E-07
vn -0.7070313 1.496077E-05 0.7070313
vn -0.7070313 1.496077E-05 0.7070313
vn -0.7070313 1.496077E-05 0.7070313
vn -0.7070313 1.496077E-05 0.7070313
vn -2.026558E-05 -1 -5.960464E-07
vn -2.026558E-05 -1 -5.960464E-07
vn -2.026558E-05 -1 -5.960464E-07
vn -2.044439E-05 -1 -2.384186E-07
vn -2.05636E-05 -1 0
vn 0 0 1
vn 0 0 1
vn 0 0 1
vn 0 0 1
vn 2.247095E-05 1 0
vn 2.18749E-05 1 1.192093E-06
vn 2.223253E-05 1 4.172325E-07
vn 2.18153E-05 1 1.192093E-06
vn 2.18153E-05 1 1.192093E-06
vn -0.7070313 1.507998E-05 0.7070313
vn -0.7070313 1.507998E-05 0.7070313
vn -0.7070313 1.507998E-05 0.7070313
vn -0.7070313 1.507998E-05 0.7070313
vn -2.115965E-05 -1 1.132488E-06
vn -2.115965E-05 -1 1.132488E-06
vn -2.115965E-05 -1 1.132488E-06
vn -2.080202E-05 -1 4.172325E-07
vn -2.05636E-05 -1 0
vn 0 0 1
vn 0 0 1
vn 0 0 1
vn 0 0 1
vn 2.05636E-05 1 0
vn 1.996756E-05 1 1.192093E-06
vn 2.038479E-05 1 4.172325E-07
vn 1.996756E-05 1 1.192093E-06
vn 1.996756E-05 1 1.192093E-06
vn -0.7070313 1.478195E-05 0.7070313
vn -0.7070313 1.478195E-05 0.7070313
vn -0.7070313 1.478195E-05 0.7070313
vn -0.7070313 1.478195E-05 0.7070313
vn -1.996756E-05 -1 -1.192093E-06
vn -1.996756E-05 -1 -1.192093E-06
vn -1.996756E-05 -1 -1.192093E-06
vn -2.038479E-05 -1 -4.172325E-07
vn -2.05636E-05 -1 0
vn 0 0 1
vn 0 0 1
vn 0 0 1
vn 0 0 1
vn 2.151728E-05 1 0
vn 2.235174E-05 1 -1.66893E-06
vn 2.18153E-05 1 -5.960464E-07
vn 2.235174E-05 1 -1.728535E-06
vn 2.235174E-05 1 -1.728535E-06
vn -0.7070313 1.496077E-05 0.7070313
vn -0.7070313 1.496077E-05 0.7070313
vn -0.7070313 1.496077E-05 0.7070313
vn -0.7070313 1.496077E-05 0.7070313
vn -2.241135E-05 -1 0
vn -2.241135E-05 -1 0
vn -2.241135E-05 -1 0
vn -2.241135E-05 -1 0
vn -2.247095E-05 -1 0
vn 2.05636E-05 1 0
vn 1.943111E-05 1 2.324581E-06
vn 2.014637E-05 1 8.34465E-07
vn 1.937151E-05 1 2.384186E-06
vn 1.937151E-05 1 2.384186E-06
vn 1 -2.044439E-05 0
vn 1 -2.044439E-05 0
vn 1 -2.044439E-05 0
vn 1 -2.044439E-05 0
vn 1.788139E-07 -5.364418E-07 1
vn 0 -1.013279E-06 1
vn 1.192093E-07 -5.960464E-07 1
vn 1.192093E-07 -1.788139E-07 1
vn 1.788139E-07 -2.980232E-07 1
vn 0 0 1
vn 0 0 1
vn 0 0 1
vn 0 0 1
vn 0 0 1
vn 0 0 1
vn 0 0 1
vn 0 0 1
vn 0 0 1
vn 0 0 1
vn 0 0 1
vn 0 0 1
vn 0 0 1
vn 0 0 1
vn 0 0 1
vn 0 0 1
vn 0 0 1
vn 0 0 1
vn 0 0 1
vn 0 0 1
vn 0 0 1
vn 0 0 1
vn -1 -2.127886E-05 -1.192093E-07
vn -1 -2.127886E-05 -1.192093E-07
vn -1 -2.127886E-05 -1.192093E-07
vn -1 -2.127886E-05 -1.192093E-07
vn 0 0 1
vn 0 0 1
vn 0 0 1
vn 0 0 1
vn -0.0001116991 0.4501953 -0.8930664
vn -4.941225E-05 0.3591309 -0.9331055
vn -4.941225E-05 0.3591309 -0.9331055
vn -0.0001033545 0.4382324 -0.8989258
vn -0.0001592636 0.609375 -0.7929688
vn -0.0001604557 0.5942383 -0.8041992
vn -0.0001783371 0.7475586 -0.6640625
vn -0.0001727343 0.7304688 -0.6826172
vn -0.0001718998 0.859375 -0.5117188
vn -0.0001785755 0.8432617 -0.5380859
vn -0.001776695 0.9433594 -0.3312988
vn -0.00125885 0.9291992 -0.3691406
vn -0.002637863 0.9868164 -0.1618652
vn -0.002672195 0.9804688 -0.1966553
vn -0.00258255 0.9941406 -0.1090088
vn -0.00258255 0.9941406 -0.1090088
vn -0.9951172 -0.09802246 0
vn -0.980957 -0.1950684 0
vn -0.9951172 -0.09802246 0
vn -0.980957 -0.1950684 0
vn -0.9238281 -0.3825684 0
vn -0.9238281 -0.3825684 0
vn -0.831543 -0.5556641 0
vn -0.831543 -0.5556641 0
vn -0.7070313 -0.7070313 0
vn -0.7070313 -0.7070313 0
vn -0.5556641 -0.831543 0
vn -0.5556641 -0.831543 0
vn -0.3825684 -0.9238281 0
vn -0.3825684 -0.9238281 0
vn -0.1950684 -0.980957 0
vn -0.1950684 -0.980957 0
vn -0.04904175 -0.9990234 0
vn -0.04904175 -0.9990234 0
vn 1.049042E-05 -1 0
vn 1.049042E-05 -1 0
vn -1 0 0
vn -1 0 0
vn -1 0 0
vn -1 0 0
vn -0.9951172 0.09802246 -1.192093E-07
vn -0.980957 0.1950684 0
vn -0.9951172 0.09802246 -1.192093E-07
vn -0.980957 0.1950684 0
vn -0.9238281 0.3825684 2.384186E-07
vn -0.9238281 0.3825684 2.384186E-07
vn -0.831543 0.5556641 2.384186E-07
vn -0.831543 0.5556641 2.384186E-07
vn -0.7070313 0.7070313 0
vn -0.7070313 0.7070313 0
vn -0.5556641 0.831543 4.768372E-07
vn -0.5556641 0.831543 4.768372E-07
vn -0.3828125 0.9238281 1.013279E-06
vn -0.3828125 0.9238281 1.013279E-06
vn -0.1950684 0.980957 5.364418E-07
vn -0.1950684 0.980957 5.364418E-07
vn -0.09802246 0.9951172 0
vn -0.09802246 0.9951172 0
vn 0.147583 0.9892578 1.347065E-05
vn 0.09790039 0.9951172 1.7941E-05
vn 0.09790039 0.9951172 1.7941E-05
vn 0.1950684 0.980957 9.179115E-06
vn 0.338623 0.940918 0.000225544
vn 0.3803711 0.9248047 0.0004234314
vn 0.5166016 0.8564453 0.0002508163
vn 0.527832 0.8496094 0.000112474
vn 0.6772461 0.7358398 -0.0008277893
vn 0.6772461 0.7358398 -0.0008282661
vn 0.8144531 0.5805664 0
vn 0.8144531 0.5805664 0
vn 0.9155273 0.4025879 -7.152557E-07
vn 0.9155273 0.4025879 -7.152557E-07
vn 0.9785156 0.2061768 -1.370907E-06
vn 0.9785156 0.2061768 -1.370907E-06
vn 0.9951172 0.09802246 -7.748604E-07
vn 0.9951172 0.09802246 -7.748604E-07
vn 0.7070313 0 0.7070313
vn 0.7070313 2.384186E-07 0.7070313
vn 0.7070313 5.364418E-07 0.7070313
vn 0.7070313 -8.940697E-07 0.7070313
vn 0.7070313 -1.788139E-07 0.7070313
vn 0.7070313 1.66893E-06 0.7070313
vn 0.7070313 1.788139E-06 0.7070313
vn 0.7070313 -1.132488E-06 0.7070313
vn 0.7070313 -1.549721E-06 0.7070313
vn 0.7070313 6.67572E-06 0.7070313
vn 0.7070313 3.576279E-07 0.7070313
vn 0.0002863407 0.0001385212 1
vn 0.0002863407 0.0001385212 1
vn 0.0002863407 0.0001385212 1
vn 0.0002863407 0.0001385212 1
vn -0.09777832 0.9951172 2.688169E-05
vn -0.1949463 0.980957 1.353025E-05
vn -0.09777832 0.9951172 2.688169E-05
vn -0.1474609 0.9892578 2.008677E-05
vn -0.3803711 0.9248047 0.000423193
vn -0.338623 0.940918 0.0002254248
vn -0.527832 0.8496094 0.0001124144
vn -0.5166016 0.8564453 0.0002505779
vn -0.6772461 0.7358398 -0.0008282661
vn -0.6772461 0.7358398 -0.0008277893
vn -0.8144531 0.5805664 0
vn -0.8144531 0.5805664 0
vn -0.9155273 0.4025879 -7.152557E-07
vn -0.9155273 0.4025879 -7.152557E-07
vn -0.9785156 0.2061768 -1.192093E-06
vn -0.9785156 0.2061768 -1.192093E-06
vn -0.9951172 0.09802246 -4.172325E-07
vn -0.9951172 0.09802246 -4.172325E-07
vn -1 0 -0.001209259
vn -1 0 -0.001209259
vn -1 0 -0.001209259
vn -1 0 -0.001209259
vn -0.8818359 1.788139E-07 -0.4714355
vn -0.8725586 -0.01663208 -0.4882813
vn -0.8818359 1.788139E-07 -0.4714355
vn -0.8535156 -0.03013611 -0.5205078
vn -0.8339844 -0.02429199 -0.5512695
vn -0.8232422 -4.768372E-07 -0.5673828
vn -0.8466797 -0.05731201 -0.5288086
vn -0.9863281 1.335144E-05 -0.164917
vn -0.9926758 0 -0.1207886
vn -0.9926758 0 -0.1207886
vn -0.9794922 2.425909E-05 -0.2010498
vn -0.9677734 2.777576E-05 -0.2521973
vn -0.9682617 3.033876E-05 -0.25
vn -0.9711914 1.549721E-06 -0.2381592
vn -0.9589844 0.004402161 -0.2841797
vn -0.9433594 -2.622604E-06 -0.3322754
vn -0.9428711 0.001695633 -0.333252
vn -0.9545898 0.005195618 -0.2983398
vn -0.9365234 0.00819397 -0.3508301
vn -0.909668 0.001895905 -0.4157715
vn -0.9262695 0.0114975 -0.3771973
vn -0.9018555 1.430511E-06 -0.4326172
vn -0.9091797 0.00245285 -0.4162598
vn -0.8701172 0.0001137257 -0.4929199
vn -0.8798828 -0.003211975 -0.4750977
vn -0.8496094 0.006397247 -0.527832
vn -0.8203125 0.004573822 -0.5722656
vn -0.8701172 0.009742737 -0.4926758
vn -0.8803711 0.02297974 -0.4736328
vn -0.8413086 0.01506042 -0.5400391
vn -0.824707 0.0007414818 -0.5654297
vn -0.7988281 4.768372E-07 -0.6020508
vn -0.8081055 -0.03149414 -0.5878906
vn -0.8017578 -0.02752686 -0.5966797
vn -0.8154297 -0.07293701 -0.574707
vn -1.049042E-05 0 1
vn -2.330542E-05 0 1
vn -1.519918E-05 0 1
vn -1.043081E-05 0 1
vn -1.043081E-05 0 1
vn -1 0 0
vn -1 0 0
vn -1 0 0
vn -1 0 0
vn 0 -1 0
vn 0 -1 0
vn 0 -1 0
vn 0 -1 0
vn 0 -1 0
vn 0 1 0
vn 0 1 0
vn 0 1 0
vn 0 1 0
vn 0 1 0
vn -0.980957 -0.1950684 0
vn -0.9951172 -0.09802246 1.788139E-07
vn -0.9951172 -0.09802246 1.788139E-07
vn -0.980957 -0.1950684 0
vn -0.9238281 -0.3825684 -1.788139E-07
vn -0.9238281 -0.3825684 -1.788139E-07
vn -0.831543 -0.5556641 -2.980232E-07
vn -0.831543 -0.5556641 -2.980232E-07
vn -0.7070313 -0.7070313 -4.172325E-07
vn -0.7070313 -0.7070313 -4.172325E-07
vn -0.5556641 -0.831543 -1.788139E-07
vn -0.5556641 -0.831543 -1.788139E-07
vn -0.3825684 -0.9238281 0
vn -0.3825684 -0.9238281 0
vn -0.1950684 -0.980957 0
vn -0.1950684 -0.980957 0
vn 0 -1 0
vn 0 -1 0
vn 0.1950684 -0.980957 0
vn 0.1950684 -0.980957 0
vn 0.3825684 -0.9238281 0
vn 0.3825684 -0.9238281 0
vn 0.5556641 -0.831543 -1.192093E-07
vn 0.5556641 -0.831543 -1.192093E-07
vn 0.7070313 -0.7070313 -2.980232E-07
vn 0.7070313 -0.7070313 -2.980232E-07
vn 0.831543 -0.5556641 -2.384186E-07
vn 0.831543 -0.5556641 -2.384186E-07
vn 0.9238281 -0.3825684 -1.788139E-07
vn 0.9238281 -0.3825684 -1.788139E-07
vn 0.980957 -0.1950684 -1.192093E-07
vn 0.980957 -0.1950684 -1.192093E-07
vn 0.9951172 -0.09802246 0
vn 0.9951172 -0.09802246 0
vn 0 1 0
vn 0 1 0
vn 0 1 0
vn 0 1 0
vn 0 1 0
vn -0.7070313 2.384186E-07 0.7070313
vn -0.7070313 0 0.7070313
vn -0.7070313 4.470348E-06 0.7070313
vn -0.7070313 -1.013279E-06 0.7070313
vn -0.7070313 -5.960464E-07 0.7070313
vn -0.7070313 1.013279E-06 0.7070313
vn -0.7070313 1.66893E-06 0.7070313
vn -0.7070313 -1.788139E-07 0.7070313
vn -0.7070313 -1.311302E-06 0.7070313
vn -0.7070313 1.788139E-07 0.7070313
vn -0.7070313 0 0.7070313
vn -0.0001431704 6.92606E-05 1
vn -0.0001431704 6.92606E-05 1
vn -0.0001431704 6.92606E-05 1
vn -0.0001431704 6.92606E-05 1
vn 1 0 0
vn 1 0 0
vn 1 0 0
vn 1 0 0
vn 2.324581E-05 -1 -8.940697E-07
vn 2.396107E-05 -1 -1.728535E-06
vn 2.598763E-05 -1 0
vn 2.241135E-05 -1 -1.192093E-06
vn 2.360344E-05 -1 7.748604E-07
vn 1.424551E-05 -1 5.722046E-06
vn 2.366304E-05 -1 4.172325E-07
vn 2.121925E-05 -1 -1.788139E-07
vn 2.014637E-05 -1 -5.364418E-07
vn 2.151728E-05 -1 -8.34465E-07
vn 8.404255E-06 -1 8.821487E-06
vn 1.609325E-06 -1 1.251698E-05
vn 1.609325E-06 -1 1.251698E-05
vn 2.193451E-05 -1 0
vn 2.235174E-05 -1 -1.966953E-06
vn 1.91927E-05 -1 5.364418E-07
vn 2.0504E-05 -1 2.384186E-07
vn 2.211332E-05 -1 0
vn 2.229214E-05 -1 0
vn 2.217293E-05 -1 -1.192093E-07
vn 2.217293E-05 -1 -1.192093E-07
vn 2.199411E-05 -1 1.192093E-07
vn 2.235174E-05 -1 4.172325E-07
vn 2.247095E-05 -1 5.364418E-07
vn 2.270937E-05 -1 7.748604E-07
vn 0.3549805 0 0.9350586
vn 0.3549805 0 0.9350586
vn 0.3549805 0 0.9350586
vn 0.3549805 0 0.9350586
vn 0.3547363 0 0.9350586
vn 0.6425781 1.096725E-05 0.7661133
vn 0.6430664 -3.159046E-06 0.7661133
vn 0.6425781 0 0.7661133
vn 0.6425781 6.258488E-06 0.7661133
vn 0.6420898 -5.90086E-06 0.7666016
vn 0.6430664 -3.397465E-06 0.7661133
vn 0.644043 -1.549721E-06 0.7651367
vn 0.6445313 0 0.7646484
vn 0.2374268 -0.9711914 0.004760742
vn 0.2374268 -0.9711914 0.004760742
vn 0.3051758 -0.9521484 0.003780365
vn 0.4487305 -0.8935547 0.001564026
vn 0.6069336 -0.7944336 0.0002081394
vn 0.7280273 -0.6855469 0.0001410246
vn 0.8027344 -0.5961914 0.0002146959
vn 0.9194336 -0.3933105 -0.000467062
vn 0.8725586 -0.4882813 -0.0002822876
vn 0.9658203 -0.2597656 -0.0008420944
vn 0.965332 -0.2609863 -0.0008540154
vn 0.8911133 -0.4536133 -0.0004339218
vn 0.9208984 -0.3898926 -0.0005946159
vn 0.668457 -0.7436523 -4.476309E-05
vn 0.7299805 -0.6835938 -4.6134E-05
vn 0.3381348 -0.940918 0.0009126663
vn 0.4160156 -0.9091797 0.0005421638
vn 0.1291504 -0.9916992 0.001824379
vn 0.1291504 -0.9916992 0.001824379
vn -1 0 0
vn -1 0 0
vn -1 0 0
vn -1 0 0
vn -1 0 0
vn -1 0 0
vn -1 0 0
vn -1 0 0
vn -1 0 0
vn -1 0 0
vn -1 0 -1.192093E-07
vn -1 0 -1.192093E-07
vn -1 0 0
vn -1 0 0
vn -1 0 0
vn -1 0 -1.192093E-07
vn -1 0 -1.192093E-07
vn -1 0 0
vn -1 0 0
vn -1 0 0
vn -1 0 -2.384186E-07
vn -1 0 -2.384186E-07
vn -1 0 -1.788139E-07
vn -1 -2.741814E-06 -3.874302E-06
vn -1 0 -1.788139E-07
vn -1 0 -2.384186E-07
vn -1 0 -2.384186E-07
vn -1 0 -1.192093E-07
vn -1 -6.496906E-06 -9.179115E-06
vn -1 -1.788139E-07 -1.192093E-07
vn -1 -1.788139E-07 -1.192093E-07
vn -1 -1.716614E-05 -1.096725E-05
vn -1 -1.728535E-05 -1.341105E-05
vn -1 -1.966953E-05 -6.67572E-06
vn -1 -2.110004E-05 0
vn -1 -2.110004E-05 0
vn -1 -1.949072E-05 -4.23193E-06
vn -1 -2.0504E-05 -1.788139E-06
vn -1 -2.115965E-05 0
vn -1 -2.110004E-05 0
vn -1 -2.110004E-05 0
vn -1 -2.127886E-05 -1.192093E-07
vn -1 -2.121925E-05 0
vn -1 -2.127886E-05 0
vn -1 -2.133846E-05 -2.384186E-07
vn -1 -2.133846E-05 -2.384186E-07
vn -1 -2.127886E-05 -2.384186E-07
vn -1 -2.127886E-05 -1.192093E-07
vn -1 -2.133846E-05 -2.384186E-07
vn -1 -2.133846E-05 -2.384186E-07
vn -1 -1.758337E-05 -6.616116E-06
vn -1 -1.358986E-05 2.861023E-05
vn -1 1.370907E-06 6.496906E-05
vn -1 -1.049042E-05 -1.984835E-05
vn -1 -1.049042E-05 -1.984835E-05
vn -1 2.801418E-06 9.059906E-05
vn -1 2.563E-06 0.0001503229
vn -1 -1.716614E-05 0.0001138449
vn -1 -2.133846E-05 -2.384186E-07
vn -1 -2.133846E-05 -2.384186E-07
vn -1 -2.43187E-05 0.000121057
vn -1 -7.408857E-05 0.0001316071
vn -1 -6.699562E-05 7.581711E-05
vn -1 -2.110004E-05 0
vn -1 -2.110004E-05 0
vn -1 -0.0001413822 7.134676E-05
vn -1 -0.0001413822 7.134676E-05
vn 1 2.127886E-05 0.0002120733
vn 1 2.133846E-05 0
vn 1 2.133846E-05 0
vn 1 1.704693E-05 0.0001084208
vn 1 2.098083E-05 0.0003154278
vn 1 1.633167E-05 0.0004017353
vn 1 2.062321E-05 1.245737E-05
vn 1 1.698732E-05 0.0001001954
vn 1 2.110004E-05 0
vn 1 2.110004E-05 0
vn 1 1.645088E-05 0.0004091263
vn 1 2.110004E-05 0
vn 1 2.110004E-05 0
vn 1 2.092123E-05 0.0007748604
vn 1 2.110004E-05 0.0005197525
vn 1 1.597404E-05 0.0007181168
vn 1 2.110004E-05 0
vn 1 2.110004E-05 0
vn 1 2.110004E-05 0.001389503
vn 1 1.609325E-05 0.0007238388
vn 1 2.133846E-05 0.0009260178
vn 1 2.133846E-05 0
vn 1 2.133846E-05 0
vn 1 2.133846E-05 0.0009260178
vn 1 1.597404E-05 0.001130104
vn 1 2.133846E-05 0
vn 1 2.133846E-05 0
vn 1 2.092123E-05 0.002012253
vn 1 1.609325E-05 0.001135826
vn 1 2.151728E-05 0.001343727
vn 1 2.157688E-05 0
vn 1 2.157688E-05 0
vn 1 2.133846E-05 0.001340866
vn 1 1.466274E-05 0.001484871
vn 1 2.133846E-05 0
vn 1 2.133846E-05 0
vn 1 7.331371E-06 0.001484871
vn 1 2.980232E-07 0.001955032
vn 1 0 0.001304626
vn 1 0 0
vn 1 0 0
vn 1 0 0.001304626
vn 1 5.960464E-06 0.001072884
vn 1 0 0
vn 1 0 0
vn 1 5.960464E-06 0.001066208
vn 1 1.788139E-07 0.00124836
vn 1 0 0.0008325577
vn 1 0 0
vn 1 0 0
vn 1 0 0.0008320808
vn 1 6.020069E-06 0.000597477
vn 1 0 0
vn 1 0 0
vn 1 6.020069E-06 0.0005912781
vn 1 4.768372E-07 0.0005273819
vn 1 0 0.0003538132
vn 1 0 0
vn 1 0 0
vn 1 5.424023E-06 0.0002304316
vn 1 5.960464E-07 8.702278E-06
vn 1 5.602837E-06 0.0002216101
vn 1 0 0
vn 1 0 0
vn 1 1.192093E-07 -2.205372E-06
vn 1 3.576279E-07 0
vn 1 3.576279E-07 0
vn 0.7070313 8.881092E-06 0.7070313
vn 0.7070313 1.466274E-05 0.7070313
vn 0.7070313 1.496077E-05 0.7070313
vn 0.7070313 1.722574E-05 0.7070313
vn 0.7070313 1.645088E-05 0.7070313
vn 0.7070313 1.305342E-05 0.7070313
vn 0.7070313 1.317263E-05 0.7070313
vn 0.7070313 1.513958E-05 0.7070313
vn 0.7070313 1.603365E-05 0.7070313
vn 0.7070313 1.478195E-05 0.7070313
vn 0.7070313 1.502037E-05 0.7070313
vn -0.7070313 -2.652407E-05 0.7070313
vn -0.7070313 1.388788E-05 0.7070313
vn -0.7070313 1.430511E-05 0.7070313
vn -0.7070313 1.758337E-05 0.7070313
vn -0.7070313 1.215935E-05 0.7070313
vn -0.7070313 1.186132E-05 0.7070313
vn -0.7070313 1.734495E-05 0.7070313
vn -0.7070313 1.722574E-05 0.7070313
vn -0.706543 -0.0002197027 0.7075195
vn -0.7070313 -0.0002256632 0.7070313
vn -0.7080078 -1.311302E-06 0.7060547
vn -1 4.887581E-06 0.0001182556
vn -1 0 0
vn -1 0 0
vn -1 5.960464E-07 1.388788E-05
vn -1 4.172325E-07 0.0003631115
vn -1 4.887581E-06 0.0001276731
vn -1 0 0.000243783
vn -1 0 0
vn -1 0 0
vn -1 5.543232E-06 0.0004565716
vn -1 5.424023E-06 0.0004649162
vn -1 0 0
vn -1 0 0
vn -1 4.768372E-07 0.0008893013
vn -1 0 0.0005946159
vn -1 6.020069E-06 0.0008244514
vn -1 0 0
vn -1 0 0
vn -1 6.020069E-06 0.0008311272
vn -1 2.384186E-07 0.001594543
vn -1 0 0.001063347
vn -1 0 0
vn -1 0 0
vn -1 0 0.001063347
vn -1 6.020069E-06 0.001293182
vn -1 0 0
vn -1 0 0
vn -1 6.020069E-06 0.001299858
vn -1 1.019239E-05 0.002212524
vn -1 2.980232E-07 0.00152874
vn -1 0 0
vn -1 0 0
vn -1 2.104044E-05 0.001533508
vn -1 1.609325E-05 0.001328468
vn -1 2.133846E-05 0
vn -1 2.133846E-05 0
vn -1 2.121925E-05 0.00168705
vn -1 1.579523E-05 0.001322746
vn -1 2.044439E-05 0.001130104
vn -1 2.044439E-05 0
vn -1 2.044439E-05 0
vn -1 2.133846E-05 0.001124382
vn -1 1.615286E-05 0.0009217262
vn -1 2.133846E-05 0
vn -1 2.133846E-05 0
vn -1 2.038479E-05 0.001078606
vn -1 1.615286E-05 0.000916481
vn -1 2.133846E-05 0.0007147789
vn -1 2.133846E-05 0
vn -1 2.133846E-05 0
vn -1 2.133846E-05 0.000723362
vn -1 1.615286E-05 0.000518322
vn -1 2.133846E-05 0
vn -1 2.133846E-05 0
vn -1 2.151728E-05 0.0004718304
vn -1 1.585484E-05 0.0005130768
vn -1 2.044439E-05 0.0003237724
vn -1 2.044439E-05 0
vn -1 2.044439E-05 0
vn -1 1.66297E-05 0.0001995564
vn -1 2.014637E-05 7.033348E-06
vn -1 1.651049E-05 0.0001922846
vn -1 2.133846E-05 0
vn -1 2.133846E-05 0
vn -1 2.127886E-05 -8.702278E-06
vn -1 2.020597E-05 0
vn -1 2.020597E-05 0
vn 1 -1.353025E-05 9.566545E-05
vn 1 -2.086163E-05 0
vn 1 -2.086163E-05 0
vn 1 -6.693602E-05 7.557869E-05
vn 1 -6.896257E-05 0.0001192093
vn 1 -1.424551E-05 8.392334E-05
vn 1 -0.0001415014 7.098913E-05
vn 1 -0.0001415014 7.098913E-05
vn 1 -1.15633E-05 0.0001036525
vn 1 -1.460314E-05 5.76973E-05
vn 1 -2.133846E-05 0
vn 1 -2.133846E-05 0
vn 1 -1.293421E-05 4.637241E-05
vn 1 -1.484156E-05 3.701448E-05
vn 1 -2.121925E-05 2.503395E-05
vn 1 -2.110004E-05 0
vn 1 -2.110004E-05 0
vn 1 -1.353025E-05 6.198883E-06
vn 1 -1.430511E-05 -5.364418E-06
vn 1 -2.110004E-05 0
vn 1 -2.110004E-05 0
vn 1 -1.269579E-05 -3.170967E-05
vn 1 -1.627207E-05 -3.451109E-05
vn 1 -1.233816E-05 -8.72612E-05
vn 1 -1.358986E-05 -4.273653E-05
vn 1 -2.133846E-05 0
vn 1 -2.133846E-05 0
vn 1 -1.710653E-05 -5.251169E-05
vn 1 -1.329184E-05 -8.177757E-05
vn 1 -2.086163E-05 0
vn 1 -2.086163E-05 0
vn 1 -1.430511E-05 -9.286404E-05
vn 1 -1.084805E-05 -0.0001564026
vn 1 -1.335144E-05 -0.0001146197
vn 1 -2.110004E-05 0
vn 1 -2.110004E-05 0
vn 1 -1.966953E-06 -0.0001193881
vn 1 -1.072884E-06 -0.0001806021
vn 1 0 -0.0001215935
vn 1 0 0
vn 1 0 0
vn 1 -5.364418E-07 -0.0001195073
vn 1 -1.370907E-06 -0.0001758337
vn 1 -7.152557E-07 -0.0001189113
vn 1 0 0
vn 1 0 0
vn 1 -1.251698E-06 -0.0001150966
vn 1 -3.099442E-06 -0.0001624823
vn 1 -1.490116E-06 -0.000113368
vn 1 -2.384186E-07 0
vn 1 -2.384186E-07 0
vn 1 -2.086163E-06 -0.0001078844
vn 1 -1.591444E-05 -0.0001172423
vn 1 -2.741814E-06 -0.000102818
vn 1 0 0
vn 1 0 0
vn 1 -6.973743E-06 -8.940697E-05
vn 1 -1.478195E-05 -6.473064E-05
vn 1 2.384186E-07 0
vn 1 2.384186E-07 0
vn 1 -7.033348E-06 -3.08156E-05
vn 1 -1.251698E-05 -5.453825E-05
vn 1 0 -1.788139E-07
vn 1 0 -2.980232E-07
vn 1 0 0
vn 1 0 0
vn -0.7089844 -0.0006351471 -0.7050781
vn -0.6972656 -0.008460999 -0.7167969
vn -0.7314453 -5.960464E-07 -0.6816406
vn -0.6635742 -0.00147438 -0.7480469
vn -0.6748047 -1.943111E-05 -0.737793
vn -0.7089844 -2.139807E-05 -0.7055664
vn -0.6020508 -6.67572E-06 -0.7983398
vn -0.5996094 -3.397465E-06 -0.800293
vn -0.6005859 -5.662441E-06 -0.7998047
vn -0.5986328 -5.304813E-06 -0.8012695
vn -0.5195313 4.386902E-05 -0.8544922
vn -0.5175781 4.321337E-05 -0.8554688
vn -0.4277344 0 -0.9038086
vn -0.4277344 -1.192093E-07 -0.9038086
vn -0.3371582 -1.192093E-07 -0.9414063
vn -0.3371582 3.576279E-07 -0.9414063
vn -0.3371582 -2.980232E-07 -0.9414063
vn -0.4277344 -1.192093E-07 -0.9038086
vn -0.2687988 -2.205372E-06 -0.9633789
vn -0.2432861 -4.768372E-06 -0.9697266
vn -0.2905273 -7.748604E-07 -0.9570313
vn -0.1737061 0.0003135204 -0.9848633
vn -0.2905273 0 -0.9570313
vn -0.161377 0.0004954338 -0.9868164
vn -0.09216309 0.001797676 -0.9956055
vn -0.08441162 0.001974106 -0.996582
vn -0.2905273 1.251698E-06 -0.9570313
vn -0.00108242 0.002416611 -1
vn -0.001081467 0.002416611 -1
vn 0.08789063 0.0009555817 -0.9960938
vn 0.09667969 0.0007872581 -0.9951172
vn 0.1655273 2.038479E-05 -0.9863281
vn 0.1760254 1.871586E-05 -0.984375
vn 0.2425537 7.629395E-06 -0.9702148
vn 0.2680664 5.960464E-06 -0.9633789
vn 0.3364258 -4.172325E-07 -0.9418945
vn -0.2687988 7.748604E-07 -0.9633789
vn 0.3364258 1.251698E-06 -0.9418945
vn 0.2900391 2.264977E-06 -0.9570313
vn 0.4272461 -1.788139E-07 -0.9042969
vn 0.2900391 2.980232E-07 -0.9570313
vn 0.4272461 0 -0.9042969
vn 0.4709473 0 -0.8823242
vn 0.4709473 0 -0.8823242
vn 0.3364258 -3.576279E-07 -0.9418945
vn 0.2900391 -4.172325E-07 -0.9570313
vn 0.2695313 -1.192093E-06 -0.9628906
vn 0.4272461 0 -0.9042969
vn 0.3364258 2.980232E-07 -0.9418945
vn 0.4272461 0 -0.9042969
vn 0.4709473 0 -0.8823242
vn 0.2695313 1.788139E-07 -0.9628906
vn 0.1799316 -1.788139E-06 -0.9838867
vn 0.1799316 -1.788139E-06 -0.9838867
vn 0.1003418 -4.768372E-07 -0.9951172
vn 0.1003418 -4.768372E-07 -0.9951172
vn 0.001594543 1.192093E-07 -1
vn 0.001599312 1.192093E-07 -1
vn -0.09692383 5.960464E-07 -0.9951172
vn -0.09692383 5.960464E-07 -0.9951172
vn -0.1755371 8.34465E-07 -0.984375
vn -0.1755371 8.34465E-07 -0.984375
vn 0.2900391 7.748604E-07 -0.9570313
vn -0.2687988 1.788139E-07 -0.9633789
vn 0.2900391 0 -0.9570313
vn 0.3364258 -7.152557E-07 -0.9418945
vn 0.2900391 -1.728535E-06 -0.9570313
vn 0.2685547 -0.000109911 -0.9633789
vn -0.3371582 -1.192093E-07 -0.9414063
vn -0.2905273 -7.152557E-07 -0.9570313
vn -0.2905273 -2.980232E-07 -0.9570313
vn -0.3371582 -1.192093E-07 -0.9414063
vn -0.2905273 4.768372E-07 -0.9570313
vn -0.2687988 0 -0.9633789
vn 0.3364258 5.960464E-07 -0.9418945
vn 0.269043 -0.0001046658 -0.9628906
vn 0.1781006 -0.0003151894 -0.9838867
vn 0.1781006 -0.0003151894 -0.9838867
vn 0.1004028 -3.576279E-07 -0.9951172
vn 0.1004028 -3.576279E-07 -0.9951172
vn 0.001613617 1.192093E-07 -1
vn 0.001617432 1.192093E-07 -1
vn -0.09692383 4.768372E-07 -0.9951172
vn -0.09692383 4.768372E-07 -0.9951172
vn -0.1755371 1.072884E-06 -0.984375
vn -0.1755371 1.072884E-06 -0.984375
vn 0.2900391 0 -0.9570313
vn -0.2687988 7.152557E-07 -0.9633789
vn 0.2900391 0 -0.9570313
vn 0.3364258 -2.384186E-07 -0.9418945
vn 0.2900391 -2.384186E-07 -0.9570313
vn 0.2695313 -9.536743E-07 -0.9628906
vn -0.3371582 1.788139E-07 -0.9414063
vn -0.2905273 -2.384186E-07 -0.9570313
vn -0.2905273 -3.576279E-07 -0.9570313
vn 0.4272461 1.788139E-07 -0.9042969
vn 0.3364258 2.384186E-07 -0.9418945
vn -0.4277344 -1.192093E-07 -0.9038086
vn -0.3371582 -2.980232E-07 -0.9414063
vn -0.2905273 -3.576279E-07 -0.9570313
vn -0.2687988 1.728535E-06 -0.9633789
vn 0.2695313 -1.788139E-07 -0.9628906
vn 0.1800537 -1.490116E-06 -0.9838867
vn 0.1800537 -1.490116E-06 -0.9838867
vn 0.1004028 -2.384186E-07 -0.9951172
vn 0.1004028 -2.384186E-07 -0.9951172
vn 0.001636505 1.192093E-07 -1
vn 0.00163269 1.192093E-07 -1
vn -0.09686279 4.768372E-07 -0.9951172
vn -0.09686279 4.768372E-07 -0.9951172
vn 0.2900391 8.940697E-07 -0.9570313
vn -0.175415 6.79493E-06 -0.984375
vn -0.175415 6.79493E-06 -0.984375
vn -0.2687988 2.264977E-06 -0.9633789
vn 0.2900391 4.768372E-07 -0.9570313
vn 0.3364258 -1.192093E-07 -0.9418945
vn 0.2900391 0 -0.9570313
vn 0.2695313 -7.152557E-07 -0.9628906
vn -0.3371582 0 -0.9414063
vn -0.2905273 -4.172325E-07 -0.9570313
vn -0.2905273 0 -0.9570313
vn 0.4272461 -1.192093E-07 -0.9042969
vn 0.4272461 0 -0.9042969
vn 0.4709473 0 -0.8823242
vn 0.3364258 0 -0.9418945
vn -0.3371582 0 -0.9414063
vn -0.2905273 4.172325E-07 -0.9570313
vn -0.2687988 -1.728535E-06 -0.9633789
vn -0.4277344 0 -0.9038086
vn 0.3364258 -2.980232E-07 -0.9418945
vn 0.4272461 1.788139E-07 -0.9042969
vn 0.3364258 3.576279E-07 -0.9418945
vn 0.4709473 0 -0.8823242
vn -0.5185547 0 -0.8549805
vn -0.5175781 6.783009E-05 -0.855957
vn -0.4277344 0 -0.9038086
vn -0.3371582 3.576279E-07 -0.9414063
vn -0.2687988 -1.132488E-06 -0.9633789
vn -0.2905273 3.576279E-07 -0.9570313
vn -0.175415 -5.066395E-06 -0.984375
vn -0.175415 -5.066395E-06 -0.984375
vn -0.09686279 6.556511E-07 -0.9951172
vn -0.09686279 6.556511E-07 -0.9951172
vn 0.001651764 1.192093E-07 -1
vn 0.001655579 1.192093E-07 -1
vn 0.1004028 -4.172325E-07 -0.9951172
vn 0.1004028 -4.172325E-07 -0.9951172
vn 0.1800537 -1.430511E-06 -0.9838867
vn 0.1800537 -1.430511E-06 -0.9838867
vn 0.2695313 -1.192093E-07 -0.9628906
vn 0.2900391 -6.556511E-07 -0.9570313
vn 0.2900391 -4.172325E-07 -0.9570313
vn 0.2900391 0 -0.9570313
vn 0.2695313 -9.536743E-07 -0.9628906
vn 0.3364258 2.384186E-07 -0.9418945
vn 0.2695313 0 -0.9628906
vn 0.1800537 -1.490116E-06 -0.9838867
vn 0.1800537 -1.490116E-06 -0.9838867
vn 0.1004639 -1.788139E-07 -0.9951172
vn 0.1004639 -1.788139E-07 -0.9951172
vn 0.001674652 1.192093E-07 -1
vn 0.001669884 1.192093E-07 -1
vn -0.09686279 4.172325E-07 -0.9951172
vn -0.09686279 4.172325E-07 -0.9951172
vn 0.2900391 6.556511E-07 -0.9570313
vn -0.175415 1.013279E-06 -0.984375
vn -0.175415 1.013279E-06 -0.984375
vn -0.2687988 -3.576279E-07 -0.9633789
vn 0.2900391 0 -0.9570313
vn -0.2687988 5.960464E-07 -0.9633789
vn -0.3371582 1.192093E-07 -0.9414063
vn -0.2905273 0 -0.9570313
vn -0.2905273 0 -0.9570313
vn 0.3364258 -4.768372E-07 -0.9418945
vn 0.2900391 -5.364418E-07 -0.9570313
vn 0.2695313 -1.013279E-06 -0.9628906
vn -0.3371582 -3.576279E-07 -0.9414063
vn -0.2905273 -3.576279E-07 -0.9570313
vn -0.2905273 0 -0.9570313
vn -0.4277344 0 -0.9038086
vn 0.2695313 2.980232E-07 -0.9628906
vn 0.1800537 -5.960464E-07 -0.9838867
vn 0.1800537 -5.960464E-07 -0.9838867
vn 0.1004639 -2.980232E-07 -0.9951172
vn 0.1004639 -2.980232E-07 -0.9951172
vn 0.001683235 0 -1
vn 0.001683235 0 -1
vn -0.09686279 0 -0.9951172
vn -0.09686279 0 -0.9951172
vn 0.2900391 1.490116E-06 -0.9570313
vn -0.175415 0 -0.984375
vn -0.175415 0 -0.984375
vn -0.2687988 -3.576279E-07 -0.9633789
vn 0.2900391 5.364418E-07 -0.9570313
vn -0.2687988 4.172325E-07 -0.9633789
vn 0.3364258 -2.384186E-07 -0.9418945
vn 0.2900391 -4.172325E-07 -0.9570313
vn 0.3364258 1.788139E-07 -0.9418945
vn 0.2695313 -7.152557E-07 -0.9628906
vn -0.3371582 -1.788139E-07 -0.9414063
vn -0.2905273 -1.192093E-07 -0.9570313
vn -0.3371582 1.788139E-07 -0.9414063
vn -0.2905273 2.980232E-07 -0.9570313
vn -0.2905273 0 -0.9570313
vn -0.4277344 0 -0.9038086
vn -0.3371582 0 -0.9414063
vn -0.3371582 2.384186E-07 -0.9414063
vn -0.2905273 -2.980232E-07 -0.9570313
vn -0.2687988 -1.788139E-07 -0.9633789
vn -0.5166016 0 -0.8564453
vn -0.4277344 0 -0.9038086
vn -0.515625 7.480383E-05 -0.8569336
vn -0.4277344 1.788139E-07 -0.9038086
vn -0.3371582 1.788139E-07 -0.9414063
vn -0.3371582 0 -0.9414063
vn -0.5141602 0 -0.8574219
vn -0.5141602 2.384186E-07 -0.8574219
vn -0.4277344 1.192093E-07 -0.9038086
vn -0.4277344 1.788139E-07 -0.9038086
vn -0.4277344 -1.192093E-07 -0.9038086
vn -0.3371582 -1.192093E-07 -0.9414063
vn -0.3371582 1.192093E-07 -0.9414063
vn -0.3371582 0 -0.9414063
vn -0.3371582 0 -0.9414063
vn -0.3371582 2.980232E-07 -0.9414063
vn -0.2687988 1.192093E-06 -0.9633789
vn -0.2432861 2.503395E-06 -0.9697266
vn -0.2905273 3.576279E-07 -0.9570313
vn -0.1737061 -0.0003294945 -0.9848633
vn -0.2905273 -1.192093E-07 -0.9570313
vn -0.161377 -0.000518322 -0.9868164
vn -0.09210205 -0.001876831 -0.9956055
vn -0.08435059 -0.002061844 -0.996582
vn -0.2905273 -6.556511E-07 -0.9570313
vn -0.000992775 -0.002521515 -1
vn -0.000992775 -0.002521515 -1
vn 0.08795166 -0.0009822845 -0.9960938
vn 0.09674072 -0.0008044243 -0.9951172
vn 0.1669922 0.0001865625 -0.9858398
vn 0.1779785 0.0002539158 -0.9838867
vn 0.2437744 0.000187397 -0.9697266
vn 0.269043 8.493662E-05 -0.9628906
vn 0.3364258 -3.576279E-07 -0.9418945
vn -0.2687988 0 -0.9633789
vn 0.3364258 -1.788139E-07 -0.9418945
vn 0.2900391 9.536743E-07 -0.9570313
vn 0.4272461 -1.788139E-07 -0.9042969
vn 0.2900391 1.192093E-07 -0.9570313
vn 0.4272461 0 -0.9042969
vn 0.4709473 -1.192093E-07 -0.8823242
vn 0.4709473 -1.192093E-07 -0.8823242
vn 0.3364258 0 -0.9418945
vn 0.3364258 -2.980232E-07 -0.9418945
vn 0.2900391 -7.152557E-07 -0.9570313
vn 0.2695313 3.576279E-07 -0.9628906
vn 0.4272461 1.192093E-07 -0.9042969
vn 0.2695313 -8.940697E-07 -0.9628906
vn 0.1800537 -1.788139E-07 -0.9838867
vn 0.1800537 -1.788139E-07 -0.9838867
vn 0.1004639 -2.384186E-07 -0.9951172
vn 0.1004639 -2.384186E-07 -0.9951172
vn 0.001686096 -1.788139E-07 -1
vn 0.001686096 -1.788139E-07 -1
vn -0.09686279 0 -0.9951172
vn -0.09686279 0 -0.9951172
vn 0.2900391 1.192093E-06 -0.9570313
vn -0.175415 0 -0.984375
vn -0.175415 0 -0.984375
vn 0.2900391 5.364418E-07 -0.9570313
vn -0.2687988 0 -0.9633789
vn 0.3364258 2.384186E-07 -0.9418945
vn 0.2900391 -4.172325E-07 -0.9570313
vn 0.2695313 5.960464E-07 -0.9628906
vn -0.3371582 0 -0.9414063
vn -0.2905273 0 -0.9570313
vn -0.2905273 -3.576279E-07 -0.9570313
vn -0.2905273 -5.364418E-07 -0.9570313
vn -0.2687988 0 -0.9633789
vn 0.2695313 1.192093E-07 -0.9628906
vn 0.1800537 0 -0.9838867
vn 0.1800537 0 -0.9838867
vn 0.1004639 0 -0.9951172
vn 0.1004639 0 -0.9951172
vn 0.001686096 0 -1
vn 0.001686096 0 -1
vn -0.09686279 -1.788139E-07 -0.9951172
vn -0.09686279 -1.788139E-07 -0.9951172
vn -0.175415 0 -0.984375
vn -0.175415 0 -0.984375
vn -0.2687988 3.576279E-07 -0.9633789
vn -0.2905273 7.152557E-07 -0.9570313
vn -0.2905273 3.576279E-07 -0.9570313
vn -0.2905273 0 -0.9570313
vn -0.2687988 2.980232E-07 -0.9633789
vn -0.2687988 -1.788139E-07 -0.9633789
vn -0.175415 0 -0.984375
vn -0.2905273 0 -0.9570313
vn -0.175415 0 -0.984375
vn -0.2905273 0 -0.9570313
vn -0.09686279 0 -0.9951172
vn -0.09686279 0 -0.9951172
vn 0.00168705 -1.788139E-07 -1
vn 0.00168705 -1.788139E-07 -1
vn 0.1004639 -1.788139E-07 -0.9951172
vn 0.1004639 -1.788139E-07 -0.9951172
vn -0.2905273 -1.192093E-07 -0.9570313
vn -0.2687988 4.172325E-07 -0.9633789
vn 0.1800537 0 -0.9838867
vn 0.1800537 0 -0.9838867
vn -0.175415 1.192093E-07 -0.984375
vn -0.175415 1.192093E-07 -0.984375
vn -0.09686279 0 -0.9951172
vn -0.09686279 0 -0.9951172
vn 0.001686096 -1.192093E-07 -1
vn 0.00168705 -1.192093E-07 -1
vn 0.1004639 -2.980232E-07 -0.9951172
vn 0.1004639 -2.980232E-07 -0.9951172
vn 0.2695313 5.364418E-07 -0.9628906
vn 0.1800537 -4.172325E-07 -0.9838867
vn 0.1800537 -4.172325E-07 -0.9838867
vn 0.2695313 2.980232E-07 -0.9628906
vn 0.2900391 0 -0.9570313
vn 0.2695313 -2.980232E-07 -0.9628906
vn 0.2900391 0 -0.9570313
vn 0.3364258 1.788139E-07 -0.9418945
vn 0.2900391 -2.384186E-07 -0.9570313
vn 0.2900391 2.980232E-07 -0.9570313
vn 0.3364258 -2.384186E-07 -0.9418945
vn 0.2900391 0 -0.9570313
vn 0.3364258 1.192093E-07 -0.9418945
vn 0.2900391 7.748604E-07 -0.9570313
vn 0.4272461 1.192093E-07 -0.9042969
vn 0.4272461 0 -0.9042969
vn 0 0 -1
vn 0 0 -1
vn 0 0 -1
vn 0 0 -1
vn 0 0 -1
vn 0 0 -1
vn 0 0 -1
vn 0 0 -1
vn 0 0 -1
vn 0 0 -1
vn 0 0 -1
vn 0 0 -1
vn 0 0 -1
vn 0 0 -1
vn 0 0 -1
vn 0 0 -1
vn 0 0 -1
vn 0 0 -1
vn 0 0 -1
vn 0 0 -1
vn 0 0 1
vn 0 0 1
vn 0 0 1
vn 0 0 1
vn 0 0 1
vn 0 0 1
vn 0 0 1
vn 0 0 1
vn 0 0 1
vn 0 0 1
vn 0 0 1
vn 0 0 1
vn 0 0 1
vn 0 0 1
vn 0 0 1
vn 0 0 1
vn 0 0 1
vn 0 0 1
vn 0 0 1
vn 0 0 1
vn 0.0001538992 -1 0
vn 0.309082 -0.9511719 0
vn 1.192093E-07 -1 0
vn 0.3168945 -0.9482422 0
vn 0.5878906 -0.809082 0
vn 0.5986328 -0.8012695 0
vn 0.809082 -0.5878906 0
vn 0.8173828 -0.5761719 0
vn 0.9511719 -0.309082 0
vn 0.9541016 -0.2998047 0
vn 1 1.370907E-06 0
vn 1 1.251698E-06 0
vn 0.9526367 0.3037109 0.003265381
vn 0.949707 0.3134766 0.003480911
vn 0.8115234 0.5839844 0.003681183
vn 0.809082 0.5878906 0.003580093
vn 0.5981445 0.8012695 4.172325E-07
vn 0.5878906 0.809082 4.172325E-07
vn 0.3168945 0.9482422 0
vn 0.309082 0.9511719 0
vn 0.0001538992 1 0
vn 3.576279E-07 1 0
vn -0.3166504 0.9487305 0
vn -0.309082 0.9511719 0
vn -0.5981445 0.8012695 -1.192093E-07
vn -0.5878906 0.809082 -1.192093E-07
vn -0.809082 0.5878906 9.089708E-05
vn -0.8168945 0.5766602 9.87649E-05
vn -0.9511719 0.309082 9.095669E-05
vn -0.9541016 0.3000488 8.547306E-05
vn -1 0 0
vn -1 0 0
vn -0.9541016 -0.3000488 8.529425E-05
vn -0.9511719 -0.309082 9.077787E-05
vn -0.8168945 -0.5766602 9.846687E-05
vn -0.809082 -0.5878906 9.059906E-05
vn -0.5981445 -0.8012695 -2.384186E-07
vn -0.5878906 -0.809082 -1.788139E-07
vn -0.309082 -0.9511719 1.788139E-07
vn -0.3166504 -0.9487305 1.788139E-07
vn 1.192093E-07 -1 0
vn 0.0001538992 -1 0
vn 0.0001558065 -1 0
vn 0.309082 -0.9511719 0
vn 0 -1 0
vn 0.3168945 -0.9482422 0
vn 0.5878906 -0.809082 4.172325E-07
vn 0.5981445 -0.8012695 4.768372E-07
vn 0.809082 -0.5878906 0.00359726
vn 0.8115234 -0.5839844 0.003696442
vn 0.949707 -0.3134766 0.00349617
vn 0.9526367 -0.3037109 0.00328064
vn 1 4.768372E-07 -4.768372E-07
vn 1 4.172325E-07 -4.768372E-07
vn 0.9541016 0.2998047 -1.788139E-07
vn 0.9511719 0.309082 -1.788139E-07
vn 0.8173828 0.5761719 0
vn 0.809082 0.5878906 0
vn 0.5986328 0.8012695 0
vn 0.5878906 0.809082 0
vn 0.309082 0.9511719 0
vn 0.3168945 0.9482422 0
vn 2.384186E-07 1 0
vn 0.0001556873 1 0
vn -0.309082 0.9511719 1.192093E-07
vn -0.3166504 0.9487305 1.192093E-07
vn -0.5878906 0.809082 2.980232E-07
vn -0.5981445 0.8012695 2.980232E-07
vn -0.809082 0.5878906 8.291006E-05
vn -0.8168945 0.5766602 9.012222E-05
vn -0.9511719 0.309082 8.267164E-05
vn -0.9541016 0.3000488 7.766485E-05
vn -1 -2.44379E-06 0
vn -1 -2.324581E-06 0
vn -0.9541016 -0.3000488 7.724762E-05
vn -0.9511719 -0.309082 8.225441E-05
vn -0.8168945 -0.5766602 8.928776E-05
vn -0.809082 -0.5878906 8.21352E-05
vn -0.5981445 -0.8012695 0
vn -0.5878906 -0.809082 0
vn -0.309082 -0.9511719 0
vn -0.3166504 -0.9487305 0
vn 0 -1 0
vn 0.0001558065 -1 0
vn 1.192093E-07 -1 0
vn 0.0001575947 -1 0
vn 0.3168945 -0.9482422 -1.192093E-07
vn 0.309082 -0.9511719 -1.192093E-07
vn 0.5986328 -0.8012695 -5.364418E-07
vn 0.5878906 -0.809082 -4.768372E-07
vn 0.809082 -0.5878906 -1.013279E-06
vn 0.8173828 -0.5761719 -1.013279E-06
vn 0.9511719 -0.309082 -1.251698E-06
vn 0.9541016 -0.2998047 -1.251698E-06
vn 1 1.072884E-06 -1.251698E-06
vn 1 1.013279E-06 -1.251698E-06
vn 0.9541016 0.2998047 -9.536743E-07
vn 0.9511719 0.309082 -9.536743E-07
vn 0.8173828 0.5761719 -3.576279E-07
vn 0.809082 0.5878906 -2.980232E-07
vn 0.5986328 0.8012695 0
vn 0.5878906 0.809082 0
vn 0.309082 0.9511719 0
vn 0.3168945 0.9482422 0
vn 1.788139E-07 1 0
vn 0.0001575947 1 0
vn -0.309082 0.9511719 0
vn -0.3166504 0.9487305 0
vn -0.5878906 0.809082 1.192093E-07
vn -0.5981445 0.8012695 1.192093E-07
vn -0.809082 0.5878906 7.474422E-05
vn -0.8168945 0.5766602 8.118153E-05
vn -0.9511719 0.309082 7.456541E-05
vn -0.9541016 0.3000488 7.003546E-05
vn -1 3.576279E-07 0
vn -1 3.576279E-07 0
vn -0.9541016 -0.3000488 6.973743E-05
vn -0.9511719 -0.309082 7.426739E-05
vn -0.8168945 -0.5766602 8.064508E-05
vn -0.809082 -0.5878906 7.414818E-05
vn -0.5981445 -0.8012695 -1.192093E-07
vn -0.5878906 -0.809082 -1.192093E-07
vn -0.3166504 -0.9487305 0
vn -0.309082 -0.9511719 0
vn 0.0001575947 -1 0
vn 1.192093E-07 -1 0
vn 1.490116E-06 -1 0
vn 0.0001627207 -1 0
vn 0.3168945 -0.9482422 0
vn 0.309082 -0.9511719 0
vn 0.5986328 -0.8012695 0
vn 0.5878906 -0.809082 0
vn 0.809082 -0.5878906 0
vn 0.8173828 -0.5761719 0
vn 0.9511719 -0.309082 0
vn 0.9541016 -0.2998047 0
vn 1 1.788139E-07 0
vn 1 1.192093E-07 0
vn 0.9541016 0.2998047 0
vn 0.9511719 0.309082 0
vn 0.8173828 0.5761719 0
vn 0.809082 0.5878906 0
vn 0.5986328 0.8012695 0
vn 0.5878906 0.809082 0
vn 0.3168945 0.9482422 0
vn 0.309082 0.9511719 0
vn 0.000161171 1 0
vn 2.980232E-07 1 0
vn -0.3166504 0.9487305 1.788139E-07
vn -0.309082 0.9511719 1.788139E-07
vn -0.5981445 0.8012695 3.576279E-07
vn -0.5878906 0.809082 3.576279E-07
vn -0.809082 0.5878906 5.793571E-05
vn -0.8168945 0.5766602 6.29425E-05
vn -0.9511719 0.309082 5.76973E-05
vn -0.9541016 0.3000488 5.418062E-05
vn -1 -7.152557E-07 0
vn -1 -7.152557E-07 0
vn -0.9541016 -0.3000488 5.412102E-05
vn -0.9511719 -0.309082 5.757809E-05
vn -0.8168945 -0.5766602 6.270409E-05
vn -0.809082 -0.5878906 5.76973E-05
vn -0.5981445 -0.8012695 0
vn -0.5878906 -0.809082 0
vn -0.3166504 -0.9487305 0
vn -0.309082 -0.9511719 0
vn 0.0001627207 -1 0
vn 1.490116E-06 -1 0
vn 1.192093E-07 -1 0
vn 0.0001636744 -1 0
vn 0.3168945 -0.9482422 -1.192093E-07
vn 0.309082 -0.9511719 -1.192093E-07
vn 0.5986328 -0.8012695 -5.364418E-07
vn 0.5878906 -0.809082 -4.768372E-07
vn 0.809082 -0.5878906 -8.34465E-07
vn 0.8173828 -0.5761719 -8.34465E-07
vn 0.9511719 -0.309082 -8.940697E-07
vn 0.9541016 -0.2998047 -8.940697E-07
vn 1 -2.384186E-07 -1.072884E-06
vn 1 -2.384186E-07 -1.072884E-06
vn 0.9541016 0.2998047 -1.072884E-06
vn 0.9511719 0.309082 -1.072884E-06
vn 0.8173828 0.5761719 -5.960464E-07
vn 0.809082 0.5878906 -5.960464E-07
vn 0.5986328 0.8012695 -1.788139E-07
vn 0.5878906 0.809082 -1.192093E-07
vn 0.3168945 0.9482422 0
vn 0.309082 0.9511719 0
vn 0.0001636744 1 0
vn 1.788139E-07 1 0
vn -0.3166504 0.9487305 0
vn -0.309082 0.9511719 0
vn -0.5981445 0.8012695 -2.980232E-07
vn -0.5878906 0.809082 -2.980232E-07
vn -0.809082 0.5878906 4.61936E-05
vn -0.8168945 0.5766602 5.030632E-05
vn -0.9511719 0.309082 4.649162E-05
vn -0.9541016 0.3000488 4.36306E-05
vn -1 -3.576279E-07 0
vn -1 -3.576279E-07 0
vn -0.9541016 -0.3000488 4.374981E-05
vn -0.9511719 -0.309082 4.655123E-05
vn -0.8168945 -0.5766602 5.072355E-05
vn -0.809082 -0.5878906 4.661083E-05
vn -0.5981445 -0.8012695 1.788139E-07
vn -0.5878906 -0.809082 1.788139E-07
vn -0.3166504 -0.9487305 1.788139E-07
vn -0.309082 -0.9511719 1.788139E-07
vn 0.0001636744 -1 0
vn 1.192093E-07 -1 0
vn 0.0001633167 -1 0
vn 0.309082 -0.9511719 0
vn 1.192093E-07 -1 0
vn 0.3168945 -0.9482422 0
vn 0.5878906 -0.809082 0
vn 0.5986328 -0.8012695 0
vn 0.809082 -0.5878906 0
vn 0.8173828 -0.5761719 0
vn 0.9511719 -0.309082 0
vn 0.9541016 -0.2998047 0
vn 1 5.364418E-07 0
vn 1 5.364418E-07 0
vn 0.9541016 0.2998047 0
vn 0.9511719 0.309082 0
vn 0.8173828 0.5761719 0
vn 0.809082 0.5878906 0
vn 0.5986328 0.8012695 0
vn 0.5878906 0.809082 0
vn 0.309082 0.9511719 0
vn 0.3168945 0.9482422 0
vn 1.192093E-07 1 0
vn 0.0001634359 1 0
vn -0.309082 0.9511719 0
vn -0.3166504 0.9487305 0
vn -0.5878906 0.809082 1.192093E-07
vn -0.5981445 0.8012695 1.788139E-07
vn -0.809082 0.5878906 4.786253E-05
vn -0.8168945 0.5766602 5.197525E-05
vn -0.9511719 0.309082 4.768372E-05
vn -0.9541016 0.3000488 4.476309E-05
vn -1 0 0
vn -1 -1.192093E-07 0
vn -0.9541016 -0.3000488 4.452467E-05
vn -0.9511719 -0.309082 4.738569E-05
vn -0.8168945 -0.5766602 5.143881E-05
vn -0.809082 -0.5878906 4.732609E-05
vn -0.5981445 -0.8012695 0
vn -0.5878906 -0.809082 0
vn -0.309082 -0.9511719 0
vn -0.3166504 -0.9487305 0
vn 1.192093E-07 -1 0
vn 0.0001633167 -1 0
vn 0.0001635551 -1 0
vn 0.309082 -0.9511719 0
vn 1.788139E-07 -1 0
vn 0.3168945 -0.9482422 0
vn 0.5878906 -0.809082 0
vn 0.5986328 -0.8012695 0
vn 0.809082 -0.5878906 0
vn 0.8173828 -0.5761719 0
vn 0.9511719 -0.309082 0
vn 0.9541016 -0.2998047 0
vn 1 -3.576279E-07 0
vn 1 -1.788139E-07 0
vn 0.9541016 0.2998047 0
vn 0.9511719 0.309082 0
vn 0.8173828 0.5761719 0
vn 0.809082 0.5878906 0
vn 0.5986328 0.8012695 0
vn 0.5878906 0.809082 0
vn 0.3168945 0.9482422 0
vn 0.309082 0.9511719 0
vn 0.0001602173 1 0
vn -2.980232E-06 1 0
vn -0.3166504 0.9487305 0
vn -0.309082 0.9511719 0
vn -0.5981445 0.8012695 -2.384186E-07
vn -0.5878906 0.809082 -1.788139E-07
vn -0.809082 0.5878906 4.708767E-05
vn -0.8168945 0.5766602 5.125999E-05
vn -0.9511719 0.309082 4.726648E-05
vn -0.9541016 0.3000488 4.440546E-05
vn -1 0 0
vn -1 -1.788139E-07 0
vn -0.9541016 -0.3000488 4.422665E-05
vn -0.9511719 -0.309082 4.708767E-05
vn -0.8168945 -0.5766602 5.084276E-05
vn -0.809082 -0.5878906 4.667044E-05
vn -0.5981445 -0.8012695 -4.172325E-07
vn -0.5878906 -0.809082 -4.172325E-07
vn -0.309082 -0.9511719 0
vn -0.3166504 -0.9487305 0
vn 1.788139E-07 -1 0
vn 0.0001635551 -1 0
vn 3.576279E-07 -1 0
vn 0.0001635551 -1 0
vn 0.3168945 -0.9482422 0
vn 0.309082 -0.9511719 0
vn 0.5986328 -0.8012695 0
vn 0.5878906 -0.809082 0
vn 0.809082 -0.5878906 0
vn 0.8173828 -0.5761719 0
vn 0.9511719 -0.309082 0
vn 0.9541016 -0.2998047 0
vn 1 7.152557E-07 0
vn 1 6.556511E-07 0
vn 0.9541016 0.2998047 4.172325E-07
vn 0.9511719 0.309082 4.768372E-07
vn 0.8173828 0.5761719 1.251698E-06
vn 0.809082 0.5878906 1.251698E-06
vn 0.5986328 0.8012695 8.940697E-07
vn 0.5878906 0.809082 8.34465E-07
vn 0.3168945 0.9482422 0
vn 0.309082 0.9511719 0
vn 0.0001634359 1 0
vn 1.788139E-07 1 0
vn -0.3166504 0.9487305 1.192093E-07
vn -0.309082 0.9511719 1.192093E-07
vn -0.5981445 0.8012695 9.536743E-07
vn -0.5878906 0.809082 8.940697E-07
vn -0.8168945 0.5766602 5.245209E-05
vn -0.809082 0.5878906 4.839897E-05
vn -0.9511719 0.309082 4.756451E-05
vn -0.9541016 0.3000488 4.464388E-05
vn -1 -7.152557E-07 0
vn -1 -7.152557E-07 0
vn -0.9541016 -0.3000488 4.398823E-05
vn -0.9511719 -0.309082 4.684925E-05
vn -0.8168945 -0.5766602 5.096197E-05
vn -0.809082 -0.5878906 4.684925E-05
vn -0.5981445 -0.8012695 1.192093E-07
vn -0.5878906 -0.809082 1.788139E-07
vn -0.3166504 -0.9487305 1.788139E-07
vn -0.309082 -0.9511719 1.788139E-07
vn 0.0001635551 -1 0
vn 3.576279E-07 -1 0
vn 4.768372E-07 -1 0
vn 0.0001634359 -1 0
vn 0.3168945 -0.9482422 0
vn 0.309082 -0.9511719 0
vn 0.5986328 -0.8012695 0
vn 0.5878906 -0.809082 0
vn 0.809082 -0.5878906 -2.980232E-07
vn 0.8173828 -0.5761719 -3.576279E-07
vn 0.9511719 -0.309082 -9.536743E-07
vn 0.9541016 -0.2998047 -1.013279E-06
vn 1 -2.384186E-07 -1.251698E-06
vn 1 -2.980232E-07 -1.251698E-06
vn 0.9541016 0.2998047 -8.940697E-07
vn 0.9511719 0.309082 -8.940697E-07
vn 0.8173828 0.5761719 -4.172325E-07
vn 0.809082 0.5878906 -3.576279E-07
vn 0.5986328 0.8012695 -2.384186E-07
vn 0.5878906 0.809082 -2.384186E-07
vn 0.3168945 0.9482422 -3.576279E-07
vn 0.309082 0.9511719 -3.576279E-07
vn 0.0001621246 1 -1.192093E-07
vn -1.132488E-06 1 -1.192093E-07
vn -0.3166504 0.9487305 0
vn -0.309082 0.9511719 0
vn -0.5981445 0.8012695 1.788139E-07
vn -0.5878906 0.809082 1.788139E-07
vn -0.809082 0.5878906 4.792213E-05
vn -0.8168945 0.5766602 5.203485E-05
vn -0.9511719 0.309082 4.780293E-05
vn -0.9541016 0.3000488 4.48823E-05
vn -1 -6.556511E-07 0
vn -1 -8.940697E-07 0
vn -0.9541016 -0.3000488 4.476309E-05
vn -0.9511719 -0.309082 4.762411E-05
vn -0.8168945 -0.5766602 5.185604E-05
vn -0.809082 -0.5878906 4.768372E-05
vn -0.5981445 -0.8012695 0
vn -0.5878906 -0.809082 0
vn -0.3166504 -0.9487305 0
vn -0.309082 -0.9511719 0
vn 0.0001634359 -1 0
vn 4.768372E-07 -1 0
vn 3.576279E-07 -1 1.788139E-07
vn 0.0001630783 -1 1.788139E-07
vn 0.3168945 -0.9482422 1.192093E-07
vn 0.309082 -0.9511719 1.192093E-07
vn 0.5986328 -0.8012695 1.192093E-07
vn 0.5878906 -0.809082 1.192093E-07
vn 0.809082 -0.5878906 0
vn 0.8173828 -0.5761719 0
vn 0.9511719 -0.309082 0
vn 0.9541016 -0.2998047 0
vn 1 1.013279E-06 0
vn 1 1.013279E-06 0
vn 0.9541016 0.2998047 0
vn 0.9511719 0.309082 0
vn 0.8173828 0.5761719 0
vn 0.809082 0.5878906 0
vn 0.5986328 0.8012695 0
vn 0.5878906 0.809082 0
vn 0.3168945 0.9482422 -2.384186E-07
vn 0.309082 0.9511719 -2.384186E-07
vn 0.0001628399 1 -2.384186E-07
vn 1.192093E-07 1 -2.384186E-07
vn -0.3166504 0.9487305 -2.384186E-07
vn -0.309082 0.9511719 -2.384186E-07
vn -0.5981445 0.8012695 -1.788139E-07
vn -0.5878906 0.809082 -1.788139E-07
vn -0.809082 0.5878906 4.917383E-05
vn -0.8168945 0.5766602 5.346537E-05
vn -0.9511719 0.309082 4.923344E-05
vn -0.9541016 0.3000488 4.62532E-05
vn -1 0 0
vn -1 -1.192093E-07 0
vn -0.9541016 -0.3000488 4.62532E-05
vn -0.9511719 -0.309082 4.923344E-05
vn -0.8168945 -0.5766602 5.358458E-05
vn -0.809082 -0.5878906 4.929304E-05
vn -0.5981445 -0.8012695 1.788139E-07
vn -0.5878906 -0.809082 1.788139E-07
vn -0.3166504 -0.9487305 2.384186E-07
vn -0.309082 -0.9511719 2.384186E-07
vn 0.0001630783 -1 1.788139E-07
vn 3.576279E-07 -1 1.788139E-07
vn 1.788139E-07 -1 0
vn 0.000159502 -1 0
vn 0.3168945 -0.9482422 0
vn 0.309082 -0.9511719 0
vn 0.5986328 -0.8012695 0
vn 0.5878906 -0.809082 0
vn 0.809082 -0.5878906 0
vn 0.8173828 -0.5761719 0
vn 0.9511719 -0.309082 -1.192093E-07
vn 0.9541016 -0.2998047 -1.788139E-07
vn 1 -1.966953E-06 0
vn 1 -2.44379E-06 0
vn 0.9541016 0.2998047 1.788139E-07
vn 0.9511719 0.309082 1.192093E-07
vn 0.8173828 0.5761719 0
vn 0.809082 0.5878906 0
vn 0.5986328 0.8012695 0
vn 0.5878906 0.809082 -1.192093E-07
vn 0.3168945 0.9482422 -1.192093E-07
vn 0.309082 0.9511719 -1.192093E-07
vn 0.000158906 1 0
vn -1.192093E-07 1 0
vn -0.3166504 0.9487305 1.192093E-07
vn -0.309082 0.9511719 1.192093E-07
vn -0.5981445 0.8012695 -1.788139E-07
vn -0.5878906 0.809082 -1.788139E-07
vn -0.809082 0.5878906 0.0001314878
vn -0.8168945 0.5766602 0.0001428127
vn -0.9511719 0.309082 0.0001317263
vn -0.9541016 0.3000488 0.0001237392
vn -1 -2.205372E-06 0
vn -1 -2.920628E-06 0
vn -0.9541016 -0.3000488 0.0001232624
vn -0.9511719 -0.309082 0.0001312494
vn -0.8168945 -0.5766602 0.0001426935
vn -0.809082 -0.5878906 0.0001313686
vn -0.5981445 -0.8012695 0
vn -0.5878906 -0.809082 0
vn -0.3166504 -0.9487305 2.384186E-07
vn -0.309082 -0.9511719 2.384186E-07
vn 0.000159502 -1 0
vn 1.788139E-07 -1 0
vn 0 0 1
vn 0 0 1
vn 0 0 1
vn 0 0 1
vn 0 0 1
vn 0 0 1
vn 0 0 1
vn 0 0 1
vn 0 0 1
vn 0 0 1
vn 0 0 1
vn 0 0 1
vn 2.211332E-05 -1 -9.834766E-06
vn 2.229214E-05 -1 -3.516674E-06
vn 2.247095E-05 -1 0
vn 2.205372E-05 -1 -1.013279E-05
vn 2.205372E-05 -1 -1.013279E-05
vn 0.7070313 7.450581E-06 0.7070313
vn 0.7070313 7.450581E-06 0.7070313
vn 0.7070313 7.450581E-06 0.7070313
vn 0.7070313 7.450581E-06 0.7070313
vn -7.56979E-06 5.722046E-06 1
vn -1.209974E-05 8.404255E-06 1
vn -2.18749E-05 5.722046E-06 1
vn -1.943111E-05 6.318092E-06 1
vn -3.08156E-05 1.66893E-06 1
vn -3.665686E-05 -2.980232E-07 1
vn 0 -2.980232E-07 1
vn -5.495548E-05 7.748604E-07 1
vn 0 -2.980232E-07 1
vn 2.980232E-07 -3.576279E-07 1
vn 2.980232E-07 -3.576279E-07 1
vn 5.364418E-07 -1.788139E-07 1
vn 5.364418E-07 -1.788139E-07 1
vn 0 0 1
vn 0 0 1
vn 0 0 1
vn 0 0 1
vn 8.34465E-07 1.192093E-07 1
vn 8.34465E-07 1.192093E-07 1
vn 2.980232E-07 2.384186E-07 1
vn 2.980232E-07 2.384186E-07 1
vn -6.312132E-05 8.34465E-07 1
vn -1.788139E-06 1.788139E-07 1
vn -4.684925E-05 1.490116E-06 1
vn -1.490116E-06 -1.192093E-07 1
vn -4.726648E-05 -1.788139E-06 1
vn 1.430511E-06 -1.192093E-07 1
vn -5.990267E-05 0 1
vn 1.430511E-06 -1.192093E-07 1
vn 0 0 1
vn 0 0 1
vn 0 0 1
vn 0 0 1
vn 0 0 1
vn 0 0 1
vn 0 0 1
vn 0 0 1
vn 0 0 1
vn 0 0 1
vn -1.430511E-06 -1.192093E-07 1
vn -1.430511E-06 -1.192093E-07 1
vn -6.556511E-05 0 1
vn 1.788139E-07 0 1
vn -4.822016E-05 1.66893E-06 1
vn 6.556511E-07 -1.192093E-07 1
vn -4.822016E-05 -1.66893E-06 1
vn 0 0 1
vn -6.347895E-05 3.576279E-07 1
vn 0 0 1
vn -6.556511E-05 0 1
vn 0 0 1
vn 0 0 1
vn 0 0 1
vn 0 0 1
vn 0 0 1
vn 0 0 1
vn 0 0 1
vn 0 0 1
vn 0 0 1
vn 0 0 1
vn 0 0 1
vn 0 0 1
vn 1.728535E-06 0 1
vn 1.728535E-06 0 1
vn 1.966953E-06 0 1
vn 2.384186E-06 0 1
vn 1.072884E-06 1.788139E-07 1
vn 1.907349E-06 0 1
vn 2.384186E-06 0 1
vn -5.960464E-07 -4.172325E-07 1
vn -5.960464E-07 -8.34465E-07 1
vn -1.430511E-06 3.576279E-07 1
vn -3.874302E-06 -5.364418E-07 1
vn -1.490116E-06 2.980232E-07 1
vn -1.013279E-06 4.172325E-07 1
vn -1.132488E-06 3.576279E-07 1
vn -8.34465E-07 4.768372E-07 1
vn -5.364418E-07 5.364418E-07 1
vn -6.556511E-07 5.364418E-07 1
vn -4.768372E-07 5.364418E-07 1
vn -2.384186E-07 5.960464E-07 1
vn -3.576279E-07 5.960464E-07 1
vn -2.384186E-07 5.960464E-07 1
vn -1.192093E-07 5.960464E-07 1
vn 0 5.960464E-07 1
vn 0 5.960464E-07 1
vn 1.192093E-07 5.960464E-07 1
vn 2.384186E-07 5.960464E-07 1
vn 2.384186E-07 5.960464E-07 1
vn 3.576279E-07 5.960464E-07 1
vn 4.768372E-07 5.960464E-07 1
vn 5.364418E-07 5.960464E-07 1
vn 6.556511E-07 5.364418E-07 1
vn 8.940697E-07 4.768372E-07 1
vn 9.536743E-07 4.768372E-07 1
vn 1.192093E-06 4.172325E-07 1
vn 1.788139E-06 1.788139E-07 1
vn -1.847744E-06 -9.536743E-07 1
vn -1.847744E-06 -9.536743E-07 1
vn -1.847744E-06 -9.536743E-07 1
vn -1.847744E-06 -9.536743E-07 1
vn 0 0 -1
vn 0 0 -1
vn 0 0 -1
vn 0 0 -1
vn 0 0 -1
vn 0 0 -1
vn 0 0 -1
vn 0 0 -1
vn 0 0 -1
vn 0 0 -1
vn 0 0 -1
vn 0 0 -1
vn 0 0 -1
vn 0 0 -1
vn 0 0 -1
vn 0 0 -1
vn 0 0 -1
vn 0 0 -1
vn 0 0 -1
vn 0 0 -1
vn 0 0 -1
vn 0 0 -1
vn 0 0 -1
vn 0 0 -1
vn 0 0 -1
vn 0.7075195 3.153086E-05 -0.7070313
vn 0.7075195 3.153086E-05 -0.7070313
vn 0.7075195 5.841255E-06 -0.7070313
vn 0.7075195 5.543232E-06 -0.7070313
vn 0.7075195 7.271767E-06 -0.7070313
vn 0.7075195 6.377697E-06 -0.7070313
vn 0.7075195 8.046627E-06 -0.7070313
vn 0.7075195 8.046627E-06 -0.7070313
vn 0.7075195 7.987022E-06 -0.7070313
vn 0.7075195 8.046627E-06 -0.7070313
vn 0.7075195 8.046627E-06 -0.7070313
vn 0.7075195 4.470348E-06 -0.7070313
vn 0.7075195 8.046627E-06 -0.7070313
vn 0.7075195 8.165836E-06 -0.7070313
vn 0.7075195 6.377697E-06 -0.7070313
vn 0.7075195 -1.072884E-06 -0.7070313
vn 0.7075195 -1.013279E-06 -0.7070313
vn 0.7075195 4.291534E-06 -0.7070313
vn 0.7075195 4.291534E-06 -0.7070313
vn -0.7075195 2.235174E-05 -0.7070313
vn -0.7075195 5.960464E-07 -0.7070313
vn -0.7075195 5.960464E-07 -0.7070313
vn -0.7075195 2.264977E-05 -0.7070313
vn -0.7075195 1.096725E-05 -0.7070313
vn -0.7075195 1.424551E-05 -0.7070313
vn -0.7075195 8.106232E-06 -0.7070313
vn -0.7075195 8.106232E-06 -0.7070313
vn -0.7075195 8.046627E-06 -0.7070313
vn -0.7075195 8.046627E-06 -0.7070313
vn -0.7075195 3.397465E-06 -0.7070313
vn -0.7075195 7.987022E-06 -0.7070313
vn -0.7075195 8.046627E-06 -0.7070313
vn -0.7075195 8.046627E-06 -0.7070313
vn -0.7075195 5.90086E-06 -0.7070313
vn -0.7075195 -3.397465E-06 -0.7070313
vn -0.7075195 -3.218651E-06 -0.7070313
vn -0.7075195 9.953976E-06 -0.7070313
vn -0.7075195 9.953976E-06 -0.7070313
vn -0.5874023 0.3937988 0.7070313
vn -0.6918945 0.1386719 0.7084961
vn -0.6923828 0.1363525 0.7084961
vn -0.5888672 0.3916016 0.7070313
vn -0.3947754 0.5883789 0.7060547
vn -0.3928223 0.5893555 0.7055664
vn -0.1375732 0.6962891 0.7045898
vn -0.1396484 0.6958008 0.7045898
vn 0.1374512 0.6967773 0.7041016
vn 0.1391602 0.6962891 0.7041016
vn 0.3950195 0.590332 0.7036133
vn 0.394043 0.5913086 0.7036133
vn 0.590332 0.3952637 0.7041016
vn 0.5908203 0.3945313 0.7041016
vn 0.6958008 0.138916 0.7045898
vn 0.6958008 0.1385498 0.7045898
vn 0.6948242 -0.1378174 0.7060547
vn 0.6948242 -0.1379395 0.7060547
vn 0.5878906 -0.3925781 0.7070313
vn 0.5878906 -0.3925781 0.7070313
vn 0.392334 -0.5864258 0.7084961
vn 0.392334 -0.5864258 0.7084961
vn 0.1375732 -0.690918 0.7094727
vn 0.1379395 -0.690918 0.7094727
vn -0.1374512 -0.6904297 0.7104492
vn -0.1365967 -0.6904297 0.7104492
vn -0.3911133 -0.5849609 0.7104492
vn -0.3901367 -0.5854492 0.7104492
vn -0.5844727 -0.3920898 0.7104492
vn -0.5854492 -0.390625 0.7104492
vn -0.6914063 -0.1365967 0.7094727
vn -0.690918 -0.1386719 0.7094727
vn -0.6923828 0.1363525 0.7084961
vn -0.6918945 0.1386719 0.7084961
vn 0.6791992 -0.1380615 0.7207031
vn 0.6777344 0.1362305 0.7226563
vn 0.6801758 -0.1337891 0.7207031
vn 0.6787109 0.1322021 0.7226563
vn 0.5727539 0.3842773 0.7236328
vn 0.5751953 0.3811035 0.7236328
vn 0.3847656 0.5712891 0.7246094
vn 0.3818359 0.5732422 0.7246094
vn 0.1335449 0.675293 0.7250977
vn 0.1363525 0.6748047 0.7250977
vn -0.1348877 0.675293 0.7250977
vn -0.1326904 0.6757813 0.7250977
vn -0.3833008 0.5732422 0.7241211
vn -0.3818359 0.5742188 0.7241211
vn -0.5737305 0.3847656 0.7231445
vn -0.5742188 0.3835449 0.7231445
vn -0.6791992 0.1348877 0.7216797
vn -0.6787109 0.1362305 0.7216797
vn -0.6811523 -0.1342773 0.7197266
vn -0.6806641 -0.1356201 0.7197266
vn -0.5791016 -0.3852539 0.71875
vn -0.578125 -0.3867188 0.7182617
vn -0.3884277 -0.578125 0.7172852
vn -0.3864746 -0.5795898 0.7172852
vn -0.1352539 -0.6835938 0.7167969
vn -0.1379395 -0.6831055 0.7167969
vn 0.1369629 -0.6831055 0.7172852
vn 0.133667 -0.684082 0.7172852
vn 0.3876953 -0.578125 0.7177734
vn 0.3845215 -0.5800781 0.7177734
vn 0.5786133 -0.3847656 0.7192383
vn 0.5761719 -0.3881836 0.7192383
vn 0.6801758 -0.1337891 0.7207031
vn 0.6791992 -0.1380615 0.7207031
vn 0 0 1
vn 0 0 1
vn 0 0 1
vn 0 0 1
vn 0 0 1
vn 0 0 1
vn 0 0 1
vn 0 0 1
vn 0 0 1
vn 0 0 1
vn 0 0 1
vn 0 0 1
vn 0 0 1
vn 0 0 1
vn 0 0 1
vn 0 0 1
vn 0 0 1
vn 0 0 1
vn 0 0 1
vn 0 0 1
vn 0 0 1
vn 0 0 1
vn 0 0 1
vn 0 0 1
vn 0 0 1
vn 0 0 1
vn 0 0 1
vn 0 0 1
vn 0 0 1
vn 0 0 1
vn 0 0 1
vn 0 0 1
vn 0 0 1
vn 0 0 1
vn -0.1956787 0.9804688 0
vn -0.5561523 0.8310547 0
vn -0.5561523 0.8310547 0
vn -0.1956787 0.9804688 0
vn 0.194458 0.980957 0
vn 0.194458 0.980957 0
vn 0.5551758 0.8320313 0
vn 0.5551758 0.8320313 0
vn 0.8310547 0.5561523 0
vn 0.8310547 0.5561523 0
vn 0.9804688 0.1956787 0
vn 0.9804688 0.1956787 0
vn 0.980957 -0.194458 0
vn 0.980957 -0.194458 0
vn 0.8320313 -0.5551758 0
vn 0.8320313 -0.5551758 0
vn 0.5561523 -0.8310547 0
vn 0.5561523 -0.8310547 0
vn 0.1956787 -0.9804688 0
vn 0.1956787 -0.9804688 0
vn -0.194458 -0.980957 0
vn -0.194458 -0.980957 0
vn -0.5551758 -0.8320313 0
vn -0.5551758 -0.8320313 0
vn -0.8310547 -0.5561523 0
vn -0.8310547 -0.5561523 0
vn -0.9804688 -0.1956787 0
vn -0.9804688 -0.1956787 0
vn -0.980957 0.194458 0
vn -0.980957 0.194458 0
vn -0.8320313 0.5551758 0
vn -0.8320313 0.5551758 0
vn -0.5561523 0.8310547 0
vn -0.5561523 0.8310547 0
vn 0.5727539 0.3842773 0.7236328
vn 0.6777344 0.1362305 0.7226563
vn 0.6787109 0.1322021 0.7226563
vn 0.5751953 0.3811035 0.7236328
vn 0.3847656 0.5712891 0.7246094
vn 0.3818359 0.5732422 0.7250977
vn 0.1335449 0.675293 0.7250977
vn 0.1363525 0.6748047 0.7250977
vn -0.1348877 0.675293 0.7250977
vn -0.1326904 0.6757813 0.7250977
vn -0.3833008 0.5732422 0.7241211
vn -0.3818359 0.5742188 0.7241211
vn -0.5737305 0.3847656 0.7231445
vn -0.5742188 0.3835449 0.7231445
vn -0.6791992 0.1348877 0.7216797
vn -0.6787109 0.1362305 0.7216797
vn -0.6811523 -0.1342773 0.7197266
vn -0.6806641 -0.1356201 0.7197266
vn -0.5791016 -0.3852539 0.71875
vn -0.578125 -0.3867188 0.7182617
vn -0.3884277 -0.578125 0.7172852
vn -0.3864746 -0.5795898 0.7172852
vn -0.1352539 -0.6835938 0.7167969
vn -0.1379395 -0.6831055 0.7167969
vn 0.1369629 -0.6831055 0.7172852
vn 0.133667 -0.684082 0.7172852
vn 0.3876953 -0.578125 0.7177734
vn 0.3845215 -0.5800781 0.7177734
vn 0.5786133 -0.3847656 0.7192383
vn 0.5761719 -0.3881836 0.7192383
vn 0.6801758 -0.1337891 0.7207031
vn 0.6791992 -0.1380615 0.7207031
vn 0.6777344 0.1362305 0.7226563
vn 0.6787109 0.1322021 0.7226563
vn 0 0 1
vn 0 0 1
vn 0 0 1
vn 0 0 1
vn 0 0 1
vn 0 0 1
vn 0 0 1
vn 0 0 1
vn 0 0 1
vn 0 0 1
vn 0 0 1
vn 0 0 1
vn 0 0 1
vn 0 0 1
vn 0 0 1
vn 0 0 1
vn 0 0 1
vn 0 0 1
vn 0 0 1
vn 0 0 1
vn 0 0 1
vn 0 0 1
vn 0 0 1
vn 0 0 1
vn 0 0 1
vn 0 0 1
vn 0 0 1
vn 0 0 1
vn 0 0 1
vn 0 0 1
vn 0 0 1
vn 0 0 1
vn 0 0 1
vn 0 0 1
vn -0.6923828 0.1363525 0.7084961
vn -0.6914063 -0.1365967 0.7094727
vn -0.690918 -0.1386719 0.7094727
vn -0.6918945 0.1386719 0.7084961
vn -0.5874023 0.3937988 0.7070313
vn -0.5888672 0.3916016 0.7070313
vn -0.3947754 0.5883789 0.7055664
vn -0.3928223 0.5893555 0.7055664
vn -0.1375732 0.6962891 0.7045898
vn -0.1396484 0.6958008 0.7045898
vn 0.1374512 0.6967773 0.7041016
vn 0.1391602 0.6962891 0.7041016
vn 0.3950195 0.590332 0.7036133
vn 0.394043 0.5913086 0.7036133
vn 0.590332 0.3952637 0.7041016
vn 0.5908203 0.3945313 0.7041016
vn 0.6958008 0.138916 0.7045898
vn 0.6958008 0.1385498 0.7045898
vn 0.6948242 -0.1378174 0.7060547
vn 0.6948242 -0.1379395 0.7060547
vn 0.5878906 -0.3925781 0.7070313
vn 0.5878906 -0.3925781 0.7070313
vn 0.392334 -0.5864258 0.7084961
vn 0.392334 -0.5864258 0.7084961
vn 0.1375732 -0.690918 0.7094727
vn 0.1379395 -0.690918 0.7094727
vn -0.1374512 -0.6904297 0.7104492
vn -0.1365967 -0.6904297 0.7104492
vn -0.3911133 -0.5849609 0.7104492
vn -0.3901367 -0.5854492 0.7104492
vn -0.5844727 -0.3920898 0.7104492
vn -0.5854492 -0.390625 0.7104492
vn -0.6914063 -0.1365967 0.7094727
vn -0.690918 -0.1386719 0.7094727
vn 0.5551758 0.8320313 0
vn 0.194458 0.980957 0
vn 0.194458 0.980957 0
vn 0.5551758 0.8320313 0
vn 0.8310547 0.5561523 0
vn 0.8310547 0.5561523 0
vn 0.9804688 0.1956787 0
vn 0.9804688 0.1956787 0
vn 0.980957 -0.194458 0
vn 0.980957 -0.194458 0
vn 0.8320313 -0.5551758 0
vn 0.8320313 -0.5551758 0
vn 0.5561523 -0.8310547 0
vn 0.5561523 -0.8310547 0
vn 0.1956787 -0.9804688 0
vn 0.1956787 -0.9804688 0
vn -0.194458 -0.980957 0
vn -0.194458 -0.980957 0
vn -0.5551758 -0.8320313 0
vn -0.5551758 -0.8320313 0
vn -0.8310547 -0.5561523 0
vn -0.8310547 -0.5561523 0
vn -0.9804688 -0.1956787 0
vn -0.9804688 -0.1956787 0
vn -0.980957 0.194458 0
vn -0.980957 0.194458 0
vn -0.8320313 0.5551758 0
vn -0.8320313 0.5551758 0
vn -0.5561523 0.8310547 0
vn -0.5561523 0.8310547 0
vn -0.1956787 0.9804688 0
vn -0.1956787 0.9804688 0
vn 0.194458 0.980957 0
vn 0.194458 0.980957 0
vn -0.980957 -0.1931152 -1.788139E-07
vn -0.9804688 0.1970215 -6.556511E-07
vn -0.9804688 0.1970215 -6.556511E-07
vn -0.980957 -0.1931152 -1.788139E-07
vn -0.8325195 -0.5537109 0
vn -0.8325195 -0.5537109 0
vn -0.5571289 -0.8305664 0
vn -0.5571289 -0.8305664 0
vn -0.1970215 -0.9804688 1.192093E-07
vn -0.1970215 -0.9804688 1.192093E-07
vn 0.1931152 -0.980957 2.980232E-07
vn 0.1931152 -0.980957 2.980232E-07
vn 0.5537109 -0.8325195 3.576279E-07
vn 0.5537109 -0.8325195 3.576279E-07
vn 0.8305664 -0.5571289 3.576279E-07
vn 0.8305664 -0.5571289 3.576279E-07
vn 0.9804688 -0.1970215 2.980232E-07
vn 0.9804688 -0.1970215 2.980232E-07
vn 0.980957 0.1931152 2.384186E-07
vn 0.980957 0.1931152 2.384186E-07
vn 0.8325195 0.5537109 0
vn 0.8325195 0.5537109 0
vn 0.5571289 0.8305664 -4.172325E-07
vn 0.5571289 0.8305664 -4.172325E-07
vn 0.1970215 0.9804688 -4.768372E-07
vn 0.1970215 0.9804688 -4.768372E-07
vn -0.1931152 0.980957 -3.576279E-07
vn -0.1931152 0.980957 -3.576279E-07
vn -0.5537109 0.8325195 -7.152557E-07
vn -0.5537109 0.8325195 -7.152557E-07
vn -0.8305664 0.5571289 -9.536743E-07
vn -0.8305664 0.5571289 -9.536743E-07
vn -0.9804688 0.1970215 -6.556511E-07
vn -0.9804688 0.1970215 -6.556511E-07
vn 0 0 1
vn 0 0 1
vn 0 0 1
vn 0 0 1
vn 0 0 1
vn 0 0 1
vn 0 0 1
vn 0 0 1
vn 0 0 1
vn 0 0 1
vn 0 0 1
vn 0 0 1
vn 0 0 1
vn 0 0 1
vn 0 0 1
vn 0 0 1
vn -0.980957 -0.1931152 -1.788139E-07
vn -0.9804688 0.1970215 -7.152557E-07
vn -0.9804688 0.1970215 -7.152557E-07
vn -0.980957 -0.1931152 -1.788139E-07
vn -0.8325195 -0.5537109 -2.384186E-07
vn -0.8325195 -0.5537109 -2.384186E-07
vn -0.5571289 -0.8305664 -3.576279E-07
vn -0.5571289 -0.8305664 -3.576279E-07
vn -0.1970215 -0.9804688 1.788139E-07
vn -0.1970215 -0.9804688 1.788139E-07
vn 0.1931152 -0.980957 7.152557E-07
vn 0.1931152 -0.980957 7.152557E-07
vn 0.5537109 -0.8325195 5.960464E-07
vn 0.5537109 -0.8325195 5.960464E-07
vn 0.8305664 -0.5571289 4.172325E-07
vn 0.8305664 -0.5571289 4.172325E-07
vn 0.9804688 -0.1970215 2.980232E-07
vn 0.9804688 -0.1970215 2.980232E-07
vn 0.980957 0.1931152 0
vn 0.980957 0.1931152 0
vn 0.8325195 0.5537109 -3.576279E-07
vn 0.8325195 0.5537109 -3.576279E-07
vn 0.5571289 0.8305664 -2.384186E-07
vn 0.5571289 0.8305664 -2.384186E-07
vn 0.1970215 0.9804688 -3.576279E-07
vn 0.1970215 0.9804688 -3.576279E-07
vn -0.1931152 0.980957 -7.152557E-07
vn -0.1931152 0.980957 -7.152557E-07
vn -0.5537109 0.8325195 -4.768372E-07
vn -0.5537109 0.8325195 -4.768372E-07
vn -0.8305664 0.5571289 -6.556511E-07
vn -0.8305664 0.5571289 -6.556511E-07
vn -0.9804688 0.1970215 -7.152557E-07
vn -0.9804688 0.1970215 -7.152557E-07
vn 0 0 1
vn 0 0 1
vn 0 0 1
vn 0 0 1
vn 0 0 1
vn 0 0 1
vn 0 0 1
vn 0 0 1
vn 0 0 1
vn 0 0 1
vn 0 0 1
vn 0 0 1
vn 0 0 1
vn 0 0 1
vn 0 0 1
vn 0 0 1
vn 0.3088379 -0.3088379 -0.8994141
vn 0.6694336 -0.2773438 -0.6889648
vn 0.4033203 -0.1671143 -0.8994141
vn 0.512207 -0.512207 -0.6889648
vn 0.8291016 -0.3435059 -0.4411621
vn 0.6347656 -0.6347656 -0.4411621
vn 0.1671143 -0.4033203 -0.8994141
vn 0.3435059 -0.8291016 -0.4411621
vn 0.2773438 -0.6694336 -0.6889648
vn -8.34465E-07 -0.4365234 -0.8994141
vn 1.788139E-07 -0.8974609 -0.4411621
vn 3.576279E-07 -0.7246094 -0.6889648
vn -0.1671143 -0.4033203 -0.8994141
vn -0.2773438 -0.6694336 -0.6889648
vn -0.3435059 -0.8291016 -0.4411621
vn -0.3088379 -0.3088379 -0.8994141
vn -0.6347656 -0.6347656 -0.4411621
vn -0.512207 -0.512207 -0.6889648
vn -0.4033203 -0.1671143 -0.8994141
vn -0.6694336 -0.2773438 -0.6889648
vn -0.8291016 -0.3435059 -0.4411621
vn -0.4365234 -5.364418E-07 -0.8994141
vn -0.8974609 -5.364418E-07 -0.4411621
vn -0.7246094 2.384186E-07 -0.6889648
vn -0.4033203 0.1671143 -0.8994141
vn -0.8291016 0.3435059 -0.4411621
vn -0.6694336 0.2773438 -0.6889648
vn -0.3088379 0.3088379 -0.8994141
vn -0.6347656 0.6347656 -0.4411621
vn -0.512207 0.512207 -0.6889648
vn -0.1671143 0.4033203 -0.8994141
vn -0.2773438 0.6694336 -0.6889648
vn -0.3435059 0.8291016 -0.4411621
vn 6.556511E-07 0.4365234 -0.8994141
vn 1.072884E-06 0.7246094 -0.6889648
vn 0.2773438 0.6694336 -0.6889648
vn 8.34465E-07 0.8974609 -0.4411621
vn 0.1671143 0.4033203 -0.8994141
vn 0.3435059 0.8291016 -0.4411621
vn 0.3088379 0.3088379 -0.8994141
vn 0.6347656 0.6347656 -0.4411621
vn 0.512207 0.512207 -0.6889648
vn 0.4033203 0.1671143 -0.8994141
vn 0.8291016 0.3435059 -0.4411621
vn 0.6694336 0.2773438 -0.6889648
vn 0.4365234 -1.788139E-07 -0.8994141
vn 0.7246094 4.172325E-07 -0.6889648
vn 0.8974609 0 -0.4411621
vn 0.4033203 -0.1671143 -0.8994141
vn 0.8291016 -0.3435059 -0.4411621
vn 0.6694336 -0.2773438 -0.6889648
vn -0.8808594 -0.4733887 0
vn -0.8808594 -0.4733887 0
vn -0.8808594 -0.4733887 0
vn -0.8808594 -0.4733887 0
vn -0.8808594 -0.4733887 0
vn 0 0 -1
vn 0 0 -1
vn 0 0 -1
vn 0 0 -1
vn 0 0 -1
vn 0 0 -1
vn 0.03041077 0.9995117 3.576279E-07
vn 0.03041077 0.9995117 5.364418E-07
vn 0.03041077 0.9995117 1.788139E-07
vn 0.03041077 0.9995117 5.364418E-07
vn 0.03041077 0.9995117 1.788139E-07
vn -0.8505859 0.5258789 -1.192093E-07
vn -0.8505859 0.5258789 -3.576279E-07
vn -0.8505859 0.5258789 0
vn -0.8505859 0.5258789 -4.172325E-07
vn -0.8505859 0.5258789 0
vn -0.03041077 -0.9995117 0
vn -0.03041077 -0.9995117 -1.788139E-07
vn -0.03041077 -0.9995117 0
vn -0.03041077 -0.9995117 -1.788139E-07
vn -0.03041077 -0.9995117 0
vn 0.8505859 -0.5258789 0
vn 0.8505859 -0.5258789 0
vn 0.8505859 -0.5258789 0
vn 0.8505859 -0.5258789 0
vn 0.8505859 -0.5258789 0
vn 0.8808594 0.4733887 0
vn 0.8808594 0.4733887 -2.980232E-07
vn 0.8808594 0.4733887 0
vn 0.8808594 0.4733887 -2.980232E-07
vn 0.8808594 0.4733887 0
vn 0.7246094 1.788139E-07 -0.6889648
vn 0.4365234 0 -0.8994141
vn 0.4033203 -0.1671143 -0.8994141
vn 0.6694336 -0.2773438 -0.6889648
vn 0.3088379 -0.3088379 -0.8994141
vn 0.8291016 -0.3435059 -0.4411621
vn 0.8974609 3.576279E-07 -0.4411621
vn 0.512207 -0.512207 -0.6889648
vn 0.6347656 -0.6347656 -0.4411621
vn 0.1671143 -0.4033203 -0.8994141
vn 0.3435059 -0.8291016 -0.4411621
vn 0.2773438 -0.6694336 -0.6889648
vn -7.152557E-07 -0.4365234 -0.8994141
vn 2.980232E-07 -0.8974609 -0.4411621
vn 4.768372E-07 -0.7246094 -0.6889648
vn -0.1671143 -0.4033203 -0.8994141
vn -0.2773438 -0.6694336 -0.6889648
vn -0.3435059 -0.8291016 -0.4411621
vn -0.3088379 -0.3088379 -0.8994141
vn -0.6347656 -0.6347656 -0.4411621
vn -0.512207 -0.512207 -0.6889648
vn -0.4033203 -0.1671143 -0.8994141
vn -0.6694336 -0.2773438 -0.6889648
vn -0.8291016 -0.3435059 -0.4411621
vn -0.4365234 0 -0.8994141
vn -0.8974609 -4.172325E-07 -0.4411621
vn -0.7246094 -2.980232E-07 -0.6889648
vn -0.4033203 0.1671143 -0.8994141
vn -0.8291016 0.3435059 -0.4411621
vn -0.6694336 0.2773438 -0.6889648
vn -0.3088379 0.3088379 -0.8994141
vn -0.6347656 0.6347656 -0.4411621
vn -0.512207 0.512207 -0.6889648
vn -0.1671143 0.4033203 -0.8994141
vn -0.2773438 0.6694336 -0.6889648
vn -0.3435059 0.8291016 -0.4411621
vn 2.980232E-07 0.4365234 -0.8994141
vn 6.556511E-07 0.7246094 -0.6889648
vn 0.2773438 0.6694336 -0.6889648
vn 4.172325E-07 0.8974609 -0.4411621
vn 0.1671143 0.4033203 -0.8994141
vn 0.3435059 0.8291016 -0.4411621
vn 0.3088379 0.3088379 -0.8994141
vn 0.6347656 0.6347656 -0.4411621
vn 0.512207 0.512207 -0.6889648
vn 0.4033203 0.1671143 -0.8994141
vn 0.8291016 0.3435059 -0.4411621
vn 0.6694336 0.2773438 -0.6889648
vn 0.4365234 0 -0.8994141
vn 0.7246094 1.788139E-07 -0.6889648
vn 0.8974609 3.576279E-07 -0.4411621
vn -0.8808594 -0.4733887 0
vn -0.8808594 -0.4733887 8.34465E-07
vn -0.8808594 -0.4733887 3.576279E-07
vn -0.8808594 -0.4733887 8.34465E-07
vn -0.8808594 -0.4733887 0
vn 0 0 -1
vn 0 0 -1
vn 0 0 -1
vn 0 0 -1
vn 0 0 -1
vn 0 0 -1
vn 0.03041077 0.9995117 0
vn 0.03041077 0.9995117 -1.788139E-07
vn 0.03041077 0.9995117 0
vn 0.03041077 0.9995117 -1.788139E-07
vn 0.03041077 0.9995117 0
vn -0.8505859 0.5258789 -4.768372E-07
vn -0.8505859 0.5258789 -1.072884E-06
vn -0.8505859 0.5258789 0
vn -0.8505859 0.5258789 -1.072884E-06
vn -0.8505859 0.5258789 0
vn -0.03041077 -0.9995117 1.192093E-07
vn -0.03041077 -0.9995117 3.576279E-07
vn -0.03041077 -0.9995117 0
vn -0.03041077 -0.9995117 3.576279E-07
vn -0.03041077 -0.9995117 0
vn 0.8505859 -0.5258789 7.152557E-07
vn 0.8505859 -0.5258789 2.980232E-07
vn 0.8505859 -0.5258789 0
vn 0.8505859 -0.5258789 7.152557E-07
vn 0.8505859 -0.5258789 0
vn 0.8808594 0.4733887 0
vn 0.8808594 0.4733887 -1.192093E-07
vn 0.8808594 0.4733887 0
vn 0.8808594 0.4733887 -1.192093E-07
vn 0.8808594 0.4733887 0
vn -5.865097E-05 2.801418E-06 1
vn -9.018183E-05 3.576279E-07 1
vn -6.449223E-05 -1.490116E-06 1
vn 0 0 1
vn 0 0 1
vn 0 0 1
vn 0 0 1
vn 0 0 1
vn 0 0 1
vn 4.172325E-07 1.788139E-07 1
vn 4.172325E-07 1.788139E-07 1
vn 3.576279E-07 4.172325E-07 1
vn 3.576279E-07 4.172325E-07 1
vn 0 4.172325E-07 1
vn 0 4.172325E-07 1
vn 0 2.980232E-07 1
vn 0 2.980232E-07 1
vn 6.556511E-07 1.192093E-07 1
vn 6.556511E-07 -4.172325E-07 1
vn 0 -8.34465E-07 1
vn 1.370907E-06 -2.980232E-07 1
vn 1.728535E-06 0 1
vn 2.145767E-06 0 1
vn 0 0 1
vn 0 0 1
vn 0 0 1
vn 0 0 1
vn 0 0 1
vn 0 0 1
vn 0 0 1
vn 0 0 1
vn 0 0 1
vn 0 0 1
vn 0 0 1
vn 0 0 1
vn 0 0 1
vn 0 0 1
vn -7.498264E-05 -2.622604E-06 1
vn -7.498264E-05 2.622604E-06 1
vn -0.0001020432 0 1
vn -9.351969E-05 0 1
vn -0.0001019835 0 1
vn -7.498264E-05 2.622604E-06 1
vn -7.498264E-05 -2.622604E-06 1
vn 0 0 1
vn -9.292364E-05 0 1
vn 0 0 1
vn -0.0001019835 0 1
vn 0 0 1
vn 0 0 1
vn 0 0 1
vn 0 0 1
vn 0 0 1
vn 0 0 1
vn 0 0 1
vn 0 0 1
vn 0 0 1
vn 0 0 1
vn 0 0 1
vn 0 0 1
vn -7.301569E-05 2.384186E-06 1
vn 1.728535E-06 0 1
vn -8.744001E-05 -1.788139E-07 1
vn 1.728535E-06 0 1
vn 2.384186E-06 0 1
vn 1.966953E-06 0 1
vn 2.384186E-06 0 1
vn 1.072884E-06 1.788139E-07 1
vn 6.556511E-07 -4.172325E-07 1
vn -7.194281E-05 -2.622604E-06 1
vn 2.980232E-07 0 1
vn 2.980232E-07 0 1
vn 8.34465E-07 2.980232E-07 1
vn 8.34465E-07 2.980232E-07 1
vn 0 5.960464E-07 1
vn 0 5.960464E-07 1
vn 0 6.556511E-07 1
vn 0 6.556511E-07 1
vn 0 5.960464E-07 1
vn 0 5.960464E-07 1
vn 0 4.172325E-07 1
vn 0 4.172325E-07 1
vn 0 2.980232E-07 1
vn 0 2.980232E-07 1
vn 6.556511E-07 1.192093E-07 1
vn 0 -8.34465E-07 1
vn 1.370907E-06 -2.980232E-07 1
vn 2.384186E-06 0 1
vn 1.728535E-06 0 1
vn 0 0 1
vn 2.384186E-06 0 1
vn 0 0 1
vn 0 0 1
vn 0 0 1
vn 0 0 1
vn 0 0 1
vn 0 0 1
vn 0 0 1
vn 0 0 1
vn 0 0 1
vn 0 0 1
vn 0 0 1
vn 0 0 1
vn 0 0 1
vn -5.382299E-05 -2.205372E-06 1
vn -7.003546E-05 2.44379E-06 1
vn -9.530783E-05 0 1
vn -5.382299E-05 1.788139E-06 1
vn -6.29425E-05 2.026558E-06 1
vn -3.474951E-05 2.384186E-07 1
vn -2.288818E-05 -2.384186E-06 1
vn -2.980232E-07 -2.384186E-07 1
vn -1.049042E-05 -7.748604E-07 1
vn -2.980232E-07 -2.384186E-07 1
vn -8.34465E-07 -1.192093E-07 1
vn -8.34465E-07 -1.192093E-07 1
vn 0 0 1
vn 0 0 1
vn 0 0 1
vn 0 0 1
vn 0 0 1
vn 0 0 1
vn 8.34465E-07 -1.192093E-07 1
vn 8.34465E-07 -1.192093E-07 1
vn 2.980232E-07 -2.384186E-07 1
vn 2.980232E-07 -2.384186E-07 1
vn -4.887581E-06 0 1
vn 2.44379E-06 0 1
vn -2.622604E-06 0 1
vn 2.801418E-06 -2.384186E-07 1
vn -2.205372E-06 -1.192093E-07 1
vn 1.430511E-06 1.788139E-07 1
vn -2.384186E-06 0 1
vn 1.430511E-06 1.788139E-07 1
vn -2.264977E-06 -1.192093E-07 1
vn 2.980232E-07 3.576279E-07 1
vn -1.788139E-06 2.384186E-07 1
vn 2.980232E-07 3.576279E-07 1
vn -1.192093E-06 4.172325E-07 1
vn 5.364418E-07 1.788139E-07 1
vn -9.536743E-07 5.364418E-07 1
vn 5.364418E-07 1.788139E-07 1
vn -8.34465E-07 3.576279E-07 1
vn 0 0 1
vn 0 0 1
vn 0 0 1
vn 0 0 1
vn 0 0 1
vn 0 0 1
vn -1.430511E-06 1.192093E-07 1
vn -1.430511E-06 1.192093E-07 1
vn -6.556511E-07 4.768372E-07 1
vn -5.960464E-07 4.172325E-07 1
vn -4.768372E-07 4.768372E-07 1
vn 2.563E-06 2.384186E-07 1
vn -2.980232E-07 5.364418E-07 1
vn -3.576279E-07 4.768372E-07 1
vn -2.384186E-07 5.364418E-07 1
vn 0 5.364418E-07 1
vn -2.384186E-07 4.768372E-07 1
vn -1.192093E-07 5.364418E-07 1
vn 0 5.364418E-07 1
vn 1.192093E-07 5.364418E-07 1
vn 1.788139E-07 5.364418E-07 1
vn 2.384186E-07 5.364418E-07 1
vn 3.576279E-07 5.364418E-07 1
vn 4.172325E-07 5.364418E-07 1
vn 4.768372E-07 5.364418E-07 1
vn 5.960464E-07 4.768372E-07 1
vn 1.311302E-06 0 1
vn 1.072884E-06 2.384186E-07 1
vn 1.430511E-06 -2.980232E-07 1
vn 1.430511E-06 -4.172325E-07 1
vn 2.980232E-07 0 1
vn 2.026558E-06 -2.980232E-07 1
vn 1.907349E-06 -4.172325E-07 1
vn 2.145767E-06 0 1
vn 3.874302E-06 0 1
vn 4.708767E-06 0 1
vn 0.04379272 -0.6176758 -0.7851563
vn -0.02638245 -0.6259766 -0.7792969
vn -0.1958008 -0.621582 -0.7583008
vn 0.2320557 -0.6450195 -0.7280273
vn -0.3813477 -0.6171875 -0.6879883
vn 0.3291016 -0.6235352 -0.7094727
vn -0.4685059 -0.4555664 -0.7568359
vn 0.489502 -0.4577637 -0.7421875
vn 0.5634766 -0.3474121 -0.7495117
vn 0.6298828 -0.2318115 -0.7412109
vn 0.7055664 -0.01802063 -0.7084961
vn 0.6777344 0.08422852 -0.7304688
vn -0.5473633 -0.3049316 -0.7792969
vn -0.5712891 -0.2391357 -0.7851563
vn -0.6777344 -0.08416748 -0.7304688
vn -0.7055664 0.01802063 -0.7084961
vn -0.6298828 0.2318115 -0.7412109
vn -0.5634766 0.3474121 -0.7495117
vn -0.489502 0.4577637 -0.7421875
vn -0.3291016 0.6235352 -0.7094727
vn -0.2320557 0.6450195 -0.7280273
vn 0.5473633 0.3049316 -0.7792969
vn 0.5712891 0.2391357 -0.7851563
vn 0.4685059 0.4555664 -0.7568359
vn 0.3813477 0.6171875 -0.6879883
vn 0.1958008 0.621582 -0.7583008
vn 0.02638245 0.6259766 -0.7792969
vn -0.04379272 0.6176758 -0.7851563
vn 0.04379272 -0.6176758 -0.7851563
vn -0.02638245 -0.6259766 -0.7792969
vn -0.1958008 -0.621582 -0.7583008
vn 0.2320557 -0.6450195 -0.7280273
vn -0.3813477 -0.6171875 -0.6879883
vn 0.3291016 -0.6235352 -0.7094727
vn -0.4685059 -0.4555664 -0.7568359
vn 0.489502 -0.4577637 -0.7421875
vn 0.5634766 -0.3474121 -0.7495117
vn 0.6298828 -0.2318115 -0.7412109
vn 0.7055664 -0.01802063 -0.7084961
vn 0.6777344 0.08416748 -0.7304688
vn -0.5473633 -0.3049316 -0.7792969
vn -0.5712891 -0.2391357 -0.7851563
vn -0.6777344 -0.08416748 -0.7304688
vn -0.7055664 0.01802063 -0.7084961
vn -0.6298828 0.2318115 -0.7412109
vn -0.5634766 0.3474121 -0.7495117
vn -0.489502 0.4577637 -0.7421875
vn -0.3291016 0.6235352 -0.7094727
vn -0.2320557 0.6450195 -0.7280273
vn 0.5473633 0.3049316 -0.7792969
vn 0.5712891 0.2391357 -0.7851563
vn 0.4685059 0.4555664 -0.7568359
vn 0.3813477 0.6171875 -0.6879883
vn 0.1958008 0.621582 -0.7583008
vn 0.02638245 0.6259766 -0.7792969
vn -0.04379272 0.6176758 -0.7851563
vn 0 0 -1
vn 9.119511E-06 0 -1
vn 9.477139E-06 -1.192093E-07 -1
vn 1.114607E-05 -8.34465E-07 -1
vn 0 0 -1
vn 0 0 -1
vn 0 0 -1
vn 0 0 -1
vn 0 0 -1
vn 0 0 -1
vn 0 0 -1
vn 0 0 -1
vn 0 0 -1
vn -2.503395E-06 0 -1
vn -2.622604E-06 -1.192093E-07 -1
vn -2.205372E-06 1.847744E-06 -1
vn -3.457069E-06 -3.576279E-07 -1
vn -2.384186E-06 8.940697E-07 -1
vn -2.861023E-06 -1.192093E-07 -1
vn -1.072884E-06 4.410744E-06 -1
vn -2.205372E-06 -1.847744E-06 -1
vn -5.960464E-07 8.046627E-06 -1
vn -4.768372E-07 7.033348E-06 -1
vn -2.384186E-06 -8.940697E-07 -1
vn -1.788139E-06 -1.966953E-06 -1
vn -5.364418E-07 -6.67572E-06 -1
vn 5.364418E-07 -8.404255E-06 -1
vn 5.960464E-07 -8.404255E-06 -1
vn 1.847744E-06 -8.761883E-06 -1
vn 5.960464E-07 8.761883E-06 -1
vn 1.192093E-06 8.46386E-06 -1
vn 2.741814E-06 8.46386E-06 -1
vn 3.397465E-06 -8.285046E-06 -1
vn 3.635883E-06 -8.34465E-06 -1
vn 5.304813E-06 -7.748604E-06 -1
vn 4.172325E-06 8.046627E-06 -1
vn 4.470348E-06 7.748604E-06 -1
vn 6.139278E-06 7.212162E-06 -1
vn 6.854534E-06 -6.735325E-06 -1
vn 6.973743E-06 -6.854534E-06 -1
vn 8.583069E-06 -5.662441E-06 -1
vn 7.390976E-06 6.496906E-06 -1
vn 7.629395E-06 6.318092E-06 -1
vn 9.655952E-06 4.291534E-06 -1
vn 1.013279E-05 3.755093E-06 -1
vn 1.168251E-05 1.66893E-06 -1
vn 1.269579E-05 0 -1
vn 1.007318E-05 -3.933907E-06 -1
vn 1.013279E-05 -4.172325E-06 -1
vn 1.144409E-05 -2.264977E-06 -1
vn 1.275539E-05 -7.152557E-07 -1
vn 1.180172E-05 -7.152557E-07 -1
vn 0 0 -1
vn 0 0 -1
vn 0 0 -1
vn 0 0 -1
vn 0 0 -1
vn 0 0 -1
vn 0 0 -1
vn 0 0 -1
vn 0 0 -1
vn 0 0 -1
vn 0 0 -1
vn 0 0 -1
vn 0 0 -1
vn 0 0 -1
vn 0 0 -1
vn 0 0 -1
vn 0 0 -1
vn 0 0 -1
vn 0 0 -1
vn 0 0 -1
vn 0 0 -1
vn 0 0 -1
vn 0 0 -1
vn 0 0 -1
vn 0 0 -1
vn 0 0 -1
vn 0 0 -1
vn 0 0 -1
vn 0 0 -1
vn 0 0 -1
vn 0 0 -1
vn 0 0 -1
vn 0 0 -1
vn 0 0 -1
vn 0 0 -1
vn 0 0 -1
vn 0 0 -1
vn 0 0 -1
vn 0 0 -1
vn 0 0 -1
vn 0 0 -1
vn 0 0 -1
vn 0 0 -1
vn 0 0 -1
vn 0 0 -1
vn 0 0 -1
vn 0 0 -1
vn 0 0 -1
vn 0 0 -1
vn 0 0 -1
vn 0 0 -1
vn 0 0 -1
vn 0 0 -1
vn 0 0 -1
vn 0 0 -1
vn 0 0 -1
vn 0 0 -1
vn 0 0 -1
vn 0 0 -1
vn 0 0 -1
vn 0 0 -1
vn 0 0 -1
vn 0 0 -1
vn 0 0 -1
g mount_dovetail_tochmash_sr3mp_side_rail_LOD0_0
f 3/3/3 2/2/2 1/1/1
f 2/2/2 4/4/4 1/1/1
f 4/4/4 5/5/5 1/1/1
f 5/5/5 6/6/6 1/1/1
f 7/7/7 5/5/5 4/4/4
f 8/8/8 1/1/1 6/6/6
f 9/9/9 7/7/7 4/4/4
f 10/10/10 9/9/9 4/4/4
f 11/11/11 10/10/10 4/4/4
f 12/12/12 1/1/1 8/8/8
f 13/13/13 1/1/1 12/12/12
f 14/14/14 1/1/1 13/13/13
f 15/15/15 11/11/11 4/4/4
f 16/16/16 1/1/1 14/14/14
f 14/14/14 17/17/17 16/16/16
f 17/17/17 18/18/18 16/16/16
f 19/19/19 11/11/11 15/15/15
f 16/16/16 18/18/18 20/20/20
f 21/21/21 19/19/19 15/15/15
f 18/18/18 22/22/22 20/20/20
f 23/23/23 21/21/21 15/15/15
f 24/24/24 23/23/23 15/15/15
f 25/25/25 24/24/24 15/15/15
f 20/20/20 25/25/25 15/15/15
f 22/22/22 26/26/26 20/20/20
f 27/27/27 25/25/25 20/20/20
f 26/26/26 27/27/27 20/20/20
f 30/30/30 29/29/29 28/28/28
f 31/31/31 30/30/30 28/28/28
f 32/32/32 30/30/30 31/31/31
f 33/33/33 32/32/32 31/31/31
f 33/33/33 34/34/34 32/32/32
f 34/34/34 35/35/35 32/32/32
f 35/35/35 34/34/34 36/36/36
f 37/37/37 35/35/35 36/36/36
f 40/40/40 39/39/39 38/38/38
f 41/41/41 40/40/40 38/38/38
f 44/44/44 43/43/43 42/42/42
f 45/45/45 44/44/44 42/42/42
f 48/48/48 47/47/47 46/46/46
f 49/49/49 48/48/48 46/46/46
f 52/52/52 51/51/51 50/50/50
f 53/53/53 52/52/52 50/50/50
f 56/56/56 55/55/55 54/54/54
f 55/55/55 57/57/57 54/54/54
f 58/58/58 57/57/57 55/55/55
f 59/59/59 57/57/57 58/58/58
f 60/60/60 57/57/57 59/59/59
f 61/61/61 57/57/57 60/60/60
f 61/61/61 62/62/62 57/57/57
f 62/62/62 63/63/63 57/57/57
f 66/66/66 65/65/65 64/64/64
f 67/67/67 66/66/66 64/64/64
f 66/66/66 67/67/67 68/68/68
f 69/69/69 66/66/66 68/68/68
f 69/69/69 68/68/68 70/70/70
f 68/68/68 71/71/71 70/70/70
f 71/71/71 72/72/72 70/70/70
f 72/72/72 73/73/73 70/70/70
f 73/73/73 72/72/72 74/74/74
f 75/75/75 73/73/73 74/74/74
f 75/75/75 74/74/74 76/76/76
f 74/74/74 77/77/77 76/76/76
f 76/76/76 77/77/77 78/78/78
f 79/79/79 78/78/78 77/77/77
f 80/80/80 79/79/79 77/77/77
f 80/80/80 81/81/81 79/79/79
f 82/82/82 81/81/81 80/80/80
f 85/85/85 84/84/84 83/83/83
f 86/86/86 85/85/85 83/83/83
f 83/83/83 87/87/87 86/86/86
f 87/87/87 88/88/88 86/86/86
f 89/89/89 86/86/86 88/88/88
f 92/92/92 91/91/91 90/90/90
f 91/91/91 93/93/93 90/90/90
f 91/91/91 94/94/94 93/93/93
f 94/94/94 95/95/95 93/93/93
f 96/96/96 95/95/95 94/94/94
f 97/97/97 96/96/96 94/94/94
f 98/98/98 97/97/97 94/94/94
f 99/99/99 97/97/97 98/98/98
f 100/100/100 99/99/99 98/98/98
f 101/101/101 99/99/99 100/100/100
f 102/102/102 101/101/101 100/100/100
f 101/101/101 102/102/102 103/103/103
f 104/104/104 101/101/101 103/103/103
f 107/107/107 106/106/106 105/105/105
f 108/108/108 107/107/107 105/105/105
f 109/109/109 107/107/107 108/108/108
f 109/109/109 108/108/108 110/110/110
f 111/111/111 107/107/107 109/109/109
f 112/112/112 109/109/109 110/110/110
f 113/113/113 112/112/112 110/110/110
f 114/114/114 113/113/113 110/110/110
f 111/111/111 109/109/109 115/115/115
f 116/116/116 111/111/111 115/115/115
f 117/117/117 111/111/111 116/116/116
f 118/118/118 117/117/117 116/116/116
f 119/119/119 116/116/116 115/115/115
f 120/120/120 119/119/119 115/115/115
f 121/121/121 120/120/120 115/115/115
f 119/119/119 120/120/120 122/122/122
f 123/123/123 119/119/119 122/122/122
f 126/126/126 125/125/125 124/124/124
f 125/125/125 127/127/127 124/124/124
f 127/127/127 125/125/125 128/128/128
f 125/125/125 129/129/129 128/128/128
f 129/129/129 130/130/130 128/128/128
f 128/128/128 130/130/130 131/131/131
f 132/132/132 128/128/128 131/131/131
f 131/131/131 133/133/133 132/132/132
f 133/133/133 134/134/134 132/132/132
f 135/135/135 134/134/134 133/133/133
f 136/136/136 135/135/135 133/133/133
f 135/135/135 136/136/136 137/137/137
f 136/136/136 138/138/138 137/137/137
f 141/141/141 140/140/140 139/139/139
f 140/140/140 142/142/142 139/139/139
f 143/143/143 139/139/139 142/142/142
f 144/144/144 143/143/143 142/142/142
f 145/145/145 139/139/139 143/143/143
f 146/146/146 145/145/145 143/143/143
f 145/145/145 146/146/146 147/147/147
f 146/146/146 148/148/148 147/147/147
f 143/143/143 149/149/149 146/146/146
f 149/149/149 150/150/150 146/146/146
f 151/151/151 150/150/150 149/149/149
f 150/150/150 151/151/151 152/152/152
f 151/151/151 153/153/153 152/152/152
f 154/154/154 151/151/151 149/149/149
f 154/154/154 149/149/149 155/155/155
f 149/149/149 156/156/156 155/155/155
f 159/159/159 158/158/158 157/157/157
f 158/158/158 160/160/160 157/157/157
f 161/161/161 157/157/157 160/160/160
f 162/162/162 161/161/161 160/160/160
f 163/163/163 161/161/161 162/162/162
f 164/164/164 163/163/163 162/162/162
f 165/165/165 163/163/163 164/164/164
f 166/166/166 165/165/165 164/164/164
f 165/165/165 166/166/166 167/167/167
f 166/166/166 168/168/168 167/167/167
f 167/167/167 168/168/168 169/169/169
f 168/168/168 170/170/170 169/169/169
f 173/173/173 172/172/172 171/171/171
f 174/174/174 173/173/173 171/171/171
f 177/177/177 176/176/176 175/175/175
f 178/178/178 177/177/177 175/175/175
f 177/177/177 178/178/178 179/179/179
f 178/178/178 180/180/180 179/179/179
f 179/179/179 180/180/180 181/181/181
f 179/179/179 181/181/181 182/182/182
f 181/181/181 183/183/183 182/182/182
f 182/182/182 183/183/183 184/184/184
f 185/185/185 182/182/182 184/184/184
f 185/185/185 184/184/184 186/186/186
f 184/184/184 187/187/187 186/186/186
f 186/186/186 187/187/187 188/188/188
f 189/189/189 186/186/186 188/188/188
f 189/189/189 188/188/188 190/190/190
f 190/190/190 188/188/188 191/191/191
f 188/188/188 192/192/192 191/191/191
f 190/190/190 191/191/191 193/193/193
f 192/192/192 188/188/188 194/194/194
f 188/188/188 195/195/195 194/194/194
f 192/192/192 194/194/194 196/196/196
f 194/194/194 197/197/197 196/196/196
f 196/196/196 197/197/197 198/198/198
f 199/199/199 196/196/196 198/198/198
f 200/200/200 199/199/199 198/198/198
f 201/201/201 200/200/200 198/198/198
f 200/200/200 201/201/201 202/202/202
f 203/203/203 200/200/200 202/202/202
f 203/203/203 202/202/202 204/204/204
f 205/205/205 203/203/203 204/204/204
f 204/204/204 206/206/206 205/205/205
f 206/206/206 207/207/207 205/205/205
f 207/207/207 206/206/206 208/208/208
f 206/206/206 209/209/209 208/208/208
f 208/208/208 209/209/209 210/210/210
f 209/209/209 211/211/211 210/210/210
f 212/212/212 210/210/210 211/211/211
f 213/213/213 212/212/212 211/211/211
f 216/216/216 215/215/215 214/214/214
f 215/215/215 217/217/217 214/214/214
f 214/214/214 217/217/217 218/218/218
f 217/217/217 219/219/219 218/218/218
f 219/219/219 220/220/220 218/218/218
f 220/220/220 221/221/221 218/218/218
f 220/220/220 222/222/222 221/221/221
f 222/222/222 223/223/223 221/221/221
f 222/222/222 224/224/224 223/223/223
f 224/224/224 225/225/225 223/223/223
f 225/225/225 224/224/224 226/226/226
f 227/227/227 225/225/225 226/226/226
f 227/227/227 226/226/226 228/228/228
f 229/229/229 227/227/227 228/228/228
f 229/229/229 228/228/228 230/230/230
f 228/228/228 231/231/231 230/230/230
f 230/230/230 231/231/231 232/232/232
f 231/231/231 233/233/233 232/232/232
f 233/233/233 234/234/234 232/232/232
f 234/234/234 235/235/235 232/232/232
f 235/235/235 234/234/234 236/236/236
f 237/237/237 235/235/235 236/236/236
f 235/235/235 237/237/237 238/238/238
f 239/239/239 235/235/235 238/238/238
f 239/239/239 238/238/238 240/240/240
f 237/237/237 241/241/241 238/238/238
f 238/238/238 242/242/242 240/240/240
f 243/243/243 241/241/241 237/237/237
f 242/242/242 244/244/244 240/240/240
f 245/245/245 243/243/243 237/237/237
f 244/244/244 246/246/246 240/240/240
f 243/243/243 245/245/245 247/247/247
f 245/245/245 248/248/248 247/247/247
f 246/246/246 244/244/244 249/249/249
f 250/250/250 247/247/247 248/248/248
f 251/251/251 250/250/250 248/248/248
f 252/252/252 250/250/250 251/251/251
f 253/253/253 250/250/250 252/252/252
f 254/254/254 253/253/253 252/252/252
f 253/253/253 254/254/254 255/255/255
f 254/254/254 256/256/256 255/255/255
f 257/257/257 255/255/255 256/256/256
f 258/258/258 257/257/257 256/256/256
f 259/259/259 246/246/246 249/249/249
f 259/259/259 249/249/249 260/260/260
f 261/261/261 260/260/260 249/249/249
f 193/193/193 259/259/259 260/260/260
f 261/261/261 190/190/190 260/260/260
f 260/260/260 190/190/190 193/193/193
f 264/264/264 263/263/263 262/262/262
f 265/265/265 264/264/264 262/262/262
f 266/266/266 264/264/264 265/265/265
f 267/267/267 266/266/266 265/265/265
f 270/270/270 269/269/269 268/268/268
f 271/271/271 270/270/270 268/268/268
f 272/272/272 270/270/270 271/271/271
f 273/273/273 270/270/270 272/272/272
f 274/274/274 272/272/272 271/271/271
f 275/275/275 274/274/274 271/271/271
f 276/276/276 275/275/275 271/271/271
f 279/279/279 278/278/278 277/277/277
f 280/280/280 279/279/279 277/277/277
f 280/280/280 277/277/277 281/281/281
f 282/282/282 280/280/280 281/281/281
f 282/282/282 281/281/281 283/283/283
f 284/284/284 282/282/282 283/283/283
f 287/287/287 286/286/286 285/285/285
f 288/288/288 286/286/286 287/287/287
f 288/288/288 287/287/287 289/289/289
f 290/290/290 288/288/288 289/289/289
f 293/293/293 292/292/292 291/291/291
f 294/294/294 293/293/293 291/291/291
f 295/295/295 294/294/294 291/291/291
f 296/296/296 294/294/294 295/295/295
f 299/299/299 298/298/298 297/297/297
f 298/298/298 300/300/300 297/297/297
f 301/301/301 297/297/297 300/300/300
f 300/300/300 302/302/302 301/301/301
f 302/302/302 303/303/303 301/301/301
f 303/303/303 304/304/304 301/301/301
f 301/301/301 305/305/305 297/297/297
f 306/306/306 297/297/297 305/305/305
f 309/309/309 308/308/308 307/307/307
f 308/308/308 310/310/310 307/307/307
f 307/307/307 310/310/310 311/311/311
f 310/310/310 312/312/312 311/311/311
f 311/311/311 312/312/312 313/313/313
f 314/314/314 311/311/311 313/313/313
f 313/313/313 315/315/315 314/314/314
f 314/314/314 315/315/315 316/316/316
f 315/315/315 317/317/317 316/316/316
f 316/316/316 317/317/317 318/318/318
f 317/317/317 319/319/319 318/318/318
f 318/318/318 319/319/319 320/320/320
f 321/321/321 318/318/318 320/320/320
f 324/324/324 323/323/323 322/322/322
f 325/325/325 324/324/324 322/322/322
f 324/324/324 325/325/325 326/326/326
f 327/327/327 324/324/324 326/326/326
f 330/330/330 329/329/329 328/328/328
f 329/329/329 331/331/331 328/328/328
f 332/332/332 328/328/328 331/331/331
f 333/333/333 332/332/332 331/331/331
f 334/334/334 332/332/332 333/333/333
f 335/335/335 332/332/332 334/334/334
f 336/336/336 335/335/335 334/334/334
f 336/336/336 337/337/337 335/335/335
f 337/337/337 338/338/338 335/335/335
f 338/338/338 337/337/337 339/339/339
f 337/337/337 340/340/340 339/339/339
f 339/339/339 340/340/340 341/341/341
f 342/342/342 339/339/339 341/341/341
f 345/345/345 344/344/344 343/343/343
f 346/346/346 345/345/345 343/343/343
f 347/347/347 346/346/346 343/343/343
f 348/348/348 346/346/346 347/347/347
f 349/349/349 345/345/345 346/346/346
f 350/350/350 349/349/349 346/346/346
f 351/351/351 349/349/349 350/350/350
f 354/354/354 353/353/353 352/352/352
f 355/355/355 354/354/354 352/352/352
f 356/356/356 355/355/355 352/352/352
f 357/357/357 356/356/356 352/352/352
f 358/358/358 356/356/356 357/357/357
f 358/358/358 357/357/357 359/359/359
f 360/360/360 359/359/359 357/357/357
f 361/361/361 360/360/360 357/357/357
f 362/362/362 361/361/361 357/357/357
f 363/363/363 358/358/358 359/359/359
f 364/364/364 358/358/358 363/363/363
f 365/365/365 358/358/358 364/364/364
f 358/358/358 365/365/365 366/366/366
f 367/367/367 358/358/358 366/366/366
f 368/368/368 367/367/367 366/366/366
f 371/371/371 370/370/370 369/369/369
f 370/370/370 372/372/372 369/369/369
f 373/373/373 369/369/369 372/372/372
f 374/374/374 373/373/373 372/372/372
f 373/373/373 374/374/374 375/375/375
f 374/374/374 376/376/376 375/375/375
f 377/377/377 375/375/375 376/376/376
f 378/378/378 377/377/377 376/376/376
f 377/377/377 378/378/378 379/379/379
f 378/378/378 380/380/380 379/379/379
f 379/379/379 380/380/380 381/381/381
f 380/380/380 382/382/382 381/381/381
f 381/381/381 382/382/382 383/383/383
f 384/384/384 381/381/381 383/383/383
f 385/385/385 384/384/384 383/383/383
f 386/386/386 385/385/385 383/383/383
f 385/385/385 386/386/386 387/387/387
f 388/388/388 385/385/385 387/387/387
f 388/388/388 387/387/387 389/389/389
f 387/387/387 390/390/390 389/389/389
f 389/389/389 390/390/390 391/391/391
f 390/390/390 392/392/392 391/391/391
f 393/393/393 391/391/391 392/392/392
f 394/394/394 393/393/393 392/392/392
f 393/393/393 394/394/394 395/395/395
f 394/394/394 396/396/396 395/395/395
f 395/395/395 396/396/396 397/397/397
f 396/396/396 398/398/398 397/397/397
f 401/401/401 400/400/400 399/399/399
f 402/402/402 401/401/401 399/399/399
f 403/403/403 402/402/402 399/399/399
f 404/404/404 403/403/403 399/399/399
f 403/403/403 404/404/404 405/405/405
f 406/406/406 403/403/403 405/405/405
f 406/406/406 405/405/405 407/407/407
f 408/408/408 406/406/406 407/407/407
f 408/408/408 407/407/407 409/409/409
f 410/410/410 408/408/408 409/409/409
f 410/410/410 409/409/409 411/411/411
f 412/412/412 410/410/410 411/411/411
f 412/412/412 411/411/411 413/413/413
f 414/414/414 412/412/412 413/413/413
f 414/414/414 413/413/413 415/415/415
f 413/413/413 416/416/416 415/415/415
f 415/415/415 416/416/416 417/417/417
f 416/416/416 418/418/418 417/417/417
f 417/417/417 418/418/418 419/419/419
f 418/418/418 420/420/420 419/419/419
f 420/420/420 421/421/421 419/419/419
f 421/421/421 422/422/422 419/419/419
f 423/423/423 422/422/422 421/421/421
f 424/424/424 423/423/423 421/421/421
f 423/423/423 424/424/424 425/425/425
f 424/424/424 426/426/426 425/425/425
f 427/427/427 425/425/425 426/426/426
f 428/428/428 427/427/427 426/426/426
f 431/431/431 430/430/430 429/429/429
f 430/430/430 432/432/432 429/429/429
f 433/433/433 429/429/429 432/432/432
f 434/434/434 433/433/433 432/432/432
f 429/429/429 433/433/433 435/435/435
f 433/433/433 436/436/436 435/435/435
f 436/436/436 437/437/437 435/435/435
f 437/437/437 438/438/438 435/435/435
f 435/435/435 438/438/438 439/439/439
f 438/438/438 440/440/440 439/439/439
f 441/441/441 438/438/438 437/437/437
f 441/441/441 437/437/437 442/442/442
f 437/437/437 443/443/443 442/442/442
f 444/444/444 441/441/441 442/442/442
f 445/445/445 444/444/444 442/442/442
f 446/446/446 445/445/445 442/442/442
f 433/433/433 434/434/434 447/447/447
f 448/448/448 433/433/433 447/447/447
f 449/449/449 433/433/433 448/448/448
f 450/450/450 433/433/433 449/449/449
f 434/434/434 451/451/451 447/447/447
f 452/452/452 451/451/451 434/434/434
f 453/453/453 452/452/452 434/434/434
f 453/453/453 434/434/434 454/454/454
f 434/434/434 455/455/455 454/454/454
f 456/456/456 454/454/454 455/455/455
f 459/459/459 458/458/458 457/457/457
f 460/460/460 459/459/459 457/457/457
f 463/463/463 462/462/462 461/461/461
f 464/464/464 463/463/463 461/461/461
f 467/467/467 466/466/466 465/465/465
f 468/468/468 467/467/467 465/465/465
f 471/471/471 470/470/470 469/469/469
f 472/472/472 471/471/471 469/469/469
f 473/473/473 472/472/472 469/469/469
f 474/474/474 472/472/472 473/473/473
f 475/475/475 474/474/474 473/473/473
f 478/478/478 477/477/477 476/476/476
f 477/477/477 479/479/479 476/476/476
f 480/480/480 476/476/476 479/479/479
f 481/481/481 480/480/480 479/479/479
f 484/484/484 483/483/483 482/482/482
f 485/485/485 484/484/484 482/482/482
f 484/484/484 485/485/485 486/486/486
f 485/485/485 487/487/487 486/486/486
f 486/486/486 487/487/487 488/488/488
f 489/489/489 486/486/486 488/488/488
f 490/490/490 489/489/489 488/488/488
f 490/490/490 491/491/491 489/489/489
f 491/491/491 492/492/492 489/489/489
f 492/492/492 491/491/491 493/493/493
f 491/491/491 494/494/494 493/493/493
f 493/493/493 494/494/494 495/495/495
f 494/494/494 496/496/496 495/495/495
f 495/495/495 496/496/496 497/497/497
f 497/497/497 496/496/496 498/498/498
f 496/496/496 499/499/499 498/498/498
f 499/499/499 500/500/500 498/498/498
f 501/501/501 498/498/498 500/500/500
f 502/502/502 501/501/501 500/500/500
f 503/503/503 497/497/497 498/498/498
f 501/501/501 502/502/502 504/504/504
f 502/502/502 505/505/505 504/504/504
f 504/504/504 505/505/505 506/506/506
f 507/507/507 504/504/504 506/506/506
f 507/507/507 506/506/506 508/508/508
f 506/506/506 509/509/509 508/508/508
f 508/508/508 509/509/509 510/510/510
f 511/511/511 508/508/508 510/510/510
f 511/511/511 510/510/510 512/512/512
f 513/513/513 511/511/511 512/512/512
f 513/513/513 512/512/512 514/514/514
f 515/515/515 513/513/513 514/514/514
f 515/515/515 514/514/514 516/516/516
f 517/517/517 515/515/515 516/516/516
f 518/518/518 517/517/517 516/516/516
f 519/519/519 518/518/518 516/516/516
f 522/522/522 521/521/521 520/520/520
f 523/523/523 522/522/522 520/520/520
f 523/523/523 520/520/520 524/524/524
f 525/525/525 523/523/523 524/524/524
f 526/526/526 525/525/525 524/524/524
f 527/527/527 526/526/526 524/524/524
f 526/526/526 527/527/527 528/528/528
f 529/529/529 526/526/526 528/528/528
f 529/529/529 528/528/528 530/530/530
f 531/531/531 529/529/529 530/530/530
f 531/531/531 530/530/530 532/532/532
f 533/533/533 531/531/531 532/532/532
f 534/534/534 533/533/533 532/532/532
f 535/535/535 534/534/534 532/532/532
f 534/534/534 535/535/535 536/536/536
f 535/535/535 537/537/537 536/536/536
f 536/536/536 537/537/537 538/538/538
f 539/539/539 536/536/536 538/538/538
f 538/538/538 540/540/540 539/539/539
f 540/540/540 541/541/541 539/539/539
f 541/541/541 540/540/540 542/542/542
f 540/540/540 543/543/543 542/542/542
f 541/541/541 542/542/542 544/544/544
f 542/542/542 545/545/545 544/544/544
f 546/546/546 544/544/544 545/545/545
f 547/547/547 546/546/546 545/545/545
f 548/548/548 545/545/545 542/542/542
f 548/548/548 547/547/547 545/545/545
f 549/549/549 548/548/548 542/542/542
f 549/549/549 542/542/542 550/550/550
f 542/542/542 551/551/551 550/550/550
f 550/550/550 551/551/551 552/552/552
f 553/553/553 550/550/550 552/552/552
f 553/553/553 552/552/552 554/554/554
f 552/552/552 555/555/555 554/554/554
f 554/554/554 555/555/555 556/556/556
f 557/557/557 554/554/554 556/556/556
f 558/558/558 557/557/557 556/556/556
f 558/558/558 559/559/559 557/557/557
f 559/559/559 560/560/560 557/557/557
f 560/560/560 559/559/559 561/561/561
f 559/559/559 562/562/562 561/561/561
f 564/564/564 563/563/563 548/548/548
f 563/563/563 547/547/547 548/548/548
f 565/565/565 547/547/547 563/563/563
f 546/546/546 547/547/547 565/565/565
f 566/566/566 546/546/546 565/565/565
f 566/566/566 565/565/565 567/567/567
f 565/565/565 568/568/568 567/567/567
f 569/569/569 567/567/567 568/568/568
f 570/570/570 569/569/569 568/568/568
f 571/571/571 570/570/570 568/568/568
f 571/571/571 572/572/572 570/570/570
f 570/570/570 572/572/572 497/497/497
f 569/569/569 570/570/570 497/497/497
f 503/503/503 569/569/569 497/497/497
f 575/575/575 574/574/574 573/573/573
f 576/576/576 575/575/575 573/573/573
f 576/576/576 573/573/573 577/577/577
f 578/578/578 576/576/576 577/577/577
f 578/578/578 577/577/577 579/579/579
f 580/580/580 578/578/578 579/579/579
f 580/580/580 579/579/579 581/581/581
f 582/582/582 580/580/580 581/581/581
f 585/585/585 584/584/584 583/583/583
f 586/586/586 585/585/585 583/583/583
f 589/589/589 588/588/588 587/587/587
f 590/590/590 588/588/588 589/589/589
f 591/591/591 590/590/590 589/589/589
f 592/592/592 590/590/590 591/591/591
f 593/593/593 590/590/590 592/592/592
f 594/594/594 590/590/590 593/593/593
f 595/595/595 594/594/594 593/593/593
f 596/596/596 594/594/594 595/595/595
f 597/597/597 594/594/594 596/596/596
f 598/598/598 594/594/594 597/597/597
f 599/599/599 590/590/590 594/594/594
f 600/600/600 599/599/599 594/594/594
f 601/601/601 599/599/599 600/600/600
f 602/602/602 601/601/601 600/600/600
f 603/603/603 600/600/600 594/594/594
f 604/604/604 600/600/600 603/603/603
f 604/604/604 603/603/603 605/605/605
f 606/606/606 605/605/605 603/603/603
f 607/607/607 606/606/606 603/603/603
f 608/608/608 607/607/607 603/603/603
f 609/609/609 604/604/604 605/605/605
f 610/610/610 604/604/604 609/609/609
f 611/611/611 604/604/604 610/610/610
f 611/611/611 612/612/612 604/604/604
f 612/612/612 613/613/613 604/604/604
f 614/614/614 613/613/613 612/612/612
f 617/617/617 616/616/616 615/615/615
f 618/618/618 617/617/617 615/615/615
f 619/619/619 617/617/617 618/618/618
f 620/620/620 619/619/619 618/618/618
f 621/621/621 619/619/619 620/620/620
f 624/624/624 623/623/623 622/622/622
f 625/625/625 624/624/624 622/622/622
f 628/628/628 627/627/627 626/626/626
f 629/629/629 627/627/627 628/628/628
f 630/630/630 627/627/627 629/629/629
f 631/631/631 630/630/630 629/629/629
f 632/632/632 630/630/630 631/631/631
f 635/635/635 634/634/634 633/633/633
f 635/635/635 633/633/633 636/636/636
f 637/637/637 635/635/635 636/636/636
f 638/638/638 637/637/637 636/636/636
f 639/639/639 637/637/637 638/638/638
f 642/642/642 641/641/641 640/640/640
f 643/643/643 642/642/642 640/640/640
f 646/646/646 645/645/645 644/644/644
f 647/647/647 646/646/646 644/644/644
f 648/648/648 646/646/646 647/647/647
f 649/649/649 648/648/648 647/647/647
f 650/650/650 648/648/648 649/649/649
f 653/653/653 652/652/652 651/651/651
f 654/654/654 652/652/652 653/653/653
f 655/655/655 654/654/654 653/653/653
f 656/656/656 654/654/654 655/655/655
f 657/657/657 654/654/654 656/656/656
f 660/660/660 659/659/659 658/658/658
f 661/661/661 660/660/660 658/658/658
f 664/664/664 663/663/663 662/662/662
f 665/665/665 664/664/664 662/662/662
f 668/668/668 667/667/667 666/666/666
f 669/669/669 668/668/668 666/666/666
f 672/672/672 671/671/671 670/670/670
f 673/673/673 672/672/672 670/670/670
f 676/676/676 675/675/675 674/674/674
f 677/677/677 676/676/676 674/674/674
f 678/678/678 677/677/677 674/674/674
f 681/681/681 680/680/680 679/679/679
f 682/682/682 681/681/681 679/679/679
f 683/683/683 682/682/682 679/679/679
f 686/686/686 685/685/685 684/684/684
f 687/687/687 686/686/686 684/684/684
f 690/690/690 689/689/689 688/688/688
f 691/691/691 690/690/690 688/688/688
f 692/692/692 691/691/691 688/688/688
f 695/695/695 694/694/694 693/693/693
f 696/696/696 695/695/695 693/693/693
f 699/699/699 698/698/698 697/697/697
f 700/700/700 699/699/699 697/697/697
f 701/701/701 700/700/700 697/697/697
f 704/704/704 703/703/703 702/702/702
f 705/705/705 704/704/704 702/702/702
f 708/708/708 707/707/707 706/706/706
f 707/707/707 709/709/709 706/706/706
f 710/710/710 709/709/709 707/707/707
f 711/711/711 710/710/710 707/707/707
f 712/712/712 710/710/710 711/711/711
f 713/713/713 712/712/712 711/711/711
f 714/714/714 712/712/712 713/713/713
f 715/715/715 714/714/714 713/713/713
f 716/716/716 714/714/714 715/715/715
f 717/717/717 716/716/716 715/715/715
f 716/716/716 717/717/717 718/718/718
f 719/719/719 716/716/716 718/718/718
f 719/719/719 718/718/718 720/720/720
f 718/718/718 721/721/721 720/720/720
f 722/722/722 720/720/720 721/721/721
f 723/723/723 722/722/722 721/721/721
f 722/722/722 723/723/723 724/724/724
f 723/723/723 725/725/725 724/724/724
f 724/724/724 725/725/725 726/726/726
f 727/727/727 724/724/724 726/726/726
f 727/727/727 726/726/726 728/728/728
f 729/729/729 727/727/727 728/728/728
f 729/729/729 728/728/728 730/730/730
f 731/731/731 729/729/729 730/730/730
f 730/730/730 732/732/732 731/731/731
f 732/732/732 733/733/733 731/731/731
f 733/733/733 732/732/732 734/734/734
f 732/732/732 735/735/735 734/734/734
f 738/738/738 737/737/737 736/736/736
f 739/739/739 738/738/738 736/736/736
f 742/742/742 741/741/741 740/740/740
f 743/743/743 741/741/741 742/742/742
f 744/744/744 743/743/743 742/742/742
f 747/747/747 746/746/746 745/745/745
f 748/748/748 747/747/747 745/745/745
f 751/751/751 750/750/750 749/749/749
f 752/752/752 751/751/751 749/749/749
f 753/753/753 752/752/752 749/749/749
f 756/756/756 755/755/755 754/754/754
f 757/757/757 756/756/756 754/754/754
f 760/760/760 759/759/759 758/758/758
f 761/761/761 759/759/759 760/760/760
f 762/762/762 761/761/761 760/760/760
f 765/765/765 764/764/764 763/763/763
f 766/766/766 765/765/765 763/763/763
f 769/769/769 768/768/768 767/767/767
f 770/770/770 769/769/769 767/767/767
f 771/771/771 770/770/770 767/767/767
f 774/774/774 773/773/773 772/772/772
f 775/775/775 774/774/774 772/772/772
f 778/778/778 777/777/777 776/776/776
f 779/779/779 777/777/777 778/778/778
f 780/780/780 779/779/779 778/778/778
f 783/783/783 782/782/782 781/781/781
f 784/784/784 783/783/783 781/781/781
f 787/787/787 786/786/786 785/785/785
f 788/788/788 787/787/787 785/785/785
f 789/789/789 787/787/787 788/788/788
f 792/792/792 791/791/791 790/790/790
f 793/793/793 792/792/792 790/790/790
f 796/796/796 795/795/795 794/794/794
f 795/795/795 796/796/796 797/797/797
f 798/798/798 795/795/795 797/797/797
f 801/801/801 800/800/800 799/799/799
f 802/802/802 801/801/801 799/799/799
f 805/805/805 804/804/804 803/803/803
f 806/806/806 804/804/804 805/805/805
f 807/807/807 806/806/806 805/805/805
f 810/810/810 809/809/809 808/808/808
f 811/811/811 810/810/810 808/808/808
f 814/814/814 813/813/813 812/812/812
f 813/813/813 814/814/814 815/815/815
f 816/816/816 813/813/813 815/815/815
f 819/819/819 818/818/818 817/817/817
f 820/820/820 819/819/819 817/817/817
f 823/823/823 822/822/822 821/821/821
f 824/824/824 823/823/823 821/821/821
f 825/825/825 824/824/824 821/821/821
f 826/826/826 825/825/825 821/821/821
f 827/827/827 825/825/825 826/826/826
f 828/828/828 827/827/827 826/826/826
f 829/829/829 827/827/827 828/828/828
f 830/830/830 829/829/829 828/828/828
f 829/829/829 830/830/830 831/831/831
f 832/832/832 829/829/829 831/831/831
f 832/832/832 831/831/831 833/833/833
f 831/831/831 834/834/834 833/833/833
f 834/834/834 835/835/835 833/833/833
f 835/835/835 836/836/836 833/833/833
f 836/836/836 835/835/835 837/837/837
f 838/838/838 836/836/836 837/837/837
f 839/839/839 838/838/838 837/837/837
f 840/840/840 839/839/839 837/837/837
f 841/841/841 839/839/839 840/840/840
f 842/842/842 841/841/841 840/840/840
f 843/843/843 841/841/841 842/842/842
f 844/844/844 843/843/843 842/842/842
f 844/844/844 845/845/845 843/843/843
f 845/845/845 846/846/846 843/843/843
f 845/845/845 847/847/847 846/846/846
f 847/847/847 848/848/848 846/846/846
f 848/848/848 847/847/847 849/849/849
f 847/847/847 850/850/850 849/849/849
f 853/853/853 852/852/852 851/851/851
f 854/854/854 853/853/853 851/851/851
f 857/857/857 856/856/856 855/855/855
f 858/858/858 857/857/857 855/855/855
f 861/861/861 860/860/860 859/859/859
f 862/862/862 861/861/861 859/859/859
f 865/865/865 864/864/864 863/863/863
f 866/866/866 865/865/865 863/863/863
f 869/869/869 868/868/868 867/867/867
f 870/870/870 869/869/869 867/867/867
f 873/873/873 872/872/872 871/871/871
f 874/874/874 873/873/873 871/871/871
f 877/877/877 876/876/876 875/875/875
f 878/878/878 877/877/877 875/875/875
f 881/881/881 880/880/880 879/879/879
f 882/882/882 881/881/881 879/879/879
f 885/885/885 884/884/884 883/883/883
f 886/886/886 885/885/885 883/883/883
f 889/889/889 888/888/888 887/887/887
f 890/890/890 889/889/889 887/887/887
f 893/893/893 892/892/892 891/891/891
f 893/893/893 891/891/891 894/894/894
f 895/895/895 893/893/893 894/894/894
f 898/898/898 897/897/897 896/896/896
f 899/899/899 898/898/898 896/896/896
f 902/902/902 901/901/901 900/900/900
f 903/903/903 901/901/901 902/902/902
f 904/904/904 903/903/903 902/902/902
f 907/907/907 906/906/906 905/905/905
f 908/908/908 907/907/907 905/905/905
f 911/911/911 910/910/910 909/909/909
f 912/912/912 911/911/911 909/909/909
f 913/913/913 912/912/912 909/909/909
f 916/916/916 915/915/915 914/914/914
f 917/917/917 916/916/916 914/914/914
f 920/920/920 919/919/919 918/918/918
f 919/919/919 921/921/921 918/918/918
f 922/922/922 918/918/918 921/921/921
f 925/925/925 924/924/924 923/923/923
f 926/926/926 925/925/925 923/923/923
f 929/929/929 928/928/928 927/927/927
f 930/930/930 929/929/929 927/927/927
f 931/931/931 930/930/930 927/927/927
f 934/934/934 933/933/933 932/932/932
f 935/935/935 934/934/934 932/932/932
f 938/938/938 937/937/937 936/936/936
f 939/939/939 938/938/938 936/936/936
f 942/942/942 941/941/941 940/940/940
f 943/943/943 942/942/942 940/940/940
f 946/946/946 945/945/945 944/944/944
f 947/947/947 946/946/946 944/944/944
f 948/948/948 947/947/947 944/944/944
f 951/951/951 950/950/950 949/949/949
f 952/952/952 951/951/951 949/949/949
f 955/955/955 954/954/954 953/953/953
f 956/956/956 955/955/955 953/953/953
f 957/957/957 955/955/955 956/956/956
f 960/960/960 959/959/959 958/958/958
f 961/961/961 960/960/960 958/958/958
f 964/964/964 963/963/963 962/962/962
f 965/965/965 964/964/964 962/962/962
f 966/966/966 965/965/965 962/962/962
f 969/969/969 968/968/968 967/967/967
f 970/970/970 969/969/969 967/967/967
f 973/973/973 972/972/972 971/971/971
f 974/974/974 973/973/973 971/971/971
f 975/975/975 973/973/973 974/974/974
f 978/978/978 977/977/977 976/976/976
f 979/979/979 978/978/978 976/976/976
f 982/982/982 981/981/981 980/980/980
f 983/983/983 982/982/982 980/980/980
f 986/986/986 985/985/985 984/984/984
f 987/987/987 986/986/986 984/984/984
f 988/988/988 987/987/987 984/984/984
f 991/991/991 990/990/990 989/989/989
f 992/992/992 991/991/991 989/989/989
f 995/995/995 994/994/994 993/993/993
f 996/996/996 995/995/995 993/993/993
f 997/997/997 996/996/996 993/993/993
f 1000/1000/1000 999/999/999 998/998/998
f 1001/1001/1001 1000/1000/1000 998/998/998
f 1004/1004/1004 1003/1003/1003 1002/1002/1002
f 1005/1005/1005 1004/1004/1004 1002/1002/1002
f 1006/1006/1006 1005/1005/1005 1002/1002/1002
f 1009/1009/1009 1008/1008/1008 1007/1007/1007
f 1010/1010/1010 1009/1009/1009 1007/1007/1007
f 1011/1011/1011 1009/1009/1009 1010/1010/1010
f 1014/1014/1014 1013/1013/1013 1012/1012/1012
f 1015/1015/1015 1013/1013/1013 1014/1014/1014
f 1016/1016/1016 1015/1015/1015 1014/1014/1014
f 1019/1019/1019 1018/1018/1018 1017/1017/1017
f 1018/1018/1018 1020/1020/1020 1017/1017/1017
f 1020/1020/1020 1018/1018/1018 1021/1021/1021
f 1022/1022/1022 1020/1020/1020 1021/1021/1021
f 1021/1021/1021 1023/1023/1023 1022/1022/1022
f 1023/1023/1023 1024/1024/1024 1022/1022/1022
f 1027/1027/1027 1026/1026/1026 1025/1025/1025
f 1026/1026/1026 1028/1028/1028 1025/1025/1025
f 1029/1029/1029 1028/1028/1028 1026/1026/1026
f 1030/1030/1030 1029/1029/1029 1026/1026/1026
f 1029/1029/1029 1030/1030/1030 1031/1031/1031
f 1028/1028/1028 1029/1029/1029 1032/1032/1032
f 1033/1033/1033 1028/1028/1028 1032/1032/1032
f 1033/1033/1033 1032/1032/1032 1034/1034/1034
f 1035/1035/1035 1033/1033/1033 1034/1034/1034
f 1035/1035/1035 1034/1034/1034 1036/1036/1036
f 1037/1037/1037 1035/1035/1035 1036/1036/1036
f 1037/1037/1037 1036/1036/1036 1038/1038/1038
f 1039/1039/1039 1037/1037/1037 1038/1038/1038
f 1040/1040/1040 1029/1029/1029 1031/1031/1031
f 1040/1040/1040 1031/1031/1031 1041/1041/1041
f 1040/1040/1040 1041/1041/1041 1042/1042/1042
f 1043/1043/1043 1040/1040/1040 1042/1042/1042
f 1043/1043/1043 1042/1042/1042 1044/1044/1044
f 1045/1045/1045 1039/1039/1039 1038/1038/1038
f 1046/1046/1046 1043/1043/1043 1044/1044/1044
f 1046/1046/1046 1044/1044/1044 1047/1047/1047
f 1047/1047/1047 1048/1048/1048 1046/1046/1046
f 1049/1049/1049 1046/1046/1046 1048/1048/1048
f 1046/1046/1046 1049/1049/1049 1050/1050/1050
f 1051/1051/1051 1039/1039/1039 1045/1045/1045
f 1052/1052/1052 1051/1051/1051 1045/1045/1045
f 1053/1053/1053 1051/1051/1051 1052/1052/1052
f 1054/1054/1054 1052/1052/1052 1045/1045/1045
f 1055/1055/1055 1052/1052/1052 1054/1054/1054
f 1049/1049/1049 1056/1056/1056 1050/1050/1050
f 1050/1050/1050 1056/1056/1056 1057/1057/1057
f 1056/1056/1056 1058/1058/1058 1057/1057/1057
f 1058/1058/1058 1059/1059/1059 1057/1057/1057
f 1059/1059/1059 1060/1060/1060 1057/1057/1057
f 1060/1060/1060 1061/1061/1061 1057/1057/1057
f 1062/1062/1062 1061/1061/1061 1060/1060/1060
f 1060/1060/1060 1063/1063/1063 1062/1062/1062
f 1063/1063/1063 1064/1064/1064 1062/1062/1062
f 1063/1063/1063 1065/1065/1065 1064/1064/1064
f 1065/1065/1065 1066/1066/1066 1064/1064/1064
f 1066/1066/1066 1067/1067/1067 1064/1064/1064
f 1068/1068/1068 1067/1067/1067 1066/1066/1066
f 1068/1068/1068 1066/1066/1066 1069/1069/1069
f 1070/1070/1070 1068/1068/1068 1069/1069/1069
f 1070/1070/1070 1069/1069/1069 1071/1071/1071
f 1071/1071/1071 1072/1072/1072 1070/1070/1070
f 1072/1072/1072 1071/1071/1071 1073/1073/1073
f 1055/1055/1055 1072/1072/1072 1073/1073/1073
f 1052/1052/1052 1055/1055/1055 1073/1073/1073
f 1074/1074/1074 1052/1052/1052 1073/1073/1073
f 1074/1074/1074 1075/1075/1075 1052/1052/1052
f 1052/1052/1052 1075/1075/1075 1076/1076/1076
f 1075/1075/1075 1077/1077/1077 1076/1076/1076
f 1077/1077/1077 1075/1075/1075 1078/1078/1078
f 1075/1075/1075 1079/1079/1079 1078/1078/1078
f 1079/1079/1079 1080/1080/1080 1078/1078/1078
f 1080/1080/1080 1081/1081/1081 1078/1078/1078
f 1080/1080/1080 1082/1082/1082 1081/1081/1081
f 1082/1082/1082 1083/1083/1083 1081/1081/1081
f 1084/1084/1084 1083/1083/1083 1082/1082/1082
f 1082/1082/1082 1085/1085/1085 1084/1084/1084
f 1085/1085/1085 1086/1086/1086 1084/1084/1084
f 1085/1085/1085 1087/1087/1087 1086/1086/1086
f 1087/1087/1087 1088/1088/1088 1086/1086/1086
f 1087/1087/1087 1089/1089/1089 1088/1088/1088
f 1088/1088/1088 1089/1089/1089 1090/1090/1090
f 1089/1089/1089 1091/1091/1091 1090/1090/1090
f 1090/1090/1090 1091/1091/1091 1092/1092/1092
f 1091/1091/1091 1093/1093/1093 1092/1092/1092
f 1093/1093/1093 1094/1094/1094 1092/1092/1092
f 1049/1049/1049 1094/1094/1094 1093/1093/1093
f 1056/1056/1056 1049/1049/1049 1093/1093/1093
f 1094/1094/1094 1049/1049/1049 1095/1095/1095
f 1096/1096/1096 1094/1094/1094 1095/1095/1095
f 1097/1097/1097 1096/1096/1096 1095/1095/1095
f 1098/1098/1098 1097/1097/1097 1095/1095/1095
f 1097/1097/1097 1098/1098/1098 1099/1099/1099
f 1097/1097/1097 1099/1099/1099 1100/1100/1100
f 1101/1101/1101 1097/1097/1097 1100/1100/1100
f 1102/1102/1102 1101/1101/1101 1100/1100/1100
f 1102/1102/1102 1100/1100/1100 1103/1103/1103
f 1104/1104/1104 1102/1102/1102 1103/1103/1103
f 1104/1104/1104 1103/1103/1103 1105/1105/1105
f 1106/1106/1106 1104/1104/1104 1105/1105/1105
f 1106/1106/1106 1105/1105/1105 1107/1107/1107
f 1108/1108/1108 1106/1106/1106 1107/1107/1107
f 1108/1108/1108 1107/1107/1107 1109/1109/1109
f 1108/1108/1108 1109/1109/1109 1110/1110/1110
f 1111/1111/1111 1108/1108/1108 1110/1110/1110
f 1112/1112/1112 1111/1111/1111 1110/1110/1110
f 1113/1113/1113 1112/1112/1112 1110/1110/1110
f 1114/1114/1114 1113/1113/1113 1110/1110/1110
f 1076/1076/1076 1113/1113/1113 1114/1114/1114
f 1113/1113/1113 1076/1076/1076 1077/1077/1077
f 1115/1115/1115 1076/1076/1076 1114/1114/1114
f 1076/1076/1076 1115/1115/1115 1116/1116/1116
f 1115/1115/1115 1117/1117/1117 1116/1116/1116
f 1076/1076/1076 1116/1116/1116 1118/1118/1118
f 1117/1117/1117 1119/1119/1119 1116/1116/1116
f 1117/1117/1117 1120/1120/1120 1119/1119/1119
f 1120/1120/1120 1121/1121/1121 1119/1119/1119
f 1121/1121/1121 1122/1122/1122 1119/1119/1119
f 1121/1121/1121 1123/1123/1123 1122/1122/1122
f 1121/1121/1121 1124/1124/1124 1123/1123/1123
f 1124/1124/1124 1125/1125/1125 1123/1123/1123
f 1124/1124/1124 1126/1126/1126 1125/1125/1125
f 1126/1126/1126 1127/1127/1127 1125/1125/1125
f 1126/1126/1126 1128/1128/1128 1127/1127/1127
f 1128/1128/1128 1129/1129/1129 1127/1127/1127
f 1128/1128/1128 1130/1130/1130 1129/1129/1129
f 1130/1130/1130 1131/1131/1131 1129/1129/1129
f 1130/1130/1130 1132/1132/1132 1131/1131/1131
f 1132/1132/1132 1133/1133/1133 1131/1131/1131
f 1134/1134/1134 1133/1133/1133 1132/1132/1132
f 1135/1135/1135 1134/1134/1134 1132/1132/1132
f 1049/1049/1049 1134/1134/1134 1135/1135/1135
f 1095/1095/1095 1049/1049/1049 1135/1135/1135
f 1049/1049/1049 1136/1136/1136 1134/1134/1134
f 1134/1134/1134 1136/1136/1136 1137/1137/1137
f 1136/1136/1136 1138/1138/1138 1137/1137/1137
f 1138/1138/1138 1139/1139/1139 1137/1137/1137
f 1139/1139/1139 1138/1138/1138 1140/1140/1140
f 1141/1141/1141 1139/1139/1139 1140/1140/1140
f 1140/1140/1140 1142/1142/1142 1141/1141/1141
f 1142/1142/1142 1143/1143/1143 1141/1141/1141
f 1143/1143/1143 1142/1142/1142 1144/1144/1144
f 1136/1136/1136 1145/1145/1145 1138/1138/1138
f 1146/1146/1146 1143/1143/1143 1144/1144/1144
f 1146/1146/1146 1144/1144/1144 1147/1147/1147
f 1145/1145/1145 1136/1136/1136 1148/1148/1148
f 1146/1146/1146 1147/1147/1147 1149/1149/1149
f 1150/1150/1150 1146/1146/1146 1149/1149/1149
f 1150/1150/1150 1149/1149/1149 1151/1151/1151
f 1149/1149/1149 1152/1152/1152 1151/1151/1151
f 1151/1151/1151 1152/1152/1152 1153/1153/1153
f 1154/1154/1154 1151/1151/1151 1153/1153/1153
f 1155/1155/1155 1154/1154/1154 1153/1153/1153
f 1155/1155/1155 1153/1153/1153 1156/1156/1156
f 1118/1118/1118 1155/1155/1155 1156/1156/1156
f 1157/1157/1157 1148/1148/1148 1136/1136/1136
f 1158/1158/1158 1118/1118/1118 1156/1156/1156
f 1158/1158/1158 1076/1076/1076 1118/1118/1118
f 1159/1159/1159 1158/1158/1158 1156/1156/1156
f 1158/1158/1158 1159/1159/1159 1160/1160/1160
f 1159/1159/1159 1161/1161/1161 1160/1160/1160
f 1161/1161/1161 1162/1162/1162 1160/1160/1160
f 1161/1161/1161 1163/1163/1163 1162/1162/1162
f 1163/1163/1163 1164/1164/1164 1162/1162/1162
f 1164/1164/1164 1163/1163/1163 1165/1165/1165
f 1166/1166/1166 1164/1164/1164 1165/1165/1165
f 1165/1165/1165 1167/1167/1167 1166/1166/1166
f 1167/1167/1167 1168/1168/1168 1166/1166/1166
f 1167/1167/1167 1169/1169/1169 1168/1168/1168
f 1169/1169/1169 1170/1170/1170 1168/1168/1168
f 1169/1169/1169 1171/1171/1171 1170/1170/1170
f 1172/1172/1172 1158/1158/1158 1160/1160/1160
f 1173/1173/1173 1158/1158/1158 1172/1172/1172
f 1173/1173/1173 1172/1172/1172 1174/1174/1174
f 1171/1171/1171 1175/1175/1175 1170/1170/1170
f 1171/1171/1171 1176/1176/1176 1175/1175/1175
f 1176/1176/1176 1157/1157/1157 1175/1175/1175
f 1157/1157/1157 1177/1177/1177 1175/1175/1175
f 1177/1177/1177 1157/1157/1157 1136/1136/1136
f 1178/1178/1178 1177/1177/1177 1136/1136/1136
f 1178/1178/1178 1136/1136/1136 1179/1179/1179
f 1180/1180/1180 1179/1179/1179 1136/1136/1136
f 1181/1181/1181 1179/1179/1179 1180/1180/1180
f 1172/1172/1172 1182/1182/1182 1174/1174/1174
f 1182/1182/1182 1183/1183/1183 1174/1174/1174
f 1184/1184/1184 1173/1173/1173 1174/1174/1174
f 1185/1185/1185 1183/1183/1183 1182/1182/1182
f 1186/1186/1186 1185/1185/1185 1182/1182/1182
f 1186/1186/1186 1187/1187/1187 1185/1185/1185
f 1187/1187/1187 1188/1188/1188 1185/1185/1185
f 1187/1187/1187 1189/1189/1189 1188/1188/1188
f 1189/1189/1189 1190/1190/1190 1188/1188/1188
f 1189/1189/1189 1191/1191/1191 1190/1190/1190
f 1191/1191/1191 1192/1192/1192 1190/1190/1190
f 1191/1191/1191 1193/1193/1193 1192/1192/1192
f 1184/1184/1184 1194/1194/1194 1173/1173/1173
f 1193/1193/1193 1195/1195/1195 1192/1192/1192
f 1193/1193/1193 1196/1196/1196 1195/1195/1195
f 1194/1194/1194 1197/1197/1197 1173/1173/1173
f 1196/1196/1196 1198/1198/1198 1195/1195/1195
f 1198/1198/1198 1199/1199/1199 1195/1195/1195
f 1199/1199/1199 1198/1198/1198 1200/1200/1200
f 1198/1198/1198 1181/1181/1181 1200/1200/1200
f 1181/1181/1181 1201/1201/1201 1200/1200/1200
f 1197/1197/1197 1202/1202/1202 1173/1173/1173
f 1202/1202/1202 1203/1203/1203 1173/1173/1173
f 1203/1203/1203 1204/1204/1204 1173/1173/1173
f 1201/1201/1201 1181/1181/1181 1180/1180/1180
f 1204/1204/1204 1180/1180/1180 1173/1173/1173
f 1201/1201/1201 1180/1180/1180 1205/1205/1205
f 1204/1204/1204 1206/1206/1206 1180/1180/1180
f 1207/1207/1207 1205/1205/1205 1180/1180/1180
f 1206/1206/1206 1208/1208/1208 1180/1180/1180
f 1207/1207/1207 1180/1180/1180 1208/1208/1208
f 1211/1211/1211 1210/1210/1210 1209/1209/1209
f 1212/1212/1212 1211/1211/1211 1209/1209/1209
f 1215/1215/1215 1214/1214/1214 1213/1213/1213
f 1216/1216/1216 1215/1215/1215 1213/1213/1213
f 1216/1216/1216 1213/1213/1213 1217/1217/1217
f 1218/1218/1218 1216/1216/1216 1217/1217/1217
f 1219/1219/1219 1218/1218/1218 1217/1217/1217
f 1220/1220/1220 1219/1219/1219 1217/1217/1217
f 1223/1223/1223 1222/1222/1222 1221/1221/1221
f 1224/1224/1224 1223/1223/1223 1221/1221/1221
f 1227/1227/1227 1226/1226/1226 1225/1225/1225
f 1228/1228/1228 1227/1227/1227 1225/1225/1225
f 1229/1229/1229 1227/1227/1227 1228/1228/1228
f 1228/1228/1228 1225/1225/1225 1230/1230/1230
f 1225/1225/1225 1231/1231/1231 1230/1230/1230
f 1231/1231/1231 1232/1232/1232 1230/1230/1230
f 1232/1232/1232 1233/1233/1233 1230/1230/1230
f 1232/1232/1232 1234/1234/1234 1233/1233/1233
f 1234/1234/1234 1235/1235/1235 1233/1233/1233
f 1234/1234/1234 1236/1236/1236 1235/1235/1235
f 1236/1236/1236 1237/1237/1237 1235/1235/1235
f 1236/1236/1236 1238/1238/1238 1237/1237/1237
f 1238/1238/1238 1239/1239/1239 1237/1237/1237
f 1240/1240/1240 1239/1239/1239 1238/1238/1238
f 1241/1241/1241 1240/1240/1240 1238/1238/1238
f 1241/1241/1241 1242/1242/1242 1240/1240/1240
f 1242/1242/1242 1243/1243/1243 1240/1240/1240
f 1246/1246/1246 1245/1245/1245 1244/1244/1244
f 1247/1247/1247 1246/1246/1246 1244/1244/1244
f 1246/1246/1246 1247/1247/1247 1248/1248/1248
f 1247/1247/1247 1249/1249/1249 1248/1248/1248
f 1248/1248/1248 1249/1249/1249 1250/1250/1250
f 1249/1249/1249 1251/1251/1251 1250/1250/1250
f 1250/1250/1250 1251/1251/1251 1252/1252/1252
f 1252/1252/1252 1251/1251/1251 1253/1253/1253
f 1251/1251/1251 1254/1254/1254 1253/1253/1253
f 1255/1255/1255 1253/1253/1253 1254/1254/1254
f 1256/1256/1256 1255/1255/1255 1254/1254/1254
f 1257/1257/1257 1255/1255/1255 1256/1256/1256
f 1258/1258/1258 1257/1257/1257 1256/1256/1256
f 1257/1257/1257 1258/1258/1258 1259/1259/1259
f 1258/1258/1258 1260/1260/1260 1259/1259/1259
f 1259/1259/1259 1260/1260/1260 1261/1261/1261
f 1260/1260/1260 1262/1262/1262 1261/1261/1261
f 1261/1261/1261 1262/1262/1262 1263/1263/1263
f 1262/1262/1262 1264/1264/1264 1263/1263/1263
f 1263/1263/1263 1264/1264/1264 1265/1265/1265
f 1264/1264/1264 1266/1266/1266 1265/1265/1265
f 1267/1267/1267 1265/1265/1265 1266/1266/1266
f 1268/1268/1268 1267/1267/1267 1266/1266/1266
f 1268/1268/1268 1269/1269/1269 1267/1267/1267
f 1269/1269/1269 1270/1270/1270 1267/1267/1267
f 1271/1271/1271 1270/1270/1270 1269/1269/1269
f 1272/1272/1272 1271/1271/1271 1269/1269/1269
f 1273/1273/1273 1271/1271/1271 1272/1272/1272
f 1276/1276/1276 1275/1275/1275 1274/1274/1274
f 1275/1275/1275 1277/1277/1277 1274/1274/1274
f 1275/1275/1275 1278/1278/1278 1277/1277/1277
f 1278/1278/1278 1279/1279/1279 1277/1277/1277
f 1280/1280/1280 1277/1277/1277 1279/1279/1279
f 1277/1277/1277 1280/1280/1280 1281/1281/1281
f 1280/1280/1280 1282/1282/1282 1281/1281/1281
f 1283/1283/1283 1281/1281/1281 1282/1282/1282
f 1286/1286/1286 1285/1285/1285 1284/1284/1284
f 1287/1287/1287 1286/1286/1286 1284/1284/1284
f 1290/1290/1290 1289/1289/1289 1288/1288/1288
f 1291/1291/1291 1290/1290/1290 1288/1288/1288
f 1294/1294/1294 1293/1293/1293 1292/1292/1292
f 1295/1295/1295 1294/1294/1294 1292/1292/1292
f 1298/1298/1298 1297/1297/1297 1296/1296/1296
f 1297/1297/1297 1299/1299/1299 1296/1296/1296
f 1297/1297/1297 1300/1300/1300 1299/1299/1299
f 1300/1300/1300 1301/1301/1301 1299/1299/1299
f 1300/1300/1300 1302/1302/1302 1301/1301/1301
f 1302/1302/1302 1303/1303/1303 1301/1301/1301
f 1303/1303/1303 1302/1302/1302 1304/1304/1304
f 1305/1305/1305 1303/1303/1303 1304/1304/1304
f 1304/1304/1304 1306/1306/1306 1305/1305/1305
f 1306/1306/1306 1307/1307/1307 1305/1305/1305
f 1306/1306/1306 1308/1308/1308 1307/1307/1307
f 1308/1308/1308 1309/1309/1309 1307/1307/1307
f 1308/1308/1308 1310/1310/1310 1309/1309/1309
f 1310/1310/1310 1311/1311/1311 1309/1309/1309
f 1310/1310/1310 1312/1312/1312 1311/1311/1311
f 1312/1312/1312 1313/1313/1313 1311/1311/1311
f 1316/1316/1316 1315/1315/1315 1314/1314/1314
f 1317/1317/1317 1316/1316/1316 1314/1314/1314
f 1316/1316/1316 1317/1317/1317 1318/1318/1318
f 1317/1317/1317 1319/1319/1319 1318/1318/1318
f 1320/1320/1320 1318/1318/1318 1319/1319/1319
f 1321/1321/1321 1320/1320/1320 1319/1319/1319
f 1320/1320/1320 1321/1321/1321 1322/1322/1322
f 1321/1321/1321 1323/1323/1323 1322/1322/1322
f 1324/1324/1324 1322/1322/1322 1323/1323/1323
f 1325/1325/1325 1324/1324/1324 1323/1323/1323
f 1326/1326/1326 1324/1324/1324 1325/1325/1325
f 1327/1327/1327 1326/1326/1326 1325/1325/1325
f 1326/1326/1326 1327/1327/1327 1328/1328/1328
f 1327/1327/1327 1329/1329/1329 1328/1328/1328
f 1330/1330/1330 1328/1328/1328 1329/1329/1329
f 1331/1331/1331 1330/1330/1330 1329/1329/1329
f 1334/1334/1334 1333/1333/1333 1332/1332/1332
f 1335/1335/1335 1334/1334/1334 1332/1332/1332
f 1335/1335/1335 1336/1336/1336 1334/1334/1334
f 1334/1334/1334 1336/1336/1336 1337/1337/1337
f 1335/1335/1335 1338/1338/1338 1336/1336/1336
f 1338/1338/1338 1339/1339/1339 1336/1336/1336
f 1342/1342/1342 1341/1341/1341 1340/1340/1340
f 1341/1341/1341 1343/1343/1343 1340/1340/1340
f 1341/1341/1341 1344/1344/1344 1343/1343/1343
f 1344/1344/1344 1345/1345/1345 1343/1343/1343
f 1346/1346/1346 1343/1343/1343 1345/1345/1345
f 1346/1346/1346 1345/1345/1345 1347/1347/1347
f 1350/1350/1350 1349/1349/1349 1348/1348/1348
f 1351/1351/1351 1350/1350/1350 1348/1348/1348
f 1352/1352/1352 1350/1350/1350 1351/1351/1351
f 1353/1353/1353 1352/1352/1352 1351/1351/1351
f 1354/1354/1354 1352/1352/1352 1353/1353/1353
f 1355/1355/1355 1354/1354/1354 1353/1353/1353
f 1356/1356/1356 1354/1354/1354 1355/1355/1355
f 1357/1357/1357 1356/1356/1356 1355/1355/1355
f 1358/1358/1358 1356/1356/1356 1357/1357/1357
f 1359/1359/1359 1358/1358/1358 1357/1357/1357
f 1360/1360/1360 1358/1358/1358 1359/1359/1359
f 1361/1361/1361 1360/1360/1360 1359/1359/1359
f 1362/1362/1362 1360/1360/1360 1361/1361/1361
f 1363/1363/1363 1362/1362/1362 1361/1361/1361
f 1364/1364/1364 1362/1362/1362 1363/1363/1363
f 1365/1365/1365 1364/1364/1364 1363/1363/1363
f 1366/1366/1366 1364/1364/1364 1365/1365/1365
f 1367/1367/1367 1366/1366/1366 1365/1365/1365
f 1368/1368/1368 1366/1366/1366 1367/1367/1367
f 1369/1369/1369 1368/1368/1368 1367/1367/1367
f 1370/1370/1370 1368/1368/1368 1369/1369/1369
f 1371/1371/1371 1370/1370/1370 1369/1369/1369
f 1372/1372/1372 1370/1370/1370 1371/1371/1371
f 1373/1373/1373 1372/1372/1372 1371/1371/1371
f 1374/1374/1374 1372/1372/1372 1373/1373/1373
f 1375/1375/1375 1374/1374/1374 1373/1373/1373
f 1376/1376/1376 1374/1374/1374 1375/1375/1375
f 1377/1377/1377 1376/1376/1376 1375/1375/1375
f 1378/1378/1378 1376/1376/1376 1377/1377/1377
f 1379/1379/1379 1378/1378/1378 1377/1377/1377
f 1380/1380/1380 1378/1378/1378 1379/1379/1379
f 1381/1381/1381 1380/1380/1380 1379/1379/1379
f 1382/1382/1382 1380/1380/1380 1381/1381/1381
f 1383/1383/1383 1382/1382/1382 1381/1381/1381
f 1384/1384/1384 1382/1382/1382 1383/1383/1383
f 1385/1385/1385 1384/1384/1384 1383/1383/1383
f 1386/1386/1386 1384/1384/1384 1385/1385/1385
f 1387/1387/1387 1386/1386/1386 1385/1385/1385
f 1388/1388/1388 1386/1386/1386 1387/1387/1387
f 1389/1389/1389 1388/1388/1388 1387/1387/1387
f 1392/1392/1392 1391/1391/1391 1390/1390/1390
f 1393/1393/1393 1392/1392/1392 1390/1390/1390
f 1394/1394/1394 1392/1392/1392 1393/1393/1393
f 1395/1395/1395 1394/1394/1394 1393/1393/1393
f 1396/1396/1396 1394/1394/1394 1395/1395/1395
f 1397/1397/1397 1396/1396/1396 1395/1395/1395
f 1398/1398/1398 1396/1396/1396 1397/1397/1397
f 1399/1399/1399 1398/1398/1398 1397/1397/1397
f 1400/1400/1400 1398/1398/1398 1399/1399/1399
f 1401/1401/1401 1400/1400/1400 1399/1399/1399
f 1402/1402/1402 1400/1400/1400 1401/1401/1401
f 1403/1403/1403 1402/1402/1402 1401/1401/1401
f 1404/1404/1404 1402/1402/1402 1403/1403/1403
f 1405/1405/1405 1404/1404/1404 1403/1403/1403
f 1406/1406/1406 1404/1404/1404 1405/1405/1405
f 1407/1407/1407 1406/1406/1406 1405/1405/1405
f 1408/1408/1408 1406/1406/1406 1407/1407/1407
f 1409/1409/1409 1408/1408/1408 1407/1407/1407
f 1410/1410/1410 1408/1408/1408 1409/1409/1409
f 1411/1411/1411 1410/1410/1410 1409/1409/1409
f 1412/1412/1412 1410/1410/1410 1411/1411/1411
f 1413/1413/1413 1412/1412/1412 1411/1411/1411
f 1414/1414/1414 1412/1412/1412 1413/1413/1413
f 1415/1415/1415 1414/1414/1414 1413/1413/1413
f 1416/1416/1416 1414/1414/1414 1415/1415/1415
f 1417/1417/1417 1416/1416/1416 1415/1415/1415
f 1418/1418/1418 1416/1416/1416 1417/1417/1417
f 1419/1419/1419 1418/1418/1418 1417/1417/1417
f 1420/1420/1420 1418/1418/1418 1419/1419/1419
f 1421/1421/1421 1420/1420/1420 1419/1419/1419
f 1422/1422/1422 1420/1420/1420 1421/1421/1421
f 1423/1423/1423 1422/1422/1422 1421/1421/1421
f 1424/1424/1424 1422/1422/1422 1423/1423/1423
f 1425/1425/1425 1424/1424/1424 1423/1423/1423
f 1426/1426/1426 1424/1424/1424 1425/1425/1425
f 1427/1427/1427 1426/1426/1426 1425/1425/1425
f 1428/1428/1428 1426/1426/1426 1427/1427/1427
f 1429/1429/1429 1428/1428/1428 1427/1427/1427
f 1430/1430/1430 1428/1428/1428 1429/1429/1429
f 1431/1431/1431 1430/1430/1430 1429/1429/1429
f 1434/1434/1434 1433/1433/1433 1432/1432/1432
f 1435/1435/1435 1434/1434/1434 1432/1432/1432
f 1436/1436/1436 1434/1434/1434 1435/1435/1435
f 1437/1437/1437 1436/1436/1436 1435/1435/1435
f 1438/1438/1438 1436/1436/1436 1437/1437/1437
f 1439/1439/1439 1438/1438/1438 1437/1437/1437
f 1440/1440/1440 1438/1438/1438 1439/1439/1439
f 1441/1441/1441 1440/1440/1440 1439/1439/1439
f 1442/1442/1442 1440/1440/1440 1441/1441/1441
f 1443/1443/1443 1442/1442/1442 1441/1441/1441
f 1444/1444/1444 1442/1442/1442 1443/1443/1443
f 1445/1445/1445 1444/1444/1444 1443/1443/1443
f 1446/1446/1446 1444/1444/1444 1445/1445/1445
f 1447/1447/1447 1446/1446/1446 1445/1445/1445
f 1448/1448/1448 1446/1446/1446 1447/1447/1447
f 1449/1449/1449 1448/1448/1448 1447/1447/1447
f 1450/1450/1450 1448/1448/1448 1449/1449/1449
f 1451/1451/1451 1450/1450/1450 1449/1449/1449
f 1452/1452/1452 1450/1450/1450 1451/1451/1451
f 1453/1453/1453 1452/1452/1452 1451/1451/1451
f 1454/1454/1454 1452/1452/1452 1453/1453/1453
f 1455/1455/1455 1454/1454/1454 1453/1453/1453
f 1456/1456/1456 1454/1454/1454 1455/1455/1455
f 1457/1457/1457 1456/1456/1456 1455/1455/1455
f 1458/1458/1458 1456/1456/1456 1457/1457/1457
f 1459/1459/1459 1458/1458/1458 1457/1457/1457
f 1460/1460/1460 1458/1458/1458 1459/1459/1459
f 1461/1461/1461 1460/1460/1460 1459/1459/1459
f 1462/1462/1462 1460/1460/1460 1461/1461/1461
f 1463/1463/1463 1462/1462/1462 1461/1461/1461
f 1464/1464/1464 1462/1462/1462 1463/1463/1463
f 1465/1465/1465 1464/1464/1464 1463/1463/1463
f 1466/1466/1466 1464/1464/1464 1465/1465/1465
f 1467/1467/1467 1466/1466/1466 1465/1465/1465
f 1468/1468/1468 1466/1466/1466 1467/1467/1467
f 1469/1469/1469 1468/1468/1468 1467/1467/1467
f 1470/1470/1470 1468/1468/1468 1469/1469/1469
f 1471/1471/1471 1470/1470/1470 1469/1469/1469
f 1472/1472/1472 1470/1470/1470 1471/1471/1471
f 1473/1473/1473 1472/1472/1472 1471/1471/1471
f 1476/1476/1476 1475/1475/1475 1474/1474/1474
f 1477/1477/1477 1476/1476/1476 1474/1474/1474
f 1478/1478/1478 1476/1476/1476 1477/1477/1477
f 1479/1479/1479 1478/1478/1478 1477/1477/1477
f 1480/1480/1480 1478/1478/1478 1479/1479/1479
f 1481/1481/1481 1480/1480/1480 1479/1479/1479
f 1482/1482/1482 1480/1480/1480 1481/1481/1481
f 1483/1483/1483 1482/1482/1482 1481/1481/1481
f 1484/1484/1484 1482/1482/1482 1483/1483/1483
f 1485/1485/1485 1484/1484/1484 1483/1483/1483
f 1486/1486/1486 1484/1484/1484 1485/1485/1485
f 1487/1487/1487 1486/1486/1486 1485/1485/1485
f 1487/1487/1487 1488/1488/1488 1486/1486/1486
f 1488/1488/1488 1489/1489/1489 1486/1486/1486
f 1490/1490/1490 1489/1489/1489 1488/1488/1488
f 1491/1491/1491 1490/1490/1490 1488/1488/1488
f 1492/1492/1492 1490/1490/1490 1491/1491/1491
f 1493/1493/1493 1492/1492/1492 1491/1491/1491
f 1494/1494/1494 1492/1492/1492 1493/1493/1493
f 1495/1495/1495 1494/1494/1494 1493/1493/1493
f 1496/1496/1496 1494/1494/1494 1495/1495/1495
f 1497/1497/1497 1496/1496/1496 1495/1495/1495
f 1498/1498/1498 1496/1496/1496 1497/1497/1497
f 1499/1499/1499 1498/1498/1498 1497/1497/1497
f 1500/1500/1500 1498/1498/1498 1499/1499/1499
f 1501/1501/1501 1500/1500/1500 1499/1499/1499
f 1502/1502/1502 1500/1500/1500 1501/1501/1501
f 1503/1503/1503 1502/1502/1502 1501/1501/1501
f 1504/1504/1504 1502/1502/1502 1503/1503/1503
f 1505/1505/1505 1504/1504/1504 1503/1503/1503
f 1506/1506/1506 1504/1504/1504 1505/1505/1505
f 1507/1507/1507 1506/1506/1506 1505/1505/1505
f 1508/1508/1508 1506/1506/1506 1507/1507/1507
f 1509/1509/1509 1508/1508/1508 1507/1507/1507
f 1510/1510/1510 1508/1508/1508 1509/1509/1509
f 1511/1511/1511 1510/1510/1510 1509/1509/1509
f 1512/1512/1512 1510/1510/1510 1511/1511/1511
f 1513/1513/1513 1512/1512/1512 1511/1511/1511
f 1514/1514/1514 1512/1512/1512 1513/1513/1513
f 1515/1515/1515 1514/1514/1514 1513/1513/1513
f 1518/1518/1518 1517/1517/1517 1516/1516/1516
f 1519/1519/1519 1518/1518/1518 1516/1516/1516
f 1520/1520/1520 1518/1518/1518 1519/1519/1519
f 1521/1521/1521 1520/1520/1520 1519/1519/1519
f 1521/1521/1521 1522/1522/1522 1520/1520/1520
f 1522/1522/1522 1523/1523/1523 1520/1520/1520
f 1522/1522/1522 1524/1524/1524 1523/1523/1523
f 1524/1524/1524 1525/1525/1525 1523/1523/1523
f 1526/1526/1526 1525/1525/1525 1524/1524/1524
f 1527/1527/1527 1526/1526/1526 1524/1524/1524
f 1528/1528/1528 1526/1526/1526 1527/1527/1527
f 1529/1529/1529 1528/1528/1528 1527/1527/1527
f 1530/1530/1530 1528/1528/1528 1529/1529/1529
f 1531/1531/1531 1530/1530/1530 1529/1529/1529
f 1532/1532/1532 1530/1530/1530 1531/1531/1531
f 1533/1533/1533 1532/1532/1532 1531/1531/1531
f 1534/1534/1534 1532/1532/1532 1533/1533/1533
f 1535/1535/1535 1534/1534/1534 1533/1533/1533
f 1536/1536/1536 1534/1534/1534 1535/1535/1535
f 1537/1537/1537 1536/1536/1536 1535/1535/1535
f 1538/1538/1538 1536/1536/1536 1537/1537/1537
f 1539/1539/1539 1538/1538/1538 1537/1537/1537
f 1540/1540/1540 1538/1538/1538 1539/1539/1539
f 1541/1541/1541 1540/1540/1540 1539/1539/1539
f 1542/1542/1542 1540/1540/1540 1541/1541/1541
f 1543/1543/1543 1542/1542/1542 1541/1541/1541
f 1544/1544/1544 1542/1542/1542 1543/1543/1543
f 1545/1545/1545 1544/1544/1544 1543/1543/1543
f 1546/1546/1546 1544/1544/1544 1545/1545/1545
f 1547/1547/1547 1546/1546/1546 1545/1545/1545
f 1548/1548/1548 1546/1546/1546 1547/1547/1547
f 1549/1549/1549 1548/1548/1548 1547/1547/1547
f 1550/1550/1550 1548/1548/1548 1549/1549/1549
f 1551/1551/1551 1550/1550/1550 1549/1549/1549
f 1552/1552/1552 1550/1550/1550 1551/1551/1551
f 1553/1553/1553 1552/1552/1552 1551/1551/1551
f 1554/1554/1554 1552/1552/1552 1553/1553/1553
f 1555/1555/1555 1554/1554/1554 1553/1553/1553
f 1556/1556/1556 1554/1554/1554 1555/1555/1555
f 1557/1557/1557 1556/1556/1556 1555/1555/1555
f 1560/1560/1560 1559/1559/1559 1558/1558/1558
f 1561/1561/1561 1560/1560/1560 1558/1558/1558
f 1562/1562/1562 1560/1560/1560 1561/1561/1561
f 1563/1563/1563 1562/1562/1562 1561/1561/1561
f 1564/1564/1564 1562/1562/1562 1563/1563/1563
f 1565/1565/1565 1564/1564/1564 1563/1563/1563
f 1566/1566/1566 1564/1564/1564 1565/1565/1565
f 1567/1567/1567 1566/1566/1566 1565/1565/1565
f 1568/1568/1568 1566/1566/1566 1567/1567/1567
f 1569/1569/1569 1568/1568/1568 1567/1567/1567
f 1570/1570/1570 1568/1568/1568 1569/1569/1569
f 1571/1571/1571 1570/1570/1570 1569/1569/1569
f 1572/1572/1572 1570/1570/1570 1571/1571/1571
f 1573/1573/1573 1572/1572/1572 1571/1571/1571
f 1574/1574/1574 1572/1572/1572 1573/1573/1573
f 1575/1575/1575 1574/1574/1574 1573/1573/1573
f 1576/1576/1576 1574/1574/1574 1575/1575/1575
f 1577/1577/1577 1576/1576/1576 1575/1575/1575
f 1578/1578/1578 1576/1576/1576 1577/1577/1577
f 1579/1579/1579 1578/1578/1578 1577/1577/1577
f 1580/1580/1580 1578/1578/1578 1579/1579/1579
f 1581/1581/1581 1580/1580/1580 1579/1579/1579
f 1582/1582/1582 1580/1580/1580 1581/1581/1581
f 1583/1583/1583 1582/1582/1582 1581/1581/1581
f 1584/1584/1584 1582/1582/1582 1583/1583/1583
f 1585/1585/1585 1584/1584/1584 1583/1583/1583
f 1586/1586/1586 1584/1584/1584 1585/1585/1585
f 1587/1587/1587 1586/1586/1586 1585/1585/1585
f 1588/1588/1588 1586/1586/1586 1587/1587/1587
f 1589/1589/1589 1588/1588/1588 1587/1587/1587
f 1590/1590/1590 1588/1588/1588 1589/1589/1589
f 1591/1591/1591 1590/1590/1590 1589/1589/1589
f 1592/1592/1592 1590/1590/1590 1591/1591/1591
f 1593/1593/1593 1592/1592/1592 1591/1591/1591
f 1594/1594/1594 1592/1592/1592 1593/1593/1593
f 1595/1595/1595 1594/1594/1594 1593/1593/1593
f 1596/1596/1596 1594/1594/1594 1595/1595/1595
f 1597/1597/1597 1596/1596/1596 1595/1595/1595
f 1598/1598/1598 1596/1596/1596 1597/1597/1597
f 1599/1599/1599 1598/1598/1598 1597/1597/1597
f 1602/1602/1602 1601/1601/1601 1600/1600/1600
f 1603/1603/1603 1602/1602/1602 1600/1600/1600
f 1604/1604/1604 1602/1602/1602 1603/1603/1603
f 1605/1605/1605 1604/1604/1604 1603/1603/1603
f 1606/1606/1606 1604/1604/1604 1605/1605/1605
f 1607/1607/1607 1606/1606/1606 1605/1605/1605
f 1608/1608/1608 1606/1606/1606 1607/1607/1607
f 1609/1609/1609 1608/1608/1608 1607/1607/1607
f 1610/1610/1610 1608/1608/1608 1609/1609/1609
f 1611/1611/1611 1610/1610/1610 1609/1609/1609
f 1612/1612/1612 1610/1610/1610 1611/1611/1611
f 1613/1613/1613 1612/1612/1612 1611/1611/1611
f 1614/1614/1614 1612/1612/1612 1613/1613/1613
f 1615/1615/1615 1614/1614/1614 1613/1613/1613
f 1616/1616/1616 1614/1614/1614 1615/1615/1615
f 1617/1617/1617 1616/1616/1616 1615/1615/1615
f 1618/1618/1618 1616/1616/1616 1617/1617/1617
f 1619/1619/1619 1618/1618/1618 1617/1617/1617
f 1620/1620/1620 1618/1618/1618 1619/1619/1619
f 1621/1621/1621 1620/1620/1620 1619/1619/1619
f 1622/1622/1622 1620/1620/1620 1621/1621/1621
f 1623/1623/1623 1622/1622/1622 1621/1621/1621
f 1624/1624/1624 1622/1622/1622 1623/1623/1623
f 1625/1625/1625 1624/1624/1624 1623/1623/1623
f 1626/1626/1626 1624/1624/1624 1625/1625/1625
f 1627/1627/1627 1626/1626/1626 1625/1625/1625
f 1628/1628/1628 1626/1626/1626 1627/1627/1627
f 1629/1629/1629 1628/1628/1628 1627/1627/1627
f 1630/1630/1630 1628/1628/1628 1629/1629/1629
f 1631/1631/1631 1630/1630/1630 1629/1629/1629
f 1632/1632/1632 1630/1630/1630 1631/1631/1631
f 1633/1633/1633 1632/1632/1632 1631/1631/1631
f 1636/1636/1636 1635/1635/1635 1634/1634/1634
f 1637/1637/1637 1636/1636/1636 1634/1634/1634
f 1638/1638/1638 1636/1636/1636 1637/1637/1637
f 1639/1639/1639 1638/1638/1638 1637/1637/1637
f 1640/1640/1640 1638/1638/1638 1639/1639/1639
f 1641/1641/1641 1640/1640/1640 1639/1639/1639
f 1642/1642/1642 1640/1640/1640 1641/1641/1641
f 1643/1643/1643 1642/1642/1642 1641/1641/1641
f 1644/1644/1644 1642/1642/1642 1643/1643/1643
f 1645/1645/1645 1644/1644/1644 1643/1643/1643
f 1646/1646/1646 1644/1644/1644 1645/1645/1645
f 1647/1647/1647 1646/1646/1646 1645/1645/1645
f 1648/1648/1648 1646/1646/1646 1647/1647/1647
f 1649/1649/1649 1648/1648/1648 1647/1647/1647
f 1650/1650/1650 1648/1648/1648 1649/1649/1649
f 1651/1651/1651 1650/1650/1650 1649/1649/1649
f 1652/1652/1652 1650/1650/1650 1651/1651/1651
f 1653/1653/1653 1652/1652/1652 1651/1651/1651
f 1654/1654/1654 1652/1652/1652 1653/1653/1653
f 1655/1655/1655 1654/1654/1654 1653/1653/1653
f 1656/1656/1656 1654/1654/1654 1655/1655/1655
f 1657/1657/1657 1656/1656/1656 1655/1655/1655
f 1658/1658/1658 1656/1656/1656 1657/1657/1657
f 1659/1659/1659 1658/1658/1658 1657/1657/1657
f 1660/1660/1660 1658/1658/1658 1659/1659/1659
f 1661/1661/1661 1660/1660/1660 1659/1659/1659
f 1662/1662/1662 1660/1660/1660 1661/1661/1661
f 1663/1663/1663 1662/1662/1662 1661/1661/1661
f 1664/1664/1664 1662/1662/1662 1663/1663/1663
f 1665/1665/1665 1664/1664/1664 1663/1663/1663
f 1666/1666/1666 1664/1664/1664 1665/1665/1665
f 1667/1667/1667 1666/1666/1666 1665/1665/1665
f 1670/1670/1670 1669/1669/1669 1668/1668/1668
f 1671/1671/1671 1670/1670/1670 1668/1668/1668
f 1671/1671/1671 1672/1672/1672 1670/1670/1670
f 1672/1672/1672 1673/1673/1673 1670/1670/1670
f 1670/1670/1670 1673/1673/1673 1674/1674/1674
f 1675/1675/1675 1670/1670/1670 1674/1674/1674
f 1675/1675/1675 1676/1676/1676 1670/1670/1670
f 1676/1676/1676 1677/1677/1677 1670/1670/1670
f 1678/1678/1678 1670/1670/1670 1677/1677/1677
f 1678/1678/1678 1677/1677/1677 1679/1679/1679
f 1677/1677/1677 1680/1680/1680 1679/1679/1679
f 1683/1683/1683 1682/1682/1682 1681/1681/1681
f 1681/1681/1681 1682/1682/1682 1684/1684/1684
f 1682/1682/1682 1685/1685/1685 1684/1684/1684
f 1686/1686/1686 1685/1685/1685 1682/1682/1682
f 1684/1684/1684 1687/1687/1687 1681/1681/1681
f 1682/1682/1682 1688/1688/1688 1686/1686/1686
f 1688/1688/1688 1689/1689/1689 1686/1686/1686
f 1690/1690/1690 1689/1689/1689 1688/1688/1688
f 1691/1691/1691 1690/1690/1690 1688/1688/1688
f 1692/1692/1692 1690/1690/1690 1691/1691/1691
f 1693/1693/1693 1692/1692/1692 1691/1691/1691
f 1694/1694/1694 1693/1693/1693 1691/1691/1691
f 1695/1695/1695 1694/1694/1694 1691/1691/1691
f 1696/1696/1696 1694/1694/1694 1695/1695/1695
f 1696/1696/1696 1695/1695/1695 1697/1697/1697
f 1695/1695/1695 1698/1698/1698 1697/1697/1697
f 1699/1699/1699 1697/1697/1697 1698/1698/1698
f 1700/1700/1700 1699/1699/1699 1698/1698/1698
f 1701/1701/1701 1700/1700/1700 1698/1698/1698
f 1702/1702/1702 1701/1701/1701 1698/1698/1698
f 1698/1698/1698 1703/1703/1703 1702/1702/1702
f 1703/1703/1703 1704/1704/1704 1702/1702/1702
f 1705/1705/1705 1704/1704/1704 1703/1703/1703
f 1706/1706/1706 1705/1705/1705 1703/1703/1703
f 1707/1707/1707 1706/1706/1706 1703/1703/1703
f 1708/1708/1708 1707/1707/1707 1703/1703/1703
f 1681/1681/1681 1708/1708/1708 1703/1703/1703
f 1709/1709/1709 1681/1681/1681 1703/1703/1703
f 1687/1687/1687 1708/1708/1708 1681/1681/1681
f 1712/1712/1712 1711/1711/1711 1710/1710/1710
f 1711/1711/1711 1713/1713/1713 1710/1710/1710
f 1714/1714/1714 1713/1713/1713 1711/1711/1711
f 1714/1714/1714 1715/1715/1715 1713/1713/1713
f 1715/1715/1715 1716/1716/1716 1713/1713/1713
f 1713/1713/1713 1716/1716/1716 1717/1717/1717
f 1716/1716/1716 1718/1718/1718 1717/1717/1717
f 1718/1718/1718 1719/1719/1719 1717/1717/1717
f 1719/1719/1719 1720/1720/1720 1717/1717/1717
f 1720/1720/1720 1721/1721/1721 1717/1717/1717
f 1721/1721/1721 1722/1722/1722 1717/1717/1717
f 1722/1722/1722 1723/1723/1723 1717/1717/1717
f 1723/1723/1723 1724/1724/1724 1717/1717/1717
f 1724/1724/1724 1725/1725/1725 1717/1717/1717
f 1725/1725/1725 1726/1726/1726 1717/1717/1717
f 1726/1726/1726 1727/1727/1727 1717/1717/1717
f 1727/1727/1727 1728/1728/1728 1717/1717/1717
f 1728/1728/1728 1729/1729/1729 1717/1717/1717
f 1729/1729/1729 1730/1730/1730 1717/1717/1717
f 1730/1730/1730 1731/1731/1731 1717/1717/1717
f 1734/1734/1734 1733/1733/1733 1732/1732/1732
f 1732/1732/1732 1733/1733/1733 1735/1735/1735
f 1736/1736/1736 1735/1735/1735 1733/1733/1733
f 1737/1737/1737 1736/1736/1736 1733/1733/1733
f 1736/1736/1736 1737/1737/1737 1738/1738/1738
f 1739/1739/1739 1736/1736/1736 1738/1738/1738
f 1740/1740/1740 1739/1739/1739 1738/1738/1738
f 1739/1739/1739 1740/1740/1740 1741/1741/1741
f 1740/1740/1740 1742/1742/1742 1741/1741/1741
f 1741/1741/1741 1742/1742/1742 1743/1743/1743
f 1742/1742/1742 1744/1744/1744 1743/1743/1743
f 1745/1745/1745 1743/1743/1743 1744/1744/1744
f 1743/1743/1743 1745/1745/1745 1746/1746/1746
f 1745/1745/1745 1747/1747/1747 1746/1746/1746
f 1748/1748/1748 1746/1746/1746 1747/1747/1747
f 1747/1747/1747 1749/1749/1749 1748/1748/1748
f 1749/1749/1749 1750/1750/1750 1748/1748/1748
f 1751/1751/1751 1750/1750/1750 1749/1749/1749
f 1752/1752/1752 1750/1750/1750 1751/1751/1751
f 1753/1753/1753 1752/1752/1752 1751/1751/1751
f 1751/1751/1751 1754/1754/1754 1753/1753/1753
f 1754/1754/1754 1755/1755/1755 1753/1753/1753
f 1755/1755/1755 1756/1756/1756 1753/1753/1753
f 1757/1757/1757 1755/1755/1755 1754/1754/1754
f 1756/1756/1756 1758/1758/1758 1753/1753/1753
f 1757/1757/1757 1754/1754/1754 1759/1759/1759
f 1756/1756/1756 1760/1760/1760 1758/1758/1758
f 1754/1754/1754 1761/1761/1761 1759/1759/1759
f 1760/1760/1760 1762/1762/1762 1758/1758/1758
f 1759/1759/1759 1761/1761/1761 1763/1763/1763
f 1760/1760/1760 1764/1764/1764 1762/1762/1762
f 1761/1761/1761 1765/1765/1765 1763/1763/1763
f 1764/1764/1764 1766/1766/1766 1762/1762/1762
f 1767/1767/1767 1763/1763/1763 1765/1765/1765
f 1764/1764/1764 1768/1768/1768 1766/1766/1766
f 1768/1768/1768 1769/1769/1769 1766/1766/1766
f 1768/1768/1768 1770/1770/1770 1769/1769/1769
f 1770/1770/1770 1771/1771/1771 1769/1769/1769
f 1770/1770/1770 1772/1772/1772 1771/1771/1771
f 1772/1772/1772 1773/1773/1773 1771/1771/1771
f 1772/1772/1772 1774/1774/1774 1773/1773/1773
f 1774/1774/1774 1775/1775/1775 1773/1773/1773
f 1774/1774/1774 1776/1776/1776 1775/1775/1775
f 1776/1776/1776 1777/1777/1777 1775/1775/1775
f 1765/1765/1765 1778/1778/1778 1767/1767/1767
f 1778/1778/1778 1779/1779/1779 1767/1767/1767
f 1779/1779/1779 1778/1778/1778 1780/1780/1780
f 1778/1778/1778 1781/1781/1781 1780/1780/1780
f 1782/1782/1782 1780/1780/1780 1781/1781/1781
f 1782/1782/1782 1783/1783/1783 1780/1780/1780
f 1783/1783/1783 1784/1784/1784 1780/1780/1780
f 1785/1785/1785 1784/1784/1784 1783/1783/1783
f 1784/1784/1784 1785/1785/1785 1786/1786/1786
f 1785/1785/1785 1787/1787/1787 1786/1786/1786
f 1786/1786/1786 1787/1787/1787 1788/1788/1788
f 1787/1787/1787 1789/1789/1789 1788/1788/1788
f 1790/1790/1790 1788/1788/1788 1789/1789/1789
f 1791/1791/1791 1790/1790/1790 1789/1789/1789
f 1794/1794/1794 1793/1793/1793 1792/1792/1792
f 1793/1793/1793 1794/1794/1794 1795/1795/1795
f 1794/1794/1794 1796/1796/1796 1795/1795/1795
f 1795/1795/1795 1796/1796/1796 1797/1797/1797
f 1796/1796/1796 1798/1798/1798 1797/1797/1797
f 1798/1798/1798 1799/1799/1799 1797/1797/1797
f 1798/1798/1798 1800/1800/1800 1799/1799/1799
f 1800/1800/1800 1801/1801/1801 1799/1799/1799
f 1800/1800/1800 1802/1802/1802 1801/1801/1801
f 1802/1802/1802 1803/1803/1803 1801/1801/1801
f 1802/1802/1802 1804/1804/1804 1803/1803/1803
f 1804/1804/1804 1805/1805/1805 1803/1803/1803
f 1804/1804/1804 1806/1806/1806 1805/1805/1805
f 1806/1806/1806 1807/1807/1807 1805/1805/1805
f 1806/1806/1806 1808/1808/1808 1807/1807/1807
f 1808/1808/1808 1809/1809/1809 1807/1807/1807
f 1808/1808/1808 1810/1810/1810 1809/1809/1809
f 1810/1810/1810 1811/1811/1811 1809/1809/1809
f 1810/1810/1810 1812/1812/1812 1811/1811/1811
f 1812/1812/1812 1813/1813/1813 1811/1811/1811
f 1812/1812/1812 1814/1814/1814 1813/1813/1813
f 1814/1814/1814 1815/1815/1815 1813/1813/1813
f 1814/1814/1814 1816/1816/1816 1815/1815/1815
f 1816/1816/1816 1817/1817/1817 1815/1815/1815
f 1820/1820/1820 1819/1819/1819 1818/1818/1818
f 1821/1821/1821 1820/1820/1820 1818/1818/1818
f 1818/1818/1818 1822/1822/1822 1821/1821/1821
f 1822/1822/1822 1823/1823/1823 1821/1821/1821
f 1823/1823/1823 1822/1822/1822 1824/1824/1824
f 1824/1824/1824 1822/1822/1822 1825/1825/1825
f 1826/1826/1826 1823/1823/1823 1824/1824/1824
f 1827/1827/1827 1824/1824/1824 1825/1825/1825
f 1828/1828/1828 1823/1823/1823 1826/1826/1826
f 1829/1829/1829 1827/1827/1827 1825/1825/1825
f 1830/1830/1830 1828/1828/1828 1826/1826/1826
f 1831/1831/1831 1829/1829/1829 1825/1825/1825
f 1832/1832/1832 1828/1828/1828 1830/1830/1830
f 1833/1833/1833 1831/1831/1831 1825/1825/1825
f 1834/1834/1834 1833/1833/1833 1825/1825/1825
f 1835/1835/1835 1834/1834/1834 1825/1825/1825
f 1836/1836/1836 1835/1835/1835 1825/1825/1825
f 1837/1837/1837 1828/1828/1828 1832/1832/1832
f 1828/1828/1828 1837/1837/1837 1838/1838/1838
f 1828/1828/1828 1838/1838/1838 1839/1839/1839
f 1840/1840/1840 1839/1839/1839 1838/1838/1838
f 1839/1839/1839 1841/1841/1841 1828/1828/1828
f 1842/1842/1842 1841/1841/1841 1839/1839/1839
f 1843/1843/1843 1839/1839/1839 1840/1840/1840
f 1843/1843/1843 1844/1844/1844 1839/1839/1839
f 1844/1844/1844 1845/1845/1845 1839/1839/1839
f 1846/1846/1846 1845/1845/1845 1844/1844/1844
f 1849/1849/1849 1848/1848/1848 1847/1847/1847
f 1848/1848/1848 1850/1850/1850 1847/1847/1847
f 1850/1850/1850 1851/1851/1851 1847/1847/1847
f 1851/1851/1851 1852/1852/1852 1847/1847/1847
f 1851/1851/1851 1853/1853/1853 1852/1852/1852
f 1853/1853/1853 1854/1854/1854 1852/1852/1852
f 1853/1853/1853 1855/1855/1855 1854/1854/1854
f 1855/1855/1855 1856/1856/1856 1854/1854/1854
f 1855/1855/1855 1857/1857/1857 1856/1856/1856
f 1857/1857/1857 1858/1858/1858 1856/1856/1856
f 1857/1857/1857 1859/1859/1859 1858/1858/1858
f 1859/1859/1859 1860/1860/1860 1858/1858/1858
f 1859/1859/1859 1861/1861/1861 1860/1860/1860
f 1861/1861/1861 1862/1862/1862 1860/1860/1860
f 1861/1861/1861 1863/1863/1863 1862/1862/1862
f 1863/1863/1863 1864/1864/1864 1862/1862/1862
f 1863/1863/1863 1865/1865/1865 1864/1864/1864
f 1865/1865/1865 1866/1866/1866 1864/1864/1864
f 1865/1865/1865 1867/1867/1867 1866/1866/1866
f 1867/1867/1867 1868/1868/1868 1866/1866/1866
f 1867/1867/1867 1869/1869/1869 1868/1868/1868
f 1869/1869/1869 1870/1870/1870 1868/1868/1868
f 1869/1869/1869 1871/1871/1871 1870/1870/1870
f 1871/1871/1871 1872/1872/1872 1870/1870/1870
f 1875/1875/1875 1874/1874/1874 1873/1873/1873
f 1874/1874/1874 1876/1876/1876 1873/1873/1873
f 1873/1873/1873 1876/1876/1876 1877/1877/1877
f 1878/1878/1878 1873/1873/1873 1877/1877/1877
f 1879/1879/1879 1873/1873/1873 1878/1878/1878
f 1880/1880/1880 1873/1873/1873 1879/1879/1879
f 1881/1881/1881 1873/1873/1873 1880/1880/1880
f 1882/1882/1882 1873/1873/1873 1881/1881/1881
f 1883/1883/1883 1873/1873/1873 1882/1882/1882
f 1884/1884/1884 1873/1873/1873 1883/1883/1883
f 1885/1885/1885 1873/1873/1873 1884/1884/1884
f 1886/1886/1886 1882/1882/1882 1881/1881/1881
f 1887/1887/1887 1886/1886/1886 1881/1881/1881
f 1888/1888/1888 1887/1887/1887 1881/1881/1881
f 1889/1889/1889 1888/1888/1888 1881/1881/1881
f 1890/1890/1890 1889/1889/1889 1881/1881/1881
f 1891/1891/1891 1889/1889/1889 1890/1890/1890
f 1892/1892/1892 1891/1891/1891 1890/1890/1890
f 1893/1893/1893 1892/1892/1892 1890/1890/1890
f 1894/1894/1894 1893/1893/1893 1890/1890/1890
f 1895/1895/1895 1894/1894/1894 1890/1890/1890
f 1896/1896/1896 1895/1895/1895 1890/1890/1890
f 1897/1897/1897 1894/1894/1894 1895/1895/1895
f 1898/1898/1898 1895/1895/1895 1896/1896/1896
f 1899/1899/1899 1897/1897/1897 1895/1895/1895
f 1900/1900/1900 1899/1899/1899 1895/1895/1895
f 1901/1901/1901 1895/1895/1895 1898/1898/1898
f 1902/1902/1902 1895/1895/1895 1901/1901/1901
f 1903/1903/1903 1895/1895/1895 1902/1902/1902
f 1904/1904/1904 1895/1895/1895 1903/1903/1903
f 1905/1905/1905 1895/1895/1895 1904/1904/1904
f 1908/1908/1908 1907/1907/1907 1906/1906/1906
f 1909/1909/1909 1908/1908/1908 1906/1906/1906
f 1909/1909/1909 1910/1910/1910 1908/1908/1908
f 1911/1911/1911 1908/1908/1908 1910/1910/1910
f 1912/1912/1912 1911/1911/1911 1910/1910/1910
f 1910/1910/1910 1909/1909/1909 1913/1913/1913
f 1909/1909/1909 1914/1914/1914 1913/1913/1913
f 1915/1915/1915 1913/1913/1913 1914/1914/1914
f 1915/1915/1915 1914/1914/1914 1916/1916/1916
f 1917/1917/1917 1915/1915/1915 1916/1916/1916
f 1918/1918/1918 1915/1915/1915 1917/1917/1917
f 1911/1911/1911 1912/1912/1912 1919/1919/1919
f 1911/1911/1911 1919/1919/1919 1920/1920/1920
f 1919/1919/1919 1921/1921/1921 1920/1920/1920
f 1919/1919/1919 1912/1912/1912 1922/1922/1922
f 1922/1922/1922 1912/1912/1912 1923/1923/1923
f 1924/1924/1924 1922/1922/1922 1923/1923/1923
f 1925/1925/1925 1922/1922/1922 1924/1924/1924
f 1926/1926/1926 1925/1925/1925 1924/1924/1924
f 1927/1927/1927 1925/1925/1925 1926/1926/1926
f 1912/1912/1912 1928/1928/1928 1923/1923/1923
f 1928/1928/1928 1912/1912/1912 1929/1929/1929
f 1929/1929/1929 1912/1912/1912 1930/1930/1930
f 1912/1912/1912 1931/1931/1931 1930/1930/1930
f 1930/1930/1930 1931/1931/1931 1932/1932/1932
f 1932/1932/1932 1931/1931/1931 1933/1933/1933
f 1933/1933/1933 1931/1931/1931 1934/1934/1934
f 1934/1934/1934 1931/1931/1931 1935/1935/1935
f 1931/1931/1931 1936/1936/1936 1935/1935/1935
f 1935/1935/1935 1936/1936/1936 1937/1937/1937
f 1938/1938/1938 1935/1935/1935 1937/1937/1937
f 1939/1939/1939 1938/1938/1938 1937/1937/1937
f 1940/1940/1940 1939/1939/1939 1937/1937/1937
f 1941/1941/1941 1940/1940/1940 1937/1937/1937
f 1942/1942/1942 1940/1940/1940 1941/1941/1941
f 1937/1937/1937 1936/1936/1936 1943/1943/1943
f 1943/1943/1943 1936/1936/1936 1944/1944/1944
f 1945/1945/1945 1943/1943/1943 1944/1944/1944
f 1946/1946/1946 1945/1945/1945 1944/1944/1944
f 1936/1936/1936 1947/1947/1947 1944/1944/1944
f 1944/1944/1944 1947/1947/1947 1948/1948/1948
f 1947/1947/1947 1949/1949/1949 1948/1948/1948
f 1950/1950/1950 1949/1949/1949 1947/1947/1947
f 1951/1951/1951 1950/1950/1950 1947/1947/1947
f 1949/1949/1949 1952/1952/1952 1948/1948/1948
f 1952/1952/1952 1953/1953/1953 1948/1948/1948
f 1948/1948/1948 1953/1953/1953 1954/1954/1954
f 1955/1955/1955 1948/1948/1948 1954/1954/1954
f 1956/1956/1956 1955/1955/1955 1954/1954/1954
f 1951/1951/1951 1947/1947/1947 1957/1957/1957
f 1958/1958/1958 1951/1951/1951 1957/1957/1957
f 1959/1959/1959 1958/1958/1958 1957/1957/1957
f 1960/1960/1960 1959/1959/1959 1957/1957/1957
f 1961/1961/1961 1960/1960/1960 1957/1957/1957
f 1961/1961/1961 1957/1957/1957 1962/1962/1962
f 1963/1963/1963 1961/1961/1961 1962/1962/1962
f 1964/1964/1964 1961/1961/1961 1963/1963/1963
f 1965/1965/1965 1964/1964/1964 1963/1963/1963
f 1966/1966/1966 1965/1965/1965 1963/1963/1963
f 1967/1967/1967 1965/1965/1965 1966/1966/1966
f 1968/1968/1968 1967/1967/1967 1966/1966/1966
f 1969/1969/1969 1963/1963/1963 1962/1962/1962
f 1970/1970/1970 1969/1969/1969 1962/1962/1962
f 1971/1971/1971 1970/1970/1970 1962/1962/1962
f 1972/1972/1972 1969/1969/1969 1970/1970/1970
f 1973/1973/1973 1972/1972/1972 1970/1970/1970
f 1974/1974/1974 1973/1973/1973 1970/1970/1970
f 1977/1977/1977 1976/1976/1976 1975/1975/1975
f 1978/1978/1978 1977/1977/1977 1975/1975/1975
f 1979/1979/1979 1977/1977/1977 1978/1978/1978
f 1980/1980/1980 1979/1979/1979 1978/1978/1978
f 1981/1981/1981 1979/1979/1979 1980/1980/1980
f 1982/1982/1982 1981/1981/1981 1980/1980/1980
f 1983/1983/1983 1981/1981/1981 1982/1982/1982
f 1984/1984/1984 1983/1983/1983 1982/1982/1982
f 1985/1985/1985 1983/1983/1983 1984/1984/1984
f 1986/1986/1986 1985/1985/1985 1984/1984/1984
f 1987/1987/1987 1985/1985/1985 1986/1986/1986
f 1988/1988/1988 1987/1987/1987 1986/1986/1986
f 1989/1989/1989 1987/1987/1987 1988/1988/1988
f 1990/1990/1990 1989/1989/1989 1988/1988/1988
f 1991/1991/1991 1989/1989/1989 1990/1990/1990
f 1992/1992/1992 1991/1991/1991 1990/1990/1990
f 1993/1993/1993 1991/1991/1991 1992/1992/1992
f 1994/1994/1994 1993/1993/1993 1992/1992/1992
f 1995/1995/1995 1993/1993/1993 1994/1994/1994
f 1996/1996/1996 1995/1995/1995 1994/1994/1994
f 1997/1997/1997 1995/1995/1995 1996/1996/1996
f 1998/1998/1998 1997/1997/1997 1996/1996/1996
f 1999/1999/1999 1997/1997/1997 1998/1998/1998
f 2000/2000/2000 1999/1999/1999 1998/1998/1998
f 2001/2001/2001 1999/1999/1999 2000/2000/2000
f 2002/2002/2002 2001/2001/2001 2000/2000/2000
f 2003/2003/2003 2001/2001/2001 2002/2002/2002
f 2004/2004/2004 2003/2003/2003 2002/2002/2002
f 2005/2005/2005 2003/2003/2003 2004/2004/2004
f 2006/2006/2006 2005/2005/2005 2004/2004/2004
f 2007/2007/2007 2005/2005/2005 2006/2006/2006
f 2008/2008/2008 2007/2007/2007 2006/2006/2006
f 2009/2009/2009 2007/2007/2007 2008/2008/2008
f 2010/2010/2010 2009/2009/2009 2008/2008/2008
f 2011/2011/2011 2009/2009/2009 2010/2010/2010
f 2012/2012/2012 2011/2011/2011 2010/2010/2010
f 2013/2013/2013 2011/2011/2011 2012/2012/2012
f 2014/2014/2014 2013/2013/2013 2012/2012/2012
f 2015/2015/2015 2013/2013/2013 2014/2014/2014
f 2016/2016/2016 2015/2015/2015 2014/2014/2014
f 2019/2019/2019 2018/2018/2018 2017/2017/2017
f 2017/2017/2017 2018/2018/2018 2020/2020/2020
f 2020/2020/2020 2018/2018/2018 2021/2021/2021
f 2021/2021/2021 2018/2018/2018 2022/2022/2022
f 2022/2022/2022 2018/2018/2018 2023/2023/2023
f 2023/2023/2023 2018/2018/2018 2024/2024/2024
f 2018/2018/2018 2025/2025/2025 2024/2024/2024
f 2026/2026/2026 2025/2025/2025 2018/2018/2018
f 2026/2026/2026 2018/2018/2018 2027/2027/2027
f 2018/2018/2018 2028/2028/2028 2027/2027/2027
f 2031/2031/2031 2030/2030/2030 2029/2029/2029
f 2032/2032/2032 2031/2031/2031 2029/2029/2029
f 2032/2032/2032 2029/2029/2029 2033/2033/2033
f 2034/2034/2034 2032/2032/2032 2033/2033/2033
f 2034/2034/2034 2033/2033/2033 2035/2035/2035
f 2036/2036/2036 2034/2034/2034 2035/2035/2035
f 2036/2036/2036 2035/2035/2035 2037/2037/2037
f 2038/2038/2038 2036/2036/2036 2037/2037/2037
f 2039/2039/2039 2038/2038/2038 2037/2037/2037
f 2040/2040/2040 2039/2039/2039 2037/2037/2037
f 2041/2041/2041 2039/2039/2039 2040/2040/2040
f 2042/2042/2042 2041/2041/2041 2040/2040/2040
f 2043/2043/2043 2041/2041/2041 2042/2042/2042
f 2044/2044/2044 2043/2043/2043 2042/2042/2042
f 2045/2045/2045 2043/2043/2043 2044/2044/2044
f 2046/2046/2046 2045/2045/2045 2044/2044/2044
f 2045/2045/2045 2046/2046/2046 2047/2047/2047
f 2048/2048/2048 2045/2045/2045 2047/2047/2047
f 2048/2048/2048 2047/2047/2047 2049/2049/2049
f 2050/2050/2050 2048/2048/2048 2049/2049/2049
f 2050/2050/2050 2049/2049/2049 2051/2051/2051
f 2052/2052/2052 2050/2050/2050 2051/2051/2051
f 2052/2052/2052 2051/2051/2051 2053/2053/2053
f 2054/2054/2054 2052/2052/2052 2053/2053/2053
f 2054/2054/2054 2053/2053/2053 2055/2055/2055
f 2056/2056/2056 2054/2054/2054 2055/2055/2055
f 2055/2055/2055 2057/2057/2057 2056/2056/2056
f 2057/2057/2057 2058/2058/2058 2056/2056/2056
f 2059/2059/2059 2058/2058/2058 2057/2057/2057
f 2060/2060/2060 2059/2059/2059 2057/2057/2057
f 2059/2059/2059 2060/2060/2060 2061/2061/2061
f 2060/2060/2060 2062/2062/2062 2061/2061/2061
f 2063/2063/2063 2061/2061/2061 2062/2062/2062
f 2061/2061/2061 2063/2063/2063 2064/2064/2064
f 2064/2064/2064 2063/2063/2063 2065/2065/2065
f 2066/2066/2066 2064/2064/2064 2065/2065/2065
f 2067/2067/2067 2066/2066/2066 2065/2065/2065
f 2066/2066/2066 2067/2067/2067 2068/2068/2068
f 2069/2069/2069 2066/2066/2066 2068/2068/2068
f 2069/2069/2069 2068/2068/2068 2070/2070/2070
f 2071/2071/2071 2069/2069/2069 2070/2070/2070
f 2074/2074/2074 2073/2073/2073 2072/2072/2072
f 2073/2073/2073 2075/2075/2075 2072/2072/2072
f 2075/2075/2075 2073/2073/2073 2076/2076/2076
f 2076/2076/2076 2073/2073/2073 2077/2077/2077
f 2078/2078/2078 2076/2076/2076 2077/2077/2077
f 2079/2079/2079 2078/2078/2078 2077/2077/2077
f 2080/2080/2080 2079/2079/2079 2077/2077/2077
f 2081/2081/2081 2080/2080/2080 2077/2077/2077
f 2082/2082/2082 2078/2078/2078 2079/2079/2079
f 2083/2083/2083 2078/2078/2078 2082/2082/2082
f 2084/2084/2084 2083/2083/2083 2082/2082/2082
f 2085/2085/2085 2084/2084/2084 2082/2082/2082
f 2088/2088/2088 2087/2087/2087 2086/2086/2086
f 2086/2086/2086 2087/2087/2087 2089/2089/2089
f 2087/2087/2087 2090/2090/2090 2089/2089/2089
f 2089/2089/2089 2090/2090/2090 2091/2091/2091
f 2090/2090/2090 2092/2092/2092 2091/2091/2091
f 2089/2089/2089 2091/2091/2091 2093/2093/2093
f 2091/2091/2091 2094/2094/2094 2093/2093/2093
f 2094/2094/2094 2091/2091/2091 2095/2095/2095
f 2096/2096/2096 2094/2094/2094 2095/2095/2095
f 2094/2094/2094 2097/2097/2097 2093/2093/2093
f 2097/2097/2097 2098/2098/2098 2093/2093/2093
f 2093/2093/2093 2098/2098/2098 2099/2099/2099
f 2100/2100/2100 2093/2093/2093 2099/2099/2099
f 2101/2101/2101 2100/2100/2100 2099/2099/2099
f 2104/2104/2104 2103/2103/2103 2102/2102/2102
f 2105/2105/2105 2104/2104/2104 2102/2102/2102
f 2108/2108/2108 2107/2107/2107 2106/2106/2106
f 2106/2106/2106 2107/2107/2107 2109/2109/2109
f 2109/2109/2109 2107/2107/2107 2110/2110/2110
f 2107/2107/2107 2111/2111/2111 2110/2110/2110
f 2110/2110/2110 2111/2111/2111 2112/2112/2112
f 2112/2112/2112 2111/2111/2111 2113/2113/2113
f 2113/2113/2113 2111/2111/2111 2114/2114/2114
f 2114/2114/2114 2111/2111/2111 2115/2115/2115
f 2116/2116/2116 2111/2111/2111 2107/2107/2107
f 2111/2111/2111 2117/2117/2117 2115/2115/2115
f 2118/2118/2118 2116/2116/2116 2107/2107/2107
f 2117/2117/2117 2119/2119/2119 2115/2115/2115
f 2120/2120/2120 2118/2118/2118 2107/2107/2107
f 2119/2119/2119 2117/2117/2117 2121/2121/2121
f 2122/2122/2122 2120/2120/2120 2107/2107/2107
f 2123/2123/2123 2122/2122/2122 2107/2107/2107
f 2124/2124/2124 2123/2123/2123 2107/2107/2107
f 2125/2125/2125 2124/2124/2124 2107/2107/2107
f 2121/2121/2121 2117/2117/2117 2126/2126/2126
f 2117/2117/2117 2127/2127/2127 2126/2126/2126
f 2128/2128/2128 2127/2127/2127 2117/2117/2117
f 2129/2129/2129 2128/2128/2128 2117/2117/2117
f 2130/2130/2130 2127/2127/2127 2128/2128/2128
f 2131/2131/2131 2128/2128/2128 2129/2129/2129
f 2132/2132/2132 2130/2130/2130 2128/2128/2128
f 2133/2133/2133 2132/2132/2132 2128/2128/2128
f 2134/2134/2134 2128/2128/2128 2131/2131/2131
f 2135/2135/2135 2128/2128/2128 2134/2134/2134
f 2136/2136/2136 2128/2128/2128 2135/2135/2135
f 2137/2137/2137 2128/2128/2128 2136/2136/2136
f 2138/2138/2138 2128/2128/2128 2137/2137/2137
f 2141/2141/2141 2140/2140/2140 2139/2139/2139
f 2140/2140/2140 2142/2142/2142 2139/2139/2139
f 2142/2142/2142 2143/2143/2143 2139/2139/2139
f 2142/2142/2142 2144/2144/2144 2143/2143/2143
f 2144/2144/2144 2145/2145/2145 2143/2143/2143
f 2144/2144/2144 2146/2146/2146 2145/2145/2145
f 2147/2147/2147 2146/2146/2146 2144/2144/2144
f 2145/2145/2145 2146/2146/2146 2148/2148/2148
f 2146/2146/2146 2149/2149/2149 2148/2148/2148
f 2150/2150/2150 2148/2148/2148 2149/2149/2149
f 2151/2151/2151 2150/2150/2150 2149/2149/2149
f 2149/2149/2149 2146/2146/2146 2152/2152/2152
f 2152/2152/2152 2146/2146/2146 2153/2153/2153
f 2146/2146/2146 2154/2154/2154 2153/2153/2153
f 2153/2153/2153 2154/2154/2154 2155/2155/2155
f 2156/2156/2156 2153/2153/2153 2155/2155/2155
f 2156/2156/2156 2155/2155/2155 2157/2157/2157
f 2158/2158/2158 2156/2156/2156 2157/2157/2157
f 2158/2158/2158 2157/2157/2157 2159/2159/2159
f 2160/2160/2160 2158/2158/2158 2159/2159/2159
f 2160/2160/2160 2159/2159/2159 2161/2161/2161
f 2162/2162/2162 2160/2160/2160 2161/2161/2161
f 2162/2162/2162 2161/2161/2161 2163/2163/2163
f 2164/2164/2164 2162/2162/2162 2163/2163/2163
f 2164/2164/2164 2163/2163/2163 2165/2165/2165
f 2166/2166/2166 2164/2164/2164 2165/2165/2165
f 2169/2169/2169 2168/2168/2168 2167/2167/2167
f 2168/2168/2168 2170/2170/2170 2167/2167/2167
f 2167/2167/2167 2170/2170/2170 2171/2171/2171
f 2170/2170/2170 2172/2172/2172 2171/2171/2171
f 2171/2171/2171 2172/2172/2172 2173/2173/2173
f 2172/2172/2172 2174/2174/2174 2173/2173/2173
f 2173/2173/2173 2174/2174/2174 2175/2175/2175
f 2174/2174/2174 2176/2176/2176 2175/2175/2175
f 2175/2175/2175 2176/2176/2176 2177/2177/2177
f 2176/2176/2176 2178/2178/2178 2177/2177/2177
f 2177/2177/2177 2178/2178/2178 2179/2179/2179
f 2179/2179/2179 2178/2178/2178 2180/2180/2180
f 2181/2181/2181 2179/2179/2179 2180/2180/2180
f 2181/2181/2181 2180/2180/2180 2182/2182/2182
f 2180/2180/2180 2183/2183/2183 2182/2182/2182
f 2182/2182/2182 2183/2183/2183 2184/2184/2184
f 2183/2183/2183 2185/2185/2185 2184/2184/2184
f 2185/2185/2185 2186/2186/2186 2184/2184/2184
f 2186/2186/2186 2187/2187/2187 2184/2184/2184
f 2186/2186/2186 2188/2188/2188 2187/2187/2187
f 2188/2188/2188 2189/2189/2189 2187/2187/2187
f 2188/2188/2188 2190/2190/2190 2189/2189/2189
f 2190/2190/2190 2191/2191/2191 2189/2189/2189
f 2191/2191/2191 2190/2190/2190 2192/2192/2192
f 2190/2190/2190 2193/2193/2193 2192/2192/2192
f 2192/2192/2192 2193/2193/2193 2194/2194/2194
f 2193/2193/2193 2195/2195/2195 2194/2194/2194
f 2194/2194/2194 2195/2195/2195 2196/2196/2196
f 2195/2195/2195 2197/2197/2197 2196/2196/2196
f 2196/2196/2196 2197/2197/2197 2198/2198/2198
f 2197/2197/2197 2199/2199/2199 2198/2198/2198
f 2198/2198/2198 2199/2199/2199 2200/2200/2200
f 2199/2199/2199 2201/2201/2201 2200/2200/2200
f 2200/2200/2200 2201/2201/2201 2202/2202/2202
f 2201/2201/2201 2203/2203/2203 2202/2202/2202
f 2202/2202/2202 2203/2203/2203 2204/2204/2204
f 2203/2203/2203 2205/2205/2205 2204/2204/2204
f 2204/2204/2204 2205/2205/2205 2206/2206/2206
f 2205/2205/2205 2207/2207/2207 2206/2206/2206
f 2206/2206/2206 2207/2207/2207 2208/2208/2208
f 2207/2207/2207 2209/2209/2209 2208/2208/2208
f 2212/2212/2212 2211/2211/2211 2210/2210/2210
f 2210/2210/2210 2211/2211/2211 2213/2213/2213
f 2213/2213/2213 2211/2211/2211 2214/2214/2214
f 2215/2215/2215 2213/2213/2213 2214/2214/2214
f 2218/2218/2218 2217/2217/2217 2216/2216/2216
f 2216/2216/2216 2217/2217/2217 2219/2219/2219
f 2217/2217/2217 2220/2220/2220 2219/2219/2219
f 2221/2221/2221 2216/2216/2216 2219/2219/2219
f 2220/2220/2220 2222/2222/2222 2219/2219/2219
f 2216/2216/2216 2221/2221/2221 2223/2223/2223
f 2224/2224/2224 2222/2222/2222 2220/2220/2220
f 2221/2221/2221 2225/2225/2225 2223/2223/2223
f 2220/2220/2220 2226/2226/2226 2224/2224/2224
f 2226/2226/2226 2227/2227/2227 2224/2224/2224
f 2226/2226/2226 2228/2228/2228 2227/2227/2227
f 2227/2227/2227 2228/2228/2228 2229/2229/2229
f 2228/2228/2228 2230/2230/2230 2229/2229/2229
f 2231/2231/2231 2223/2223/2223 2225/2225/2225
f 2232/2232/2232 2229/2229/2229 2230/2230/2230
f 2233/2233/2233 2231/2231/2231 2225/2225/2225
f 2233/2233/2233 2234/2234/2234 2231/2231/2231
f 2234/2234/2234 2235/2235/2235 2231/2231/2231
f 2230/2230/2230 2236/2236/2236 2232/2232/2232
f 2231/2231/2231 2235/2235/2235 2237/2237/2237
f 2232/2232/2232 2236/2236/2236 2238/2238/2238
f 2238/2238/2238 2236/2236/2236 2239/2239/2239
f 2240/2240/2240 2238/2238/2238 2239/2239/2239
f 2241/2241/2241 2238/2238/2238 2240/2240/2240
f 2242/2242/2242 2232/2232/2232 2238/2238/2238
f 2243/2243/2243 2232/2232/2232 2242/2242/2242
f 2244/2244/2244 2243/2243/2243 2242/2242/2242
f 2245/2245/2245 2238/2238/2238 2241/2241/2241
f 2246/2246/2246 2244/2244/2244 2242/2242/2242
f 2247/2247/2247 2246/2246/2246 2242/2242/2242
f 2248/2248/2248 2246/2246/2246 2247/2247/2247
f 2246/2246/2246 2249/2249/2249 2244/2244/2244
f 2249/2249/2249 2250/2250/2250 2244/2244/2244
f 2250/2250/2250 2249/2249/2249 2251/2251/2251
f 2249/2249/2249 2252/2252/2252 2251/2251/2251
f 2248/2248/2248 2247/2247/2247 2253/2253/2253
f 2252/2252/2252 2254/2254/2254 2251/2251/2251
f 2252/2252/2252 2255/2255/2255 2254/2254/2254
f 2255/2255/2255 2256/2256/2256 2254/2254/2254
f 2256/2256/2256 2257/2257/2257 2254/2254/2254
f 2256/2256/2256 2258/2258/2258 2257/2257/2257
f 2256/2256/2256 2259/2259/2259 2258/2258/2258
f 2258/2258/2258 2259/2259/2259 2260/2260/2260
f 2261/2261/2261 2258/2258/2258 2260/2260/2260
f 2262/2262/2262 2261/2261/2261 2260/2260/2260
f 2262/2262/2262 2260/2260/2260 2263/2263/2263
f 2235/2235/2235 2262/2262/2262 2263/2263/2263
f 2235/2235/2235 2263/2263/2263 2264/2264/2264
f 2235/2235/2235 2264/2264/2264 2237/2237/2237
f 2265/2265/2265 2237/2237/2237 2264/2264/2264
f 2265/2265/2265 2266/2266/2266 2237/2237/2237
f 2266/2266/2266 2267/2267/2267 2237/2237/2237
f 2267/2267/2267 2266/2266/2266 2268/2268/2268
f 2266/2266/2266 2269/2269/2269 2268/2268/2268
f 2269/2269/2269 2270/2270/2270 2268/2268/2268
f 2269/2269/2269 2271/2271/2271 2270/2270/2270
f 2271/2271/2271 2272/2272/2272 2270/2270/2270
f 2271/2271/2271 2273/2273/2273 2272/2272/2272
f 2273/2273/2273 2274/2274/2274 2272/2272/2272
f 2273/2273/2273 2275/2275/2275 2274/2274/2274
f 2275/2275/2275 2276/2276/2276 2274/2274/2274
f 2275/2275/2275 2277/2277/2277 2276/2276/2276
f 2276/2276/2276 2277/2277/2277 2278/2278/2278
f 2277/2277/2277 2279/2279/2279 2278/2278/2278
f 2278/2278/2278 2279/2279/2279 2280/2280/2280
f 2280/2280/2280 2279/2279/2279 2281/2281/2281
f 2279/2279/2279 2282/2282/2282 2281/2281/2281
f 2282/2282/2282 2253/2253/2253 2281/2281/2281
f 2283/2283/2283 2281/2281/2281 2253/2253/2253
f 2247/2247/2247 2283/2283/2283 2253/2253/2253
f 2281/2281/2281 2283/2283/2283 2284/2284/2284
f 2284/2284/2284 2283/2283/2283 2285/2285/2285
f 2283/2283/2283 2286/2286/2286 2285/2285/2285
f 2286/2286/2286 2287/2287/2287 2285/2285/2285
f 2285/2285/2285 2287/2287/2287 2288/2288/2288
f 2288/2288/2288 2287/2287/2287 2289/2289/2289
f 2287/2287/2287 2290/2290/2290 2289/2289/2289
f 2289/2289/2289 2290/2290/2290 2291/2291/2291
f 2292/2292/2292 2287/2287/2287 2286/2286/2286
f 2290/2290/2290 2293/2293/2293 2291/2291/2291
f 2291/2291/2291 2293/2293/2293 2294/2294/2294
f 2294/2294/2294 2293/2293/2293 2295/2295/2295
f 2293/2293/2293 2296/2296/2296 2295/2295/2295
f 2296/2296/2296 2297/2297/2297 2295/2295/2295
f 2295/2295/2295 2297/2297/2297 2298/2298/2298
f 2297/2297/2297 2299/2299/2299 2298/2298/2298
f 2298/2298/2298 2299/2299/2299 2300/2300/2300
f 2299/2299/2299 2301/2301/2301 2300/2300/2300
f 2301/2301/2301 2302/2302/2302 2300/2300/2300
f 2302/2302/2302 2303/2303/2303 2300/2300/2300
f 2302/2302/2302 2304/2304/2304 2303/2303/2303
f 2305/2305/2305 2304/2304/2304 2302/2302/2302
f 2306/2306/2306 2305/2305/2305 2302/2302/2302
f 2307/2307/2307 2306/2306/2306 2302/2302/2302
f 2307/2307/2307 2308/2308/2308 2306/2306/2306
f 2308/2308/2308 2309/2309/2309 2306/2306/2306
f 2306/2306/2306 2309/2309/2309 2310/2310/2310
f 2311/2311/2311 2306/2306/2306 2310/2310/2310
f 2309/2309/2309 2312/2312/2312 2310/2310/2310
f 2309/2309/2309 2313/2313/2313 2312/2312/2312
f 2311/2311/2311 2310/2310/2310 2314/2314/2314
f 2314/2314/2314 2315/2315/2315 2311/2311/2311
f 2313/2313/2313 2316/2316/2316 2312/2312/2312
f 2313/2313/2313 2317/2317/2317 2316/2316/2316
f 2315/2315/2315 2318/2318/2318 2311/2311/2311
f 2317/2317/2317 2319/2319/2319 2316/2316/2316
f 2319/2319/2319 2320/2320/2320 2316/2316/2316
f 2320/2320/2320 2319/2319/2319 2321/2321/2321
f 2319/2319/2319 2322/2322/2322 2321/2321/2321
f 2322/2322/2322 2323/2323/2323 2321/2321/2321
f 2323/2323/2323 2324/2324/2324 2321/2321/2321
f 2324/2324/2324 2323/2323/2323 2325/2325/2325
f 2323/2323/2323 2326/2326/2326 2325/2325/2325
f 2326/2326/2326 2327/2327/2327 2325/2325/2325
f 2327/2327/2327 2328/2328/2328 2325/2325/2325
f 2327/2327/2327 2329/2329/2329 2328/2328/2328
f 2329/2329/2329 2330/2330/2330 2328/2328/2328
f 2329/2329/2329 2286/2286/2286 2330/2330/2330
f 2329/2329/2329 2292/2292/2292 2286/2286/2286
f 2286/2286/2286 2331/2331/2331 2330/2330/2330
f 2332/2332/2332 2330/2330/2330 2331/2331/2331
f 2332/2332/2332 2331/2331/2331 2333/2333/2333
f 2331/2331/2331 2334/2334/2334 2333/2333/2333
f 2333/2333/2333 2335/2335/2335 2332/2332/2332
f 2336/2336/2336 2333/2333/2333 2334/2334/2334
f 2335/2335/2335 2337/2337/2337 2332/2332/2332
f 2338/2338/2338 2336/2336/2336 2334/2334/2334
f 2339/2339/2339 2338/2338/2338 2334/2334/2334
f 2339/2339/2339 2340/2340/2340 2338/2338/2338
f 2341/2341/2341 2338/2338/2338 2340/2340/2340
f 2342/2342/2342 2341/2341/2341 2340/2340/2340
f 2335/2335/2335 2343/2343/2343 2337/2337/2337
f 2343/2343/2343 2344/2344/2344 2337/2337/2337
f 2345/2345/2345 2341/2341/2341 2342/2342/2342
f 2346/2346/2346 2345/2345/2345 2342/2342/2342
f 2347/2347/2347 2345/2345/2345 2346/2346/2346
f 2348/2348/2348 2345/2345/2345 2347/2347/2347
f 2349/2349/2349 2348/2348/2348 2347/2347/2347
f 2344/2344/2344 2343/2343/2343 2350/2350/2350
f 2343/2343/2343 2351/2351/2351 2350/2350/2350
f 2352/2352/2352 2348/2348/2348 2349/2349/2349
f 2351/2351/2351 2353/2353/2353 2350/2350/2350
f 2353/2353/2353 2354/2354/2354 2350/2350/2350
f 2355/2355/2355 2352/2352/2352 2349/2349/2349
f 2355/2355/2355 2356/2356/2356 2352/2352/2352
f 2357/2357/2357 2352/2352/2352 2356/2356/2356
f 2354/2354/2354 2353/2353/2353 2358/2358/2358
f 2353/2353/2353 2359/2359/2359 2358/2358/2358
f 2352/2352/2352 2357/2357/2357 2360/2360/2360
f 2357/2357/2357 2361/2361/2361 2360/2360/2360
f 2361/2361/2361 2362/2362/2362 2360/2360/2360
f 2359/2359/2359 2363/2363/2363 2358/2358/2358
f 2363/2363/2363 2364/2364/2364 2358/2358/2358
f 2363/2363/2363 2365/2365/2365 2364/2364/2364
f 2363/2363/2363 2366/2366/2366 2365/2365/2365
f 2362/2362/2362 2367/2367/2367 2360/2360/2360
f 2368/2368/2368 2367/2367/2367 2362/2362/2362
f 2368/2368/2368 2369/2369/2369 2367/2367/2367
f 2369/2369/2369 2370/2370/2370 2367/2367/2367
f 2369/2369/2369 2371/2371/2371 2370/2370/2370
f 2371/2371/2371 2372/2372/2372 2370/2370/2370
f 2366/2366/2366 2318/2318/2318 2365/2365/2365
f 2371/2371/2371 2373/2373/2373 2372/2372/2372
f 2373/2373/2373 2374/2374/2374 2372/2372/2372
f 2366/2366/2366 2375/2375/2375 2318/2318/2318
f 2374/2374/2374 2373/2373/2373 2375/2375/2375
f 2375/2375/2375 2373/2373/2373 2318/2318/2318
f 2373/2373/2373 2311/2311/2311 2318/2318/2318
f 2378/2378/2378 2377/2377/2377 2376/2376/2376
f 2377/2377/2377 2379/2379/2379 2376/2376/2376
f 2380/2380/2380 2379/2379/2379 2377/2377/2377
f 2381/2381/2381 2379/2379/2379 2380/2380/2380
f 2381/2381/2381 2380/2380/2380 2382/2382/2382
f 2380/2380/2380 2383/2383/2383 2382/2382/2382
f 2379/2379/2379 2384/2384/2384 2376/2376/2376
f 2376/2376/2376 2384/2384/2384 2385/2385/2385
f 2382/2382/2382 2383/2383/2383 2386/2386/2386
f 2383/2383/2383 2387/2387/2387 2386/2386/2386
f 2387/2387/2387 2388/2388/2388 2386/2386/2386
f 2385/2385/2385 2384/2384/2384 2389/2389/2389
f 2386/2386/2386 2388/2388/2388 2390/2390/2390
f 2388/2388/2388 2391/2391/2391 2390/2390/2390
f 2391/2391/2391 2392/2392/2392 2390/2390/2390
f 2390/2390/2390 2392/2392/2392 2393/2393/2393
f 2392/2392/2392 2394/2394/2394 2393/2393/2393
f 2384/2384/2384 2395/2395/2395 2389/2389/2389
f 2396/2396/2396 2389/2389/2389 2395/2395/2395
f 2393/2393/2393 2394/2394/2394 2397/2397/2397
f 2396/2396/2396 2398/2398/2398 2389/2389/2389
f 2398/2398/2398 2399/2399/2399 2389/2389/2389
f 2398/2398/2398 2400/2400/2400 2399/2399/2399
f 2398/2398/2398 2401/2401/2401 2400/2400/2400
f 2394/2394/2394 2402/2402/2402 2397/2397/2397
f 2397/2397/2397 2402/2402/2402 2403/2403/2403
f 2404/2404/2404 2397/2397/2397 2403/2403/2403
f 2401/2401/2401 2405/2405/2405 2400/2400/2400
f 2405/2405/2405 2401/2401/2401 2406/2406/2406
f 2407/2407/2407 2397/2397/2397 2404/2404/2404
f 2408/2408/2408 2407/2407/2407 2404/2404/2404
f 2409/2409/2409 2407/2407/2407 2408/2408/2408
f 2410/2410/2410 2407/2407/2407 2409/2409/2409
f 2411/2411/2411 2410/2410/2410 2409/2409/2409
f 2406/2406/2406 2412/2412/2412 2405/2405/2405
f 2412/2412/2412 2413/2413/2413 2405/2405/2405
f 2413/2413/2413 2412/2412/2412 2241/2241/2241
f 2241/2241/2241 2412/2412/2412 2414/2414/2414
f 2415/2415/2415 2410/2410/2410 2411/2411/2411
f 2416/2416/2416 2415/2415/2415 2411/2411/2411
f 2417/2417/2417 2415/2415/2415 2416/2416/2416
f 2418/2418/2418 2415/2415/2415 2417/2417/2417
f 2414/2414/2414 2245/2245/2245 2241/2241/2241
f 2245/2245/2245 2418/2418/2418 2417/2417/2417
f 2419/2419/2419 2245/2245/2245 2414/2414/2414
f 2419/2419/2419 2418/2418/2418 2245/2245/2245
f 2422/2422/2422 2421/2421/2421 2420/2420/2420
f 2421/2421/2421 2423/2423/2423 2420/2420/2420
f 2421/2421/2421 2424/2424/2424 2423/2423/2423
f 2425/2425/2425 2424/2424/2424 2421/2421/2421
f 2424/2424/2424 2426/2426/2426 2423/2423/2423
f 2426/2426/2426 2427/2427/2427 2423/2423/2423
f 2428/2428/2428 2427/2427/2427 2426/2426/2426
f 2429/2429/2429 2427/2427/2427 2428/2428/2428
f 2430/2430/2430 2429/2429/2429 2428/2428/2428
f 2433/2433/2433 2432/2432/2432 2431/2431/2431
f 2431/2431/2431 2432/2432/2432 2434/2434/2434
f 2435/2435/2435 2431/2431/2431 2434/2434/2434
f 2436/2436/2436 2435/2435/2435 2434/2434/2434
f 2437/2437/2437 2435/2435/2435 2436/2436/2436
f 2440/2440/2440 2439/2439/2439 2438/2438/2438
f 2439/2439/2439 2441/2441/2441 2438/2438/2438
f 2442/2442/2442 2441/2441/2441 2439/2439/2439
f 2445/2445/2445 2444/2444/2444 2443/2443/2443
f 2444/2444/2444 2446/2446/2446 2443/2443/2443
f 2443/2443/2443 2446/2446/2446 2447/2447/2447
f 2446/2446/2446 2448/2448/2448 2447/2447/2447
f 2448/2448/2448 2449/2449/2449 2447/2447/2447
f 2447/2447/2447 2449/2449/2449 2450/2450/2450
f 2451/2451/2451 2447/2447/2447 2450/2450/2450
f 2449/2449/2449 2448/2448/2448 2452/2452/2452
f 2452/2452/2452 2448/2448/2448 2453/2453/2453
f 2454/2454/2454 2452/2452/2452 2453/2453/2453
f 2457/2457/2457 2456/2456/2456 2455/2455/2455
f 2456/2456/2456 2458/2458/2458 2455/2455/2455
f 2458/2458/2458 2459/2459/2459 2455/2455/2455
f 2460/2460/2460 2459/2459/2459 2458/2458/2458
f 2463/2463/2463 2462/2462/2462 2461/2461/2461
f 2464/2464/2464 2463/2463/2463 2461/2461/2461
f 2467/2467/2467 2466/2466/2466 2465/2465/2465
f 2468/2468/2468 2467/2467/2467 2465/2465/2465
f 2469/2469/2469 2467/2467/2467 2468/2468/2468
f 2472/2472/2472 2471/2471/2471 2470/2470/2470
f 2473/2473/2473 2472/2472/2472 2470/2470/2470
f 2474/2474/2474 2473/2473/2473 2470/2470/2470
f 2473/2473/2473 2474/2474/2474 2475/2475/2475
f 2476/2476/2476 2473/2473/2473 2475/2475/2475
f 2477/2477/2477 2476/2476/2476 2475/2475/2475
f 2478/2478/2478 2477/2477/2477 2475/2475/2475
f 2479/2479/2479 2478/2478/2478 2475/2475/2475
f 2480/2480/2480 2478/2478/2478 2479/2479/2479
f 2481/2481/2481 2480/2480/2480 2479/2479/2479
f 2482/2482/2482 2481/2481/2481 2479/2479/2479
f 2483/2483/2483 2482/2482/2482 2479/2479/2479
f 2484/2484/2484 2483/2483/2483 2479/2479/2479
f 2485/2485/2485 2483/2483/2483 2484/2484/2484
f 2486/2486/2486 2485/2485/2485 2484/2484/2484
f 2487/2487/2487 2486/2486/2486 2484/2484/2484
f 2488/2488/2488 2487/2487/2487 2484/2484/2484
f 2489/2489/2489 2488/2488/2488 2484/2484/2484
f 2490/2490/2490 2489/2489/2489 2484/2484/2484
f 2491/2491/2491 2489/2489/2489 2490/2490/2490
f 2492/2492/2492 2491/2491/2491 2490/2490/2490
f 2493/2493/2493 2492/2492/2492 2490/2490/2490
f 2494/2494/2494 2492/2492/2492 2493/2493/2493
f 2495/2495/2495 2494/2494/2494 2493/2493/2493
f 2496/2496/2496 2494/2494/2494 2495/2495/2495
f 2499/2499/2499 2498/2498/2498 2497/2497/2497
f 2498/2498/2498 2500/2500/2500 2497/2497/2497
f 2501/2501/2501 2500/2500/2500 2498/2498/2498
f 2502/2502/2502 2501/2501/2501 2498/2498/2498
f 2503/2503/2503 2502/2502/2502 2498/2498/2498
f 2504/2504/2504 2502/2502/2502 2503/2503/2503
f 2505/2505/2505 2504/2504/2504 2503/2503/2503
f 2505/2505/2505 2503/2503/2503 2506/2506/2506
f 2507/2507/2507 2505/2505/2505 2506/2506/2506
f 2508/2508/2508 2501/2501/2501 2502/2502/2502
f 2507/2507/2507 2506/2506/2506 2509/2509/2509
f 2510/2510/2510 2507/2507/2507 2509/2509/2509
f 2511/2511/2511 2510/2510/2510 2509/2509/2509
f 2508/2508/2508 2512/2512/2512 2501/2501/2501
f 2513/2513/2513 2501/2501/2501 2512/2512/2512
f 2514/2514/2514 2501/2501/2501 2513/2513/2513
f 2515/2515/2515 2511/2511/2511 2509/2509/2509
f 2516/2516/2516 2501/2501/2501 2514/2514/2514
f 2517/2517/2517 2511/2511/2511 2515/2515/2515
f 2518/2518/2518 2517/2517/2517 2515/2515/2515
f 2519/2519/2519 2518/2518/2518 2515/2515/2515
f 2520/2520/2520 2519/2519/2519 2515/2515/2515
f 2521/2521/2521 2516/2516/2516 2514/2514/2514
f 2522/2522/2522 2516/2516/2516 2521/2521/2521
f 2523/2523/2523 2516/2516/2516 2522/2522/2522
f 2524/2524/2524 2516/2516/2516 2523/2523/2523
f 2525/2525/2525 2516/2516/2516 2524/2524/2524
f 2526/2526/2526 2516/2516/2516 2525/2525/2525
f 2527/2527/2527 2526/2526/2526 2525/2525/2525
f 2528/2528/2528 2527/2527/2527 2525/2525/2525
f 2529/2529/2529 2525/2525/2525 2524/2524/2524
f 2530/2530/2530 2529/2529/2529 2524/2524/2524
f 2531/2531/2531 2529/2529/2529 2530/2530/2530
f 2529/2529/2529 2531/2531/2531 2532/2532/2532
f 2533/2533/2533 2529/2529/2529 2532/2532/2532
f 2536/2536/2536 2535/2535/2535 2534/2534/2534
f 2537/2537/2537 2536/2536/2536 2534/2534/2534
f 2540/2540/2540 2539/2539/2539 2538/2538/2538
f 2539/2539/2539 2541/2541/2541 2538/2538/2538
f 2541/2541/2541 2539/2539/2539 2542/2542/2542
f 2543/2543/2543 2541/2541/2541 2542/2542/2542
f 2543/2543/2543 2542/2542/2542 2544/2544/2544
f 2545/2545/2545 2543/2543/2543 2544/2544/2544
f 2545/2545/2545 2544/2544/2544 2546/2546/2546
f 2547/2547/2547 2545/2545/2545 2546/2546/2546
f 2546/2546/2546 2548/2548/2548 2547/2547/2547
f 2548/2548/2548 2549/2549/2549 2547/2547/2547
f 2549/2549/2549 2548/2548/2548 2550/2550/2550
f 2551/2551/2551 2549/2549/2549 2550/2550/2550
f 2551/2551/2551 2550/2550/2550 2552/2552/2552
f 2553/2553/2553 2551/2551/2551 2552/2552/2552
f 2553/2553/2553 2552/2552/2552 2554/2554/2554
f 2552/2552/2552 2555/2555/2555 2554/2554/2554
f 2558/2558/2558 2557/2557/2557 2556/2556/2556
f 2559/2559/2559 2558/2558/2558 2556/2556/2556
f 2562/2562/2562 2561/2561/2561 2560/2560/2560
f 2561/2561/2561 2563/2563/2563 2560/2560/2560
f 2563/2563/2563 2561/2561/2561 2564/2564/2564
f 2565/2565/2565 2563/2563/2563 2564/2564/2564
f 2565/2565/2565 2564/2564/2564 2566/2566/2566
f 2567/2567/2567 2565/2565/2565 2566/2566/2566
f 2567/2567/2567 2566/2566/2566 2568/2568/2568
f 2569/2569/2569 2567/2567/2567 2568/2568/2568
f 2568/2568/2568 2570/2570/2570 2569/2569/2569
f 2570/2570/2570 2571/2571/2571 2569/2569/2569
f 2570/2570/2570 2572/2572/2572 2571/2571/2571
f 2572/2572/2572 2573/2573/2573 2571/2571/2571
f 2572/2572/2572 2574/2574/2574 2573/2573/2573
f 2574/2574/2574 2575/2575/2575 2573/2573/2573
f 2574/2574/2574 2576/2576/2576 2575/2575/2575
f 2576/2576/2576 2577/2577/2577 2575/2575/2575
f 2577/2577/2577 2576/2576/2576 2578/2578/2578
f 2579/2579/2579 2577/2577/2577 2578/2578/2578
f 2579/2579/2579 2578/2578/2578 2580/2580/2580
f 2581/2581/2581 2579/2579/2579 2580/2580/2580
f 2581/2581/2581 2580/2580/2580 2582/2582/2582
f 2583/2583/2583 2581/2581/2581 2582/2582/2582
f 2583/2583/2583 2582/2582/2582 2584/2584/2584
f 2585/2585/2585 2583/2583/2583 2584/2584/2584
f 2584/2584/2584 2586/2586/2586 2585/2585/2585
f 2586/2586/2586 2587/2587/2587 2585/2585/2585
f 2586/2586/2586 2588/2588/2588 2587/2587/2587
f 2588/2588/2588 2589/2589/2589 2587/2587/2587
f 2588/2588/2588 2590/2590/2590 2589/2589/2589
f 2590/2590/2590 2591/2591/2591 2589/2589/2589
f 2591/2591/2591 2590/2590/2590 2592/2592/2592
f 2593/2593/2593 2591/2591/2591 2592/2592/2592
f 2596/2596/2596 2595/2595/2595 2594/2594/2594
f 2597/2597/2597 2596/2596/2596 2594/2594/2594
f 2600/2600/2600 2599/2599/2599 2598/2598/2598
f 2599/2599/2599 2600/2600/2600 2601/2601/2601
f 2602/2602/2602 2599/2599/2599 2601/2601/2601
f 2605/2605/2605 2604/2604/2604 2603/2603/2603
f 2606/2606/2606 2605/2605/2605 2603/2603/2603
f 2609/2609/2609 2608/2608/2608 2607/2607/2607
f 2610/2610/2610 2609/2609/2609 2607/2607/2607
f 2611/2611/2611 2609/2609/2609 2610/2610/2610
f 2614/2614/2614 2613/2613/2613 2612/2612/2612
f 2615/2615/2615 2614/2614/2614 2612/2612/2612
f 2618/2618/2618 2617/2617/2617 2616/2616/2616
f 2617/2617/2617 2618/2618/2618 2619/2619/2619
f 2620/2620/2620 2617/2617/2617 2619/2619/2619
f 2623/2623/2623 2622/2622/2622 2621/2621/2621
f 2624/2624/2624 2623/2623/2623 2621/2621/2621
f 2627/2627/2627 2626/2626/2626 2625/2625/2625
f 2628/2628/2628 2627/2627/2627 2625/2625/2625
f 2629/2629/2629 2627/2627/2627 2628/2628/2628
f 2632/2632/2632 2631/2631/2631 2630/2630/2630
f 2633/2633/2633 2632/2632/2632 2630/2630/2630
f 2636/2636/2636 2635/2635/2635 2634/2634/2634
f 2635/2635/2635 2636/2636/2636 2637/2637/2637
f 2638/2638/2638 2635/2635/2635 2637/2637/2637
f 2641/2641/2641 2640/2640/2640 2639/2639/2639
f 2642/2642/2642 2641/2641/2641 2639/2639/2639
f 2645/2645/2645 2644/2644/2644 2643/2643/2643
f 2646/2646/2646 2645/2645/2645 2643/2643/2643
f 2647/2647/2647 2645/2645/2645 2646/2646/2646
f 2650/2650/2650 2649/2649/2649 2648/2648/2648
f 2651/2651/2651 2650/2650/2650 2648/2648/2648
f 2654/2654/2654 2653/2653/2653 2652/2652/2652
f 2653/2653/2653 2654/2654/2654 2655/2655/2655
f 2656/2656/2656 2653/2653/2653 2655/2655/2655
f 2659/2659/2659 2658/2658/2658 2657/2657/2657
f 2660/2660/2660 2659/2659/2659 2657/2657/2657
f 2663/2663/2663 2662/2662/2662 2661/2661/2661
f 2664/2664/2664 2663/2663/2663 2661/2661/2661
f 2665/2665/2665 2663/2663/2663 2664/2664/2664
f 2668/2668/2668 2667/2667/2667 2666/2666/2666
f 2669/2669/2669 2668/2668/2668 2666/2666/2666
f 2672/2672/2672 2671/2671/2671 2670/2670/2670
f 2671/2671/2671 2672/2672/2672 2673/2673/2673
f 2674/2674/2674 2671/2671/2671 2673/2673/2673
f 2677/2677/2677 2676/2676/2676 2675/2675/2675
f 2678/2678/2678 2677/2677/2677 2675/2675/2675
f 2681/2681/2681 2680/2680/2680 2679/2679/2679
f 2682/2682/2682 2681/2681/2681 2679/2679/2679
f 2683/2683/2683 2681/2681/2681 2682/2682/2682
f 2686/2686/2686 2685/2685/2685 2684/2684/2684
f 2687/2687/2687 2686/2686/2686 2684/2684/2684
f 2690/2690/2690 2689/2689/2689 2688/2688/2688
f 2689/2689/2689 2690/2690/2690 2691/2691/2691
f 2692/2692/2692 2689/2689/2689 2691/2691/2691
f 2695/2695/2695 2694/2694/2694 2693/2693/2693
f 2696/2696/2696 2695/2695/2695 2693/2693/2693
f 2699/2699/2699 2698/2698/2698 2697/2697/2697
f 2700/2700/2700 2699/2699/2699 2697/2697/2697
f 2703/2703/2703 2702/2702/2702 2701/2701/2701
f 2704/2704/2704 2703/2703/2703 2701/2701/2701
f 2707/2707/2707 2706/2706/2706 2705/2705/2705
f 2708/2708/2708 2707/2707/2707 2705/2705/2705
f 2711/2711/2711 2710/2710/2710 2709/2709/2709
f 2712/2712/2712 2711/2711/2711 2709/2709/2709
f 2715/2715/2715 2714/2714/2714 2713/2713/2713
f 2716/2716/2716 2715/2715/2715 2713/2713/2713
f 2719/2719/2719 2718/2718/2718 2717/2717/2717
f 2720/2720/2720 2719/2719/2719 2717/2717/2717
f 2723/2723/2723 2722/2722/2722 2721/2721/2721
f 2724/2724/2724 2723/2723/2723 2721/2721/2721
f 2725/2725/2725 2723/2723/2723 2724/2724/2724
f 2728/2728/2728 2727/2727/2727 2726/2726/2726
f 2729/2729/2729 2728/2728/2728 2726/2726/2726
f 2732/2732/2732 2731/2731/2731 2730/2730/2730
f 2733/2733/2733 2732/2732/2732 2730/2730/2730
f 2736/2736/2736 2735/2735/2735 2734/2734/2734
f 2737/2737/2737 2736/2736/2736 2734/2734/2734
f 2740/2740/2740 2739/2739/2739 2738/2738/2738
f 2741/2741/2741 2740/2740/2740 2738/2738/2738
f 2744/2744/2744 2743/2743/2743 2742/2742/2742
f 2745/2745/2745 2744/2744/2744 2742/2742/2742
f 2748/2748/2748 2747/2747/2747 2746/2746/2746
f 2749/2749/2749 2748/2748/2748 2746/2746/2746
f 2752/2752/2752 2751/2751/2751 2750/2750/2750
f 2753/2753/2753 2752/2752/2752 2750/2750/2750
f 2753/2753/2753 2750/2750/2750 2754/2754/2754
f 2755/2755/2755 2753/2753/2753 2754/2754/2754
f 2755/2755/2755 2754/2754/2754 2756/2756/2756
f 2757/2757/2757 2755/2755/2755 2756/2756/2756
f 2757/2757/2757 2756/2756/2756 2758/2758/2758
f 2759/2759/2759 2757/2757/2757 2758/2758/2758
f 2758/2758/2758 2760/2760/2760 2759/2759/2759
f 2760/2760/2760 2761/2761/2761 2759/2759/2759
f 2760/2760/2760 2762/2762/2762 2761/2761/2761
f 2762/2762/2762 2763/2763/2763 2761/2761/2761
f 2762/2762/2762 2764/2764/2764 2763/2763/2763
f 2764/2764/2764 2765/2765/2765 2763/2763/2763
f 2765/2765/2765 2764/2764/2764 2766/2766/2766
f 2767/2767/2767 2765/2765/2765 2766/2766/2766
f 2770/2770/2770 2769/2769/2769 2768/2768/2768
f 2771/2771/2771 2770/2770/2770 2768/2768/2768
f 2772/2772/2772 2770/2770/2770 2771/2771/2771
f 2775/2775/2775 2774/2774/2774 2773/2773/2773
f 2776/2776/2776 2775/2775/2775 2773/2773/2773
f 2779/2779/2779 2778/2778/2778 2777/2777/2777
f 2778/2778/2778 2779/2779/2779 2780/2780/2780
f 2781/2781/2781 2778/2778/2778 2780/2780/2780
f 2784/2784/2784 2783/2783/2783 2782/2782/2782
f 2785/2785/2785 2784/2784/2784 2782/2782/2782
f 2788/2788/2788 2787/2787/2787 2786/2786/2786
f 2789/2789/2789 2788/2788/2788 2786/2786/2786
f 2790/2790/2790 2788/2788/2788 2789/2789/2789
f 2793/2793/2793 2792/2792/2792 2791/2791/2791
f 2794/2794/2794 2793/2793/2793 2791/2791/2791
f 2797/2797/2797 2796/2796/2796 2795/2795/2795
f 2796/2796/2796 2797/2797/2797 2798/2798/2798
f 2799/2799/2799 2796/2796/2796 2798/2798/2798
f 2802/2802/2802 2801/2801/2801 2800/2800/2800
f 2803/2803/2803 2802/2802/2802 2800/2800/2800
f 2806/2806/2806 2805/2805/2805 2804/2804/2804
f 2807/2807/2807 2806/2806/2806 2804/2804/2804
f 2808/2808/2808 2806/2806/2806 2807/2807/2807
f 2811/2811/2811 2810/2810/2810 2809/2809/2809
f 2812/2812/2812 2811/2811/2811 2809/2809/2809
f 2815/2815/2815 2814/2814/2814 2813/2813/2813
f 2814/2814/2814 2815/2815/2815 2816/2816/2816
f 2817/2817/2817 2814/2814/2814 2816/2816/2816
f 2820/2820/2820 2819/2819/2819 2818/2818/2818
f 2821/2821/2821 2820/2820/2820 2818/2818/2818
f 2824/2824/2824 2823/2823/2823 2822/2822/2822
f 2825/2825/2825 2824/2824/2824 2822/2822/2822
f 2826/2826/2826 2824/2824/2824 2825/2825/2825
f 2829/2829/2829 2828/2828/2828 2827/2827/2827
f 2830/2830/2830 2829/2829/2829 2827/2827/2827
f 2833/2833/2833 2832/2832/2832 2831/2831/2831
f 2832/2832/2832 2833/2833/2833 2834/2834/2834
f 2835/2835/2835 2832/2832/2832 2834/2834/2834
f 2838/2838/2838 2837/2837/2837 2836/2836/2836
f 2839/2839/2839 2838/2838/2838 2836/2836/2836
f 2839/2839/2839 2840/2840/2840 2838/2838/2838
f 2843/2843/2843 2842/2842/2842 2841/2841/2841
f 2844/2844/2844 2843/2843/2843 2841/2841/2841
f 2845/2845/2845 2843/2843/2843 2844/2844/2844
f 2848/2848/2848 2847/2847/2847 2846/2846/2846
f 2849/2849/2849 2848/2848/2848 2846/2846/2846
f 2852/2852/2852 2851/2851/2851 2850/2850/2850
f 2851/2851/2851 2852/2852/2852 2853/2853/2853
f 2854/2854/2854 2851/2851/2851 2853/2853/2853
f 2857/2857/2857 2856/2856/2856 2855/2855/2855
f 2858/2858/2858 2857/2857/2857 2855/2855/2855
f 2861/2861/2861 2860/2860/2860 2859/2859/2859
f 2862/2862/2862 2861/2861/2861 2859/2859/2859
f 2863/2863/2863 2861/2861/2861 2862/2862/2862
f 2866/2866/2866 2865/2865/2865 2864/2864/2864
f 2867/2867/2867 2866/2866/2866 2864/2864/2864
f 2870/2870/2870 2869/2869/2869 2868/2868/2868
f 2869/2869/2869 2870/2870/2870 2871/2871/2871
f 2872/2872/2872 2869/2869/2869 2871/2871/2871
f 2875/2875/2875 2874/2874/2874 2873/2873/2873
f 2876/2876/2876 2875/2875/2875 2873/2873/2873
f 2879/2879/2879 2878/2878/2878 2877/2877/2877
f 2880/2880/2880 2879/2879/2879 2877/2877/2877
f 2883/2883/2883 2882/2882/2882 2881/2881/2881
f 2884/2884/2884 2883/2883/2883 2881/2881/2881
f 2887/2887/2887 2886/2886/2886 2885/2885/2885
f 2888/2888/2888 2887/2887/2887 2885/2885/2885
f 2891/2891/2891 2890/2890/2890 2889/2889/2889
f 2892/2892/2892 2891/2891/2891 2889/2889/2889
f 2895/2895/2895 2894/2894/2894 2893/2893/2893
f 2896/2896/2896 2895/2895/2895 2893/2893/2893
f 2899/2899/2899 2898/2898/2898 2897/2897/2897
f 2900/2900/2900 2899/2899/2899 2897/2897/2897
f 2903/2903/2903 2902/2902/2902 2901/2901/2901
f 2904/2904/2904 2903/2903/2903 2901/2901/2901
f 2905/2905/2905 2903/2903/2903 2904/2904/2904
f 2908/2908/2908 2907/2907/2907 2906/2906/2906
f 2909/2909/2909 2908/2908/2908 2906/2906/2906
f 2912/2912/2912 2911/2911/2911 2910/2910/2910
f 2911/2911/2911 2912/2912/2912 2913/2913/2913
f 2914/2914/2914 2911/2911/2911 2913/2913/2913
f 2917/2917/2917 2916/2916/2916 2915/2915/2915
f 2918/2918/2918 2917/2917/2917 2915/2915/2915
f 2921/2921/2921 2920/2920/2920 2919/2919/2919
f 2922/2922/2922 2921/2921/2921 2919/2919/2919
f 2923/2923/2923 2921/2921/2921 2922/2922/2922
f 2926/2926/2926 2925/2925/2925 2924/2924/2924
f 2927/2927/2927 2926/2926/2926 2924/2924/2924
f 2930/2930/2930 2929/2929/2929 2928/2928/2928
f 2929/2929/2929 2930/2930/2930 2931/2931/2931
f 2932/2932/2932 2929/2929/2929 2931/2931/2931
f 2935/2935/2935 2934/2934/2934 2933/2933/2933
f 2936/2936/2936 2935/2935/2935 2933/2933/2933
f 2939/2939/2939 2938/2938/2938 2937/2937/2937
f 2940/2940/2940 2939/2939/2939 2937/2937/2937
f 2941/2941/2941 2939/2939/2939 2940/2940/2940
f 2944/2944/2944 2943/2943/2943 2942/2942/2942
f 2945/2945/2945 2944/2944/2944 2942/2942/2942
f 2948/2948/2948 2947/2947/2947 2946/2946/2946
f 2947/2947/2947 2948/2948/2948 2949/2949/2949
f 2950/2950/2950 2947/2947/2947 2949/2949/2949
f 2953/2953/2953 2952/2952/2952 2951/2951/2951
f 2954/2954/2954 2953/2953/2953 2951/2951/2951
f 2957/2957/2957 2956/2956/2956 2955/2955/2955
f 2958/2958/2958 2957/2957/2957 2955/2955/2955
f 2959/2959/2959 2957/2957/2957 2958/2958/2958
f 2962/2962/2962 2961/2961/2961 2960/2960/2960
f 2963/2963/2963 2962/2962/2962 2960/2960/2960
f 2966/2966/2966 2965/2965/2965 2964/2964/2964
f 2965/2965/2965 2966/2966/2966 2967/2967/2967
f 2968/2968/2968 2965/2965/2965 2967/2967/2967
f 2971/2971/2971 2970/2970/2970 2969/2969/2969
f 2972/2972/2972 2971/2971/2971 2969/2969/2969
f 2975/2975/2975 2974/2974/2974 2973/2973/2973
f 2976/2976/2976 2975/2975/2975 2973/2973/2973
f 2977/2977/2977 2975/2975/2975 2976/2976/2976
f 2980/2980/2980 2979/2979/2979 2978/2978/2978
f 2981/2981/2981 2980/2980/2980 2978/2978/2978
f 2984/2984/2984 2983/2983/2983 2982/2982/2982
f 2982/2982/2982 2985/2985/2985 2984/2984/2984
f 2982/2982/2982 2986/2986/2986 2985/2985/2985
f 2989/2989/2989 2988/2988/2988 2987/2987/2987
f 2990/2990/2990 2989/2989/2989 2987/2987/2987
f 2993/2993/2993 2992/2992/2992 2991/2991/2991
f 2994/2994/2994 2993/2993/2993 2991/2991/2991
f 2995/2995/2995 2993/2993/2993 2994/2994/2994
f 2998/2998/2998 2997/2997/2997 2996/2996/2996
f 2999/2999/2999 2998/2998/2998 2996/2996/2996
f 3002/3002/3002 3001/3001/3001 3000/3000/3000
f 3003/3003/3003 3002/3002/3002 3000/3000/3000
f 3006/3006/3006 3005/3005/3005 3004/3004/3004
f 3007/3007/3007 3006/3006/3006 3004/3004/3004
f 3010/3010/3010 3009/3009/3009 3008/3008/3008
f 3011/3011/3011 3010/3010/3010 3008/3008/3008
f 3014/3014/3014 3013/3013/3013 3012/3012/3012
f 3015/3015/3015 3014/3014/3014 3012/3012/3012
f 3018/3018/3018 3017/3017/3017 3016/3016/3016
f 3019/3019/3019 3018/3018/3018 3016/3016/3016
f 3022/3022/3022 3021/3021/3021 3020/3020/3020
f 3023/3023/3023 3022/3022/3022 3020/3020/3020
f 3026/3026/3026 3025/3025/3025 3024/3024/3024
f 3025/3025/3025 3026/3026/3026 3027/3027/3027
f 3028/3028/3028 3025/3025/3025 3027/3027/3027
f 3031/3031/3031 3030/3030/3030 3029/3029/3029
f 3032/3032/3032 3031/3031/3031 3029/3029/3029
f 3035/3035/3035 3034/3034/3034 3033/3033/3033
f 3036/3036/3036 3035/3035/3035 3033/3033/3033
f 3037/3037/3037 3035/3035/3035 3036/3036/3036
f 3040/3040/3040 3039/3039/3039 3038/3038/3038
f 3041/3041/3041 3040/3040/3040 3038/3038/3038
f 3044/3044/3044 3043/3043/3043 3042/3042/3042
f 3043/3043/3043 3044/3044/3044 3045/3045/3045
f 3046/3046/3046 3043/3043/3043 3045/3045/3045
f 3049/3049/3049 3048/3048/3048 3047/3047/3047
f 3050/3050/3050 3049/3049/3049 3047/3047/3047
f 3053/3053/3053 3052/3052/3052 3051/3051/3051
f 3054/3054/3054 3053/3053/3053 3051/3051/3051
f 3055/3055/3055 3053/3053/3053 3054/3054/3054
f 3058/3058/3058 3057/3057/3057 3056/3056/3056
f 3059/3059/3059 3058/3058/3058 3056/3056/3056
f 3062/3062/3062 3061/3061/3061 3060/3060/3060
f 3061/3061/3061 3062/3062/3062 3063/3063/3063
f 3064/3064/3064 3061/3061/3061 3063/3063/3063
f 3067/3067/3067 3066/3066/3066 3065/3065/3065
f 3068/3068/3068 3067/3067/3067 3065/3065/3065
f 3071/3071/3071 3070/3070/3070 3069/3069/3069
f 3072/3072/3072 3071/3071/3071 3069/3069/3069
f 3073/3073/3073 3071/3071/3071 3072/3072/3072
f 3076/3076/3076 3075/3075/3075 3074/3074/3074
f 3077/3077/3077 3076/3076/3076 3074/3074/3074
f 3080/3080/3080 3079/3079/3079 3078/3078/3078
f 3079/3079/3079 3080/3080/3080 3081/3081/3081
f 3082/3082/3082 3079/3079/3079 3081/3081/3081
f 3085/3085/3085 3084/3084/3084 3083/3083/3083
f 3086/3086/3086 3085/3085/3085 3083/3083/3083
f 3089/3089/3089 3088/3088/3088 3087/3087/3087
f 3090/3090/3090 3089/3089/3089 3087/3087/3087
f 3091/3091/3091 3089/3089/3089 3090/3090/3090
f 3094/3094/3094 3093/3093/3093 3092/3092/3092
f 3095/3095/3095 3094/3094/3094 3092/3092/3092
f 3098/3098/3098 3097/3097/3097 3096/3096/3096
f 3097/3097/3097 3098/3098/3098 3099/3099/3099
f 3100/3100/3100 3097/3097/3097 3099/3099/3099
f 3103/3103/3103 3102/3102/3102 3101/3101/3101
f 3104/3104/3104 3103/3103/3103 3101/3101/3101
f 3107/3107/3107 3106/3106/3106 3105/3105/3105
f 3108/3108/3108 3107/3107/3107 3105/3105/3105
f 3109/3109/3109 3107/3107/3107 3108/3108/3108
f 3112/3112/3112 3111/3111/3111 3110/3110/3110
f 3113/3113/3113 3112/3112/3112 3110/3110/3110
f 3116/3116/3116 3115/3115/3115 3114/3114/3114
f 3115/3115/3115 3116/3116/3116 3117/3117/3117
f 3118/3118/3118 3115/3115/3115 3117/3117/3117
f 3121/3121/3121 3120/3120/3120 3119/3119/3119
f 3122/3122/3122 3121/3121/3121 3119/3119/3119
f 3125/3125/3125 3124/3124/3124 3123/3123/3123
f 3126/3126/3126 3125/3125/3125 3123/3123/3123
f 3127/3127/3127 3125/3125/3125 3126/3126/3126
f 3130/3130/3130 3129/3129/3129 3128/3128/3128
f 3131/3131/3131 3130/3130/3130 3128/3128/3128
f 3134/3134/3134 3133/3133/3133 3132/3132/3132
f 3133/3133/3133 3134/3134/3134 3135/3135/3135
f 3136/3136/3136 3133/3133/3133 3135/3135/3135
f 3139/3139/3139 3138/3138/3138 3137/3137/3137
f 3140/3140/3140 3139/3139/3139 3137/3137/3137
f 3143/3143/3143 3142/3142/3142 3141/3141/3141
f 3144/3144/3144 3143/3143/3143 3141/3141/3141
f 3145/3145/3145 3143/3143/3143 3144/3144/3144
f 3148/3148/3148 3147/3147/3147 3146/3146/3146
f 3147/3147/3147 3148/3148/3148 3149/3149/3149
f 3150/3150/3150 3147/3147/3147 3149/3149/3149
f 3153/3153/3153 3152/3152/3152 3151/3151/3151
f 3154/3154/3154 3153/3153/3153 3151/3151/3151
f 3157/3157/3157 3156/3156/3156 3155/3155/3155
f 3158/3158/3158 3157/3157/3157 3155/3155/3155
f 3159/3159/3159 3158/3158/3158 3155/3155/3155
f 3158/3158/3158 3159/3159/3159 3160/3160/3160
f 3161/3161/3161 3158/3158/3158 3160/3160/3160
f 3162/3162/3162 3161/3161/3161 3160/3160/3160
f 3163/3163/3163 3162/3162/3162 3160/3160/3160
f 3164/3164/3164 3163/3163/3163 3160/3160/3160
f 3165/3165/3165 3163/3163/3163 3164/3164/3164
f 3166/3166/3166 3165/3165/3165 3164/3164/3164
f 3167/3167/3167 3166/3166/3166 3164/3164/3164
f 3168/3168/3168 3167/3167/3167 3164/3164/3164
f 3169/3169/3169 3168/3168/3168 3164/3164/3164
f 3170/3170/3170 3168/3168/3168 3169/3169/3169
f 3171/3171/3171 3170/3170/3170 3169/3169/3169
f 3172/3172/3172 3171/3171/3171 3169/3169/3169
f 3173/3173/3173 3172/3172/3172 3169/3169/3169
f 3174/3174/3174 3173/3173/3173 3169/3169/3169
f 3175/3175/3175 3174/3174/3174 3169/3169/3169
f 3176/3176/3176 3174/3174/3174 3175/3175/3175
f 3177/3177/3177 3176/3176/3176 3175/3175/3175
f 3178/3178/3178 3177/3177/3177 3175/3175/3175
f 3179/3179/3179 3177/3177/3177 3178/3178/3178
f 3180/3180/3180 3179/3179/3179 3178/3178/3178
f 3181/3181/3181 3179/3179/3179 3180/3180/3180
f 3184/3184/3184 3183/3183/3183 3182/3182/3182
f 3185/3185/3185 3184/3184/3184 3182/3182/3182
f 3188/3188/3188 3187/3187/3187 3186/3186/3186
f 3189/3189/3189 3188/3188/3188 3186/3186/3186
f 3192/3192/3192 3191/3191/3191 3190/3190/3190
f 3193/3193/3193 3192/3192/3192 3190/3190/3190
f 3193/3193/3193 3190/3190/3190 3194/3194/3194
f 3195/3195/3195 3193/3193/3193 3194/3194/3194
f 3195/3195/3195 3194/3194/3194 3196/3196/3196
f 3197/3197/3197 3195/3195/3195 3196/3196/3196
f 3196/3196/3196 3198/3198/3198 3197/3197/3197
f 3198/3198/3198 3199/3199/3199 3197/3197/3197
f 3198/3198/3198 3200/3200/3200 3199/3199/3199
f 3200/3200/3200 3201/3201/3201 3199/3199/3199
f 3200/3200/3200 3202/3202/3202 3201/3201/3201
f 3202/3202/3202 3203/3203/3203 3201/3201/3201
f 3203/3203/3203 3202/3202/3202 3204/3204/3204
f 3205/3205/3205 3203/3203/3203 3204/3204/3204
f 3208/3208/3208 3207/3207/3207 3206/3206/3206
f 3207/3207/3207 3209/3209/3209 3206/3206/3206
f 3209/3209/3209 3207/3207/3207 3210/3210/3210
f 3211/3211/3211 3209/3209/3209 3210/3210/3210
f 3211/3211/3211 3210/3210/3210 3212/3212/3212
f 3213/3213/3213 3211/3211/3211 3212/3212/3212
f 3213/3213/3213 3212/3212/3212 3214/3214/3214
f 3215/3215/3215 3213/3213/3213 3214/3214/3214
f 3214/3214/3214 3216/3216/3216 3215/3215/3215
f 3216/3216/3216 3217/3217/3217 3215/3215/3215
f 3216/3216/3216 3218/3218/3218 3217/3217/3217
f 3218/3218/3218 3219/3219/3219 3217/3217/3217
f 3218/3218/3218 3220/3220/3220 3219/3219/3219
f 3220/3220/3220 3221/3221/3221 3219/3219/3219
f 3220/3220/3220 3222/3222/3222 3221/3221/3221
f 3222/3222/3222 3223/3223/3223 3221/3221/3221
f 3222/3222/3222 3224/3224/3224 3223/3223/3223
f 3224/3224/3224 3225/3225/3225 3223/3223/3223
f 3228/3228/3228 3227/3227/3227 3226/3226/3226
f 3229/3229/3229 3228/3228/3228 3226/3226/3226
f 3232/3232/3232 3231/3231/3231 3230/3230/3230
f 3231/3231/3231 3233/3233/3233 3230/3230/3230
f 3233/3233/3233 3231/3231/3231 3234/3234/3234
f 3235/3235/3235 3233/3233/3233 3234/3234/3234
f 3235/3235/3235 3234/3234/3234 3236/3236/3236
f 3237/3237/3237 3235/3235/3235 3236/3236/3236
f 3237/3237/3237 3236/3236/3236 3238/3238/3238
f 3239/3239/3239 3237/3237/3237 3238/3238/3238
f 3238/3238/3238 3240/3240/3240 3239/3239/3239
f 3240/3240/3240 3241/3241/3241 3239/3239/3239
f 3240/3240/3240 3242/3242/3242 3241/3241/3241
f 3242/3242/3242 3243/3243/3243 3241/3241/3241
f 3242/3242/3242 3244/3244/3244 3243/3243/3243
f 3244/3244/3244 3245/3245/3245 3243/3243/3243
f 3244/3244/3244 3246/3246/3246 3245/3245/3245
f 3246/3246/3246 3247/3247/3247 3245/3245/3245
f 3250/3250/3250 3249/3249/3249 3248/3248/3248
f 3251/3251/3251 3250/3250/3250 3248/3248/3248
f 3251/3251/3251 3248/3248/3248 3252/3252/3252
f 3253/3253/3253 3251/3251/3251 3252/3252/3252
f 3252/3252/3252 3254/3254/3254 3253/3253/3253
f 3254/3254/3254 3255/3255/3255 3253/3253/3253
f 3255/3255/3255 3254/3254/3254 3256/3256/3256
f 3257/3257/3257 3255/3255/3255 3256/3256/3256
f 3256/3256/3256 3258/3258/3258 3257/3257/3257
f 3258/3258/3258 3259/3259/3259 3257/3257/3257
f 3258/3258/3258 3260/3260/3260 3259/3259/3259
f 3260/3260/3260 3261/3261/3261 3259/3259/3259
f 3260/3260/3260 3262/3262/3262 3261/3261/3261
f 3262/3262/3262 3263/3263/3263 3261/3261/3261
f 3263/3263/3263 3262/3262/3262 3264/3264/3264
f 3265/3265/3265 3263/3263/3263 3264/3264/3264
f 3268/3268/3268 3267/3267/3267 3266/3266/3266
f 3269/3269/3269 3267/3267/3267 3268/3268/3268
f 3270/3270/3270 3269/3269/3269 3268/3268/3268
f 3271/3271/3271 3270/3270/3270 3268/3268/3268
f 3272/3272/3272 3271/3271/3271 3268/3268/3268
f 3273/3273/3273 3272/3272/3272 3268/3268/3268
f 3274/3274/3274 3273/3273/3273 3268/3268/3268
f 3275/3275/3275 3274/3274/3274 3268/3268/3268
f 3276/3276/3276 3275/3275/3275 3268/3268/3268
f 3279/3279/3279 3278/3278/3278 3277/3277/3277
f 3280/3280/3280 3279/3279/3279 3277/3277/3277
f 3283/3283/3283 3282/3282/3282 3281/3281/3281
f 3282/3282/3282 3284/3284/3284 3281/3281/3281
f 3284/3284/3284 3282/3282/3282 3285/3285/3285
f 3286/3286/3286 3284/3284/3284 3285/3285/3285
f 3286/3286/3286 3285/3285/3285 3287/3287/3287
f 3288/3288/3288 3286/3286/3286 3287/3287/3287
f 3288/3288/3288 3287/3287/3287 3289/3289/3289
f 3290/3290/3290 3288/3288/3288 3289/3289/3289
f 3289/3289/3289 3291/3291/3291 3290/3290/3290
f 3291/3291/3291 3292/3292/3292 3290/3290/3290
f 3291/3291/3291 3293/3293/3293 3292/3292/3292
f 3293/3293/3293 3294/3294/3294 3292/3292/3292
f 3293/3293/3293 3295/3295/3295 3294/3294/3294
f 3295/3295/3295 3296/3296/3296 3294/3294/3294
f 3295/3295/3295 3297/3297/3297 3296/3296/3296
f 3297/3297/3297 3298/3298/3298 3296/3296/3296
f 3301/3301/3301 3300/3300/3300 3299/3299/3299
f 3302/3302/3302 3301/3301/3301 3299/3299/3299
f 3305/3305/3305 3304/3304/3304 3303/3303/3303
f 3304/3304/3304 3306/3306/3306 3303/3303/3303
f 3306/3306/3306 3304/3304/3304 3307/3307/3307
f 3308/3308/3308 3306/3306/3306 3307/3307/3307
f 3304/3304/3304 3309/3309/3309 3307/3307/3307
f 3312/3312/3312 3311/3311/3311 3310/3310/3310
f 3313/3313/3313 3312/3312/3312 3310/3310/3310
f 3314/3314/3314 3313/3313/3313 3310/3310/3310
f 3310/3310/3310 3315/3315/3315 3314/3314/3314
f 3314/3314/3314 3316/3316/3316 3313/3313/3313
f 3314/3314/3314 3317/3317/3317 3316/3316/3316
f 3315/3315/3315 3318/3318/3318 3314/3314/3314
f 3314/3314/3314 3319/3319/3319 3317/3317/3317
f 3318/3318/3318 3319/3319/3319 3314/3314/3314
f 3319/3319/3319 3320/3320/3320 3317/3317/3317
f 3321/3321/3321 3320/3320/3320 3319/3319/3319
f 3322/3322/3322 3319/3319/3319 3318/3318/3318
f 3319/3319/3319 3322/3322/3322 3321/3321/3321
f 3322/3322/3322 3323/3323/3323 3321/3321/3321
f 3324/3324/3324 3323/3323/3323 3322/3322/3322
f 3325/3325/3325 3322/3322/3322 3318/3318/3318
f 3322/3322/3322 3326/3326/3326 3324/3324/3324
f 3326/3326/3326 3322/3322/3322 3325/3325/3325
f 3326/3326/3326 3327/3327/3327 3324/3324/3324
f 3326/3326/3326 3328/3328/3328 3327/3327/3327
f 3326/3326/3326 3329/3329/3329 3328/3328/3328
f 3330/3330/3330 3326/3326/3326 3325/3325/3325
f 3329/3329/3329 3326/3326/3326 3330/3330/3330
f 3331/3331/3331 3330/3330/3330 3325/3325/3325
f 3331/3331/3331 3332/3332/3332 3330/3330/3330
f 3333/3333/3333 3329/3329/3329 3330/3330/3330
f 3332/3332/3332 3333/3333/3333 3330/3330/3330
f 3334/3334/3334 3329/3329/3329 3333/3333/3333
f 3332/3332/3332 3335/3335/3335 3333/3333/3333
f 3336/3336/3336 3334/3334/3334 3333/3333/3333
f 3335/3335/3335 3336/3336/3336 3333/3333/3333
f 3335/3335/3335 3337/3337/3337 3336/3336/3336
f 3340/3340/3340 3339/3339/3339 3338/3338/3338
f 3340/3340/3340 3338/3338/3338 3341/3341/3341
f 3342/3342/3342 3340/3340/3340 3341/3341/3341
f 3345/3345/3345 3344/3344/3344 3343/3343/3343
f 3346/3346/3346 3345/3345/3345 3343/3343/3343
f 3349/3349/3349 3348/3348/3348 3347/3347/3347
f 3348/3348/3348 3349/3349/3349 3350/3350/3350
f 3351/3351/3351 3348/3348/3348 3350/3350/3350
f 3354/3354/3354 3353/3353/3353 3352/3352/3352
f 3355/3355/3355 3354/3354/3354 3352/3352/3352
f 3356/3356/3356 3354/3354/3354 3355/3355/3355
f 3359/3359/3359 3358/3358/3358 3357/3357/3357
f 3360/3360/3360 3359/3359/3359 3357/3357/3357
f 3360/3360/3360 3357/3357/3357 3361/3361/3361
f 3362/3362/3362 3360/3360/3360 3361/3361/3361
f 3362/3362/3362 3361/3361/3361 3363/3363/3363
f 3364/3364/3364 3362/3362/3362 3363/3363/3363
f 3364/3364/3364 3363/3363/3363 3365/3365/3365
f 3366/3366/3366 3364/3364/3364 3365/3365/3365
f 3366/3366/3366 3365/3365/3365 3367/3367/3367
f 3368/3368/3368 3366/3366/3366 3367/3367/3367
f 3368/3368/3368 3367/3367/3367 3369/3369/3369
f 3370/3370/3370 3368/3368/3368 3369/3369/3369
f 3370/3370/3370 3369/3369/3369 3371/3371/3371
f 3372/3372/3372 3370/3370/3370 3371/3371/3371
f 3372/3372/3372 3371/3371/3371 3373/3373/3373
f 3374/3374/3374 3372/3372/3372 3373/3373/3373
f 3373/3373/3373 3375/3375/3375 3374/3374/3374
f 3375/3375/3375 3376/3376/3376 3374/3374/3374
f 3375/3375/3375 3377/3377/3377 3376/3376/3376
f 3377/3377/3377 3378/3378/3378 3376/3376/3376
f 3377/3377/3377 3379/3379/3379 3378/3378/3378
f 3379/3379/3379 3380/3380/3380 3378/3378/3378
f 3379/3379/3379 3381/3381/3381 3380/3380/3380
f 3381/3381/3381 3382/3382/3382 3380/3380/3380
f 3381/3381/3381 3383/3383/3383 3382/3382/3382
f 3383/3383/3383 3384/3384/3384 3382/3382/3382
f 3383/3383/3383 3385/3385/3385 3384/3384/3384
f 3385/3385/3385 3386/3386/3386 3384/3384/3384
f 3385/3385/3385 3387/3387/3387 3386/3386/3386
f 3387/3387/3387 3388/3388/3388 3386/3386/3386
f 3388/3388/3388 3387/3387/3387 3389/3389/3389
f 3390/3390/3390 3388/3388/3388 3389/3389/3389
f 3393/3393/3393 3392/3392/3392 3391/3391/3391
f 3392/3392/3392 3393/3393/3393 3394/3394/3394
f 3395/3395/3395 3392/3392/3392 3394/3394/3394
f 3398/3398/3398 3397/3397/3397 3396/3396/3396
f 3399/3399/3399 3398/3398/3398 3396/3396/3396
f 3400/3400/3400 3399/3399/3399 3396/3396/3396
f 3401/3401/3401 3400/3400/3400 3396/3396/3396
f 3402/3402/3402 3401/3401/3401 3396/3396/3396
f 3403/3403/3403 3402/3402/3402 3396/3396/3396
f 3404/3404/3404 3403/3403/3403 3396/3396/3396
f 3405/3405/3405 3404/3404/3404 3396/3396/3396
f 3406/3406/3406 3405/3405/3405 3396/3396/3396
f 3409/3409/3409 3408/3408/3408 3407/3407/3407
f 3410/3410/3410 3409/3409/3409 3407/3407/3407
f 3413/3413/3413 3412/3412/3412 3411/3411/3411
f 3414/3414/3414 3413/3413/3413 3411/3411/3411
f 3417/3417/3417 3416/3416/3416 3415/3415/3415
f 3416/3416/3416 3418/3418/3418 3415/3415/3415
f 3418/3418/3418 3419/3419/3419 3415/3415/3415
f 3419/3419/3419 3420/3420/3420 3415/3415/3415
f 3421/3421/3421 3420/3420/3420 3419/3419/3419
f 3422/3422/3422 3421/3421/3421 3419/3419/3419
f 3423/3423/3423 3421/3421/3421 3422/3422/3422
f 3424/3424/3424 3421/3421/3421 3423/3423/3423
f 3421/3421/3421 3425/3425/3425 3420/3420/3420
f 3425/3425/3425 3426/3426/3426 3420/3420/3420
f 3426/3426/3426 3427/3427/3427 3420/3420/3420
f 3428/3428/3428 3421/3421/3421 3424/3424/3424
f 3429/3429/3429 3428/3428/3428 3424/3424/3424
f 3430/3430/3430 3428/3428/3428 3429/3429/3429
f 3431/3431/3431 3428/3428/3428 3430/3430/3430
f 3432/3432/3432 3428/3428/3428 3431/3431/3431
f 3433/3433/3433 3428/3428/3428 3432/3432/3432
f 3434/3434/3434 3433/3433/3433 3432/3432/3432
f 3435/3435/3435 3434/3434/3434 3432/3432/3432
f 3436/3436/3436 3432/3432/3432 3431/3431/3431
f 3437/3437/3437 3432/3432/3432 3436/3436/3436
f 3438/3438/3438 3437/3437/3437 3436/3436/3436
f 3439/3439/3439 3437/3437/3437 3438/3438/3438
f 3442/3442/3442 3441/3441/3441 3440/3440/3440
f 3441/3441/3441 3443/3443/3443 3440/3440/3440
f 3441/3441/3441 3444/3444/3444 3443/3443/3443
f 3447/3447/3447 3446/3446/3446 3445/3445/3445
f 3448/3448/3448 3445/3445/3445 3446/3446/3446
f 3448/3448/3448 3446/3446/3446 3449/3449/3449
f 3446/3446/3446 3450/3450/3450 3449/3449/3449
f 3451/3451/3451 3449/3449/3449 3450/3450/3450
f 3452/3452/3452 3451/3451/3451 3450/3450/3450
f 3455/3455/3455 3454/3454/3454 3453/3453/3453
f 3456/3456/3456 3455/3455/3455 3453/3453/3453
f 3455/3455/3455 3456/3456/3456 3457/3457/3457
f 3456/3456/3456 3458/3458/3458 3457/3457/3457
f 3459/3459/3459 3457/3457/3457 3458/3458/3458
f 3460/3460/3460 3459/3459/3459 3458/3458/3458
f 3461/3461/3461 3459/3459/3459 3460/3460/3460
f 3462/3462/3462 3461/3461/3461 3460/3460/3460
f 3463/3463/3463 3462/3462/3462 3460/3460/3460
f 3463/3463/3463 3464/3464/3464 3462/3462/3462
f 3464/3464/3464 3465/3465/3465 3462/3462/3462
f 3464/3464/3464 3466/3466/3466 3465/3465/3465
f 3466/3466/3466 3467/3467/3467 3465/3465/3465
f 3467/3467/3467 3466/3466/3466 3468/3468/3468
f 3469/3469/3469 3467/3467/3467 3468/3468/3468
f 3470/3470/3470 3469/3469/3469 3468/3468/3468
f 3471/3471/3471 3470/3470/3470 3468/3468/3468
f 3474/3474/3474 3473/3473/3473 3472/3472/3472
f 3473/3473/3473 3475/3475/3475 3472/3472/3472
f 3476/3476/3476 3472/3472/3472 3475/3475/3475
f 3477/3477/3477 3472/3472/3472 3476/3476/3476
f 3476/3476/3476 3475/3475/3475 3478/3478/3478
f 3475/3475/3475 3479/3479/3479 3478/3478/3478
f 3480/3480/3480 3477/3477/3477 3476/3476/3476
f 3480/3480/3480 3481/3481/3481 3477/3477/3477
f 3482/3482/3482 3477/3477/3477 3481/3481/3481
f 3483/3483/3483 3482/3482/3482 3481/3481/3481
f 3484/3484/3484 3481/3481/3481 3480/3480/3480
f 3485/3485/3485 3484/3484/3484 3480/3480/3480
f 3485/3485/3485 3486/3486/3486 3484/3484/3484
f 3487/3487/3487 3484/3484/3484 3486/3486/3486
f 3488/3488/3488 3487/3487/3487 3486/3486/3486
f 3489/3489/3489 3486/3486/3486 3485/3485/3485
f 3490/3490/3490 3489/3489/3489 3485/3485/3485
f 3490/3490/3490 3491/3491/3491 3489/3489/3489
f 3492/3492/3492 3489/3489/3489 3491/3491/3491
f 3493/3493/3493 3492/3492/3492 3491/3491/3491
f 3494/3494/3494 3491/3491/3491 3490/3490/3490
f 3495/3495/3495 3494/3494/3494 3490/3490/3490
f 3495/3495/3495 3496/3496/3496 3494/3494/3494
f 3497/3497/3497 3494/3494/3494 3496/3496/3496
f 3498/3498/3498 3497/3497/3497 3496/3496/3496
f 3496/3496/3496 3495/3495/3495 3499/3499/3499
f 3495/3495/3495 3500/3500/3500 3499/3499/3499
f 3501/3501/3501 3499/3499/3499 3500/3500/3500
f 3502/3502/3502 3501/3501/3501 3500/3500/3500
f 3503/3503/3503 3500/3500/3500 3495/3495/3495
f 3504/3504/3504 3503/3503/3503 3495/3495/3495
f 3504/3504/3504 3505/3505/3505 3503/3503/3503
f 3506/3506/3506 3503/3503/3503 3505/3505/3505
f 3507/3507/3507 3506/3506/3506 3505/3505/3505
f 3508/3508/3508 3505/3505/3505 3504/3504/3504
f 3509/3509/3509 3508/3508/3508 3504/3504/3504
f 3508/3508/3508 3509/3509/3509 3510/3510/3510
f 3511/3511/3511 3508/3508/3508 3510/3510/3510
f 3512/3512/3512 3511/3511/3511 3510/3510/3510
f 3513/3513/3513 3510/3510/3510 3509/3509/3509
f 3514/3514/3514 3513/3513/3513 3509/3509/3509
f 3513/3513/3513 3514/3514/3514 3515/3515/3515
f 3516/3516/3516 3513/3513/3513 3515/3515/3515
f 3517/3517/3517 3516/3516/3516 3515/3515/3515
f 3515/3515/3515 3514/3514/3514 3518/3518/3518
f 3514/3514/3514 3519/3519/3519 3518/3518/3518
f 3520/3520/3520 3518/3518/3518 3519/3519/3519
f 3521/3521/3521 3520/3520/3520 3519/3519/3519
f 3522/3522/3522 3519/3519/3519 3514/3514/3514
f 3523/3523/3523 3522/3522/3522 3514/3514/3514
f 3523/3523/3523 3524/3524/3524 3522/3522/3522
f 3522/3522/3522 3524/3524/3524 3525/3525/3525
f 3524/3524/3524 3526/3526/3526 3525/3525/3525
f 3527/3527/3527 3524/3524/3524 3523/3523/3523
f 3527/3527/3527 3523/3523/3523 3528/3528/3528
f 3528/3528/3528 3529/3529/3529 3527/3527/3527
f 3530/3530/3530 3527/3527/3527 3529/3529/3529
f 3531/3531/3531 3530/3530/3530 3529/3529/3529
f 3532/3532/3532 3529/3529/3529 3528/3528/3528
f 3533/3533/3533 3532/3532/3532 3528/3528/3528
f 3534/3534/3534 3532/3532/3532 3533/3533/3533
f 3535/3535/3535 3532/3532/3532 3534/3534/3534
f 3536/3536/3536 3535/3535/3535 3534/3534/3534
f 3537/3537/3537 3534/3534/3534 3533/3533/3533
f 3538/3538/3538 3537/3537/3537 3533/3533/3533
f 3541/3541/3541 3540/3540/3540 3539/3539/3539
f 3540/3540/3540 3542/3542/3542 3539/3539/3539
f 3542/3542/3542 3543/3543/3543 3539/3539/3539
f 3539/3539/3539 3543/3543/3543 3544/3544/3544
f 3543/3543/3543 3542/3542/3542 3545/3545/3545
f 3542/3542/3542 3546/3546/3546 3545/3545/3545
f 3547/3547/3547 3545/3545/3545 3546/3546/3546
f 3548/3548/3548 3547/3547/3547 3546/3546/3546
f 3549/3549/3549 3544/3544/3544 3543/3543/3543
f 3550/3550/3550 3544/3544/3544 3549/3549/3549
f 3551/3551/3551 3550/3550/3550 3549/3549/3549
f 3552/3552/3552 3549/3549/3549 3543/3543/3543
f 3549/3549/3549 3552/3552/3552 3553/3553/3553
f 3553/3553/3553 3552/3552/3552 3554/3554/3554
f 3553/3553/3553 3554/3554/3554 3555/3555/3555
f 3554/3554/3554 3556/3556/3556 3555/3555/3555
f 3554/3554/3554 3552/3552/3552 3557/3557/3557
f 3558/3558/3558 3554/3554/3554 3557/3557/3557
f 3558/3558/3558 3557/3557/3557 3559/3559/3559
f 3560/3560/3560 3558/3558/3558 3559/3559/3559
f 3561/3561/3561 3560/3560/3560 3559/3559/3559
f 3559/3559/3559 3557/3557/3557 3562/3562/3562
f 3562/3562/3562 3557/3557/3557 3563/3563/3563
f 3564/3564/3564 3562/3562/3562 3563/3563/3563
f 3565/3565/3565 3564/3564/3564 3563/3563/3563
f 3563/3563/3563 3557/3557/3557 3566/3566/3566
f 3567/3567/3567 3563/3563/3563 3566/3566/3566
f 3567/3567/3567 3566/3566/3566 3568/3568/3568
f 3569/3569/3569 3567/3567/3567 3568/3568/3568
f 3570/3570/3570 3569/3569/3569 3568/3568/3568
f 3568/3568/3568 3566/3566/3566 3571/3571/3571
f 3571/3571/3571 3566/3566/3566 3572/3572/3572
f 3573/3573/3573 3571/3571/3571 3572/3572/3572
f 3574/3574/3574 3573/3573/3573 3572/3572/3572
f 3575/3575/3575 3572/3572/3572 3566/3566/3566
f 3576/3576/3576 3575/3575/3575 3566/3566/3566
f 3575/3575/3575 3576/3576/3576 3577/3577/3577
f 3578/3578/3578 3575/3575/3575 3577/3577/3577
f 3579/3579/3579 3578/3578/3578 3577/3577/3577
f 3577/3577/3577 3576/3576/3576 3580/3580/3580
f 3580/3580/3580 3576/3576/3576 3581/3581/3581
f 3582/3582/3582 3580/3580/3580 3581/3581/3581
f 3583/3583/3583 3582/3582/3582 3581/3581/3581
f 3584/3584/3584 3581/3581/3581 3576/3576/3576
f 3585/3585/3585 3584/3584/3584 3576/3576/3576
f 3584/3584/3584 3585/3585/3585 3586/3586/3586
f 3587/3587/3587 3584/3584/3584 3586/3586/3586
f 3588/3588/3588 3587/3587/3587 3586/3586/3586
f 3586/3586/3586 3585/3585/3585 3589/3589/3589
f 3589/3589/3589 3585/3585/3585 3590/3590/3590
f 3591/3591/3591 3589/3589/3589 3590/3590/3590
f 3592/3592/3592 3591/3591/3591 3590/3590/3590
f 3593/3593/3593 3590/3590/3590 3585/3585/3585
f 3594/3594/3594 3593/3593/3593 3585/3585/3585
f 3593/3593/3593 3594/3594/3594 3595/3595/3595
f 3596/3596/3596 3593/3593/3593 3595/3595/3595
f 3597/3597/3597 3596/3596/3596 3595/3595/3595
f 3595/3595/3595 3594/3594/3594 3598/3598/3598
f 3594/3594/3594 3599/3599/3599 3598/3598/3598
f 3599/3599/3599 3600/3600/3600 3598/3598/3598
f 3601/3601/3601 3598/3598/3598 3600/3600/3600
f 3602/3602/3602 3601/3601/3601 3600/3600/3600
f 3603/3603/3603 3600/3600/3600 3599/3599/3599
f 3604/3604/3604 3603/3603/3603 3599/3599/3599
f 3605/3605/3605 3604/3604/3604 3599/3599/3599
f 3608/3608/3608 3607/3607/3607 3606/3606/3606
f 3607/3607/3607 3609/3609/3609 3606/3606/3606
f 3610/3610/3610 3609/3609/3609 3607/3607/3607
f 3611/3611/3611 3610/3610/3610 3607/3607/3607
f 3612/3612/3612 3611/3611/3611 3607/3607/3607
f 3613/3613/3613 3612/3612/3612 3607/3607/3607
f 3614/3614/3614 3613/3613/3613 3607/3607/3607
f 3615/3615/3615 3614/3614/3614 3607/3607/3607
f 3616/3616/3616 3615/3615/3615 3607/3607/3607
f 3619/3619/3619 3618/3618/3618 3617/3617/3617
f 3618/3618/3618 3620/3620/3620 3617/3617/3617
f 3620/3620/3620 3621/3621/3621 3617/3617/3617
f 3621/3621/3621 3622/3622/3622 3617/3617/3617
f 3622/3622/3622 3623/3623/3623 3617/3617/3617
f 3623/3623/3623 3624/3624/3624 3617/3617/3617
f 3624/3624/3624 3625/3625/3625 3617/3617/3617
f 3625/3625/3625 3626/3626/3626 3617/3617/3617
f 3627/3627/3627 3617/3617/3617 3626/3626/3626
f 3630/3630/3630 3629/3629/3629 3628/3628/3628
f 3629/3629/3629 3631/3631/3631 3628/3628/3628
f 3628/3628/3628 3631/3631/3631 3632/3632/3632
f 3633/3633/3633 3628/3628/3628 3632/3632/3632
f 3633/3633/3633 3632/3632/3632 3634/3634/3634
f 3635/3635/3635 3633/3633/3633 3634/3634/3634
f 3636/3636/3636 3635/3635/3635 3634/3634/3634
f 3634/3634/3634 3632/3632/3632 3637/3637/3637
f 3638/3638/3638 3637/3637/3637 3632/3632/3632
f 3639/3639/3639 3637/3637/3637 3638/3638/3638
f 3640/3640/3640 3639/3639/3639 3638/3638/3638
f 3641/3641/3641 3638/3638/3638 3632/3632/3632
f 3638/3638/3638 3641/3641/3641 3642/3642/3642
f 3642/3642/3642 3641/3641/3641 3643/3643/3643
f 3644/3644/3644 3642/3642/3642 3643/3643/3643
f 3645/3645/3645 3644/3644/3644 3643/3643/3643
f 3646/3646/3646 3643/3643/3643 3641/3641/3641
f 3647/3647/3647 3646/3646/3646 3641/3641/3641
f 3646/3646/3646 3647/3647/3647 3648/3648/3648
f 3649/3649/3649 3646/3646/3646 3648/3648/3648
f 3650/3650/3650 3649/3649/3649 3648/3648/3648
f 3648/3648/3648 3647/3647/3647 3651/3651/3651
f 3651/3651/3651 3647/3647/3647 3652/3652/3652
f 3653/3653/3653 3651/3651/3651 3652/3652/3652
f 3654/3654/3654 3653/3653/3653 3652/3652/3652
f 3655/3655/3655 3652/3652/3652 3647/3647/3647
f 3656/3656/3656 3655/3655/3655 3647/3647/3647
f 3655/3655/3655 3656/3656/3656 3657/3657/3657
f 3658/3658/3658 3655/3655/3655 3657/3657/3657
f 3659/3659/3659 3658/3658/3658 3657/3657/3657
f 3657/3657/3657 3656/3656/3656 3660/3660/3660
f 3660/3660/3660 3656/3656/3656 3661/3661/3661
f 3662/3662/3662 3660/3660/3660 3661/3661/3661
f 3663/3663/3663 3662/3662/3662 3661/3661/3661
f 3661/3661/3661 3656/3656/3656 3664/3664/3664
f 3665/3665/3665 3661/3661/3661 3664/3664/3664
f 3665/3665/3665 3664/3664/3664 3666/3666/3666
f 3667/3667/3667 3665/3665/3665 3666/3666/3666
f 3668/3668/3668 3667/3667/3667 3666/3666/3666
f 3666/3666/3666 3664/3664/3664 3669/3669/3669
f 3669/3669/3669 3664/3664/3664 3670/3670/3670
f 3671/3671/3671 3669/3669/3669 3670/3670/3670
f 3672/3672/3672 3671/3671/3671 3670/3670/3670
f 3670/3670/3670 3664/3664/3664 3673/3673/3673
f 3674/3674/3674 3670/3670/3670 3673/3673/3673
f 3674/3674/3674 3673/3673/3673 3675/3675/3675
f 3676/3676/3676 3674/3674/3674 3675/3675/3675
f 3677/3677/3677 3676/3676/3676 3675/3675/3675
f 3675/3675/3675 3673/3673/3673 3678/3678/3678
f 3678/3678/3678 3673/3673/3673 3679/3679/3679
f 3680/3680/3680 3678/3678/3678 3679/3679/3679
f 3681/3681/3681 3680/3680/3680 3679/3679/3679
f 3673/3673/3673 3682/3682/3682 3679/3679/3679
f 3682/3682/3682 3683/3683/3683 3679/3679/3679
f 3684/3684/3684 3683/3683/3683 3682/3682/3682
f 3685/3685/3685 3683/3683/3683 3684/3684/3684
f 3686/3686/3686 3685/3685/3685 3684/3684/3684
f 3684/3684/3684 3682/3682/3682 3687/3687/3687
f 3687/3687/3687 3682/3682/3682 3688/3688/3688
f 3689/3689/3689 3687/3687/3687 3688/3688/3688
f 3690/3690/3690 3687/3687/3687 3689/3689/3689
f 3691/3691/3691 3690/3690/3690 3689/3689/3689
f 3692/3692/3692 3689/3689/3689 3688/3688/3688
f 3693/3693/3693 3692/3692/3692 3688/3688/3688
f 3694/3694/3694 3693/3693/3693 3688/3688/3688
f 3697/3697/3697 3696/3696/3696 3695/3695/3695
f 3696/3696/3696 3698/3698/3698 3695/3695/3695
f 3695/3695/3695 3698/3698/3698 3699/3699/3699
f 3695/3695/3695 3699/3699/3699 3700/3700/3700
f 3701/3701/3701 3699/3699/3699 3698/3698/3698
f 3702/3702/3702 3701/3701/3701 3698/3698/3698
f 3699/3699/3699 3703/3703/3703 3700/3700/3700
f 3704/3704/3704 3700/3700/3700 3703/3703/3703
f 3705/3705/3705 3700/3700/3700 3704/3704/3704
f 3706/3706/3706 3705/3705/3705 3704/3704/3704
f 3704/3704/3704 3703/3703/3703 3707/3707/3707
f 3703/3703/3703 3708/3708/3708 3707/3707/3707
f 3709/3709/3709 3707/3707/3707 3708/3708/3708
f 3710/3710/3710 3707/3707/3707 3709/3709/3709
f 3711/3711/3711 3710/3710/3710 3709/3709/3709
f 3712/3712/3712 3709/3709/3709 3708/3708/3708
f 3712/3712/3712 3708/3708/3708 3713/3713/3713
f 3714/3714/3714 3712/3712/3712 3713/3713/3713
f 3715/3715/3715 3714/3714/3714 3713/3713/3713
f 3708/3708/3708 3716/3716/3716 3713/3713/3713
f 3717/3717/3717 3713/3713/3713 3716/3716/3716
f 3717/3717/3717 3716/3716/3716 3718/3718/3718
f 3718/3718/3718 3719/3719/3719 3717/3717/3717
f 3720/3720/3720 3717/3717/3717 3719/3719/3719
f 3721/3721/3721 3720/3720/3720 3719/3719/3719
f 3718/3718/3718 3722/3722/3722 3719/3719/3719
f 3723/3723/3723 3722/3722/3722 3718/3718/3718
f 3724/3724/3724 3722/3722/3722 3723/3723/3723
f 3725/3725/3725 3724/3724/3724 3723/3723/3723
f 3723/3723/3723 3718/3718/3718 3726/3726/3726
f 3718/3718/3718 3727/3727/3727 3726/3726/3726
f 3728/3728/3728 3726/3726/3726 3727/3727/3727
f 3729/3729/3729 3726/3726/3726 3728/3728/3728
f 3730/3730/3730 3729/3729/3729 3728/3728/3728
f 3728/3728/3728 3727/3727/3727 3731/3731/3731
f 3727/3727/3727 3732/3732/3732 3731/3731/3731
f 3733/3733/3733 3731/3731/3731 3732/3732/3732
f 3734/3734/3734 3731/3731/3731 3733/3733/3733
f 3735/3735/3735 3734/3734/3734 3733/3733/3733
f 3736/3736/3736 3733/3733/3733 3732/3732/3732
f 3736/3736/3736 3732/3732/3732 3737/3737/3737
f 3737/3737/3737 3738/3738/3738 3736/3736/3736
f 3739/3739/3739 3736/3736/3736 3738/3738/3738
f 3740/3740/3740 3739/3739/3739 3738/3738/3738
f 3737/3737/3737 3741/3741/3741 3738/3738/3738
f 3741/3741/3741 3737/3737/3737 3742/3742/3742
f 3742/3742/3742 3743/3743/3743 3741/3741/3741
f 3744/3744/3744 3741/3741/3741 3743/3743/3743
f 3745/3745/3745 3744/3744/3744 3743/3743/3743
f 3742/3742/3742 3746/3746/3746 3743/3743/3743
f 3746/3746/3746 3742/3742/3742 3747/3747/3747
f 3747/3747/3747 3748/3748/3748 3746/3746/3746
f 3749/3749/3749 3746/3746/3746 3748/3748/3748
f 3750/3750/3750 3749/3749/3749 3748/3748/3748
f 3747/3747/3747 3751/3751/3751 3748/3748/3748
f 3752/3752/3752 3751/3751/3751 3747/3747/3747
f 3753/3753/3753 3751/3751/3751 3752/3752/3752
f 3754/3754/3754 3753/3753/3753 3752/3752/3752
f 3747/3747/3747 3755/3755/3755 3752/3752/3752
f 3755/3755/3755 3756/3756/3756 3752/3752/3752
f 3756/3756/3756 3755/3755/3755 3757/3757/3757
f 3755/3755/3755 3758/3758/3758 3757/3757/3757
f 3759/3759/3759 3756/3756/3756 3757/3757/3757
f 3760/3760/3760 3759/3759/3759 3757/3757/3757
f 3763/3763/3763 3762/3762/3762 3761/3761/3761
f 3761/3761/3761 3762/3762/3762 3764/3764/3764
f 3764/3764/3764 3765/3765/3765 3761/3761/3761
f 3765/3765/3765 3766/3766/3766 3761/3761/3761
f 3765/3765/3765 3764/3764/3764 3767/3767/3767
f 3767/3767/3767 3764/3764/3764 3768/3768/3768
f 3767/3767/3767 3769/3769/3769 3765/3765/3765
f 3769/3769/3769 3770/3770/3770 3765/3765/3765
f 3771/3771/3771 3767/3767/3767 3768/3768/3768
f 3772/3772/3772 3771/3771/3771 3768/3768/3768
f 3773/3773/3773 3771/3771/3771 3772/3772/3772
f 3774/3774/3774 3773/3773/3773 3772/3772/3772
f 3774/3774/3774 3775/3775/3775 3773/3773/3773
f 3775/3775/3775 3776/3776/3776 3773/3773/3773
f 3777/3777/3777 3775/3775/3775 3774/3774/3774
f 3773/3773/3773 3778/3778/3778 3771/3771/3771
f 3778/3778/3778 3773/3773/3773 3776/3776/3776
f 3779/3779/3779 3775/3775/3775 3777/3777/3777
f 3780/3780/3780 3779/3779/3779 3777/3777/3777
f 3779/3779/3779 3781/3781/3781 3775/3775/3775
f 3779/3779/3779 3780/3780/3780 3782/3782/3782
f 3781/3781/3781 3783/3783/3783 3775/3775/3775
f 3775/3775/3775 3783/3783/3783 3776/3776/3776
f 3780/3780/3780 3784/3784/3784 3782/3782/3782
f 3782/3782/3782 3784/3784/3784 3785/3785/3785
f 3784/3784/3784 3786/3786/3786 3785/3785/3785
f 3783/3783/3783 3787/3787/3787 3776/3776/3776
f 3785/3785/3785 3786/3786/3786 3788/3788/3788
f 3786/3786/3786 3789/3789/3789 3788/3788/3788
f 3789/3789/3789 3790/3790/3790 3788/3788/3788
f 3790/3790/3790 3791/3791/3791 3788/3788/3788
f 3790/3790/3790 3792/3792/3792 3791/3791/3791
f 3792/3792/3792 3793/3793/3793 3791/3791/3791
f 3793/3793/3793 3792/3792/3792 3794/3794/3794
f 3795/3795/3795 3793/3793/3793 3794/3794/3794
f 3794/3794/3794 3796/3796/3796 3795/3795/3795
f 3787/3787/3787 3797/3797/3797 3776/3776/3776
f 3796/3796/3796 3798/3798/3798 3795/3795/3795
f 3795/3795/3795 3798/3798/3798 3799/3799/3799
f 3796/3796/3796 3800/3800/3800 3798/3798/3798
f 3799/3799/3799 3798/3798/3798 3801/3801/3801
f 3800/3800/3800 3802/3802/3802 3798/3798/3798
f 3802/3802/3802 3800/3800/3800 3803/3803/3803
f 3804/3804/3804 3802/3802/3802 3803/3803/3803
f 3798/3798/3798 3805/3805/3805 3801/3801/3801
f 3798/3798/3798 3802/3802/3802 3805/3805/3805
f 3801/3801/3801 3805/3805/3805 3806/3806/3806
f 3806/3806/3806 3805/3805/3805 3807/3807/3807
f 3802/3802/3802 3804/3804/3804 3808/3808/3808
f 3802/3802/3802 3808/3808/3808 3805/3805/3805
f 3805/3805/3805 3809/3809/3809 3807/3807/3807
f 3808/3808/3808 3809/3809/3809 3805/3805/3805
f 3808/3808/3808 3804/3804/3804 3810/3810/3810
f 3804/3804/3804 3811/3811/3811 3810/3810/3810
f 3809/3809/3809 3812/3812/3812 3807/3807/3807
f 3813/3813/3813 3807/3807/3807 3812/3812/3812
f 3814/3814/3814 3813/3813/3813 3812/3812/3812
f 3813/3813/3813 3814/3814/3814 3815/3815/3815
f 3814/3814/3814 3816/3816/3816 3815/3815/3815
f 3815/3815/3815 3816/3816/3816 3817/3817/3817
f 3816/3816/3816 3818/3818/3818 3817/3817/3817
f 3819/3819/3819 3817/3817/3817 3818/3818/3818
f 3820/3820/3820 3819/3819/3819 3818/3818/3818
f 3819/3819/3819 3820/3820/3820 3821/3821/3821
f 3820/3820/3820 3822/3822/3822 3821/3821/3821
f 3821/3821/3821 3822/3822/3822 3797/3797/3797
f 3812/3812/3812 3809/3809/3809 3823/3823/3823
f 3822/3822/3822 3824/3824/3824 3797/3797/3797
f 3823/3823/3823 3809/3809/3809 3825/3825/3825
f 3797/3797/3797 3824/3824/3824 3776/3776/3776
f 3809/3809/3809 3826/3826/3826 3825/3825/3825
f 3825/3825/3825 3826/3826/3826 3827/3827/3827
f 3809/3809/3809 3808/3808/3808 3826/3826/3826
f 3827/3827/3827 3826/3826/3826 3828/3828/3828
f 3808/3808/3808 3810/3810/3810 3826/3826/3826
f 3824/3824/3824 3829/3829/3829 3776/3776/3776
f 3824/3824/3824 3830/3830/3830 3829/3829/3829
f 3830/3830/3830 3831/3831/3831 3829/3829/3829
f 3829/3829/3829 3778/3778/3778 3776/3776/3776
f 3829/3829/3829 3831/3831/3831 3832/3832/3832
f 3829/3829/3829 3832/3832/3832 3778/3778/3778
f 3831/3831/3831 3833/3833/3833 3832/3832/3832
f 3833/3833/3833 3834/3834/3834 3832/3832/3832
f 3826/3826/3826 3835/3835/3835 3828/3828/3828
f 3810/3810/3810 3835/3835/3835 3826/3826/3826
f 3835/3835/3835 3836/3836/3836 3828/3828/3828
f 3837/3837/3837 3828/3828/3828 3836/3836/3836
f 3838/3838/3838 3837/3837/3837 3836/3836/3836
f 3839/3839/3839 3837/3837/3837 3838/3838/3838
f 3840/3840/3840 3839/3839/3839 3838/3838/3838
f 3841/3841/3841 3839/3839/3839 3840/3840/3840
f 3842/3842/3842 3841/3841/3841 3840/3840/3840
f 3843/3843/3843 3841/3841/3841 3842/3842/3842
f 3844/3844/3844 3843/3843/3843 3842/3842/3842
f 3845/3845/3845 3843/3843/3843 3844/3844/3844
f 3846/3846/3846 3845/3845/3845 3844/3844/3844
f 3845/3845/3845 3846/3846/3846 3834/3834/3834
f 3836/3836/3836 3835/3835/3835 3847/3847/3847
f 3846/3846/3846 3848/3848/3848 3834/3834/3834
f 3847/3847/3847 3835/3835/3835 3849/3849/3849
f 3834/3834/3834 3848/3848/3848 3832/3832/3832
f 3835/3835/3835 3850/3850/3850 3849/3849/3849
f 3849/3849/3849 3850/3850/3850 3851/3851/3851
f 3835/3835/3835 3810/3810/3810 3850/3850/3850
f 3851/3851/3851 3850/3850/3850 3852/3852/3852
f 3848/3848/3848 3853/3853/3853 3832/3832/3832
f 3848/3848/3848 3854/3854/3854 3853/3853/3853
f 3832/3832/3832 3853/3853/3853 3778/3778/3778
f 3854/3854/3854 3855/3855/3855 3853/3853/3853
f 3810/3810/3810 3856/3856/3856 3850/3850/3850
f 3810/3810/3810 3811/3811/3811 3856/3856/3856
f 3850/3850/3850 3857/3857/3857 3852/3852/3852
f 3856/3856/3856 3857/3857/3857 3850/3850/3850
f 3853/3853/3853 3858/3858/3858 3778/3778/3778
f 3778/3778/3778 3858/3858/3858 3771/3771/3771
f 3853/3853/3853 3855/3855/3855 3859/3859/3859
f 3859/3859/3859 3858/3858/3858 3853/3853/3853
f 3855/3855/3855 3860/3860/3860 3859/3859/3859
f 3860/3860/3860 3861/3861/3861 3859/3859/3859
f 3857/3857/3857 3862/3862/3862 3852/3852/3852
f 3863/3863/3863 3852/3852/3852 3862/3862/3862
f 3864/3864/3864 3863/3863/3863 3862/3862/3862
f 3863/3863/3863 3864/3864/3864 3865/3865/3865
f 3866/3866/3866 3863/3863/3863 3865/3865/3865
f 3866/3866/3866 3865/3865/3865 3867/3867/3867
f 3868/3868/3868 3866/3866/3866 3867/3867/3867
f 3868/3868/3868 3867/3867/3867 3869/3869/3869
f 3870/3870/3870 3868/3868/3868 3869/3869/3869
f 3862/3862/3862 3857/3857/3857 3871/3871/3871
f 3869/3869/3869 3872/3872/3872 3870/3870/3870
f 3872/3872/3872 3873/3873/3873 3870/3870/3870
f 3873/3873/3873 3872/3872/3872 3861/3861/3861
f 3872/3872/3872 3874/3874/3874 3861/3861/3861
f 3871/3871/3871 3857/3857/3857 3875/3875/3875
f 3861/3861/3861 3874/3874/3874 3859/3859/3859
f 3857/3857/3857 3876/3876/3876 3875/3875/3875
f 3875/3875/3875 3876/3876/3876 3877/3877/3877
f 3857/3857/3857 3856/3856/3856 3876/3876/3876
f 3877/3877/3877 3876/3876/3876 3878/3878/3878
f 3874/3874/3874 3879/3879/3879 3859/3859/3859
f 3874/3874/3874 3880/3880/3880 3879/3879/3879
f 3880/3880/3880 3881/3881/3881 3879/3879/3879
f 3858/3858/3858 3859/3859/3859 3879/3879/3879
f 3856/3856/3856 3882/3882/3882 3876/3876/3876
f 3856/3856/3856 3811/3811/3811 3882/3882/3882
f 3883/3883/3883 3882/3882/3882 3811/3811/3811
f 3884/3884/3884 3883/3883/3883 3811/3811/3811
f 3876/3876/3876 3885/3885/3885 3878/3878/3878
f 3882/3882/3882 3885/3885/3885 3876/3876/3876
f 3879/3879/3879 3881/3881/3881 3886/3886/3886
f 3881/3881/3881 3887/3887/3887 3886/3886/3886
f 3887/3887/3887 3888/3888/3888 3886/3886/3886
f 3889/3889/3889 3858/3858/3858 3879/3879/3879
f 3886/3886/3886 3889/3889/3889 3879/3879/3879
f 3882/3882/3882 3883/3883/3883 3890/3890/3890
f 3885/3885/3885 3882/3882/3882 3890/3890/3890
f 3883/3883/3883 3884/3884/3884 3891/3891/3891
f 3883/3883/3883 3891/3891/3891 3892/3892/3892
f 3891/3891/3891 3884/3884/3884 3893/3893/3893
f 3858/3858/3858 3889/3889/3889 3894/3894/3894
f 3771/3771/3771 3858/3858/3858 3894/3894/3894
f 3771/3771/3771 3894/3894/3894 3767/3767/3767
f 3894/3894/3894 3895/3895/3895 3767/3767/3767
f 3767/3767/3767 3895/3895/3895 3769/3769/3769
f 3889/3889/3889 3896/3896/3896 3894/3894/3894
f 3894/3894/3894 3896/3896/3896 3895/3895/3895
f 3896/3896/3896 3889/3889/3889 3897/3897/3897
f 3889/3889/3889 3886/3886/3886 3897/3897/3897
f 3898/3898/3898 3897/3897/3897 3886/3886/3886
f 3888/3888/3888 3898/3898/3898 3886/3886/3886
f 3898/3898/3898 3899/3899/3899 3897/3897/3897
f 3900/3900/3900 3898/3898/3898 3888/3888/3888
f 3901/3901/3901 3900/3900/3900 3888/3888/3888
f 3900/3900/3900 3901/3901/3901 3902/3902/3902
f 3903/3903/3903 3900/3900/3900 3902/3902/3902
f 3902/3902/3902 3904/3904/3904 3903/3903/3903
f 3904/3904/3904 3905/3905/3905 3903/3903/3903
f 3904/3904/3904 3906/3906/3906 3905/3905/3905
f 3906/3906/3906 3907/3907/3907 3905/3905/3905
f 3906/3906/3906 3908/3908/3908 3907/3907/3907
f 3908/3908/3908 3909/3909/3909 3907/3907/3907
f 3909/3909/3909 3908/3908/3908 3910/3910/3910
f 3908/3908/3908 3878/3878/3878 3910/3910/3910
f 3885/3885/3885 3910/3910/3910 3878/3878/3878
f 3910/3910/3910 3885/3885/3885 3911/3911/3911
f 3911/3911/3911 3885/3885/3885 3912/3912/3912
f 3885/3885/3885 3890/3890/3890 3912/3912/3912
f 3912/3912/3912 3890/3890/3890 3913/3913/3913
f 3913/3913/3913 3890/3890/3890 3914/3914/3914
f 3890/3890/3890 3915/3915/3915 3914/3914/3914
f 3883/3883/3883 3915/3915/3915 3890/3890/3890
f 3915/3915/3915 3916/3916/3916 3914/3914/3914
f 3917/3917/3917 3914/3914/3914 3916/3916/3916
f 3918/3918/3918 3917/3917/3917 3916/3916/3916
f 3917/3917/3917 3918/3918/3918 3919/3919/3919
f 3920/3920/3920 3917/3917/3917 3919/3919/3919
f 3920/3920/3920 3919/3919/3919 3921/3921/3921
f 3922/3922/3922 3920/3920/3920 3921/3921/3921
f 3922/3922/3922 3921/3921/3921 3923/3923/3923
f 3924/3924/3924 3922/3922/3922 3923/3923/3923
f 3916/3916/3916 3915/3915/3915 3925/3925/3925
f 3923/3923/3923 3926/3926/3926 3924/3924/3924
f 3926/3926/3926 3927/3927/3927 3924/3924/3924
f 3927/3927/3927 3926/3926/3926 3928/3928/3928
f 3925/3925/3925 3915/3915/3915 3929/3929/3929
f 3926/3926/3926 3930/3930/3930 3928/3928/3928
f 3928/3928/3928 3930/3930/3930 3931/3931/3931
f 3930/3930/3930 3932/3932/3932 3931/3931/3931
f 3932/3932/3932 3933/3933/3933 3931/3931/3931
f 3915/3915/3915 3934/3934/3934 3929/3929/3929
f 3929/3929/3929 3934/3934/3934 3935/3935/3935
f 3915/3915/3915 3883/3883/3883 3934/3934/3934
f 3935/3935/3935 3934/3934/3934 3936/3936/3936
f 3934/3934/3934 3883/3883/3883 3892/3892/3892
f 3934/3934/3934 3892/3892/3892 3936/3936/3936
f 3937/3937/3937 3928/3928/3928 3931/3931/3931
f 3938/3938/3938 3928/3928/3928 3937/3937/3937
f 3939/3939/3939 3938/3938/3938 3937/3937/3937
f 3897/3897/3897 3939/3939/3939 3937/3937/3937
f 3899/3899/3899 3939/3939/3939 3897/3897/3897
f 3937/3937/3937 3896/3896/3896 3897/3897/3897
f 3896/3896/3896 3937/3937/3937 3931/3931/3931
f 3940/3940/3940 3896/3896/3896 3931/3931/3931
f 3896/3896/3896 3940/3940/3940 3895/3895/3895
f 3892/3892/3892 3941/3941/3941 3936/3936/3936
f 3942/3942/3942 3936/3936/3936 3941/3941/3941
f 3943/3943/3943 3942/3942/3942 3941/3941/3941
f 3942/3942/3942 3943/3943/3943 3944/3944/3944
f 3945/3945/3945 3942/3942/3942 3944/3944/3944
f 3945/3945/3945 3944/3944/3944 3946/3946/3946
f 3947/3947/3947 3945/3945/3945 3946/3946/3946
f 3947/3947/3947 3946/3946/3946 3948/3948/3948
f 3949/3949/3949 3947/3947/3947 3948/3948/3948
f 3941/3941/3941 3892/3892/3892 3950/3950/3950
f 3948/3948/3948 3951/3951/3951 3949/3949/3949
f 3951/3951/3951 3952/3952/3952 3949/3949/3949
f 3952/3952/3952 3951/3951/3951 3953/3953/3953
f 3950/3950/3950 3892/3892/3892 3954/3954/3954
f 3951/3951/3951 3955/3955/3955 3953/3953/3953
f 3892/3892/3892 3956/3956/3956 3954/3954/3954
f 3954/3954/3954 3956/3956/3956 3957/3957/3957
f 3892/3892/3892 3891/3891/3891 3956/3956/3956
f 3956/3956/3956 3891/3891/3891 3958/3958/3958
f 3957/3957/3957 3956/3956/3956 3959/3959/3959
f 3956/3956/3956 3958/3958/3958 3959/3959/3959
f 3953/3953/3953 3955/3955/3955 3960/3960/3960
f 3961/3961/3961 3953/3953/3953 3960/3960/3960
f 3933/3933/3933 3961/3961/3961 3960/3960/3960
f 3931/3931/3931 3933/3933/3933 3960/3960/3960
f 3960/3960/3960 3940/3940/3940 3931/3931/3931
f 3955/3955/3955 3962/3962/3962 3960/3960/3960
f 3940/3940/3940 3960/3960/3960 3962/3962/3962
f 3955/3955/3955 3963/3963/3963 3962/3962/3962
f 3963/3963/3963 3964/3964/3964 3962/3962/3962
f 3965/3965/3965 3940/3940/3940 3962/3962/3962
f 3940/3940/3940 3965/3965/3965 3895/3895/3895
f 3962/3962/3962 3964/3964/3964 3966/3966/3966
f 3966/3966/3966 3965/3965/3965 3962/3962/3962
f 3965/3965/3965 3966/3966/3966 3967/3967/3967
f 3964/3964/3964 3968/3968/3968 3966/3966/3966
f 3968/3968/3968 3969/3969/3969 3966/3966/3966
f 3966/3966/3966 3969/3969/3969 3967/3967/3967
f 3895/3895/3895 3965/3965/3965 3970/3970/3970
f 3895/3895/3895 3970/3970/3970 3769/3769/3769
f 3971/3971/3971 3965/3965/3965 3967/3967/3967
f 3965/3965/3965 3971/3971/3971 3970/3970/3970
f 3972/3972/3972 3769/3769/3769 3970/3970/3970
f 3770/3770/3770 3769/3769/3769 3972/3972/3972
f 3971/3971/3971 3973/3973/3973 3970/3970/3970
f 3970/3970/3970 3973/3973/3973 3972/3972/3972
f 3973/3973/3973 3971/3971/3971 3974/3974/3974
f 3975/3975/3975 3971/3971/3971 3967/3967/3967
f 3971/3971/3971 3975/3975/3975 3974/3974/3974
f 3972/3972/3972 3976/3976/3976 3770/3770/3770
f 3976/3976/3976 3977/3977/3977 3770/3770/3770
f 3976/3976/3976 3978/3978/3978 3977/3977/3977
f 3978/3978/3978 3976/3976/3976 3972/3972/3972
f 3978/3978/3978 3979/3979/3979 3977/3977/3977
f 3973/3973/3973 3980/3980/3980 3972/3972/3972
f 3980/3980/3980 3978/3978/3978 3972/3972/3972
f 3980/3980/3980 3973/3973/3973 3981/3981/3981
f 3979/3979/3979 3978/3978/3978 3982/3982/3982
f 3983/3983/3983 3979/3979/3979 3982/3982/3982
f 3978/3978/3978 3980/3980/3980 3984/3984/3984
f 3982/3982/3982 3978/3978/3978 3984/3984/3984
f 3985/3985/3985 3973/3973/3973 3974/3974/3974
f 3973/3973/3973 3985/3985/3985 3981/3981/3981
f 3983/3983/3983 3982/3982/3982 3986/3986/3986
f 3987/3987/3987 3983/3983/3983 3986/3986/3986
f 3986/3986/3986 3982/3982/3982 3988/3988/3988
f 3987/3987/3987 3986/3986/3986 3989/3989/3989
f 3988/3988/3988 3982/3982/3982 3990/3990/3990
f 3982/3982/3982 3984/3984/3984 3990/3990/3990
f 3991/3991/3991 3987/3987/3987 3989/3989/3989
f 3991/3991/3991 3989/3989/3989 3992/3992/3992
f 3993/3993/3993 3991/3991/3991 3992/3992/3992
f 3990/3990/3990 3984/3984/3984 3994/3994/3994
f 3992/3992/3992 3995/3995/3995 3993/3993/3993
f 3995/3995/3995 3996/3996/3996 3993/3993/3993
f 3996/3996/3996 3995/3995/3995 3997/3997/3997
f 3995/3995/3995 3998/3998/3998 3997/3997/3997
f 3997/3997/3997 3998/3998/3998 3999/3999/3999
f 3998/3998/3998 4000/4000/4000 3999/3999/3999
f 4001/4001/4001 3999/3999/3999 4000/4000/4000
f 4002/4002/4002 4001/4001/4001 4000/4000/4000
f 4001/4001/4001 4002/4002/4002 4003/4003/4003
f 3994/3994/3994 3984/3984/3984 4004/4004/4004
f 4002/4002/4002 4005/4005/4005 4003/4003/4003
f 4002/4002/4002 4006/4006/4006 4005/4005/4005
f 4003/4003/4003 4005/4005/4005 4007/4007/4007
f 4006/4006/4006 4008/4008/4008 4005/4005/4005
f 4005/4005/4005 4009/4009/4009 4007/4007/4007
f 4010/4010/4010 4007/4007/4007 4009/4009/4009
f 4011/4011/4011 4010/4010/4010 4009/4009/4009
f 4005/4005/4005 4008/4008/4008 4012/4012/4012
f 4012/4012/4012 4009/4009/4009 4005/4005/4005
f 4009/4009/4009 4012/4012/4012 4013/4013/4013
f 4008/4008/4008 4014/4014/4014 4012/4012/4012
f 4014/4014/4014 4015/4015/4015 4012/4012/4012
f 4012/4012/4012 4015/4015/4015 4013/4013/4013
f 4016/4016/4016 4011/4011/4011 4009/4009/4009
f 4016/4016/4016 4009/4009/4009 4013/4013/4013
f 4015/4015/4015 4017/4017/4017 4013/4013/4013
f 4017/4017/4017 4015/4015/4015 4018/4018/4018
f 4019/4019/4019 4017/4017/4017 4018/4018/4018
f 4020/4020/4020 4019/4019/4019 4018/4018/4018
f 4021/4021/4021 4020/4020/4020 4018/4018/4018
f 4022/4022/4022 4020/4020/4020 4021/4021/4021
f 4023/4023/4023 4022/4022/4022 4021/4021/4021
f 4022/4022/4022 4023/4023/4023 4024/4024/4024
f 4023/4023/4023 4025/4025/4025 4024/4024/4024
f 4026/4026/4026 4013/4013/4013 4017/4017/4017
f 4024/4024/4024 4025/4025/4025 4027/4027/4027
f 4025/4025/4025 4028/4028/4028 4027/4027/4027
f 4028/4028/4028 4004/4004/4004 4027/4027/4027
f 4029/4029/4029 4013/4013/4013 4026/4026/4026
f 4004/4004/4004 4030/4030/4030 4027/4027/4027
f 4031/4031/4031 4013/4013/4013 4029/4029/4029
f 4032/4032/4032 4031/4031/4031 4029/4029/4029
f 4033/4033/4033 4031/4031/4031 4032/4032/4032
f 4031/4031/4031 4016/4016/4016 4013/4013/4013
f 4034/4034/4034 4030/4030/4030 4004/4004/4004
f 3984/3984/3984 4034/4034/4034 4004/4004/4004
f 4030/4030/4030 4034/4034/4034 4035/4035/4035
f 3980/3980/3980 4034/4034/4034 3984/3984/3984
f 4035/4035/4035 4034/4034/4034 4036/4036/4036
f 4034/4034/4034 3980/3980/3980 3981/3981/3981
f 4034/4034/4034 3981/3981/3981 4036/4036/4036
f 4036/4036/4036 3981/3981/3981 4037/4037/4037
f 4037/4037/4037 3981/3981/3981 4038/4038/4038
f 4031/4031/4031 4033/4033/4033 4039/4039/4039
f 4039/4039/4039 4033/4033/4033 4040/4040/4040
f 4041/4041/4041 4039/4039/4039 4040/4040/4040
f 4041/4041/4041 4040/4040/4040 4042/4042/4042
f 4043/4043/4043 4041/4041/4041 4042/4042/4042
f 4043/4043/4043 4042/4042/4042 4044/4044/4044
f 4045/4045/4045 4043/4043/4043 4044/4044/4044
f 4044/4044/4044 4046/4046/4046 4045/4045/4045
f 4046/4046/4046 4047/4047/4047 4045/4045/4045
f 4046/4046/4046 4048/4048/4048 4047/4047/4047
f 4048/4048/4048 4049/4049/4049 4047/4047/4047
f 4048/4048/4048 4038/4038/4038 4049/4049/4049
f 4038/4038/4038 4050/4050/4050 4049/4049/4049
f 4038/4038/4038 3981/3981/3981 4050/4050/4050
f 3981/3981/3981 3985/3985/3985 4050/4050/4050
f 4050/4050/4050 3985/3985/3985 4051/4051/4051
f 4051/4051/4051 3985/3985/3985 4052/4052/4052
f 3985/3985/3985 3974/3974/3974 4052/4052/4052
f 4052/4052/4052 3974/3974/3974 4053/4053/4053
f 4053/4053/4053 3974/3974/3974 4054/4054/4054
f 4054/4054/4054 3974/3974/3974 4055/4055/4055
f 3974/3974/3974 3975/3975/3975 4055/4055/4055
f 4054/4054/4054 4055/4055/4055 4056/4056/4056
f 4055/4055/4055 3975/3975/3975 4057/4057/4057
f 4058/4058/4058 4054/4054/4054 4056/4056/4056
f 4057/4057/4057 3975/3975/3975 4059/4059/4059
f 4058/4058/4058 4056/4056/4056 4060/4060/4060
f 4061/4061/4061 4058/4058/4058 4060/4060/4060
f 4061/4061/4061 4060/4060/4060 4062/4062/4062
f 4063/4063/4063 4061/4061/4061 4062/4062/4062
f 4062/4062/4062 4064/4064/4064 4063/4063/4063
f 4064/4064/4064 4065/4065/4065 4063/4063/4063
f 3975/3975/3975 3967/3967/3967 4059/4059/4059
f 4059/4059/4059 3967/3967/3967 4066/4066/4066
f 4066/4066/4066 3967/3967/3967 4067/4067/4067
f 3969/3969/3969 4067/4067/4067 3967/3967/3967
f 4064/4064/4064 4068/4068/4068 4065/4065/4065
f 4068/4068/4068 4069/4069/4069 4065/4065/4065
f 4070/4070/4070 4067/4067/4067 3969/3969/3969
f 4071/4071/4071 4070/4070/4070 3969/3969/3969
f 4070/4070/4070 4071/4071/4071 4072/4072/4072
f 4073/4073/4073 4070/4070/4070 4072/4072/4072
f 4072/4072/4072 4074/4074/4074 4073/4073/4073
f 4074/4074/4074 4075/4075/4075 4073/4073/4073
f 4074/4074/4074 4076/4076/4076 4075/4075/4075
f 4076/4076/4076 4077/4077/4077 4075/4075/4075
f 4069/4069/4069 4068/4068/4068 4078/4078/4078
f 4076/4076/4076 4079/4079/4079 4077/4077/4077
f 4079/4079/4079 4080/4080/4080 4077/4077/4077
f 4080/4080/4080 4079/4079/4079 4081/4081/4081
f 4079/4079/4079 3959/3959/3959 4081/4081/4081
f 3958/3958/3958 4081/4081/4081 3959/3959/3959
f 4081/4081/4081 3958/3958/3958 4082/4082/4082
f 4068/4068/4068 4083/4083/4083 4078/4078/4078
f 4082/4082/4082 3958/3958/3958 4084/4084/4084
f 4085/4085/4085 4078/4078/4078 4083/4083/4083
f 4078/4078/4078 4085/4085/4085 4086/4086/4086
f 4086/4086/4086 4085/4085/4085 4087/4087/4087
f 3958/3958/3958 4088/4088/4088 4084/4084/4084
f 4088/4088/4088 4085/4085/4085 4083/4083/4083
f 4084/4084/4084 4088/4088/4088 4089/4089/4089
f 4089/4089/4089 4088/4088/4088 4083/4083/4083
f 4085/4085/4085 4090/4090/4090 4087/4087/4087
f 4087/4087/4087 4090/4090/4090 4091/4091/4091
f 4091/4091/4091 4090/4090/4090 4039/4039/4039
f 4090/4090/4090 4031/4031/4031 4039/4039/4039
f 4016/4016/4016 4031/4031/4031 4090/4090/4090
f 4085/4085/4085 4092/4092/4092 4090/4090/4090
f 4092/4092/4092 4016/4016/4016 4090/4090/4090
f 4092/4092/4092 4085/4085/4085 4088/4088/4088
f 4016/4016/4016 4092/4092/4092 4011/4011/4011
f 4092/4092/4092 3893/3893/3893 4011/4011/4011
f 3958/3958/3958 4093/4093/4093 4088/4088/4088
f 4093/4093/4093 4092/4092/4092 4088/4088/4088
f 4093/4093/4093 3893/3893/3893 4092/4092/4092
f 3891/3891/3891 4093/4093/4093 3958/3958/3958
f 4093/4093/4093 3891/3891/3891 3893/3893/3893
f 4096/4096/4096 4095/4095/4095 4094/4094/4094
f 4095/4095/4095 4097/4097/4097 4094/4094/4094
f 4095/4095/4095 4098/4098/4098 4097/4097/4097
f 4098/4098/4098 4099/4099/4099 4097/4097/4097
f 4099/4099/4099 4098/4098/4098 4100/4100/4100
f 4098/4098/4098 4101/4101/4101 4100/4100/4100
f 4100/4100/4100 4101/4101/4101 4102/4102/4102
f 4103/4103/4103 4100/4100/4100 4102/4102/4102
f 4106/4106/4106 4105/4105/4105 4104/4104/4104
f 4105/4105/4105 4107/4107/4107 4104/4104/4104
f 4105/4105/4105 4108/4108/4108 4107/4107/4107
f 4108/4108/4108 4109/4109/4109 4107/4107/4107
f 4109/4109/4109 4108/4108/4108 4110/4110/4110
f 4108/4108/4108 4111/4111/4111 4110/4110/4110
f 4110/4110/4110 4111/4111/4111 4112/4112/4112
f 4113/4113/4113 4110/4110/4110 4112/4112/4112
f 4116/4116/4116 4115/4115/4115 4114/4114/4114
f 4115/4115/4115 4117/4117/4117 4114/4114/4114
f 4118/4118/4118 4117/4117/4117 4115/4115/4115
f 4119/4119/4119 4118/4118/4118 4115/4115/4115
f 4118/4118/4118 4119/4119/4119 4120/4120/4120
f 4121/4121/4121 4118/4118/4118 4120/4120/4120
f 4121/4121/4121 4120/4120/4120 4122/4122/4122
f 4123/4123/4123 4121/4121/4121 4122/4122/4122
f 4123/4123/4123 4122/4122/4122 4124/4124/4124
f 4125/4125/4125 4123/4123/4123 4124/4124/4124
f 4125/4125/4125 4124/4124/4124 4126/4126/4126
f 4127/4127/4127 4125/4125/4125 4126/4126/4126
f 4127/4127/4127 4126/4126/4126 4128/4128/4128
f 4129/4129/4129 4127/4127/4127 4128/4128/4128
f 4129/4129/4129 4128/4128/4128 4130/4130/4130
f 4131/4131/4131 4129/4129/4129 4130/4130/4130
f 4131/4131/4131 4130/4130/4130 4132/4132/4132
f 4133/4133/4133 4131/4131/4131 4132/4132/4132
f 4136/4136/4136 4135/4135/4135 4134/4134/4134
f 4135/4135/4135 4137/4137/4137 4134/4134/4134
f 4135/4135/4135 4138/4138/4138 4137/4137/4137
f 4138/4138/4138 4139/4139/4139 4137/4137/4137
f 4138/4138/4138 4140/4140/4140 4139/4139/4139
f 4140/4140/4140 4141/4141/4141 4139/4139/4139
f 4141/4141/4141 4140/4140/4140 4142/4142/4142
f 4143/4143/4143 4141/4141/4141 4142/4142/4142
f 4143/4143/4143 4142/4142/4142 4144/4144/4144
f 4145/4145/4145 4143/4143/4143 4144/4144/4144
f 4145/4145/4145 4144/4144/4144 4146/4146/4146
f 4144/4144/4144 4147/4147/4147 4146/4146/4146
f 4146/4146/4146 4147/4147/4147 4148/4148/4148
f 4147/4147/4147 4149/4149/4149 4148/4148/4148
f 4150/4150/4150 4148/4148/4148 4149/4149/4149
f 4151/4151/4151 4150/4150/4150 4149/4149/4149
f 4152/4152/4152 4150/4150/4150 4151/4151/4151
f 4153/4153/4153 4152/4152/4152 4151/4151/4151
f 4154/4154/4154 4152/4152/4152 4153/4153/4153
f 4155/4155/4155 4154/4154/4154 4153/4153/4153
f 4156/4156/4156 4154/4154/4154 4155/4155/4155
f 4157/4157/4157 4156/4156/4156 4155/4155/4155
f 4158/4158/4158 4156/4156/4156 4157/4157/4157
f 4159/4159/4159 4158/4158/4158 4157/4157/4157
f 4159/4159/4159 4160/4160/4160 4158/4158/4158
f 4160/4160/4160 4161/4161/4161 4158/4158/4158
f 4161/4161/4161 4160/4160/4160 4162/4162/4162
f 4163/4163/4163 4161/4161/4161 4162/4162/4162
f 4163/4163/4163 4162/4162/4162 4164/4164/4164
f 4165/4165/4165 4163/4163/4163 4164/4164/4164
f 4165/4165/4165 4164/4164/4164 4166/4166/4166
f 4164/4164/4164 4167/4167/4167 4166/4166/4166
f 4166/4166/4166 4167/4167/4167 4168/4168/4168
f 4167/4167/4167 4169/4169/4169 4168/4168/4168
f 4170/4170/4170 4168/4168/4168 4169/4169/4169
f 4171/4171/4171 4170/4170/4170 4169/4169/4169
f 4170/4170/4170 4171/4171/4171 4172/4172/4172
f 4173/4173/4173 4170/4170/4170 4172/4172/4172
f 4173/4173/4173 4172/4172/4172 4174/4174/4174
f 4175/4175/4175 4173/4173/4173 4174/4174/4174
f 4178/4178/4178 4177/4177/4177 4176/4176/4176
f 4177/4177/4177 4179/4179/4179 4176/4176/4176
f 4177/4177/4177 4180/4180/4180 4179/4179/4179
f 4180/4180/4180 4181/4181/4181 4179/4179/4179
f 4180/4180/4180 4182/4182/4182 4181/4181/4181
f 4182/4182/4182 4183/4183/4183 4181/4181/4181
f 4183/4183/4183 4182/4182/4182 4184/4184/4184
f 4185/4185/4185 4183/4183/4183 4184/4184/4184
f 4185/4185/4185 4184/4184/4184 4186/4186/4186
f 4187/4187/4187 4185/4185/4185 4186/4186/4186
f 4187/4187/4187 4186/4186/4186 4188/4188/4188
f 4186/4186/4186 4189/4189/4189 4188/4188/4188
f 4188/4188/4188 4189/4189/4189 4190/4190/4190
f 4189/4189/4189 4191/4191/4191 4190/4190/4190
f 4192/4192/4192 4190/4190/4190 4191/4191/4191
f 4193/4193/4193 4192/4192/4192 4191/4191/4191
f 4192/4192/4192 4193/4193/4193 4194/4194/4194
f 4195/4195/4195 4192/4192/4192 4194/4194/4194
f 4195/4195/4195 4194/4194/4194 4196/4196/4196
f 4197/4197/4197 4195/4195/4195 4196/4196/4196
f 4196/4196/4196 4198/4198/4198 4197/4197/4197
f 4198/4198/4198 4199/4199/4199 4197/4197/4197
f 4198/4198/4198 4200/4200/4200 4199/4199/4199
f 4200/4200/4200 4201/4201/4201 4199/4199/4199
f 4200/4200/4200 4202/4202/4202 4201/4201/4201
f 4202/4202/4202 4203/4203/4203 4201/4201/4201
f 4203/4203/4203 4202/4202/4202 4204/4204/4204
f 4205/4205/4205 4203/4203/4203 4204/4204/4204
f 4205/4205/4205 4204/4204/4204 4206/4206/4206
f 4207/4207/4207 4205/4205/4205 4206/4206/4206
f 4207/4207/4207 4206/4206/4206 4208/4208/4208
f 4206/4206/4206 4209/4209/4209 4208/4208/4208
f 4208/4208/4208 4209/4209/4209 4210/4210/4210
f 4209/4209/4209 4211/4211/4211 4210/4210/4210
f 4212/4212/4212 4210/4210/4210 4211/4211/4211
f 4213/4213/4213 4212/4212/4212 4211/4211/4211
f 4212/4212/4212 4213/4213/4213 4214/4214/4214
f 4215/4215/4215 4212/4212/4212 4214/4214/4214
f 4215/4215/4215 4214/4214/4214 4216/4216/4216
f 4217/4217/4217 4215/4215/4215 4216/4216/4216
f 4220/4220/4220 4219/4219/4219 4218/4218/4218
f 4221/4221/4221 4220/4220/4220 4218/4218/4218
f 4222/4222/4222 4220/4220/4220 4221/4221/4221
f 4223/4223/4223 4222/4222/4222 4221/4221/4221
f 4223/4223/4223 4224/4224/4224 4222/4222/4222
f 4224/4224/4224 4225/4225/4225 4222/4222/4222
f 4224/4224/4224 4226/4226/4226 4225/4225/4225
f 4226/4226/4226 4227/4227/4227 4225/4225/4225
f 4226/4226/4226 4228/4228/4228 4227/4227/4227
f 4228/4228/4228 4229/4229/4229 4227/4227/4227
f 4230/4230/4230 4229/4229/4229 4228/4228/4228
f 4231/4231/4231 4230/4230/4230 4228/4228/4228
f 4232/4232/4232 4230/4230/4230 4231/4231/4231
f 4233/4233/4233 4232/4232/4232 4231/4231/4231
f 4234/4234/4234 4232/4232/4232 4233/4233/4233
f 4235/4235/4235 4234/4234/4234 4233/4233/4233
f 4234/4234/4234 4235/4235/4235 4236/4236/4236
f 4237/4237/4237 4234/4234/4234 4236/4236/4236
f 4237/4237/4237 4236/4236/4236 4238/4238/4238
f 4239/4239/4239 4237/4237/4237 4238/4238/4238
f 4238/4238/4238 4240/4240/4240 4239/4239/4239
f 4240/4240/4240 4241/4241/4241 4239/4239/4239
f 4240/4240/4240 4242/4242/4242 4241/4241/4241
f 4242/4242/4242 4243/4243/4243 4241/4241/4241
f 4242/4242/4242 4244/4244/4244 4243/4243/4243
f 4244/4244/4244 4245/4245/4245 4243/4243/4243
f 4244/4244/4244 4246/4246/4246 4245/4245/4245
f 4246/4246/4246 4247/4247/4247 4245/4245/4245
f 4246/4246/4246 4248/4248/4248 4247/4247/4247
f 4248/4248/4248 4249/4249/4249 4247/4247/4247
f 4250/4250/4250 4249/4249/4249 4248/4248/4248
f 4251/4251/4251 4250/4250/4250 4248/4248/4248
f 4252/4252/4252 4250/4250/4250 4251/4251/4251
f 4253/4253/4253 4252/4252/4252 4251/4251/4251
f 4254/4254/4254 4252/4252/4252 4253/4253/4253
f 4255/4255/4255 4254/4254/4254 4253/4253/4253
f 4256/4256/4256 4254/4254/4254 4255/4255/4255
f 4257/4257/4257 4256/4256/4256 4255/4255/4255
f 4258/4258/4258 4256/4256/4256 4257/4257/4257
f 4259/4259/4259 4258/4258/4258 4257/4257/4257
f 4262/4262/4262 4261/4261/4261 4260/4260/4260
f 4263/4263/4263 4262/4262/4262 4260/4260/4260
f 4264/4264/4264 4262/4262/4262 4263/4263/4263
f 4265/4265/4265 4264/4264/4264 4263/4263/4263
f 4265/4265/4265 4266/4266/4266 4264/4264/4264
f 4266/4266/4266 4267/4267/4267 4264/4264/4264
f 4266/4266/4266 4268/4268/4268 4267/4267/4267
f 4268/4268/4268 4269/4269/4269 4267/4267/4267
f 4268/4268/4268 4270/4270/4270 4269/4269/4269
f 4270/4270/4270 4271/4271/4271 4269/4269/4269
f 4272/4272/4272 4271/4271/4271 4270/4270/4270
f 4273/4273/4273 4272/4272/4272 4270/4270/4270
f 4274/4274/4274 4272/4272/4272 4273/4273/4273
f 4275/4275/4275 4274/4274/4274 4273/4273/4273
f 4276/4276/4276 4274/4274/4274 4275/4275/4275
f 4277/4277/4277 4276/4276/4276 4275/4275/4275
f 4278/4278/4278 4276/4276/4276 4277/4277/4277
f 4279/4279/4279 4278/4278/4278 4277/4277/4277
f 4280/4280/4280 4278/4278/4278 4279/4279/4279
f 4281/4281/4281 4280/4280/4280 4279/4279/4279
f 4282/4282/4282 4280/4280/4280 4281/4281/4281
f 4283/4283/4283 4282/4282/4282 4281/4281/4281
f 4284/4284/4284 4282/4282/4282 4283/4283/4283
f 4285/4285/4285 4284/4284/4284 4283/4283/4283
f 4285/4285/4285 4286/4286/4286 4284/4284/4284
f 4286/4286/4286 4287/4287/4287 4284/4284/4284
f 4286/4286/4286 4288/4288/4288 4287/4287/4287
f 4288/4288/4288 4289/4289/4289 4287/4287/4287
f 4288/4288/4288 4290/4290/4290 4289/4289/4289
f 4290/4290/4290 4291/4291/4291 4289/4289/4289
f 4292/4292/4292 4291/4291/4291 4290/4290/4290
f 4293/4293/4293 4292/4292/4292 4290/4290/4290
f 4294/4294/4294 4292/4292/4292 4293/4293/4293
f 4295/4295/4295 4294/4294/4294 4293/4293/4293
f 4296/4296/4296 4294/4294/4294 4295/4295/4295
f 4297/4297/4297 4296/4296/4296 4295/4295/4295
f 4298/4298/4298 4296/4296/4296 4297/4297/4297
f 4299/4299/4299 4298/4298/4298 4297/4297/4297
f 4300/4300/4300 4298/4298/4298 4299/4299/4299
f 4301/4301/4301 4300/4300/4300 4299/4299/4299
f 4304/4304/4304 4303/4303/4303 4302/4302/4302
f 4305/4305/4305 4304/4304/4304 4302/4302/4302
f 4306/4306/4306 4304/4304/4304 4305/4305/4305
f 4307/4307/4307 4306/4306/4306 4305/4305/4305
f 4307/4307/4307 4308/4308/4308 4306/4306/4306
f 4308/4308/4308 4309/4309/4309 4306/4306/4306
f 4308/4308/4308 4310/4310/4310 4309/4309/4309
f 4310/4310/4310 4311/4311/4311 4309/4309/4309
f 4310/4310/4310 4312/4312/4312 4311/4311/4311
f 4312/4312/4312 4313/4313/4313 4311/4311/4311
f 4314/4314/4314 4313/4313/4313 4312/4312/4312
f 4315/4315/4315 4314/4314/4314 4312/4312/4312
f 4316/4316/4316 4314/4314/4314 4315/4315/4315
f 4317/4317/4317 4316/4316/4316 4315/4315/4315
f 4318/4318/4318 4316/4316/4316 4317/4317/4317
f 4319/4319/4319 4318/4318/4318 4317/4317/4317
f 4320/4320/4320 4318/4318/4318 4319/4319/4319
f 4321/4321/4321 4320/4320/4320 4319/4319/4319
f 4322/4322/4322 4320/4320/4320 4321/4321/4321
f 4323/4323/4323 4322/4322/4322 4321/4321/4321
f 4324/4324/4324 4322/4322/4322 4323/4323/4323
f 4325/4325/4325 4324/4324/4324 4323/4323/4323
f 4326/4326/4326 4324/4324/4324 4325/4325/4325
f 4327/4327/4327 4326/4326/4326 4325/4325/4325
f 4327/4327/4327 4328/4328/4328 4326/4326/4326
f 4328/4328/4328 4329/4329/4329 4326/4326/4326
f 4328/4328/4328 4330/4330/4330 4329/4329/4329
f 4330/4330/4330 4331/4331/4331 4329/4329/4329
f 4330/4330/4330 4332/4332/4332 4331/4331/4331
f 4332/4332/4332 4333/4333/4333 4331/4331/4331
f 4334/4334/4334 4333/4333/4333 4332/4332/4332
f 4335/4335/4335 4334/4334/4334 4332/4332/4332
f 4336/4336/4336 4334/4334/4334 4335/4335/4335
f 4337/4337/4337 4336/4336/4336 4335/4335/4335
f 4338/4338/4338 4336/4336/4336 4337/4337/4337
f 4339/4339/4339 4338/4338/4338 4337/4337/4337
f 4340/4340/4340 4338/4338/4338 4339/4339/4339
f 4341/4341/4341 4340/4340/4340 4339/4339/4339
f 4342/4342/4342 4340/4340/4340 4341/4341/4341
f 4343/4343/4343 4342/4342/4342 4341/4341/4341
f 4346/4346/4346 4345/4345/4345 4344/4344/4344
f 4345/4345/4345 4347/4347/4347 4344/4344/4344
f 4345/4345/4345 4348/4348/4348 4347/4347/4347
f 4348/4348/4348 4349/4349/4349 4347/4347/4347
f 4348/4348/4348 4350/4350/4350 4349/4349/4349
f 4350/4350/4350 4351/4351/4351 4349/4349/4349
f 4350/4350/4350 4352/4352/4352 4351/4351/4351
f 4352/4352/4352 4353/4353/4353 4351/4351/4351
f 4352/4352/4352 4354/4354/4354 4353/4353/4353
f 4354/4354/4354 4355/4355/4355 4353/4353/4353
f 4356/4356/4356 4355/4355/4355 4354/4354/4354
f 4357/4357/4357 4356/4356/4356 4354/4354/4354
f 4358/4358/4358 4356/4356/4356 4357/4357/4357
f 4359/4359/4359 4358/4358/4358 4357/4357/4357
f 4360/4360/4360 4358/4358/4358 4359/4359/4359
f 4361/4361/4361 4360/4360/4360 4359/4359/4359
f 4360/4360/4360 4361/4361/4361 4362/4362/4362
f 4363/4363/4363 4360/4360/4360 4362/4362/4362
f 4363/4363/4363 4362/4362/4362 4364/4364/4364
f 4365/4365/4365 4363/4363/4363 4364/4364/4364
f 4364/4364/4364 4366/4366/4366 4365/4365/4365
f 4366/4366/4366 4367/4367/4367 4365/4365/4365
f 4366/4366/4366 4368/4368/4368 4367/4367/4367
f 4368/4368/4368 4369/4369/4369 4367/4367/4367
f 4368/4368/4368 4370/4370/4370 4369/4369/4369
f 4370/4370/4370 4371/4371/4371 4369/4369/4369
f 4370/4370/4370 4372/4372/4372 4371/4371/4371
f 4372/4372/4372 4373/4373/4373 4371/4371/4371
f 4372/4372/4372 4374/4374/4374 4373/4373/4373
f 4374/4374/4374 4375/4375/4375 4373/4373/4373
f 4375/4375/4375 4374/4374/4374 4376/4376/4376
f 4374/4374/4374 4377/4377/4377 4376/4376/4376
f 4378/4378/4378 4376/4376/4376 4377/4377/4377
f 4379/4379/4379 4378/4378/4378 4377/4377/4377
f 4380/4380/4380 4378/4378/4378 4379/4379/4379
f 4381/4381/4381 4380/4380/4380 4379/4379/4379
f 4380/4380/4380 4381/4381/4381 4382/4382/4382
f 4383/4383/4383 4380/4380/4380 4382/4382/4382
f 4383/4383/4383 4382/4382/4382 4384/4384/4384
f 4385/4385/4385 4383/4383/4383 4384/4384/4384
f 4388/4388/4388 4387/4387/4387 4386/4386/4386
f 4387/4387/4387 4389/4389/4389 4386/4386/4386
f 4387/4387/4387 4390/4390/4390 4389/4389/4389
f 4390/4390/4390 4391/4391/4391 4389/4389/4389
f 4390/4390/4390 4392/4392/4392 4391/4391/4391
f 4392/4392/4392 4393/4393/4393 4391/4391/4391
f 4393/4393/4393 4392/4392/4392 4394/4394/4394
f 4395/4395/4395 4393/4393/4393 4394/4394/4394
f 4395/4395/4395 4394/4394/4394 4396/4396/4396
f 4397/4397/4397 4395/4395/4395 4396/4396/4396
f 4397/4397/4397 4396/4396/4396 4398/4398/4398
f 4396/4396/4396 4399/4399/4399 4398/4398/4398
f 4398/4398/4398 4399/4399/4399 4400/4400/4400
f 4399/4399/4399 4401/4401/4401 4400/4400/4400
f 4402/4402/4402 4400/4400/4400 4401/4401/4401
f 4403/4403/4403 4402/4402/4402 4401/4401/4401
f 4404/4404/4404 4402/4402/4402 4403/4403/4403
f 4405/4405/4405 4404/4404/4404 4403/4403/4403
f 4406/4406/4406 4404/4404/4404 4405/4405/4405
f 4407/4407/4407 4406/4406/4406 4405/4405/4405
f 4408/4408/4408 4406/4406/4406 4407/4407/4407
f 4409/4409/4409 4408/4408/4408 4407/4407/4407
f 4410/4410/4410 4408/4408/4408 4409/4409/4409
f 4411/4411/4411 4410/4410/4410 4409/4409/4409
f 4411/4411/4411 4412/4412/4412 4410/4410/4410
f 4412/4412/4412 4413/4413/4413 4410/4410/4410
f 4413/4413/4413 4412/4412/4412 4414/4414/4414
f 4415/4415/4415 4413/4413/4413 4414/4414/4414
f 4415/4415/4415 4414/4414/4414 4416/4416/4416
f 4417/4417/4417 4415/4415/4415 4416/4416/4416
f 4417/4417/4417 4416/4416/4416 4418/4418/4418
f 4416/4416/4416 4419/4419/4419 4418/4418/4418
f 4418/4418/4418 4419/4419/4419 4420/4420/4420
f 4419/4419/4419 4421/4421/4421 4420/4420/4420
f 4422/4422/4422 4420/4420/4420 4421/4421/4421
f 4423/4423/4423 4422/4422/4422 4421/4421/4421
f 4422/4422/4422 4423/4423/4423 4424/4424/4424
f 4425/4425/4425 4422/4422/4422 4424/4424/4424
f 4425/4425/4425 4424/4424/4424 4426/4426/4426
f 4427/4427/4427 4425/4425/4425 4426/4426/4426
f 4430/4430/4430 4429/4429/4429 4428/4428/4428
f 4431/4431/4431 4430/4430/4430 4428/4428/4428
f 4432/4432/4432 4430/4430/4430 4431/4431/4431
f 4433/4433/4433 4432/4432/4432 4431/4431/4431
f 4433/4433/4433 4434/4434/4434 4432/4432/4432
f 4434/4434/4434 4435/4435/4435 4432/4432/4432
f 4434/4434/4434 4436/4436/4436 4435/4435/4435
f 4436/4436/4436 4437/4437/4437 4435/4435/4435
f 4436/4436/4436 4438/4438/4438 4437/4437/4437
f 4438/4438/4438 4439/4439/4439 4437/4437/4437
f 4440/4440/4440 4439/4439/4439 4438/4438/4438
f 4441/4441/4441 4440/4440/4440 4438/4438/4438
f 4442/4442/4442 4440/4440/4440 4441/4441/4441
f 4443/4443/4443 4442/4442/4442 4441/4441/4441
f 4444/4444/4444 4442/4442/4442 4443/4443/4443
f 4445/4445/4445 4444/4444/4444 4443/4443/4443
f 4446/4446/4446 4444/4444/4444 4445/4445/4445
f 4447/4447/4447 4446/4446/4446 4445/4445/4445
f 4448/4448/4448 4446/4446/4446 4447/4447/4447
f 4449/4449/4449 4448/4448/4448 4447/4447/4447
f 4450/4450/4450 4448/4448/4448 4449/4449/4449
f 4451/4451/4451 4450/4450/4450 4449/4449/4449
f 4452/4452/4452 4450/4450/4450 4451/4451/4451
f 4453/4453/4453 4452/4452/4452 4451/4451/4451
f 4454/4454/4454 4452/4452/4452 4453/4453/4453
f 4455/4455/4455 4454/4454/4454 4453/4453/4453
f 4455/4455/4455 4456/4456/4456 4454/4454/4454
f 4456/4456/4456 4457/4457/4457 4454/4454/4454
f 4456/4456/4456 4458/4458/4458 4457/4457/4457
f 4458/4458/4458 4459/4459/4459 4457/4457/4457
f 4460/4460/4460 4459/4459/4459 4458/4458/4458
f 4461/4461/4461 4460/4460/4460 4458/4458/4458
f 4462/4462/4462 4460/4460/4460 4461/4461/4461
f 4463/4463/4463 4462/4462/4462 4461/4461/4461
f 4464/4464/4464 4462/4462/4462 4463/4463/4463
f 4465/4465/4465 4464/4464/4464 4463/4463/4463
f 4466/4466/4466 4464/4464/4464 4465/4465/4465
f 4467/4467/4467 4466/4466/4466 4465/4465/4465
f 4468/4468/4468 4466/4466/4466 4467/4467/4467
f 4469/4469/4469 4468/4468/4468 4467/4467/4467
f 4472/4472/4472 4471/4471/4471 4470/4470/4470
f 4473/4473/4473 4472/4472/4472 4470/4470/4470
f 4474/4474/4474 4472/4472/4472 4473/4473/4473
f 4475/4475/4475 4474/4474/4474 4473/4473/4473
f 4475/4475/4475 4476/4476/4476 4474/4474/4474
f 4476/4476/4476 4477/4477/4477 4474/4474/4474
f 4476/4476/4476 4478/4478/4478 4477/4477/4477
f 4478/4478/4478 4479/4479/4479 4477/4477/4477
f 4479/4479/4479 4478/4478/4478 4480/4480/4480
f 4481/4481/4481 4479/4479/4479 4480/4480/4480
f 4482/4482/4482 4481/4481/4481 4480/4480/4480
f 4483/4483/4483 4482/4482/4482 4480/4480/4480
f 4484/4484/4484 4482/4482/4482 4483/4483/4483
f 4485/4485/4485 4484/4484/4484 4483/4483/4483
f 4486/4486/4486 4484/4484/4484 4485/4485/4485
f 4487/4487/4487 4486/4486/4486 4485/4485/4485
f 4488/4488/4488 4486/4486/4486 4487/4487/4487
f 4489/4489/4489 4488/4488/4488 4487/4487/4487
f 4490/4490/4490 4488/4488/4488 4489/4489/4489
f 4491/4491/4491 4490/4490/4490 4489/4489/4489
f 4492/4492/4492 4490/4490/4490 4491/4491/4491
f 4493/4493/4493 4492/4492/4492 4491/4491/4491
f 4494/4494/4494 4492/4492/4492 4493/4493/4493
f 4495/4495/4495 4494/4494/4494 4493/4493/4493
f 4495/4495/4495 4496/4496/4496 4494/4494/4494
f 4496/4496/4496 4497/4497/4497 4494/4494/4494
f 4496/4496/4496 4498/4498/4498 4497/4497/4497
f 4498/4498/4498 4499/4499/4499 4497/4497/4497
f 4498/4498/4498 4500/4500/4500 4499/4499/4499
f 4500/4500/4500 4501/4501/4501 4499/4499/4499
f 4502/4502/4502 4501/4501/4501 4500/4500/4500
f 4503/4503/4503 4502/4502/4502 4500/4500/4500
f 4504/4504/4504 4502/4502/4502 4503/4503/4503
f 4505/4505/4505 4504/4504/4504 4503/4503/4503
f 4506/4506/4506 4504/4504/4504 4505/4505/4505
f 4507/4507/4507 4506/4506/4506 4505/4505/4505
f 4508/4508/4508 4506/4506/4506 4507/4507/4507
f 4509/4509/4509 4508/4508/4508 4507/4507/4507
f 4510/4510/4510 4508/4508/4508 4509/4509/4509
f 4511/4511/4511 4510/4510/4510 4509/4509/4509
f 4514/4514/4514 4513/4513/4513 4512/4512/4512
f 4515/4515/4515 4514/4514/4514 4512/4512/4512
f 4516/4516/4516 4514/4514/4514 4515/4515/4515
f 4517/4517/4517 4516/4516/4516 4515/4515/4515
f 4517/4517/4517 4518/4518/4518 4516/4516/4516
f 4518/4518/4518 4519/4519/4519 4516/4516/4516
f 4518/4518/4518 4520/4520/4520 4519/4519/4519
f 4520/4520/4520 4521/4521/4521 4519/4519/4519
f 4520/4520/4520 4522/4522/4522 4521/4521/4521
f 4522/4522/4522 4523/4523/4523 4521/4521/4521
f 4524/4524/4524 4523/4523/4523 4522/4522/4522
f 4525/4525/4525 4524/4524/4524 4522/4522/4522
f 4526/4526/4526 4524/4524/4524 4525/4525/4525
f 4527/4527/4527 4526/4526/4526 4525/4525/4525
f 4528/4528/4528 4526/4526/4526 4527/4527/4527
f 4529/4529/4529 4528/4528/4528 4527/4527/4527
f 4530/4530/4530 4528/4528/4528 4529/4529/4529
f 4531/4531/4531 4530/4530/4530 4529/4529/4529
f 4532/4532/4532 4530/4530/4530 4531/4531/4531
f 4533/4533/4533 4532/4532/4532 4531/4531/4531
f 4534/4534/4534 4532/4532/4532 4533/4533/4533
f 4535/4535/4535 4534/4534/4534 4533/4533/4533
f 4536/4536/4536 4534/4534/4534 4535/4535/4535
f 4537/4537/4537 4536/4536/4536 4535/4535/4535
f 4537/4537/4537 4538/4538/4538 4536/4536/4536
f 4538/4538/4538 4539/4539/4539 4536/4536/4536
f 4538/4538/4538 4540/4540/4540 4539/4539/4539
f 4540/4540/4540 4541/4541/4541 4539/4539/4539
f 4540/4540/4540 4542/4542/4542 4541/4541/4541
f 4542/4542/4542 4543/4543/4543 4541/4541/4541
f 4544/4544/4544 4543/4543/4543 4542/4542/4542
f 4545/4545/4545 4544/4544/4544 4542/4542/4542
f 4546/4546/4546 4544/4544/4544 4545/4545/4545
f 4547/4547/4547 4546/4546/4546 4545/4545/4545
f 4548/4548/4548 4546/4546/4546 4547/4547/4547
f 4549/4549/4549 4548/4548/4548 4547/4547/4547
f 4550/4550/4550 4548/4548/4548 4549/4549/4549
f 4551/4551/4551 4550/4550/4550 4549/4549/4549
f 4552/4552/4552 4550/4550/4550 4551/4551/4551
f 4553/4553/4553 4552/4552/4552 4551/4551/4551
f 4556/4556/4556 4555/4555/4555 4554/4554/4554
f 4557/4557/4557 4556/4556/4556 4554/4554/4554
f 4558/4558/4558 4556/4556/4556 4557/4557/4557
f 4559/4559/4559 4558/4558/4558 4557/4557/4557
f 4559/4559/4559 4560/4560/4560 4558/4558/4558
f 4560/4560/4560 4561/4561/4561 4558/4558/4558
f 4560/4560/4560 4562/4562/4562 4561/4561/4561
f 4562/4562/4562 4563/4563/4563 4561/4561/4561
f 4562/4562/4562 4564/4564/4564 4563/4563/4563
f 4564/4564/4564 4565/4565/4565 4563/4563/4563
f 4566/4566/4566 4565/4565/4565 4564/4564/4564
f 4567/4567/4567 4566/4566/4566 4564/4564/4564
f 4568/4568/4568 4566/4566/4566 4567/4567/4567
f 4569/4569/4569 4568/4568/4568 4567/4567/4567
f 4570/4570/4570 4568/4568/4568 4569/4569/4569
f 4571/4571/4571 4570/4570/4570 4569/4569/4569
f 4572/4572/4572 4570/4570/4570 4571/4571/4571
f 4573/4573/4573 4572/4572/4572 4571/4571/4571
f 4574/4574/4574 4572/4572/4572 4573/4573/4573
f 4575/4575/4575 4574/4574/4574 4573/4573/4573
f 4576/4576/4576 4574/4574/4574 4575/4575/4575
f 4577/4577/4577 4576/4576/4576 4575/4575/4575
f 4578/4578/4578 4576/4576/4576 4577/4577/4577
f 4579/4579/4579 4578/4578/4578 4577/4577/4577
f 4579/4579/4579 4580/4580/4580 4578/4578/4578
f 4580/4580/4580 4581/4581/4581 4578/4578/4578
f 4580/4580/4580 4582/4582/4582 4581/4581/4581
f 4582/4582/4582 4583/4583/4583 4581/4581/4581
f 4583/4583/4583 4582/4582/4582 4584/4584/4584
f 4585/4585/4585 4583/4583/4583 4584/4584/4584
f 4585/4585/4585 4584/4584/4584 4586/4586/4586
f 4584/4584/4584 4587/4587/4587 4586/4586/4586
f 4588/4588/4588 4586/4586/4586 4587/4587/4587
f 4589/4589/4589 4588/4588/4588 4587/4587/4587
f 4590/4590/4590 4588/4588/4588 4589/4589/4589
f 4591/4591/4591 4590/4590/4590 4589/4589/4589
f 4592/4592/4592 4590/4590/4590 4591/4591/4591
f 4593/4593/4593 4592/4592/4592 4591/4591/4591
f 4594/4594/4594 4592/4592/4592 4593/4593/4593
f 4595/4595/4595 4594/4594/4594 4593/4593/4593
f 4598/4598/4598 4597/4597/4597 4596/4596/4596
f 4599/4599/4599 4598/4598/4598 4596/4596/4596
f 4602/4602/4602 4601/4601/4601 4600/4600/4600
f 4603/4603/4603 4602/4602/4602 4600/4600/4600
f 4606/4606/4606 4605/4605/4605 4604/4604/4604
f 4607/4607/4607 4606/4606/4606 4604/4604/4604
f 4610/4610/4610 4609/4609/4609 4608/4608/4608
f 4609/4609/4609 4611/4611/4611 4608/4608/4608
f 4611/4611/4611 4612/4612/4612 4608/4608/4608
f 4615/4615/4615 4614/4614/4614 4613/4613/4613
f 4616/4616/4616 4615/4615/4615 4613/4613/4613
f 4619/4619/4619 4618/4618/4618 4617/4617/4617
f 4620/4620/4620 4619/4619/4619 4617/4617/4617
f 4619/4619/4619 4620/4620/4620 4621/4621/4621
f 4619/4619/4619 4621/4621/4621 4622/4622/4622
f 4622/4622/4622 4621/4621/4621 4623/4623/4623
f 4624/4624/4624 4619/4619/4619 4622/4622/4622
f 4625/4625/4625 4622/4622/4622 4623/4623/4623
f 4623/4623/4623 4626/4626/4626 4625/4625/4625
f 4626/4626/4626 4627/4627/4627 4625/4625/4625
f 4626/4626/4626 4628/4628/4628 4627/4627/4627
f 4628/4628/4628 4629/4629/4629 4627/4627/4627
f 4628/4628/4628 4630/4630/4630 4629/4629/4629
f 4630/4630/4630 4631/4631/4631 4629/4629/4629
f 4631/4631/4631 4630/4630/4630 4632/4632/4632
f 4633/4633/4633 4631/4631/4631 4632/4632/4632
f 4633/4633/4633 4632/4632/4632 4634/4634/4634
f 4635/4635/4635 4633/4633/4633 4634/4634/4634
f 4635/4635/4635 4634/4634/4634 4636/4636/4636
f 4637/4637/4637 4635/4635/4635 4636/4636/4636
f 4638/4638/4638 4624/4624/4624 4622/4622/4622
f 4637/4637/4637 4636/4636/4636 4639/4639/4639
f 4624/4624/4624 4638/4638/4638 4640/4640/4640
f 4641/4641/4641 4637/4637/4637 4639/4639/4639
f 4624/4624/4624 4640/4640/4640 4642/4642/4642
f 4640/4640/4640 4643/4643/4643 4642/4642/4642
f 4644/4644/4644 4624/4624/4624 4642/4642/4642
f 4643/4643/4643 4645/4645/4645 4642/4642/4642
f 4643/4643/4643 4646/4646/4646 4645/4645/4645
f 4646/4646/4646 4647/4647/4647 4645/4645/4645
f 4646/4646/4646 4648/4648/4648 4647/4647/4647
f 4648/4648/4648 4649/4649/4649 4647/4647/4647
f 4648/4648/4648 4650/4650/4650 4649/4649/4649
f 4650/4650/4650 4651/4651/4651 4649/4649/4649
f 4651/4651/4651 4650/4650/4650 4652/4652/4652
f 4653/4653/4653 4651/4651/4651 4652/4652/4652
f 4653/4653/4653 4652/4652/4652 4654/4654/4654
f 4655/4655/4655 4653/4653/4653 4654/4654/4654
f 4655/4655/4655 4654/4654/4654 4656/4656/4656
f 4657/4657/4657 4655/4655/4655 4656/4656/4656
f 4658/4658/4658 4644/4644/4644 4642/4642/4642
f 4656/4656/4656 4659/4659/4659 4657/4657/4657
f 4644/4644/4644 4658/4658/4658 4660/4660/4660
f 4659/4659/4659 4661/4661/4661 4657/4657/4657
f 4644/4644/4644 4660/4660/4660 4662/4662/4662
f 4660/4660/4660 4663/4663/4663 4662/4662/4662
f 4664/4664/4664 4644/4644/4644 4662/4662/4662
f 4663/4663/4663 4665/4665/4665 4662/4662/4662
f 4662/4662/4662 4666/4666/4666 4664/4664/4664
f 4663/4663/4663 4667/4667/4667 4665/4665/4665
f 4667/4667/4667 4668/4668/4668 4665/4665/4665
f 4667/4667/4667 4669/4669/4669 4668/4668/4668
f 4669/4669/4669 4670/4670/4670 4668/4668/4668
f 4669/4669/4669 4671/4671/4671 4670/4670/4670
f 4671/4671/4671 4672/4672/4672 4670/4670/4670
f 4672/4672/4672 4671/4671/4671 4673/4673/4673
f 4674/4674/4674 4672/4672/4672 4673/4673/4673
f 4674/4674/4674 4673/4673/4673 4675/4675/4675
f 4676/4676/4676 4674/4674/4674 4675/4675/4675
f 4676/4676/4676 4675/4675/4675 4677/4677/4677
f 4678/4678/4678 4676/4676/4676 4677/4677/4677
f 4677/4677/4677 4679/4679/4679 4678/4678/4678
f 4679/4679/4679 4680/4680/4680 4678/4678/4678
f 4681/4681/4681 4680/4680/4680 4679/4679/4679
f 4681/4681/4681 4682/4682/4682 4680/4680/4680
f 4681/4681/4681 4683/4683/4683 4682/4682/4682
f 4684/4684/4684 4681/4681/4681 4679/4679/4679
f 4684/4684/4684 4679/4679/4679 4685/4685/4685
f 4684/4684/4684 4685/4685/4685 4661/4661/4661
f 4684/4684/4684 4661/4661/4661 4659/4659/4659
f 4686/4686/4686 4684/4684/4684 4659/4659/4659
f 4686/4686/4686 4659/4659/4659 4687/4687/4687
f 4686/4686/4686 4687/4687/4687 4641/4641/4641
f 4688/4688/4688 4686/4686/4686 4641/4641/4641
f 4639/4639/4639 4688/4688/4688 4641/4641/4641
f 4639/4639/4639 4689/4689/4689 4688/4688/4688
f 4688/4688/4688 4689/4689/4689 4690/4690/4690
f 4688/4688/4688 4690/4690/4690 4691/4691/4691
f 4692/4692/4692 4688/4688/4688 4691/4691/4691
f 4692/4692/4692 4691/4691/4691 4693/4693/4693
f 4693/4693/4693 4691/4691/4691 4694/4694/4694
f 4695/4695/4695 4693/4693/4693 4694/4694/4694
f 4695/4695/4695 4694/4694/4694 4696/4696/4696
f 4696/4696/4696 4694/4694/4694 4697/4697/4697
f 4698/4698/4698 4696/4696/4696 4697/4697/4697
f 4698/4698/4698 4697/4697/4697 4699/4699/4699
f 4700/4700/4700 4699/4699/4699 4697/4697/4697
f 4701/4701/4701 4700/4700/4700 4697/4697/4697
f 4700/4700/4700 4701/4701/4701 4702/4702/4702
f 4703/4703/4703 4702/4702/4702 4701/4701/4701
f 4704/4704/4704 4703/4703/4703 4701/4701/4701
f 4703/4703/4703 4704/4704/4704 4705/4705/4705
f 4706/4706/4706 4705/4705/4705 4704/4704/4704
f 4707/4707/4707 4706/4706/4706 4704/4704/4704
f 4706/4706/4706 4707/4707/4707 4708/4708/4708
f 4709/4709/4709 4708/4708/4708 4707/4707/4707
f 4710/4710/4710 4709/4709/4709 4707/4707/4707
f 4709/4709/4709 4710/4710/4710 4711/4711/4711
f 4712/4712/4712 4711/4711/4711 4710/4710/4710
f 4617/4617/4617 4712/4712/4712 4710/4710/4710
f 4712/4712/4712 4617/4617/4617 4713/4713/4713
f 4716/4716/4716 4715/4715/4715 4714/4714/4714
f 4717/4717/4717 4716/4716/4716 4714/4714/4714
f 4720/4720/4720 4719/4719/4719 4718/4718/4718
f 4721/4721/4721 4720/4720/4720 4718/4718/4718
f 4721/4721/4721 4718/4718/4718 4722/4722/4722
f 4723/4723/4723 4721/4721/4721 4722/4722/4722
f 4723/4723/4723 4722/4722/4722 4724/4724/4724
f 4725/4725/4725 4723/4723/4723 4724/4724/4724
f 4725/4725/4725 4724/4724/4724 4726/4726/4726
f 4727/4727/4727 4725/4725/4725 4726/4726/4726
f 4726/4726/4726 4728/4728/4728 4727/4727/4727
f 4728/4728/4728 4729/4729/4729 4727/4727/4727
f 4729/4729/4729 4730/4730/4730 4727/4727/4727
f 4731/4731/4731 4727/4727/4727 4730/4730/4730
f 4732/4732/4732 4731/4731/4731 4730/4730/4730
f 4732/4732/4732 4733/4733/4733 4731/4731/4731
f 4733/4733/4733 4734/4734/4734 4731/4731/4731
f 4735/4735/4735 4731/4731/4731 4734/4734/4734
f 4736/4736/4736 4735/4735/4735 4734/4734/4734
f 4736/4736/4736 4737/4737/4737 4735/4735/4735
f 4737/4737/4737 4738/4738/4738 4735/4735/4735
f 4737/4737/4737 4739/4739/4739 4738/4738/4738
f 4739/4739/4739 4740/4740/4740 4738/4738/4738
f 4739/4739/4739 4741/4741/4741 4740/4740/4740
f 4741/4741/4741 4742/4742/4742 4740/4740/4740
f 4745/4745/4745 4744/4744/4744 4743/4743/4743
f 4746/4746/4746 4745/4745/4745 4743/4743/4743
f 4747/4747/4747 4745/4745/4745 4746/4746/4746
f 4748/4748/4748 4747/4747/4747 4746/4746/4746
f 4748/4748/4748 4749/4749/4749 4747/4747/4747
f 4750/4750/4750 4749/4749/4749 4748/4748/4748
f 4751/4751/4751 4750/4750/4750 4748/4748/4748
f 4752/4752/4752 4751/4751/4751 4748/4748/4748
f 4752/4752/4752 4748/4748/4748 4753/4753/4753
f 4748/4748/4748 4754/4754/4754 4753/4753/4753
f 4755/4755/4755 4753/4753/4753 4754/4754/4754
f 4756/4756/4756 4755/4755/4755 4754/4754/4754
f 4757/4757/4757 4756/4756/4756 4754/4754/4754
f 4754/4754/4754 4758/4758/4758 4757/4757/4757
f 4758/4758/4758 4759/4759/4759 4757/4757/4757
f 4758/4758/4758 4760/4760/4760 4759/4759/4759
f 4760/4760/4760 4761/4761/4761 4759/4759/4759
f 4764/4764/4764 4763/4763/4763 4762/4762/4762
f 4765/4765/4765 4764/4764/4764 4762/4762/4762
f 4765/4765/4765 4762/4762/4762 4766/4766/4766
f 4767/4767/4767 4765/4765/4765 4766/4766/4766
f 4766/4766/4766 4768/4768/4768 4767/4767/4767
f 4768/4768/4768 4769/4769/4769 4767/4767/4767
f 4769/4769/4769 4770/4770/4770 4767/4767/4767
f 4767/4767/4767 4770/4770/4770 4771/4771/4771
f 4772/4772/4772 4767/4767/4767 4771/4771/4771
f 4771/4771/4771 4773/4773/4773 4772/4772/4772
f 4773/4773/4773 4774/4774/4774 4772/4772/4772
f 4774/4774/4774 4775/4775/4775 4772/4772/4772
f 4775/4775/4775 4776/4776/4776 4772/4772/4772
f 4772/4772/4772 4776/4776/4776 4777/4777/4777
f 4776/4776/4776 4778/4778/4778 4777/4777/4777
f 4777/4777/4777 4778/4778/4778 4779/4779/4779
f 4778/4778/4778 4780/4780/4780 4779/4779/4779
f 4783/4783/4783 4782/4782/4782 4781/4781/4781
f 4784/4784/4784 4783/4783/4783 4781/4781/4781
f 4784/4784/4784 4781/4781/4781 4785/4785/4785
f 4781/4781/4781 4786/4786/4786 4785/4785/4785
f 4786/4786/4786 4787/4787/4787 4785/4785/4785
f 4787/4787/4787 4788/4788/4788 4785/4785/4785
f 4788/4788/4788 4787/4787/4787 4789/4789/4789
f 4787/4787/4787 4790/4790/4790 4789/4789/4789
f 4790/4790/4790 4791/4791/4791 4789/4789/4789
f 4791/4791/4791 4792/4792/4792 4789/4789/4789
f 4793/4793/4793 4792/4792/4792 4791/4791/4791
f 4794/4794/4794 4793/4793/4793 4791/4791/4791
f 4793/4793/4793 4794/4794/4794 4795/4795/4795
f 4794/4794/4794 4796/4796/4796 4795/4795/4795
f 4795/4795/4795 4796/4796/4796 4797/4797/4797
f 4796/4796/4796 4798/4798/4798 4797/4797/4797
f 4797/4797/4797 4798/4798/4798 4799/4799/4799
f 4800/4800/4800 4797/4797/4797 4799/4799/4799
f 4801/4801/4801 4800/4800/4800 4799/4799/4799
f 4802/4802/4802 4801/4801/4801 4799/4799/4799
f 4802/4802/4802 4803/4803/4803 4801/4801/4801
f 4803/4803/4803 4804/4804/4804 4801/4801/4801
f 4803/4803/4803 4805/4805/4805 4804/4804/4804
f 4805/4805/4805 4806/4806/4806 4804/4804/4804
f 4806/4806/4806 4805/4805/4805 4807/4807/4807
f 4808/4808/4808 4806/4806/4806 4807/4807/4807
f 4809/4809/4809 4808/4808/4808 4807/4807/4807
f 4810/4810/4810 4809/4809/4809 4807/4807/4807
f 4810/4810/4810 4811/4811/4811 4809/4809/4809
f 4811/4811/4811 4812/4812/4812 4809/4809/4809
f 4812/4812/4812 4811/4811/4811 4813/4813/4813
f 4811/4811/4811 4814/4814/4814 4813/4813/4813
f 4817/4817/4817 4816/4816/4816 4815/4815/4815
f 4816/4816/4816 4818/4818/4818 4815/4815/4815
f 4818/4818/4818 4816/4816/4816 4819/4819/4819
f 4820/4820/4820 4818/4818/4818 4819/4819/4819
f 4821/4821/4821 4820/4820/4820 4819/4819/4819
f 4822/4822/4822 4821/4821/4821 4819/4819/4819
f 4822/4822/4822 4823/4823/4823 4821/4821/4821
f 4823/4823/4823 4824/4824/4824 4821/4821/4821
f 4823/4823/4823 4825/4825/4825 4824/4824/4824
f 4825/4825/4825 4826/4826/4826 4824/4824/4824
f 4826/4826/4826 4825/4825/4825 4827/4827/4827
f 4828/4828/4828 4826/4826/4826 4827/4827/4827
f 4829/4829/4829 4828/4828/4828 4827/4827/4827
f 4830/4830/4830 4829/4829/4829 4827/4827/4827
f 4829/4829/4829 4830/4830/4830 4831/4831/4831
f 4832/4832/4832 4829/4829/4829 4831/4831/4831
f 4833/4833/4833 4832/4832/4832 4831/4831/4831
f 4834/4834/4834 4833/4833/4833 4831/4831/4831
f 4835/4835/4835 4833/4833/4833 4834/4834/4834
f 4836/4836/4836 4835/4835/4835 4834/4834/4834
f 4837/4837/4837 4835/4835/4835 4836/4836/4836
f 4838/4838/4838 4837/4837/4837 4836/4836/4836
f 4838/4838/4838 4839/4839/4839 4837/4837/4837
f 4839/4839/4839 4840/4840/4840 4837/4837/4837
f 4839/4839/4839 4841/4841/4841 4840/4840/4840
f 4841/4841/4841 4842/4842/4842 4840/4840/4840
f 4841/4841/4841 4843/4843/4843 4842/4842/4842
f 4843/4843/4843 4844/4844/4844 4842/4842/4842
f 4844/4844/4844 4843/4843/4843 4845/4845/4845
f 4846/4846/4846 4844/4844/4844 4845/4845/4845
f 4845/4845/4845 4847/4847/4847 4846/4846/4846
f 4847/4847/4847 4848/4848/4848 4846/4846/4846
f 4851/4851/4851 4850/4850/4850 4849/4849/4849
f 4850/4850/4850 4852/4852/4852 4849/4849/4849
f 4850/4850/4850 4853/4853/4853 4852/4852/4852
f 4853/4853/4853 4854/4854/4854 4852/4852/4852
f 4853/4853/4853 4855/4855/4855 4854/4854/4854
f 4855/4855/4855 4856/4856/4856 4854/4854/4854
f 4856/4856/4856 4855/4855/4855 4857/4857/4857
f 4858/4858/4858 4856/4856/4856 4857/4857/4857
f 4858/4858/4858 4857/4857/4857 4859/4859/4859
f 4860/4860/4860 4858/4858/4858 4859/4859/4859
f 4860/4860/4860 4859/4859/4859 4861/4861/4861
f 4862/4862/4862 4860/4860/4860 4861/4861/4861
f 4861/4861/4861 4863/4863/4863 4862/4862/4862
f 4863/4863/4863 4864/4864/4864 4862/4862/4862
f 4863/4863/4863 4865/4865/4865 4864/4864/4864
f 4865/4865/4865 4866/4866/4866 4864/4864/4864
f 4865/4865/4865 4867/4867/4867 4866/4866/4866
f 4867/4867/4867 4868/4868/4868 4866/4866/4866
f 4867/4867/4867 4869/4869/4869 4868/4868/4868
f 4869/4869/4869 4870/4870/4870 4868/4868/4868
f 4869/4869/4869 4871/4871/4871 4870/4870/4870
f 4871/4871/4871 4872/4872/4872 4870/4870/4870
f 4871/4871/4871 4873/4873/4873 4872/4872/4872
f 4873/4873/4873 4874/4874/4874 4872/4872/4872
f 4874/4874/4874 4873/4873/4873 4875/4875/4875
f 4876/4876/4876 4874/4874/4874 4875/4875/4875
f 4876/4876/4876 4875/4875/4875 4877/4877/4877
f 4878/4878/4878 4876/4876/4876 4877/4877/4877
f 4877/4877/4877 4879/4879/4879 4878/4878/4878
f 4879/4879/4879 4880/4880/4880 4878/4878/4878
f 4879/4879/4879 4881/4881/4881 4880/4880/4880
f 4881/4881/4881 4882/4882/4882 4880/4880/4880
f 4885/4885/4885 4884/4884/4884 4883/4883/4883
f 4884/4884/4884 4886/4886/4886 4883/4883/4883
f 4886/4886/4886 4887/4887/4887 4883/4883/4883
f 4887/4887/4887 4888/4888/4888 4883/4883/4883
f 4888/4888/4888 4887/4887/4887 4889/4889/4889
f 4887/4887/4887 4890/4890/4890 4889/4889/4889
f 4889/4889/4889 4890/4890/4890 4891/4891/4891
f 4890/4890/4890 4892/4892/4892 4891/4891/4891
f 4891/4891/4891 4892/4892/4892 4893/4893/4893
f 4892/4892/4892 4894/4894/4894 4893/4893/4893
f 4893/4893/4893 4894/4894/4894 4895/4895/4895
f 4894/4894/4894 4896/4896/4896 4895/4895/4895
f 4895/4895/4895 4896/4896/4896 4897/4897/4897
f 4896/4896/4896 4898/4898/4898 4897/4897/4897
f 4897/4897/4897 4898/4898/4898 4899/4899/4899
f 4898/4898/4898 4900/4900/4900 4899/4899/4899
f 4899/4899/4899 4900/4900/4900 4901/4901/4901
f 4900/4900/4900 4902/4902/4902 4901/4901/4901
f 4901/4901/4901 4902/4902/4902 4903/4903/4903
f 4902/4902/4902 4904/4904/4904 4903/4903/4903
f 4903/4903/4903 4904/4904/4904 4905/4905/4905
f 4904/4904/4904 4906/4906/4906 4905/4905/4905
f 4905/4905/4905 4906/4906/4906 4907/4907/4907
f 4906/4906/4906 4908/4908/4908 4907/4907/4907
f 4907/4907/4907 4908/4908/4908 4909/4909/4909
f 4908/4908/4908 4910/4910/4910 4909/4909/4909
f 4910/4910/4910 4911/4911/4911 4909/4909/4909
f 4911/4911/4911 4912/4912/4912 4909/4909/4909
f 4912/4912/4912 4911/4911/4911 4913/4913/4913
f 4911/4911/4911 4914/4914/4914 4913/4913/4913
f 4914/4914/4914 4915/4915/4915 4913/4913/4913
f 4915/4915/4915 4916/4916/4916 4913/4913/4913
f 4919/4919/4919 4918/4918/4918 4917/4917/4917
f 4920/4920/4920 4919/4919/4919 4917/4917/4917
f 4921/4921/4921 4920/4920/4920 4917/4917/4917
f 4922/4922/4922 4921/4921/4921 4917/4917/4917
f 4922/4922/4922 4923/4923/4923 4921/4921/4921
f 4923/4923/4923 4924/4924/4924 4921/4921/4921
f 4923/4923/4923 4925/4925/4925 4924/4924/4924
f 4925/4925/4925 4926/4926/4926 4924/4924/4924
f 4926/4926/4926 4925/4925/4925 4927/4927/4927
f 4928/4928/4928 4926/4926/4926 4927/4927/4927
f 4929/4929/4929 4928/4928/4928 4927/4927/4927
f 4930/4930/4930 4929/4929/4929 4927/4927/4927
f 4929/4929/4929 4930/4930/4930 4931/4931/4931
f 4932/4932/4932 4929/4929/4929 4931/4931/4931
f 4933/4933/4933 4932/4932/4932 4931/4931/4931
f 4934/4934/4934 4933/4933/4933 4931/4931/4931
f 4935/4935/4935 4933/4933/4933 4934/4934/4934
f 4936/4936/4936 4935/4935/4935 4934/4934/4934
f 4937/4937/4937 4935/4935/4935 4936/4936/4936
f 4938/4938/4938 4937/4937/4937 4936/4936/4936
f 4938/4938/4938 4939/4939/4939 4937/4937/4937
f 4939/4939/4939 4940/4940/4940 4937/4937/4937
f 4939/4939/4939 4941/4941/4941 4940/4940/4940
f 4941/4941/4941 4942/4942/4942 4940/4940/4940
f 4941/4941/4941 4943/4943/4943 4942/4942/4942
f 4943/4943/4943 4944/4944/4944 4942/4942/4942
f 4944/4944/4944 4943/4943/4943 4945/4945/4945
f 4946/4946/4946 4944/4944/4944 4945/4945/4945
f 4945/4945/4945 4947/4947/4947 4946/4946/4946
f 4947/4947/4947 4948/4948/4948 4946/4946/4946
f 4947/4947/4947 4949/4949/4949 4948/4948/4948
f 4949/4949/4949 4950/4950/4950 4948/4948/4948
f 4953/4953/4953 4952/4952/4952 4951/4951/4951
f 4952/4952/4952 4954/4954/4954 4951/4951/4951
f 4952/4952/4952 4955/4955/4955 4954/4954/4954
f 4955/4955/4955 4956/4956/4956 4954/4954/4954
f 4955/4955/4955 4957/4957/4957 4956/4956/4956
f 4957/4957/4957 4958/4958/4958 4956/4956/4956
f 4957/4957/4957 4959/4959/4959 4958/4958/4958
f 4959/4959/4959 4960/4960/4960 4958/4958/4958
f 4960/4960/4960 4959/4959/4959 4961/4961/4961
f 4962/4962/4962 4960/4960/4960 4961/4961/4961
f 4962/4962/4962 4961/4961/4961 4963/4963/4963
f 4964/4964/4964 4962/4962/4962 4963/4963/4963
f 4964/4964/4964 4963/4963/4963 4965/4965/4965
f 4966/4966/4966 4964/4964/4964 4965/4965/4965
f 4965/4965/4965 4967/4967/4967 4966/4966/4966
f 4967/4967/4967 4968/4968/4968 4966/4966/4966
f 4967/4967/4967 4969/4969/4969 4968/4968/4968
f 4969/4969/4969 4970/4970/4970 4968/4968/4968
f 4969/4969/4969 4971/4971/4971 4970/4970/4970
f 4971/4971/4971 4972/4972/4972 4970/4970/4970
f 4971/4971/4971 4973/4973/4973 4972/4972/4972
f 4973/4973/4973 4974/4974/4974 4972/4972/4972
f 4973/4973/4973 4975/4975/4975 4974/4974/4974
f 4975/4975/4975 4976/4976/4976 4974/4974/4974
f 4975/4975/4975 4977/4977/4977 4976/4976/4976
f 4977/4977/4977 4978/4978/4978 4976/4976/4976
f 4978/4978/4978 4977/4977/4977 4979/4979/4979
f 4980/4980/4980 4978/4978/4978 4979/4979/4979
f 4980/4980/4980 4979/4979/4979 4981/4981/4981
f 4982/4982/4982 4980/4980/4980 4981/4981/4981
f 4981/4981/4981 4983/4983/4983 4982/4982/4982
f 4983/4983/4983 4984/4984/4984 4982/4982/4982
f 4987/4987/4987 4986/4986/4986 4985/4985/4985
f 4986/4986/4986 4988/4988/4988 4985/4985/4985
f 4985/4985/4985 4988/4988/4988 4989/4989/4989
f 4990/4990/4990 4985/4985/4985 4989/4989/4989
f 4990/4990/4990 4989/4989/4989 4991/4991/4991
f 4989/4989/4989 4992/4992/4992 4991/4991/4991
f 4992/4992/4992 4993/4993/4993 4991/4991/4991
f 4993/4993/4993 4994/4994/4994 4991/4991/4991
f 4994/4994/4994 4993/4993/4993 4995/4995/4995
f 4993/4993/4993 4996/4996/4996 4995/4995/4995
f 4996/4996/4996 4997/4997/4997 4995/4995/4995
f 4997/4997/4997 4998/4998/4998 4995/4995/4995
f 4999/4999/4999 4998/4998/4998 4997/4997/4997
f 5000/5000/5000 4999/4999/4999 4997/4997/4997
f 4999/4999/4999 5000/5000/5000 5001/5001/5001
f 5000/5000/5000 5002/5002/5002 5001/5001/5001
f 5001/5001/5001 5002/5002/5002 5003/5003/5003
f 5002/5002/5002 5004/5004/5004 5003/5003/5003
f 5003/5003/5003 5004/5004/5004 5005/5005/5005
f 5006/5006/5006 5003/5003/5003 5005/5005/5005
f 5007/5007/5007 5006/5006/5006 5005/5005/5005
f 5008/5008/5008 5007/5007/5007 5005/5005/5005
f 5008/5008/5008 5009/5009/5009 5007/5007/5007
f 5009/5009/5009 5010/5010/5010 5007/5007/5007
f 5009/5009/5009 5011/5011/5011 5010/5010/5010
f 5011/5011/5011 5012/5012/5012 5010/5010/5010
f 5012/5012/5012 5011/5011/5011 5013/5013/5013
f 5014/5014/5014 5012/5012/5012 5013/5013/5013
f 5015/5015/5015 5014/5014/5014 5013/5013/5013
f 5016/5016/5016 5015/5015/5015 5013/5013/5013
f 5016/5016/5016 5017/5017/5017 5015/5015/5015
f 5017/5017/5017 5018/5018/5018 5015/5015/5015
f 5021/5021/5021 5020/5020/5020 5019/5019/5019
f 5020/5020/5020 5022/5022/5022 5019/5019/5019
f 5019/5019/5019 5022/5022/5022 5023/5023/5023
f 5022/5022/5022 5024/5024/5024 5023/5023/5023
f 5023/5023/5023 5024/5024/5024 5025/5025/5025
f 5024/5024/5024 5026/5026/5026 5025/5025/5025
f 5025/5025/5025 5026/5026/5026 5027/5027/5027
f 5026/5026/5026 5028/5028/5028 5027/5027/5027
f 5027/5027/5027 5028/5028/5028 5029/5029/5029
f 5028/5028/5028 5030/5030/5030 5029/5029/5029
f 5029/5029/5029 5030/5030/5030 5031/5031/5031
f 5030/5030/5030 5032/5032/5032 5031/5031/5031
f 5031/5031/5031 5032/5032/5032 5033/5033/5033
f 5032/5032/5032 5034/5034/5034 5033/5033/5033
f 5033/5033/5033 5034/5034/5034 5035/5035/5035
f 5034/5034/5034 5036/5036/5036 5035/5035/5035
f 5035/5035/5035 5036/5036/5036 5037/5037/5037
f 5036/5036/5036 5038/5038/5038 5037/5037/5037
f 5037/5037/5037 5038/5038/5038 5039/5039/5039
f 5038/5038/5038 5040/5040/5040 5039/5039/5039
f 5039/5039/5039 5040/5040/5040 5041/5041/5041
f 5040/5040/5040 5042/5042/5042 5041/5041/5041
f 5042/5042/5042 5043/5043/5043 5041/5041/5041
f 5043/5043/5043 5044/5044/5044 5041/5041/5041
f 5044/5044/5044 5043/5043/5043 5045/5045/5045
f 5043/5043/5043 5046/5046/5046 5045/5045/5045
f 5046/5046/5046 5047/5047/5047 5045/5045/5045
f 5047/5047/5047 5048/5048/5048 5045/5045/5045
f 5048/5048/5048 5047/5047/5047 5049/5049/5049
f 5047/5047/5047 5050/5050/5050 5049/5049/5049
f 5050/5050/5050 5051/5051/5051 5049/5049/5049
f 5051/5051/5051 5052/5052/5052 5049/5049/5049
f 5055/5055/5055 5054/5054/5054 5053/5053/5053
f 5056/5056/5056 5055/5055/5055 5053/5053/5053
f 5056/5056/5056 5053/5053/5053 5057/5057/5057
f 5058/5058/5058 5056/5056/5056 5057/5057/5057
f 5058/5058/5058 5057/5057/5057 5059/5059/5059
f 5060/5060/5060 5058/5058/5058 5059/5059/5059
f 5060/5060/5060 5059/5059/5059 5061/5061/5061
f 5062/5062/5062 5060/5060/5060 5061/5061/5061
f 5062/5062/5062 5061/5061/5061 5063/5063/5063
f 5064/5064/5064 5062/5062/5062 5063/5063/5063
f 5064/5064/5064 5063/5063/5063 5065/5065/5065
f 5066/5066/5066 5064/5064/5064 5065/5065/5065
f 5066/5066/5066 5065/5065/5065 5067/5067/5067
f 5068/5068/5068 5066/5066/5066 5067/5067/5067
f 5068/5068/5068 5067/5067/5067 5069/5069/5069
f 5070/5070/5070 5068/5068/5068 5069/5069/5069
f 5070/5070/5070 5069/5069/5069 5071/5071/5071
f 5072/5072/5072 5070/5070/5070 5071/5071/5071
f 5072/5072/5072 5071/5071/5071 5073/5073/5073
f 5074/5074/5074 5072/5072/5072 5073/5073/5073
f 5074/5074/5074 5073/5073/5073 5075/5075/5075
f 5076/5076/5076 5074/5074/5074 5075/5075/5075
f 5076/5076/5076 5075/5075/5075 5077/5077/5077
f 5078/5078/5078 5076/5076/5076 5077/5077/5077
f 5078/5078/5078 5077/5077/5077 5079/5079/5079
f 5080/5080/5080 5078/5078/5078 5079/5079/5079
f 5080/5080/5080 5079/5079/5079 5081/5081/5081
f 5082/5082/5082 5080/5080/5080 5081/5081/5081
f 5082/5082/5082 5081/5081/5081 5083/5083/5083
f 5084/5084/5084 5082/5082/5082 5083/5083/5083
f 5084/5084/5084 5083/5083/5083 5085/5085/5085
f 5086/5086/5086 5084/5084/5084 5085/5085/5085
f 5089/5089/5089 5088/5088/5088 5087/5087/5087
f 5087/5087/5087 5088/5088/5088 5090/5090/5090
f 5088/5088/5088 5091/5091/5091 5090/5090/5090
f 5091/5091/5091 5092/5092/5092 5090/5090/5090
f 5092/5092/5092 5093/5093/5093 5090/5090/5090
f 5092/5092/5092 5094/5094/5094 5093/5093/5093
f 5094/5094/5094 5095/5095/5095 5093/5093/5093
f 5094/5094/5094 5096/5096/5096 5095/5095/5095
f 5096/5096/5096 5097/5097/5097 5095/5095/5095
f 5096/5096/5096 5098/5098/5098 5097/5097/5097
f 5098/5098/5098 5099/5099/5099 5097/5097/5097
f 5098/5098/5098 5100/5100/5100 5099/5099/5099
f 5100/5100/5100 5101/5101/5101 5099/5099/5099
f 5102/5102/5102 5101/5101/5101 5100/5100/5100
f 5105/5105/5105 5104/5104/5104 5103/5103/5103
f 5106/5106/5106 5105/5105/5105 5103/5103/5103
f 5106/5106/5106 5103/5103/5103 5107/5107/5107
f 5108/5108/5108 5106/5106/5106 5107/5107/5107
f 5108/5108/5108 5107/5107/5107 5109/5109/5109
f 5110/5110/5110 5108/5108/5108 5109/5109/5109
f 5110/5110/5110 5109/5109/5109 5111/5111/5111
f 5112/5112/5112 5110/5110/5110 5111/5111/5111
f 5112/5112/5112 5111/5111/5111 5113/5113/5113
f 5114/5114/5114 5112/5112/5112 5113/5113/5113
f 5114/5114/5114 5113/5113/5113 5115/5115/5115
f 5116/5116/5116 5114/5114/5114 5115/5115/5115
f 5116/5116/5116 5115/5115/5115 5117/5117/5117
f 5118/5118/5118 5116/5116/5116 5117/5117/5117
f 5118/5118/5118 5117/5117/5117 5119/5119/5119
f 5120/5120/5120 5118/5118/5118 5119/5119/5119
f 5120/5120/5120 5119/5119/5119 5121/5121/5121
f 5122/5122/5122 5120/5120/5120 5121/5121/5121
f 5122/5122/5122 5121/5121/5121 5123/5123/5123
f 5124/5124/5124 5122/5122/5122 5123/5123/5123
f 5124/5124/5124 5123/5123/5123 5125/5125/5125
f 5126/5126/5126 5124/5124/5124 5125/5125/5125
f 5126/5126/5126 5125/5125/5125 5127/5127/5127
f 5128/5128/5128 5126/5126/5126 5127/5127/5127
f 5128/5128/5128 5127/5127/5127 5129/5129/5129
f 5130/5130/5130 5128/5128/5128 5129/5129/5129
f 5130/5130/5130 5129/5129/5129 5131/5131/5131
f 5132/5132/5132 5130/5130/5130 5131/5131/5131
f 5132/5132/5132 5131/5131/5131 5133/5133/5133
f 5134/5134/5134 5132/5132/5132 5133/5133/5133
f 5134/5134/5134 5133/5133/5133 5135/5135/5135
f 5136/5136/5136 5134/5134/5134 5135/5135/5135
f 5139/5139/5139 5138/5138/5138 5137/5137/5137
f 5137/5137/5137 5138/5138/5138 5140/5140/5140
f 5138/5138/5138 5141/5141/5141 5140/5140/5140
f 5141/5141/5141 5142/5142/5142 5140/5140/5140
f 5142/5142/5142 5143/5143/5143 5140/5140/5140
f 5142/5142/5142 5144/5144/5144 5143/5143/5143
f 5144/5144/5144 5145/5145/5145 5143/5143/5143
f 5144/5144/5144 5146/5146/5146 5145/5145/5145
f 5146/5146/5146 5147/5147/5147 5145/5145/5145
f 5146/5146/5146 5148/5148/5148 5147/5147/5147
f 5148/5148/5148 5149/5149/5149 5147/5147/5147
f 5148/5148/5148 5150/5150/5150 5149/5149/5149
f 5150/5150/5150 5151/5151/5151 5149/5149/5149
f 5152/5152/5152 5151/5151/5151 5150/5150/5150
f 5155/5155/5155 5154/5154/5154 5153/5153/5153
f 5154/5154/5154 5156/5156/5156 5153/5153/5153
f 5154/5154/5154 5157/5157/5157 5156/5156/5156
f 5157/5157/5157 5158/5158/5158 5156/5156/5156
f 5153/5153/5153 5156/5156/5156 5159/5159/5159
f 5158/5158/5158 5160/5160/5160 5156/5156/5156
f 5156/5156/5156 5161/5161/5161 5159/5159/5159
f 5160/5160/5160 5161/5161/5161 5156/5156/5156
f 5159/5159/5159 5161/5161/5161 5162/5162/5162
f 5160/5160/5160 5163/5163/5163 5161/5161/5161
f 5161/5161/5161 5164/5164/5164 5162/5162/5162
f 5163/5163/5163 5164/5164/5164 5161/5161/5161
f 5165/5165/5165 5162/5162/5162 5164/5164/5164
f 5164/5164/5164 5163/5163/5163 5166/5166/5166
f 5166/5166/5166 5165/5165/5165 5164/5164/5164
f 5163/5163/5163 5167/5167/5167 5166/5166/5166
f 5165/5165/5165 5166/5166/5166 5168/5168/5168
f 5166/5166/5166 5167/5167/5167 5169/5169/5169
f 5166/5166/5166 5170/5170/5170 5168/5168/5168
f 5170/5170/5170 5166/5166/5166 5169/5169/5169
f 5168/5168/5168 5170/5170/5170 5171/5171/5171
f 5170/5170/5170 5169/5169/5169 5172/5172/5172
f 5170/5170/5170 5172/5172/5172 5171/5171/5171
f 5169/5169/5169 5173/5173/5173 5172/5172/5172
f 5171/5171/5171 5172/5172/5172 5174/5174/5174
f 5173/5173/5173 5175/5175/5175 5172/5172/5172
f 5172/5172/5172 5176/5176/5176 5174/5174/5174
f 5175/5175/5175 5176/5176/5176 5172/5172/5172
f 5174/5174/5174 5176/5176/5176 5177/5177/5177
f 5176/5176/5176 5175/5175/5175 5178/5178/5178
f 5176/5176/5176 5179/5179/5179 5177/5177/5177
f 5179/5179/5179 5176/5176/5176 5178/5178/5178
f 5177/5177/5177 5179/5179/5179 5180/5180/5180
f 5178/5178/5178 5181/5181/5181 5179/5179/5179
f 5179/5179/5179 5182/5182/5182 5180/5180/5180
f 5181/5181/5181 5182/5182/5182 5179/5179/5179
f 5180/5180/5180 5182/5182/5182 5183/5183/5183
f 5184/5184/5184 5182/5182/5182 5181/5181/5181
f 5182/5182/5182 5184/5184/5184 5183/5183/5183
f 5185/5185/5185 5184/5184/5184 5181/5181/5181
f 5183/5183/5183 5184/5184/5184 5186/5186/5186
f 5187/5187/5187 5184/5184/5184 5185/5185/5185
f 5184/5184/5184 5187/5187/5187 5186/5186/5186
f 5186/5186/5186 5187/5187/5187 5188/5188/5188
f 5189/5189/5189 5187/5187/5187 5185/5185/5185
f 5187/5187/5187 5189/5189/5189 5188/5188/5188
f 5190/5190/5190 5186/5186/5186 5188/5188/5188
f 5189/5189/5189 5191/5191/5191 5188/5188/5188
f 5190/5190/5190 5188/5188/5188 5192/5192/5192
f 5191/5191/5191 5193/5193/5193 5188/5188/5188
f 5188/5188/5188 5194/5194/5194 5192/5192/5192
f 5193/5193/5193 5194/5194/5194 5188/5188/5188
f 5192/5192/5192 5194/5194/5194 5195/5195/5195
f 5193/5193/5193 5196/5196/5196 5194/5194/5194
f 5194/5194/5194 5197/5197/5197 5195/5195/5195
f 5196/5196/5196 5197/5197/5197 5194/5194/5194
f 5195/5195/5195 5197/5197/5197 5198/5198/5198
f 5199/5199/5199 5197/5197/5197 5196/5196/5196
f 5197/5197/5197 5199/5199/5199 5198/5198/5198
f 5200/5200/5200 5199/5199/5199 5196/5196/5196
f 5201/5201/5201 5198/5198/5198 5199/5199/5199
f 5199/5199/5199 5200/5200/5200 5202/5202/5202
f 5203/5203/5203 5201/5201/5201 5199/5199/5199
f 5203/5203/5203 5199/5199/5199 5202/5202/5202
f 5206/5206/5206 5205/5205/5205 5204/5204/5204
f 5207/5207/5207 5205/5205/5205 5206/5206/5206
f 5208/5208/5208 5207/5207/5207 5206/5206/5206
f 5211/5211/5211 5210/5210/5210 5209/5209/5209
f 5210/5210/5210 5212/5212/5212 5209/5209/5209
f 5212/5212/5212 5213/5213/5213 5209/5209/5209
f 5213/5213/5213 5214/5214/5214 5209/5209/5209
f 5217/5217/5217 5216/5216/5216 5215/5215/5215
f 5216/5216/5216 5218/5218/5218 5215/5215/5215
f 5219/5219/5219 5215/5215/5215 5218/5218/5218
f 5222/5222/5222 5221/5221/5221 5220/5220/5220
f 5221/5221/5221 5223/5223/5223 5220/5220/5220
f 5224/5224/5224 5220/5220/5220 5223/5223/5223
f 5227/5227/5227 5226/5226/5226 5225/5225/5225
f 5228/5228/5228 5225/5225/5225 5226/5226/5226
f 5229/5229/5229 5225/5225/5225 5228/5228/5228
f 5232/5232/5232 5231/5231/5231 5230/5230/5230
f 5233/5233/5233 5230/5230/5230 5231/5231/5231
f 5234/5234/5234 5233/5233/5233 5231/5231/5231
f 5237/5237/5237 5236/5236/5236 5235/5235/5235
f 5238/5238/5238 5235/5235/5235 5236/5236/5236
f 5239/5239/5239 5235/5235/5235 5238/5238/5238
f 5242/5242/5242 5241/5241/5241 5240/5240/5240
f 5243/5243/5243 5242/5242/5242 5240/5240/5240
f 5242/5242/5242 5243/5243/5243 5244/5244/5244
f 5243/5243/5243 5240/5240/5240 5245/5245/5245
f 5240/5240/5240 5246/5246/5246 5245/5245/5245
f 5243/5243/5243 5247/5247/5247 5244/5244/5244
f 5243/5243/5243 5245/5245/5245 5247/5247/5247
f 5245/5245/5245 5248/5248/5248 5247/5247/5247
f 5244/5244/5244 5247/5247/5247 5249/5249/5249
f 5248/5248/5248 5250/5250/5250 5247/5247/5247
f 5247/5247/5247 5251/5251/5251 5249/5249/5249
f 5250/5250/5250 5251/5251/5251 5247/5247/5247
f 5249/5249/5249 5251/5251/5251 5252/5252/5252
f 5250/5250/5250 5253/5253/5253 5251/5251/5251
f 5251/5251/5251 5254/5254/5254 5252/5252/5252
f 5253/5253/5253 5254/5254/5254 5251/5251/5251
f 5255/5255/5255 5252/5252/5252 5254/5254/5254
f 5254/5254/5254 5253/5253/5253 5256/5256/5256
f 5256/5256/5256 5255/5255/5255 5254/5254/5254
f 5253/5253/5253 5257/5257/5257 5256/5256/5256
f 5255/5255/5255 5256/5256/5256 5258/5258/5258
f 5256/5256/5256 5257/5257/5257 5259/5259/5259
f 5256/5256/5256 5260/5260/5260 5258/5258/5258
f 5260/5260/5260 5256/5256/5256 5259/5259/5259
f 5258/5258/5258 5260/5260/5260 5261/5261/5261
f 5260/5260/5260 5259/5259/5259 5262/5262/5262
f 5260/5260/5260 5262/5262/5262 5261/5261/5261
f 5259/5259/5259 5263/5263/5263 5262/5262/5262
f 5261/5261/5261 5262/5262/5262 5264/5264/5264
f 5263/5263/5263 5265/5265/5265 5262/5262/5262
f 5262/5262/5262 5266/5266/5266 5264/5264/5264
f 5265/5265/5265 5266/5266/5266 5262/5262/5262
f 5264/5264/5264 5266/5266/5266 5267/5267/5267
f 5266/5266/5266 5265/5265/5265 5268/5268/5268
f 5266/5266/5266 5269/5269/5269 5267/5267/5267
f 5269/5269/5269 5266/5266/5266 5268/5268/5268
f 5267/5267/5267 5269/5269/5269 5270/5270/5270
f 5268/5268/5268 5271/5271/5271 5269/5269/5269
f 5269/5269/5269 5272/5272/5272 5270/5270/5270
f 5271/5271/5271 5272/5272/5272 5269/5269/5269
f 5270/5270/5270 5272/5272/5272 5273/5273/5273
f 5274/5274/5274 5272/5272/5272 5271/5271/5271
f 5272/5272/5272 5274/5274/5274 5273/5273/5273
f 5275/5275/5275 5274/5274/5274 5271/5271/5271
f 5273/5273/5273 5274/5274/5274 5276/5276/5276
f 5277/5277/5277 5274/5274/5274 5275/5275/5275
f 5274/5274/5274 5277/5277/5277 5276/5276/5276
f 5276/5276/5276 5277/5277/5277 5278/5278/5278
f 5279/5279/5279 5277/5277/5277 5275/5275/5275
f 5277/5277/5277 5279/5279/5279 5278/5278/5278
f 5280/5280/5280 5276/5276/5276 5278/5278/5278
f 5279/5279/5279 5281/5281/5281 5278/5278/5278
f 5280/5280/5280 5278/5278/5278 5282/5282/5282
f 5281/5281/5281 5283/5283/5283 5278/5278/5278
f 5278/5278/5278 5284/5284/5284 5282/5282/5282
f 5283/5283/5283 5284/5284/5284 5278/5278/5278
f 5282/5282/5282 5284/5284/5284 5285/5285/5285
f 5283/5283/5283 5286/5286/5286 5284/5284/5284
f 5284/5284/5284 5287/5287/5287 5285/5285/5285
f 5286/5286/5286 5287/5287/5287 5284/5284/5284
f 5285/5285/5285 5287/5287/5287 5288/5288/5288
f 5287/5287/5287 5289/5289/5289 5288/5288/5288
f 5289/5289/5289 5287/5287/5287 5286/5286/5286
f 5290/5290/5290 5289/5289/5289 5286/5286/5286
f 5293/5293/5293 5292/5292/5292 5291/5291/5291
f 5294/5294/5294 5292/5292/5292 5293/5293/5293
f 5295/5295/5295 5294/5294/5294 5293/5293/5293
f 5298/5298/5298 5297/5297/5297 5296/5296/5296
f 5297/5297/5297 5299/5299/5299 5296/5296/5296
f 5299/5299/5299 5300/5300/5300 5296/5296/5296
f 5300/5300/5300 5301/5301/5301 5296/5296/5296
f 5304/5304/5304 5303/5303/5303 5302/5302/5302
f 5303/5303/5303 5305/5305/5305 5302/5302/5302
f 5306/5306/5306 5302/5302/5302 5305/5305/5305
f 5309/5309/5309 5308/5308/5308 5307/5307/5307
f 5308/5308/5308 5310/5310/5310 5307/5307/5307
f 5311/5311/5311 5307/5307/5307 5310/5310/5310
f 5314/5314/5314 5313/5313/5313 5312/5312/5312
f 5315/5315/5315 5312/5312/5312 5313/5313/5313
f 5316/5316/5316 5312/5312/5312 5315/5315/5315
f 5319/5319/5319 5318/5318/5318 5317/5317/5317
f 5320/5320/5320 5317/5317/5317 5318/5318/5318
f 5321/5321/5321 5320/5320/5320 5318/5318/5318
f 5324/5324/5324 5323/5323/5323 5322/5322/5322
f 5325/5325/5325 5322/5322/5322 5323/5323/5323
f 5326/5326/5326 5322/5322/5322 5325/5325/5325
f 4664/4664/4664 4666/4666/4666 5327/5327/5327
f 5328/5328/5328 4664/4664/4664 5327/5327/5327
f 5329/5329/5329 5328/5328/5328 5327/5327/5327
f 5327/5327/5327 5330/5330/5330 5329/5329/5329
f 5330/5330/5330 5331/5331/5331 5329/5329/5329
f 5330/5330/5330 5332/5332/5332 5331/5331/5331
f 5332/5332/5332 5333/5333/5333 5331/5331/5331
f 5332/5332/5332 5334/5334/5334 5333/5333/5333
f 5334/5334/5334 5335/5335/5335 5333/5333/5333
f 5334/5334/5334 5336/5336/5336 5335/5335/5335
f 5336/5336/5336 5337/5337/5337 5335/5335/5335
f 5337/5337/5337 5336/5336/5336 5338/5338/5338
f 5339/5339/5339 5337/5337/5337 5338/5338/5338
f 5339/5339/5339 5338/5338/5338 5340/5340/5340
f 5341/5341/5341 5339/5339/5339 5340/5340/5340
f 5341/5341/5341 5340/5340/5340 5342/5342/5342
f 5343/5343/5343 5341/5341/5341 5342/5342/5342
f 5343/5343/5343 5342/5342/5342 4683/4683/4683
f 5344/5344/5344 5343/5343/5343 4683/4683/4683
f 5345/5345/5345 5344/5344/5344 4683/4683/4683
f 4681/4681/4681 5345/5345/5345 4683/4683/4683
f 5344/5344/5344 5345/5345/5345 5346/5346/5346
f 5347/5347/5347 5346/5346/5346 5345/5345/5345
f 5348/5348/5348 5347/5347/5347 5345/5345/5345
f 5349/5349/5349 5348/5348/5348 5345/5345/5345
f 5348/5348/5348 5350/5350/5350 5347/5347/5347
f 5350/5350/5350 5351/5351/5351 5347/5347/5347
f 5350/5350/5350 5352/5352/5352 5351/5351/5351
f 5352/5352/5352 5353/5353/5353 5351/5351/5351
f 5352/5352/5352 5354/5354/5354 5353/5353/5353
f 5354/5354/5354 5355/5355/5355 5353/5353/5353
f 5354/5354/5354 5356/5356/5356 5355/5355/5355
f 5356/5356/5356 5357/5357/5357 5355/5355/5355
f 5357/5357/5357 5356/5356/5356 5358/5358/5358
f 5359/5359/5359 5357/5357/5357 5358/5358/5358
f 5359/5359/5359 5358/5358/5358 5360/5360/5360
f 5361/5361/5361 5359/5359/5359 5360/5360/5360
f 5361/5361/5361 5360/5360/5360 5362/5362/5362
f 5363/5363/5363 5361/5361/5361 5362/5362/5362
f 5363/5363/5363 5362/5362/5362 5364/5364/5364
f 5365/5365/5365 5363/5363/5363 5364/5364/5364
f 5328/5328/5328 5365/5365/5365 5364/5364/5364
f 5366/5366/5366 5365/5365/5365 5328/5328/5328
f 5329/5329/5329 5366/5366/5366 5328/5328/5328
f 5367/5367/5367 5328/5328/5328 5364/5364/5364
f 5364/5364/5364 5368/5368/5368 5367/5367/5367
f 5369/5369/5369 5367/5367/5367 5368/5368/5368
f 5367/5367/5367 5369/5369/5369 5370/5370/5370
f 5369/5369/5369 5371/5371/5371 5370/5370/5370
f 5372/5372/5372 5367/5367/5367 5370/5370/5370
f 5371/5371/5371 5373/5373/5373 5370/5370/5370
f 5374/5374/5374 5372/5372/5372 5370/5370/5370
f 5371/5371/5371 5375/5375/5375 5373/5373/5373
f 5375/5375/5375 5376/5376/5376 5373/5373/5373
f 5375/5375/5375 5377/5377/5377 5376/5376/5376
f 5377/5377/5377 5378/5378/5378 5376/5376/5376
f 5377/5377/5377 5379/5379/5379 5378/5378/5378
f 5379/5379/5379 5380/5380/5380 5378/5378/5378
f 5380/5380/5380 5379/5379/5379 5381/5381/5381
f 5382/5382/5382 5380/5380/5380 5381/5381/5381
f 5382/5382/5382 5381/5381/5381 5383/5383/5383
f 5384/5384/5384 5382/5382/5382 5383/5383/5383
f 5384/5384/5384 5383/5383/5383 5385/5385/5385
f 5386/5386/5386 5384/5384/5384 5385/5385/5385
f 5372/5372/5372 5374/5374/5374 5387/5387/5387
f 5386/5386/5386 5385/5385/5385 5388/5388/5388
f 5389/5389/5389 5372/5372/5372 5387/5387/5387
f 5390/5390/5390 5386/5386/5386 5388/5388/5388
f 5388/5388/5388 5349/5349/5349 5390/5390/5390
f 5349/5349/5349 5388/5388/5388 5391/5391/5391
f 5391/5391/5391 5348/5348/5348 5349/5349/5349
f 5349/5349/5349 5392/5392/5392 5390/5390/5390
f 5392/5392/5392 5393/5393/5393 5390/5390/5390
f 5392/5392/5392 5394/5394/5394 5393/5393/5393
f 5392/5392/5392 5395/5395/5395 5394/5394/5394
f 5396/5396/5396 5389/5389/5389 5387/5387/5387
f 5387/5387/5387 5397/5397/5397 5396/5396/5396
f 5397/5397/5397 5398/5398/5398 5396/5396/5396
f 5397/5397/5397 5399/5399/5399 5398/5398/5398
f 5399/5399/5399 5400/5400/5400 5398/5398/5398
f 5399/5399/5399 5401/5401/5401 5400/5400/5400
f 5401/5401/5401 5402/5402/5402 5400/5400/5400
f 5401/5401/5401 5403/5403/5403 5402/5402/5402
f 5403/5403/5403 5404/5404/5404 5402/5402/5402
f 5404/5404/5404 5403/5403/5403 5405/5405/5405
f 5406/5406/5406 5404/5404/5404 5405/5405/5405
f 5406/5406/5406 5405/5405/5405 5407/5407/5407
f 5408/5408/5408 5406/5406/5406 5407/5407/5407
f 5408/5408/5408 5407/5407/5407 5409/5409/5409
f 5410/5410/5410 5408/5408/5408 5409/5409/5409
f 5410/5410/5410 5409/5409/5409 5394/5394/5394
f 5411/5411/5411 5410/5410/5410 5394/5394/5394
f 5395/5395/5395 5411/5411/5411 5394/5394/5394
f 5395/5395/5395 5412/5412/5412 5411/5411/5411
f 5395/5395/5395 5413/5413/5413 5412/5412/5412
f 5395/5395/5395 5414/5414/5414 5413/5413/5413
f 5414/5414/5414 5415/5415/5415 5413/5413/5413
f 5415/5415/5415 5416/5416/5416 5413/5413/5413
f 5417/5417/5417 5415/5415/5415 5414/5414/5414
f 5416/5416/5416 5418/5418/5418 5413/5413/5413
f 5416/5416/5416 5419/5419/5419 5418/5418/5418
f 5419/5419/5419 5420/5420/5420 5418/5418/5418
f 5419/5419/5419 5421/5421/5421 5420/5420/5420
f 5421/5421/5421 5422/5422/5422 5420/5420/5420
f 5421/5421/5421 5423/5423/5423 5422/5422/5422
f 5423/5423/5423 5424/5424/5424 5422/5422/5422
f 5424/5424/5424 5423/5423/5423 5425/5425/5425
f 5426/5426/5426 5424/5424/5424 5425/5425/5425
f 5426/5426/5426 5425/5425/5425 5427/5427/5427
f 5428/5428/5428 5426/5426/5426 5427/5427/5427
f 5428/5428/5428 5427/5427/5427 5429/5429/5429
f 5430/5430/5430 5428/5428/5428 5429/5429/5429
f 5430/5430/5430 5429/5429/5429 5431/5431/5431
f 5432/5432/5432 5430/5430/5430 5431/5431/5431
f 5389/5389/5389 5432/5432/5432 5431/5431/5431
f 5433/5433/5433 5432/5432/5432 5389/5389/5389
f 5389/5389/5389 5396/5396/5396 5433/5433/5433
f 5434/5434/5434 5389/5389/5389 5431/5431/5431
f 5435/5435/5435 5434/5434/5434 5431/5431/5431
f 5434/5434/5434 5435/5435/5435 5436/5436/5436
f 5434/5434/5434 5436/5436/5436 5437/5437/5437
f 5437/5437/5437 5436/5436/5436 5438/5438/5438
f 5439/5439/5439 5434/5434/5434 5437/5437/5437
f 5440/5440/5440 5437/5437/5437 5438/5438/5438
f 5438/5438/5438 5441/5441/5441 5440/5440/5440
f 5441/5441/5441 5442/5442/5442 5440/5440/5440
f 5441/5441/5441 5443/5443/5443 5442/5442/5442
f 5443/5443/5443 5444/5444/5444 5442/5442/5442
f 5443/5443/5443 5445/5445/5445 5444/5444/5444
f 5445/5445/5445 5446/5446/5446 5444/5444/5444
f 5446/5446/5446 5445/5445/5445 5447/5447/5447
f 5448/5448/5448 5446/5446/5446 5447/5447/5447
f 5448/5448/5448 5447/5447/5447 5449/5449/5449
f 5450/5450/5450 5448/5448/5448 5449/5449/5449
f 5450/5450/5450 5449/5449/5449 5451/5451/5451
f 5452/5452/5452 5450/5450/5450 5451/5451/5451
f 5439/5439/5439 5437/5437/5437 5453/5453/5453
f 5452/5452/5452 5451/5451/5451 5454/5454/5454
f 5439/5439/5439 5453/5453/5453 5455/5455/5455
f 5456/5456/5456 5452/5452/5452 5454/5454/5454
f 5455/5455/5455 5457/5457/5457 5439/5439/5439
f 5457/5457/5457 5455/5455/5455 5458/5458/5458
f 5457/5457/5457 5459/5459/5459 5439/5439/5439
f 5460/5460/5460 5457/5457/5457 5458/5458/5458
f 5459/5459/5459 5457/5457/5457 5461/5461/5461
f 5458/5458/5458 5462/5462/5462 5460/5460/5460
f 5461/5461/5461 5463/5463/5463 5459/5459/5459
f 5462/5462/5462 5464/5464/5464 5460/5460/5460
f 5463/5463/5463 5465/5465/5465 5459/5459/5459
f 5462/5462/5462 5466/5466/5466 5464/5464/5464
f 5465/5465/5465 5463/5463/5463 5467/5467/5467
f 5466/5466/5466 5468/5468/5468 5464/5464/5464
f 5465/5465/5465 5467/5467/5467 5469/5469/5469
f 5466/5466/5466 5470/5470/5470 5468/5468/5468
f 5470/5470/5470 5471/5471/5471 5468/5468/5468
f 5471/5471/5471 5470/5470/5470 5472/5472/5472
f 5473/5473/5473 5471/5471/5471 5472/5472/5472
f 5473/5473/5473 5472/5472/5472 5474/5474/5474
f 5475/5475/5475 5473/5473/5473 5474/5474/5474
f 5475/5475/5475 5474/5474/5474 5476/5476/5476
f 5477/5477/5477 5475/5475/5475 5476/5476/5476
f 5467/5467/5467 5478/5478/5478 5469/5469/5469
f 5469/5469/5469 5478/5478/5478 5479/5479/5479
f 5479/5479/5479 5478/5478/5478 5480/5480/5480
f 5477/5477/5477 5476/5476/5476 5481/5481/5481
f 5478/5478/5478 5482/5482/5482 5480/5480/5480
f 5480/5480/5480 5482/5482/5482 5483/5483/5483
f 5483/5483/5483 5482/5482/5482 5484/5484/5484
f 5482/5482/5482 5485/5485/5485 5484/5484/5484
f 5484/5484/5484 5485/5485/5485 5486/5486/5486
f 5485/5485/5485 5487/5487/5487 5486/5486/5486
f 5488/5488/5488 5487/5487/5487 5485/5485/5485
f 5488/5488/5488 5485/5485/5485 5489/5489/5489
f 5485/5485/5485 5490/5490/5490 5489/5489/5489
f 5489/5489/5489 5490/5490/5490 5491/5491/5491
f 5491/5491/5491 5490/5490/5490 5492/5492/5492
f 5490/5490/5490 5493/5493/5493 5492/5492/5492
f 5492/5492/5492 5493/5493/5493 5494/5494/5494
f 5494/5494/5494 5493/5493/5493 5495/5495/5495
f 5493/5493/5493 5496/5496/5496 5495/5495/5495
f 5495/5495/5495 5496/5496/5496 5497/5497/5497
f 5497/5497/5497 5496/5496/5496 5498/5498/5498
f 5496/5496/5496 5499/5499/5499 5498/5498/5498
f 5498/5498/5498 5499/5499/5499 5500/5500/5500
f 5501/5501/5501 5500/5500/5500 5499/5499/5499
f 5502/5502/5502 5501/5501/5501 5499/5499/5499
f 5501/5501/5501 5502/5502/5502 5503/5503/5503
f 5503/5503/5503 5481/5481/5481 5501/5501/5501
f 5503/5503/5503 5477/5477/5477 5481/5481/5481
f 5481/5481/5481 5504/5504/5504 5501/5501/5501
f 5504/5504/5504 5481/5481/5481 5505/5505/5505
f 5504/5504/5504 5505/5505/5505 5456/5456/5456
f 5504/5504/5504 5456/5456/5456 5454/5454/5454
f 5414/5414/5414 5504/5504/5504 5454/5454/5454
f 5414/5414/5414 5454/5454/5454 5417/5417/5417
f 5508/5508/5508 5507/5507/5507 5506/5506/5506
f 5509/5509/5509 5506/5506/5506 5507/5507/5507
f 5507/5507/5507 5508/5508/5508 5510/5510/5510
f 5507/5507/5507 5511/5511/5511 5509/5509/5509
f 5508/5508/5508 5512/5512/5512 5510/5510/5510
f 5509/5509/5509 5511/5511/5511 5513/5513/5513
f 5513/5513/5513 5511/5511/5511 5514/5514/5514
f 5514/5514/5514 5515/5515/5515 5513/5513/5513
f 5516/5516/5516 5515/5515/5515 5514/5514/5514
f 5517/5517/5517 5515/5515/5515 5516/5516/5516
f 5510/5510/5510 5512/5512/5512 5518/5518/5518
f 5512/5512/5512 5519/5519/5519 5518/5518/5518
f 5519/5519/5519 5520/5520/5520 5518/5518/5518
f 5521/5521/5521 5518/5518/5518 5520/5520/5520
f 5520/5520/5520 5522/5522/5522 5521/5521/5521
f 5521/5521/5521 5522/5522/5522 5523/5523/5523
f 5522/5522/5522 5524/5524/5524 5523/5523/5523
f 5525/5525/5525 5523/5523/5523 5524/5524/5524
f 5526/5526/5526 5525/5525/5525 5524/5524/5524
f 5516/5516/5516 5527/5527/5527 5517/5517/5517
f 5527/5527/5527 5528/5528/5528 5517/5517/5517
f 5527/5527/5527 5529/5529/5529 5528/5528/5528
f 5530/5530/5530 5529/5529/5529 5527/5527/5527
f 5531/5531/5531 5529/5529/5529 5530/5530/5530
f 5525/5525/5525 5526/5526/5526 5532/5532/5532
f 5532/5532/5532 5531/5531/5531 5530/5530/5530
f 5526/5526/5526 5533/5533/5533 5532/5532/5532
f 5533/5533/5533 5531/5531/5531 5532/5532/5532
f 5536/5536/5536 5535/5535/5535 5534/5534/5534
f 5537/5537/5537 5534/5534/5534 5535/5535/5535
f 5535/5535/5535 5536/5536/5536 5538/5538/5538
f 5535/5535/5535 5539/5539/5539 5537/5537/5537
f 5536/5536/5536 5540/5540/5540 5538/5538/5538
f 5537/5537/5537 5539/5539/5539 5541/5541/5541
f 5541/5541/5541 5539/5539/5539 5542/5542/5542
f 5542/5542/5542 5543/5543/5543 5541/5541/5541
f 5544/5544/5544 5543/5543/5543 5542/5542/5542
f 5545/5545/5545 5543/5543/5543 5544/5544/5544
f 5538/5538/5538 5540/5540/5540 5546/5546/5546
f 5540/5540/5540 5547/5547/5547 5546/5546/5546
f 5547/5547/5547 5548/5548/5548 5546/5546/5546
f 5549/5549/5549 5546/5546/5546 5548/5548/5548
f 5548/5548/5548 5550/5550/5550 5549/5549/5549
f 5549/5549/5549 5550/5550/5550 5551/5551/5551
f 5550/5550/5550 5552/5552/5552 5551/5551/5551
f 5553/5553/5553 5551/5551/5551 5552/5552/5552
f 5554/5554/5554 5553/5553/5553 5552/5552/5552
f 5544/5544/5544 5555/5555/5555 5545/5545/5545
f 5555/5555/5555 5556/5556/5556 5545/5545/5545
f 5555/5555/5555 5557/5557/5557 5556/5556/5556
f 5558/5558/5558 5557/5557/5557 5555/5555/5555
f 5559/5559/5559 5557/5557/5557 5558/5558/5558
f 5553/5553/5553 5554/5554/5554 5560/5560/5560
f 5560/5560/5560 5559/5559/5559 5558/5558/5558
f 5554/5554/5554 5561/5561/5561 5560/5560/5560
f 5561/5561/5561 5559/5559/5559 5560/5560/5560
f 5564/5564/5564 5563/5563/5563 5562/5562/5562
f 5565/5565/5565 5563/5563/5563 5564/5564/5564
f 5566/5566/5566 5564/5564/5564 5562/5562/5562
f 5566/5566/5566 5562/5562/5562 5567/5567/5567
f 5568/5568/5568 5566/5566/5566 5567/5567/5567
f 5568/5568/5568 5567/5567/5567 5569/5569/5569
f 5570/5570/5570 5568/5568/5568 5569/5569/5569
f 5570/5570/5570 5569/5569/5569 5571/5571/5571
f 5572/5572/5572 5570/5570/5570 5571/5571/5571
f 5572/5572/5572 5571/5571/5571 5573/5573/5573
f 5574/5574/5574 5572/5572/5572 5573/5573/5573
f 5574/5574/5574 5573/5573/5573 5575/5575/5575
f 5576/5576/5576 5574/5574/5574 5575/5575/5575
f 5577/5577/5577 5576/5576/5576 5575/5575/5575
f 5576/5576/5576 5577/5577/5577 5578/5578/5578
f 5579/5579/5579 5578/5578/5578 5577/5577/5577
f 5575/5575/5575 5580/5580/5580 5577/5577/5577
f 5581/5581/5581 5579/5579/5579 5577/5577/5577
f 5580/5580/5580 5582/5582/5582 5577/5577/5577
f 5581/5581/5581 5577/5577/5577 5583/5583/5583
f 5584/5584/5584 5581/5581/5581 5583/5583/5583
f 5582/5582/5582 5580/5580/5580 5585/5585/5585
f 5585/5585/5585 5586/5586/5586 5582/5582/5582
f 5582/5582/5582 5586/5586/5586 5587/5587/5587
f 5582/5582/5582 5587/5587/5587 5588/5588/5588
f 5587/5587/5587 5589/5589/5589 5588/5588/5588
f 5590/5590/5590 5588/5588/5588 5589/5589/5589
f 5591/5591/5591 5584/5584/5584 5583/5583/5583
f 5592/5592/5592 5591/5591/5591 5583/5583/5583
f 5591/5591/5591 5592/5592/5592 5593/5593/5593
f 5594/5594/5594 5590/5590/5590 5589/5589/5589
f 5590/5590/5590 5594/5594/5594 5595/5595/5595
f 5596/5596/5596 5595/5595/5595 5594/5594/5594
f 5597/5597/5597 5591/5591/5591 5593/5593/5593
f 5598/5598/5598 5597/5597/5597 5593/5593/5593
f 5597/5597/5597 5598/5598/5598 5599/5599/5599
f 5600/5600/5600 5596/5596/5596 5594/5594/5594
f 5596/5596/5596 5600/5600/5600 5601/5601/5601
f 5602/5602/5602 5601/5601/5601 5600/5600/5600
f 5603/5603/5603 5597/5597/5597 5599/5599/5599
f 5604/5604/5604 5603/5603/5603 5599/5599/5599
f 5603/5603/5603 5604/5604/5604 5605/5605/5605
f 5606/5606/5606 5603/5603/5603 5605/5605/5605
f 5605/5605/5605 5607/5607/5607 5606/5606/5606
f 5607/5607/5607 5608/5608/5608 5606/5606/5606
f 5609/5609/5609 5602/5602/5602 5600/5600/5600
f 5602/5602/5602 5609/5609/5609 5610/5610/5610
f 5611/5611/5611 5610/5610/5610 5609/5609/5609
f 5608/5608/5608 5607/5607/5607 5612/5612/5612
f 5564/5564/5564 5608/5608/5608 5612/5612/5612
f 5565/5565/5565 5611/5611/5611 5609/5609/5609
f 5565/5565/5565 5564/5564/5564 5612/5612/5612
f 5611/5611/5611 5565/5565/5565 5613/5613/5613
f 5612/5612/5612 5613/5613/5613 5565/5565/5565
f 5616/5616/5616 5615/5615/5615 5614/5614/5614
f 5617/5617/5617 5616/5616/5616 5614/5614/5614
f 5614/5614/5614 5615/5615/5615 5618/5618/5618
f 5619/5619/5619 5616/5616/5616 5617/5617/5617
f 5615/5615/5615 5620/5620/5620 5618/5618/5618
f 5621/5621/5621 5619/5619/5619 5617/5617/5617
f 5618/5618/5618 5620/5620/5620 5622/5622/5622
f 5623/5623/5623 5619/5619/5619 5621/5621/5621
f 5620/5620/5620 5624/5624/5624 5622/5622/5622
f 5625/5625/5625 5623/5623/5623 5621/5621/5621
f 5622/5622/5622 5624/5624/5624 5626/5626/5626
f 5627/5627/5627 5623/5623/5623 5625/5625/5625
f 5624/5624/5624 5628/5628/5628 5626/5626/5626
f 5629/5629/5629 5627/5627/5627 5625/5625/5625
f 5626/5626/5626 5628/5628/5628 5630/5630/5630
f 5631/5631/5631 5627/5627/5627 5629/5629/5629
f 5628/5628/5628 5632/5632/5632 5630/5630/5630
f 5633/5633/5633 5631/5631/5631 5629/5629/5629
f 5630/5630/5630 5632/5632/5632 5634/5634/5634
f 5635/5635/5635 5631/5631/5631 5633/5633/5633
f 5632/5632/5632 5636/5636/5636 5634/5634/5634
f 5637/5637/5637 5635/5635/5635 5633/5633/5633
f 5638/5638/5638 5634/5634/5634 5636/5636/5636
f 5639/5639/5639 5635/5635/5635 5637/5637/5637
f 5640/5640/5640 5638/5638/5638 5636/5636/5636
f 5641/5641/5641 5639/5639/5639 5637/5637/5637
f 5638/5638/5638 5640/5640/5640 5642/5642/5642
f 5639/5639/5639 5641/5641/5641 5643/5643/5643
f 5640/5640/5640 5644/5644/5644 5642/5642/5642
f 5641/5641/5641 5645/5645/5645 5643/5643/5643
f 5642/5642/5642 5644/5644/5644 5645/5645/5645
f 5644/5644/5644 5643/5643/5643 5645/5645/5645
f 5648/5648/5648 5647/5647/5647 5646/5646/5646
f 5649/5649/5649 5648/5648/5648 5646/5646/5646
f 5646/5646/5646 5647/5647/5647 5650/5650/5650
f 5651/5651/5651 5648/5648/5648 5649/5649/5649
f 5647/5647/5647 5652/5652/5652 5650/5650/5650
f 5653/5653/5653 5651/5651/5651 5649/5649/5649
f 5650/5650/5650 5652/5652/5652 5654/5654/5654
f 5655/5655/5655 5651/5651/5651 5653/5653/5653
f 5652/5652/5652 5656/5656/5656 5654/5654/5654
f 5657/5657/5657 5655/5655/5655 5653/5653/5653
f 5654/5654/5654 5656/5656/5656 5658/5658/5658
f 5659/5659/5659 5655/5655/5655 5657/5657/5657
f 5656/5656/5656 5660/5660/5660 5658/5658/5658
f 5661/5661/5661 5659/5659/5659 5657/5657/5657
f 5658/5658/5658 5660/5660/5660 5662/5662/5662
f 5663/5663/5663 5659/5659/5659 5661/5661/5661
f 5660/5660/5660 5664/5664/5664 5662/5662/5662
f 5665/5665/5665 5663/5663/5663 5661/5661/5661
f 5662/5662/5662 5664/5664/5664 5666/5666/5666
f 5667/5667/5667 5663/5663/5663 5665/5665/5665
f 5664/5664/5664 5668/5668/5668 5666/5666/5666
f 5669/5669/5669 5667/5667/5667 5665/5665/5665
f 5670/5670/5670 5666/5666/5666 5668/5668/5668
f 5671/5671/5671 5667/5667/5667 5669/5669/5669
f 5672/5672/5672 5670/5670/5670 5668/5668/5668
f 5673/5673/5673 5671/5671/5671 5669/5669/5669
f 5670/5670/5670 5672/5672/5672 5674/5674/5674
f 5671/5671/5671 5673/5673/5673 5675/5675/5675
f 5672/5672/5672 5676/5676/5676 5674/5674/5674
f 5673/5673/5673 5677/5677/5677 5675/5675/5675
f 5674/5674/5674 5676/5676/5676 5677/5677/5677
f 5676/5676/5676 5675/5675/5675 5677/5677/5677
