ISO-10303-21;
HEADER;
FILE_DESCRIPTION(('Open CASCADE Model'),'2;1');
FILE_NAME('Open CASCADE Shape Model','2026-09-21T02:48:42',('Author'),(
    'Open CASCADE'),'Open CASCADE STEP processor 7.9','Open CASCADE 7.9'
  ,'Unknown');
FILE_SCHEMA(('AUTOMOTIVE_DESIGN { 1 0 10303 214 1 1 1 1 }'));
ENDSEC;
DATA;
#1 = APPLICATION_PROTOCOL_DEFINITION('international standard',
  'automotive_design',2000,#2);
#2 = APPLICATION_CONTEXT(
  'core data for automotive mechanical design processes');
#3 = SHAPE_DEFINITION_REPRESENTATION(#4,#10);
#4 = PRODUCT_DEFINITION_SHAPE('','',#5);
#5 = PRODUCT_DEFINITION('design','',#6,#9);
#6 = PRODUCT_DEFINITION_FORMATION('','',#7);
#7 = PRODUCT('cf81f27c-b54d-11f1-aad0-010101010000',
  'cf81f27c-b54d-11f1-aad0-010101010000','',(#8));
#8 = PRODUCT_CONTEXT('',#2,'mechanical');
#9 = PRODUCT_DEFINITION_CONTEXT('part definition',#2,'design');
#10 = SHAPE_REPRESENTATION('',(#11,#15,#19),#23);
#11 = AXIS2_PLACEMENT_3D('',#12,#13,#14);
#12 = CARTESIAN_POINT('',(0.,0.,0.));
#13 = DIRECTION('',(0.,0.,1.));
#14 = DIRECTION('',(1.,0.,-0.));
#15 = AXIS2_PLACEMENT_3D('',#16,#17,#18);
#16 = CARTESIAN_POINT('',(0.,0.,0.));
#17 = DIRECTION('',(0.,0.,1.));
#18 = DIRECTION('',(1.,0.,-0.));
#19 = AXIS2_PLACEMENT_3D('',#20,#21,#22);
#20 = CARTESIAN_POINT('',(0.,0.,0.));
#21 = DIRECTION('',(0.,0.,1.));
#22 = DIRECTION('',(1.,0.,-0.));
#23 = ( GEOMETRIC_REPRESENTATION_CONTEXT(3) 
GLOBAL_UNCERTAINTY_ASSIGNED_CONTEXT((#27)) GLOBAL_UNIT_ASSIGNED_CONTEXT(
(#24,#25,#26)) REPRESENTATION_CONTEXT('Context #1',
  '3D Context with UNIT and UNCERTAINTY') );
#24 = ( LENGTH_UNIT() NAMED_UNIT(*) SI_UNIT(.MILLI.,.METRE.) );
#25 = ( NAMED_UNIT(*) PLANE_ANGLE_UNIT() SI_UNIT($,.RADIAN.) );
#26 = ( NAMED_UNIT(*) SI_UNIT($,.STERADIAN.) SOLID_ANGLE_UNIT() );
#27 = UNCERTAINTY_MEASURE_WITH_UNIT(LENGTH_MEASURE(1.E-07),#24,
  'distance_accuracy_value','confusion accuracy');
#28 = PRODUCT_RELATED_PRODUCT_CATEGORY('part',$,(#7));
#29 = SHAPE_DEFINITION_REPRESENTATION(#30,#36);
#30 = PRODUCT_DEFINITION_SHAPE('','',#31);
#31 = PRODUCT_DEFINITION('design','',#32,#35);
#32 = PRODUCT_DEFINITION_FORMATION('','',#33);
#33 = PRODUCT('body','body','',(#34));
#34 = PRODUCT_CONTEXT('',#2,'mechanical');
#35 = PRODUCT_DEFINITION_CONTEXT('part definition',#2,'design');
#36 = ADVANCED_BREP_SHAPE_REPRESENTATION('',(#11,#37),#17510);
#37 = MANIFOLD_SOLID_BREP('',#38);
#38 = CLOSED_SHELL('',(#39,#603,#971,#1020,#1093,#1220,#1267,#1314,#2249
    ,#2324,#2373,#2422,#2469,#4002,#4049,#4096,#4143,#5464,#5513,#5858,
    #6009,#6034,#6041,#6072,#6099,#6210,#6259,#6308,#6365,#6476,#6525,
    #6604,#6631,#6658,#6685,#6758,#6764,#6837,#6843,#6916,#6922,#6995,
    #7001,#7074,#7080,#7350,#7615,#7880,#8145,#8410,#8483,#8489,#8562,
    #8568,#8641,#8647,#8720,#8726,#8799,#8805,#8878,#8884,#9149,#9414,
    #9498,#9527,#9554,#9626,#9673,#9740,#9767,#9839,#9886,#9953,#9980,
    #10052,#10099,#10166,#10193,#10265,#10312,#10379,#10406,#10478,
    #10525,#10592,#10619,#10691,#10738,#10805,#10832,#10904,#10951,
    #11018,#11045,#11117,#11164,#11231,#11258,#11330,#11377,#11444,
    #11471,#11543,#11590,#11657,#11684,#11756,#11803,#11870,#11897,
    #11969,#12016,#12083,#12110,#12182,#12229,#12296,#12323,#12390,
    #12417,#12444,#12471,#12498,#12525,#12552,#12579,#12606,#12633,
    #12660,#12687,#12714,#12741,#12768,#12795,#12927,#13714,#14491,
    #14569,#14576,#14631,#14638,#14693,#14763,#14809,#14856,#14902,
    #14974,#15020,#15067,#15093,#15139,#15186,#15232,#15304,#15350,
    #15397,#15423,#15469,#15516,#15562,#15634,#15680,#15727,#15753,
    #15799,#15846,#15892,#15964,#16010,#16057,#16083,#16129,#16176,
    #16222,#16294,#16340,#16387,#16413,#16459,#16506,#16552,#16624,
    #16670,#16717,#16743,#16789,#16836,#16882,#16931,#16977,#17024,
    #17050,#17057,#17064,#17071,#17078,#17085,#17092,#17099,#17106,
    #17113,#17120,#17127,#17134,#17141,#17148,#17195,#17242,#17267,
    #17276,#17283,#17290,#17297,#17304,#17311,#17318,#17325,#17392,
    #17419,#17446,#17453,#17460,#17467,#17474,#17481,#17488,#17495,
    #17502,#17506));
#39 = ADVANCED_FACE('',(#40),#54,.T.);
#40 = FACE_BOUND('',#41,.T.);
#41 = EDGE_LOOP('',(#42,#77,#105,#133,#161,#189,#217,#245,#273,#301,#329
    ,#357,#385,#413,#441,#469,#495,#521,#549,#577));
#42 = ORIENTED_EDGE('',*,*,#43,.T.);
#43 = EDGE_CURVE('',#44,#46,#48,.T.);
#44 = VERTEX_POINT('',#45);
#45 = CARTESIAN_POINT('',(0.,-34.5,-16.5));
#46 = VERTEX_POINT('',#47);
#47 = CARTESIAN_POINT('',(0.,-34.5,3.9));
#48 = SURFACE_CURVE('',#49,(#53,#65),.PCURVE_S1.);
#49 = LINE('',#50,#51);
#50 = CARTESIAN_POINT('',(0.,-34.5,-16.5));
#51 = VECTOR('',#52,1.);
#52 = DIRECTION('',(0.,0.,1.));
#53 = PCURVE('',#54,#59);
#54 = PLANE('',#55);
#55 = AXIS2_PLACEMENT_3D('',#56,#57,#58);
#56 = CARTESIAN_POINT('',(0.,-15.52260279299,32.835446239833));
#57 = DIRECTION('',(-1.,-0.,-0.));
#58 = DIRECTION('',(0.,0.,-1.));
#59 = DEFINITIONAL_REPRESENTATION('',(#60),#64);
#60 = LINE('',#61,#62);
#61 = CARTESIAN_POINT('',(49.335446239833,18.977397207003));
#62 = VECTOR('',#63,1.);
#63 = DIRECTION('',(-1.,0.));
#64 = ( GEOMETRIC_REPRESENTATION_CONTEXT(2) 
PARAMETRIC_REPRESENTATION_CONTEXT() REPRESENTATION_CONTEXT('2D SPACE',''
  ) );
#65 = PCURVE('',#66,#71);
#66 = PLANE('',#67);
#67 = AXIS2_PLACEMENT_3D('',#68,#69,#70);
#68 = CARTESIAN_POINT('',(0.,-34.5,-6.5));
#69 = DIRECTION('',(0.,1.,0.));
#70 = DIRECTION('',(0.,0.,1.));
#71 = DEFINITIONAL_REPRESENTATION('',(#72),#76);
#72 = LINE('',#73,#74);
#73 = CARTESIAN_POINT('',(-10.,0.));
#74 = VECTOR('',#75,1.);
#75 = DIRECTION('',(1.,0.));
#76 = ( GEOMETRIC_REPRESENTATION_CONTEXT(2) 
PARAMETRIC_REPRESENTATION_CONTEXT() REPRESENTATION_CONTEXT('2D SPACE',''
  ) );
#77 = ORIENTED_EDGE('',*,*,#78,.T.);
#78 = EDGE_CURVE('',#46,#79,#81,.T.);
#79 = VERTEX_POINT('',#80);
#80 = CARTESIAN_POINT('',(0.,-29.,3.9));
#81 = SURFACE_CURVE('',#82,(#86,#93),.PCURVE_S1.);
#82 = LINE('',#83,#84);
#83 = CARTESIAN_POINT('',(0.,-34.5,3.9));
#84 = VECTOR('',#85,1.);
#85 = DIRECTION('',(0.,1.,0.));
#86 = PCURVE('',#54,#87);
#87 = DEFINITIONAL_REPRESENTATION('',(#88),#92);
#88 = LINE('',#89,#90);
#89 = CARTESIAN_POINT('',(28.935446239833,18.977397207003));
#90 = VECTOR('',#91,1.);
#91 = DIRECTION('',(0.,-1.));
#92 = ( GEOMETRIC_REPRESENTATION_CONTEXT(2) 
PARAMETRIC_REPRESENTATION_CONTEXT() REPRESENTATION_CONTEXT('2D SPACE',''
  ) );
#93 = PCURVE('',#94,#99);
#94 = PLANE('',#95);
#95 = AXIS2_PLACEMENT_3D('',#96,#97,#98);
#96 = CARTESIAN_POINT('',(0.,-34.5,3.9));
#97 = DIRECTION('',(0.,0.,1.));
#98 = DIRECTION('',(1.,0.,0.));
#99 = DEFINITIONAL_REPRESENTATION('',(#100),#104);
#100 = LINE('',#101,#102);
#101 = CARTESIAN_POINT('',(0.,0.));
#102 = VECTOR('',#103,1.);
#103 = DIRECTION('',(0.,1.));
#104 = ( GEOMETRIC_REPRESENTATION_CONTEXT(2) 
PARAMETRIC_REPRESENTATION_CONTEXT() REPRESENTATION_CONTEXT('2D SPACE',''
  ) );
#105 = ORIENTED_EDGE('',*,*,#106,.T.);
#106 = EDGE_CURVE('',#79,#107,#109,.T.);
#107 = VERTEX_POINT('',#108);
#108 = CARTESIAN_POINT('',(0.,-29.,38.));
#109 = SURFACE_CURVE('',#110,(#114,#121),.PCURVE_S1.);
#110 = LINE('',#111,#112);
#111 = CARTESIAN_POINT('',(0.,-29.,-6.5));
#112 = VECTOR('',#113,1.);
#113 = DIRECTION('',(0.,0.,1.));
#114 = PCURVE('',#54,#115);
#115 = DEFINITIONAL_REPRESENTATION('',(#116),#120);
#116 = LINE('',#117,#118);
#117 = CARTESIAN_POINT('',(39.335446239833,13.477397207003));
#118 = VECTOR('',#119,1.);
#119 = DIRECTION('',(-1.,0.));
#120 = ( GEOMETRIC_REPRESENTATION_CONTEXT(2) 
PARAMETRIC_REPRESENTATION_CONTEXT() REPRESENTATION_CONTEXT('2D SPACE',''
  ) );
#121 = PCURVE('',#122,#127);
#122 = PLANE('',#123);
#123 = AXIS2_PLACEMENT_3D('',#124,#125,#126);
#124 = CARTESIAN_POINT('',(0.,-29.,-6.5));
#125 = DIRECTION('',(0.,-1.,0.));
#126 = DIRECTION('',(0.,0.,1.));
#127 = DEFINITIONAL_REPRESENTATION('',(#128),#132);
#128 = LINE('',#129,#130);
#129 = CARTESIAN_POINT('',(0.,0.));
#130 = VECTOR('',#131,1.);
#131 = DIRECTION('',(1.,0.));
#132 = ( GEOMETRIC_REPRESENTATION_CONTEXT(2) 
PARAMETRIC_REPRESENTATION_CONTEXT() REPRESENTATION_CONTEXT('2D SPACE',''
  ) );
#133 = ORIENTED_EDGE('',*,*,#134,.T.);
#134 = EDGE_CURVE('',#107,#135,#137,.T.);
#135 = VERTEX_POINT('',#136);
#136 = CARTESIAN_POINT('',(0.,-18.,58.5));
#137 = SURFACE_CURVE('',#138,(#142,#149),.PCURVE_S1.);
#138 = LINE('',#139,#140);
#139 = CARTESIAN_POINT('',(0.,-29.,38.));
#140 = VECTOR('',#141,1.);
#141 = DIRECTION('',(0.,0.472817704815,0.881160268064));
#142 = PCURVE('',#54,#143);
#143 = DEFINITIONAL_REPRESENTATION('',(#144),#148);
#144 = LINE('',#145,#146);
#145 = CARTESIAN_POINT('',(-5.164553760167,13.477397207003));
#146 = VECTOR('',#147,1.);
#147 = DIRECTION('',(-0.881160268064,-0.472817704815));
#148 = ( GEOMETRIC_REPRESENTATION_CONTEXT(2) 
PARAMETRIC_REPRESENTATION_CONTEXT() REPRESENTATION_CONTEXT('2D SPACE',''
  ) );
#149 = PCURVE('',#150,#155);
#150 = PLANE('',#151);
#151 = AXIS2_PLACEMENT_3D('',#152,#153,#154);
#152 = CARTESIAN_POINT('',(0.,-29.,38.));
#153 = DIRECTION('',(0.,-0.881160268064,0.472817704815));
#154 = DIRECTION('',(0.,0.472817704815,0.881160268064));
#155 = DEFINITIONAL_REPRESENTATION('',(#156),#160);
#156 = LINE('',#157,#158);
#157 = CARTESIAN_POINT('',(0.,0.));
#158 = VECTOR('',#159,1.);
#159 = DIRECTION('',(1.,0.));
#160 = ( GEOMETRIC_REPRESENTATION_CONTEXT(2) 
PARAMETRIC_REPRESENTATION_CONTEXT() REPRESENTATION_CONTEXT('2D SPACE',''
  ) );
#161 = ORIENTED_EDGE('',*,*,#162,.T.);
#162 = EDGE_CURVE('',#135,#163,#165,.T.);
#163 = VERTEX_POINT('',#164);
#164 = CARTESIAN_POINT('',(0.,-7.835,58.5));
#165 = SURFACE_CURVE('',#166,(#170,#177),.PCURVE_S1.);
#166 = LINE('',#167,#168);
#167 = CARTESIAN_POINT('',(0.,-18.,58.5));
#168 = VECTOR('',#169,1.);
#169 = DIRECTION('',(0.,1.,0.));
#170 = PCURVE('',#54,#171);
#171 = DEFINITIONAL_REPRESENTATION('',(#172),#176);
#172 = LINE('',#173,#174);
#173 = CARTESIAN_POINT('',(-25.66455376016,2.477397207003));
#174 = VECTOR('',#175,1.);
#175 = DIRECTION('',(0.,-1.));
#176 = ( GEOMETRIC_REPRESENTATION_CONTEXT(2) 
PARAMETRIC_REPRESENTATION_CONTEXT() REPRESENTATION_CONTEXT('2D SPACE',''
  ) );
#177 = PCURVE('',#178,#183);
#178 = PLANE('',#179);
#179 = AXIS2_PLACEMENT_3D('',#180,#181,#182);
#180 = CARTESIAN_POINT('',(0.,-18.,58.5));
#181 = DIRECTION('',(0.,0.,1.));
#182 = DIRECTION('',(0.,1.,0.));
#183 = DEFINITIONAL_REPRESENTATION('',(#184),#188);
#184 = LINE('',#185,#186);
#185 = CARTESIAN_POINT('',(0.,0.));
#186 = VECTOR('',#187,1.);
#187 = DIRECTION('',(1.,0.));
#188 = ( GEOMETRIC_REPRESENTATION_CONTEXT(2) 
PARAMETRIC_REPRESENTATION_CONTEXT() REPRESENTATION_CONTEXT('2D SPACE',''
  ) );
#189 = ORIENTED_EDGE('',*,*,#190,.F.);
#190 = EDGE_CURVE('',#191,#163,#193,.T.);
#191 = VERTEX_POINT('',#192);
#192 = CARTESIAN_POINT('',(0.,-7.835,59.99));
#193 = SURFACE_CURVE('',#194,(#198,#205),.PCURVE_S1.);
#194 = LINE('',#195,#196);
#195 = CARTESIAN_POINT('',(0.,-7.835,59.99));
#196 = VECTOR('',#197,1.);
#197 = DIRECTION('',(0.,0.,-1.));
#198 = PCURVE('',#54,#199);
#199 = DEFINITIONAL_REPRESENTATION('',(#200),#204);
#200 = LINE('',#201,#202);
#201 = CARTESIAN_POINT('',(-27.15455376016,-7.687602792997));
#202 = VECTOR('',#203,1.);
#203 = DIRECTION('',(1.,0.));
#204 = ( GEOMETRIC_REPRESENTATION_CONTEXT(2) 
PARAMETRIC_REPRESENTATION_CONTEXT() REPRESENTATION_CONTEXT('2D SPACE',''
  ) );
#205 = PCURVE('',#206,#211);
#206 = PLANE('',#207);
#207 = AXIS2_PLACEMENT_3D('',#208,#209,#210);
#208 = CARTESIAN_POINT('',(0.,-7.835,59.99));
#209 = DIRECTION('',(-0.,1.,0.));
#210 = DIRECTION('',(0.,0.,-1.));
#211 = DEFINITIONAL_REPRESENTATION('',(#212),#216);
#212 = LINE('',#213,#214);
#213 = CARTESIAN_POINT('',(0.,0.));
#214 = VECTOR('',#215,1.);
#215 = DIRECTION('',(1.,0.));
#216 = ( GEOMETRIC_REPRESENTATION_CONTEXT(2) 
PARAMETRIC_REPRESENTATION_CONTEXT() REPRESENTATION_CONTEXT('2D SPACE',''
  ) );
#217 = ORIENTED_EDGE('',*,*,#218,.F.);
#218 = EDGE_CURVE('',#219,#191,#221,.T.);
#219 = VERTEX_POINT('',#220);
#220 = CARTESIAN_POINT('',(0.,-10.6,62.755));
#221 = SURFACE_CURVE('',#222,(#226,#233),.PCURVE_S1.);
#222 = LINE('',#223,#224);
#223 = CARTESIAN_POINT('',(0.,-10.6,62.755));
#224 = VECTOR('',#225,1.);
#225 = DIRECTION('',(0.,0.707106781187,-0.707106781187));
#226 = PCURVE('',#54,#227);
#227 = DEFINITIONAL_REPRESENTATION('',(#228),#232);
#228 = LINE('',#229,#230);
#229 = CARTESIAN_POINT('',(-29.91955376016,-4.922602792997));
#230 = VECTOR('',#231,1.);
#231 = DIRECTION('',(0.707106781187,-0.707106781187));
#232 = ( GEOMETRIC_REPRESENTATION_CONTEXT(2) 
PARAMETRIC_REPRESENTATION_CONTEXT() REPRESENTATION_CONTEXT('2D SPACE',''
  ) );
#233 = PCURVE('',#234,#239);
#234 = PLANE('',#235);
#235 = AXIS2_PLACEMENT_3D('',#236,#237,#238);
#236 = CARTESIAN_POINT('',(0.,-10.6,62.755));
#237 = DIRECTION('',(-0.,0.707106781187,0.707106781187));
#238 = DIRECTION('',(0.,0.707106781187,-0.707106781187));
#239 = DEFINITIONAL_REPRESENTATION('',(#240),#244);
#240 = LINE('',#241,#242);
#241 = CARTESIAN_POINT('',(0.,0.));
#242 = VECTOR('',#243,1.);
#243 = DIRECTION('',(1.,0.));
#244 = ( GEOMETRIC_REPRESENTATION_CONTEXT(2) 
PARAMETRIC_REPRESENTATION_CONTEXT() REPRESENTATION_CONTEXT('2D SPACE',''
  ) );
#245 = ORIENTED_EDGE('',*,*,#246,.F.);
#246 = EDGE_CURVE('',#247,#219,#249,.T.);
#247 = VERTEX_POINT('',#248);
#248 = CARTESIAN_POINT('',(0.,10.6,62.755));
#249 = SURFACE_CURVE('',#250,(#254,#261),.PCURVE_S1.);
#250 = LINE('',#251,#252);
#251 = CARTESIAN_POINT('',(0.,10.6,62.755));
#252 = VECTOR('',#253,1.);
#253 = DIRECTION('',(0.,-1.,0.));
#254 = PCURVE('',#54,#255);
#255 = DEFINITIONAL_REPRESENTATION('',(#256),#260);
#256 = LINE('',#257,#258);
#257 = CARTESIAN_POINT('',(-29.91955376016,-26.12260279299));
#258 = VECTOR('',#259,1.);
#259 = DIRECTION('',(0.,1.));
#260 = ( GEOMETRIC_REPRESENTATION_CONTEXT(2) 
PARAMETRIC_REPRESENTATION_CONTEXT() REPRESENTATION_CONTEXT('2D SPACE',''
  ) );
#261 = PCURVE('',#262,#267);
#262 = PLANE('',#263);
#263 = AXIS2_PLACEMENT_3D('',#264,#265,#266);
#264 = CARTESIAN_POINT('',(0.,10.6,62.755));
#265 = DIRECTION('',(0.,0.,-1.));
#266 = DIRECTION('',(0.,-1.,0.));
#267 = DEFINITIONAL_REPRESENTATION('',(#268),#272);
#268 = LINE('',#269,#270);
#269 = CARTESIAN_POINT('',(0.,-0.));
#270 = VECTOR('',#271,1.);
#271 = DIRECTION('',(1.,0.));
#272 = ( GEOMETRIC_REPRESENTATION_CONTEXT(2) 
PARAMETRIC_REPRESENTATION_CONTEXT() REPRESENTATION_CONTEXT('2D SPACE',''
  ) );
#273 = ORIENTED_EDGE('',*,*,#274,.F.);
#274 = EDGE_CURVE('',#275,#247,#277,.T.);
#275 = VERTEX_POINT('',#276);
#276 = CARTESIAN_POINT('',(0.,7.835,59.99));
#277 = SURFACE_CURVE('',#278,(#282,#289),.PCURVE_S1.);
#278 = LINE('',#279,#280);
#279 = CARTESIAN_POINT('',(0.,7.835,59.99));
#280 = VECTOR('',#281,1.);
#281 = DIRECTION('',(0.,0.707106781187,0.707106781187));
#282 = PCURVE('',#54,#283);
#283 = DEFINITIONAL_REPRESENTATION('',(#284),#288);
#284 = LINE('',#285,#286);
#285 = CARTESIAN_POINT('',(-27.15455376016,-23.35760279299));
#286 = VECTOR('',#287,1.);
#287 = DIRECTION('',(-0.707106781187,-0.707106781187));
#288 = ( GEOMETRIC_REPRESENTATION_CONTEXT(2) 
PARAMETRIC_REPRESENTATION_CONTEXT() REPRESENTATION_CONTEXT('2D SPACE',''
  ) );
#289 = PCURVE('',#290,#295);
#290 = PLANE('',#291);
#291 = AXIS2_PLACEMENT_3D('',#292,#293,#294);
#292 = CARTESIAN_POINT('',(0.,7.835,59.99));
#293 = DIRECTION('',(0.,-0.707106781187,0.707106781187));
#294 = DIRECTION('',(0.,0.707106781187,0.707106781187));
#295 = DEFINITIONAL_REPRESENTATION('',(#296),#300);
#296 = LINE('',#297,#298);
#297 = CARTESIAN_POINT('',(0.,0.));
#298 = VECTOR('',#299,1.);
#299 = DIRECTION('',(1.,0.));
#300 = ( GEOMETRIC_REPRESENTATION_CONTEXT(2) 
PARAMETRIC_REPRESENTATION_CONTEXT() REPRESENTATION_CONTEXT('2D SPACE',''
  ) );
#301 = ORIENTED_EDGE('',*,*,#302,.F.);
#302 = EDGE_CURVE('',#303,#275,#305,.T.);
#303 = VERTEX_POINT('',#304);
#304 = CARTESIAN_POINT('',(0.,7.835,58.5));
#305 = SURFACE_CURVE('',#306,(#310,#317),.PCURVE_S1.);
#306 = LINE('',#307,#308);
#307 = CARTESIAN_POINT('',(0.,7.835,58.49));
#308 = VECTOR('',#309,1.);
#309 = DIRECTION('',(0.,0.,1.));
#310 = PCURVE('',#54,#311);
#311 = DEFINITIONAL_REPRESENTATION('',(#312),#316);
#312 = LINE('',#313,#314);
#313 = CARTESIAN_POINT('',(-25.65455376016,-23.35760279299));
#314 = VECTOR('',#315,1.);
#315 = DIRECTION('',(-1.,0.));
#316 = ( GEOMETRIC_REPRESENTATION_CONTEXT(2) 
PARAMETRIC_REPRESENTATION_CONTEXT() REPRESENTATION_CONTEXT('2D SPACE',''
  ) );
#317 = PCURVE('',#318,#323);
#318 = PLANE('',#319);
#319 = AXIS2_PLACEMENT_3D('',#320,#321,#322);
#320 = CARTESIAN_POINT('',(0.,7.835,58.49));
#321 = DIRECTION('',(0.,-1.,0.));
#322 = DIRECTION('',(0.,0.,1.));
#323 = DEFINITIONAL_REPRESENTATION('',(#324),#328);
#324 = LINE('',#325,#326);
#325 = CARTESIAN_POINT('',(0.,0.));
#326 = VECTOR('',#327,1.);
#327 = DIRECTION('',(1.,0.));
#328 = ( GEOMETRIC_REPRESENTATION_CONTEXT(2) 
PARAMETRIC_REPRESENTATION_CONTEXT() REPRESENTATION_CONTEXT('2D SPACE',''
  ) );
#329 = ORIENTED_EDGE('',*,*,#330,.T.);
#330 = EDGE_CURVE('',#303,#331,#333,.T.);
#331 = VERTEX_POINT('',#332);
#332 = CARTESIAN_POINT('',(0.,12.6,58.5));
#333 = SURFACE_CURVE('',#334,(#338,#345),.PCURVE_S1.);
#334 = LINE('',#335,#336);
#335 = CARTESIAN_POINT('',(0.,-18.,58.5));
#336 = VECTOR('',#337,1.);
#337 = DIRECTION('',(0.,1.,0.));
#338 = PCURVE('',#54,#339);
#339 = DEFINITIONAL_REPRESENTATION('',(#340),#344);
#340 = LINE('',#341,#342);
#341 = CARTESIAN_POINT('',(-25.66455376016,2.477397207003));
#342 = VECTOR('',#343,1.);
#343 = DIRECTION('',(0.,-1.));
#344 = ( GEOMETRIC_REPRESENTATION_CONTEXT(2) 
PARAMETRIC_REPRESENTATION_CONTEXT() REPRESENTATION_CONTEXT('2D SPACE',''
  ) );
#345 = PCURVE('',#346,#351);
#346 = PLANE('',#347);
#347 = AXIS2_PLACEMENT_3D('',#348,#349,#350);
#348 = CARTESIAN_POINT('',(0.,-18.,58.5));
#349 = DIRECTION('',(0.,0.,1.));
#350 = DIRECTION('',(0.,1.,0.));
#351 = DEFINITIONAL_REPRESENTATION('',(#352),#356);
#352 = LINE('',#353,#354);
#353 = CARTESIAN_POINT('',(0.,0.));
#354 = VECTOR('',#355,1.);
#355 = DIRECTION('',(1.,0.));
#356 = ( GEOMETRIC_REPRESENTATION_CONTEXT(2) 
PARAMETRIC_REPRESENTATION_CONTEXT() REPRESENTATION_CONTEXT('2D SPACE',''
  ) );
#357 = ORIENTED_EDGE('',*,*,#358,.T.);
#358 = EDGE_CURVE('',#331,#359,#361,.T.);
#359 = VERTEX_POINT('',#360);
#360 = CARTESIAN_POINT('',(0.,12.6,52.5));
#361 = SURFACE_CURVE('',#362,(#366,#373),.PCURVE_S1.);
#362 = LINE('',#363,#364);
#363 = CARTESIAN_POINT('',(0.,12.6,58.5));
#364 = VECTOR('',#365,1.);
#365 = DIRECTION('',(0.,0.,-1.));
#366 = PCURVE('',#54,#367);
#367 = DEFINITIONAL_REPRESENTATION('',(#368),#372);
#368 = LINE('',#369,#370);
#369 = CARTESIAN_POINT('',(-25.66455376016,-28.12260279299));
#370 = VECTOR('',#371,1.);
#371 = DIRECTION('',(1.,0.));
#372 = ( GEOMETRIC_REPRESENTATION_CONTEXT(2) 
PARAMETRIC_REPRESENTATION_CONTEXT() REPRESENTATION_CONTEXT('2D SPACE',''
  ) );
#373 = PCURVE('',#374,#379);
#374 = PLANE('',#375);
#375 = AXIS2_PLACEMENT_3D('',#376,#377,#378);
#376 = CARTESIAN_POINT('',(0.,12.6,58.5));
#377 = DIRECTION('',(-0.,1.,0.));
#378 = DIRECTION('',(0.,0.,-1.));
#379 = DEFINITIONAL_REPRESENTATION('',(#380),#384);
#380 = LINE('',#381,#382);
#381 = CARTESIAN_POINT('',(0.,0.));
#382 = VECTOR('',#383,1.);
#383 = DIRECTION('',(1.,0.));
#384 = ( GEOMETRIC_REPRESENTATION_CONTEXT(2) 
PARAMETRIC_REPRESENTATION_CONTEXT() REPRESENTATION_CONTEXT('2D SPACE',''
  ) );
#385 = ORIENTED_EDGE('',*,*,#386,.T.);
#386 = EDGE_CURVE('',#359,#387,#389,.T.);
#387 = VERTEX_POINT('',#388);
#388 = CARTESIAN_POINT('',(0.,-13.,52.5));
#389 = SURFACE_CURVE('',#390,(#394,#401),.PCURVE_S1.);
#390 = LINE('',#391,#392);
#391 = CARTESIAN_POINT('',(0.,12.6,52.5));
#392 = VECTOR('',#393,1.);
#393 = DIRECTION('',(0.,-1.,0.));
#394 = PCURVE('',#54,#395);
#395 = DEFINITIONAL_REPRESENTATION('',(#396),#400);
#396 = LINE('',#397,#398);
#397 = CARTESIAN_POINT('',(-19.66455376016,-28.12260279299));
#398 = VECTOR('',#399,1.);
#399 = DIRECTION('',(0.,1.));
#400 = ( GEOMETRIC_REPRESENTATION_CONTEXT(2) 
PARAMETRIC_REPRESENTATION_CONTEXT() REPRESENTATION_CONTEXT('2D SPACE',''
  ) );
#401 = PCURVE('',#402,#407);
#402 = PLANE('',#403);
#403 = AXIS2_PLACEMENT_3D('',#404,#405,#406);
#404 = CARTESIAN_POINT('',(0.,12.6,52.5));
#405 = DIRECTION('',(0.,0.,-1.));
#406 = DIRECTION('',(0.,-1.,0.));
#407 = DEFINITIONAL_REPRESENTATION('',(#408),#412);
#408 = LINE('',#409,#410);
#409 = CARTESIAN_POINT('',(0.,-0.));
#410 = VECTOR('',#411,1.);
#411 = DIRECTION('',(1.,0.));
#412 = ( GEOMETRIC_REPRESENTATION_CONTEXT(2) 
PARAMETRIC_REPRESENTATION_CONTEXT() REPRESENTATION_CONTEXT('2D SPACE',''
  ) );
#413 = ORIENTED_EDGE('',*,*,#414,.T.);
#414 = EDGE_CURVE('',#387,#415,#417,.T.);
#415 = VERTEX_POINT('',#416);
#416 = CARTESIAN_POINT('',(0.,-17.,48.5));
#417 = SURFACE_CURVE('',#418,(#422,#429),.PCURVE_S1.);
#418 = LINE('',#419,#420);
#419 = CARTESIAN_POINT('',(0.,-13.,52.5));
#420 = VECTOR('',#421,1.);
#421 = DIRECTION('',(0.,-0.707106781187,-0.707106781187));
#422 = PCURVE('',#54,#423);
#423 = DEFINITIONAL_REPRESENTATION('',(#424),#428);
#424 = LINE('',#425,#426);
#425 = CARTESIAN_POINT('',(-19.66455376016,-2.522602792997));
#426 = VECTOR('',#427,1.);
#427 = DIRECTION('',(0.707106781187,0.707106781187));
#428 = ( GEOMETRIC_REPRESENTATION_CONTEXT(2) 
PARAMETRIC_REPRESENTATION_CONTEXT() REPRESENTATION_CONTEXT('2D SPACE',''
  ) );
#429 = PCURVE('',#430,#435);
#430 = PLANE('',#431);
#431 = AXIS2_PLACEMENT_3D('',#432,#433,#434);
#432 = CARTESIAN_POINT('',(0.,-13.,52.5));
#433 = DIRECTION('',(0.,0.707106781187,-0.707106781187));
#434 = DIRECTION('',(0.,-0.707106781187,-0.707106781187));
#435 = DEFINITIONAL_REPRESENTATION('',(#436),#440);
#436 = LINE('',#437,#438);
#437 = CARTESIAN_POINT('',(0.,0.));
#438 = VECTOR('',#439,1.);
#439 = DIRECTION('',(1.,0.));
#440 = ( GEOMETRIC_REPRESENTATION_CONTEXT(2) 
PARAMETRIC_REPRESENTATION_CONTEXT() REPRESENTATION_CONTEXT('2D SPACE',''
  ) );
#441 = ORIENTED_EDGE('',*,*,#442,.T.);
#442 = EDGE_CURVE('',#415,#443,#445,.T.);
#443 = VERTEX_POINT('',#444);
#444 = CARTESIAN_POINT('',(0.,-17.,13.25));
#445 = SURFACE_CURVE('',#446,(#450,#457),.PCURVE_S1.);
#446 = LINE('',#447,#448);
#447 = CARTESIAN_POINT('',(0.,-17.,48.5));
#448 = VECTOR('',#449,1.);
#449 = DIRECTION('',(0.,0.,-1.));
#450 = PCURVE('',#54,#451);
#451 = DEFINITIONAL_REPRESENTATION('',(#452),#456);
#452 = LINE('',#453,#454);
#453 = CARTESIAN_POINT('',(-15.66455376016,1.477397207003));
#454 = VECTOR('',#455,1.);
#455 = DIRECTION('',(1.,0.));
#456 = ( GEOMETRIC_REPRESENTATION_CONTEXT(2) 
PARAMETRIC_REPRESENTATION_CONTEXT() REPRESENTATION_CONTEXT('2D SPACE',''
  ) );
#457 = PCURVE('',#458,#463);
#458 = PLANE('',#459);
#459 = AXIS2_PLACEMENT_3D('',#460,#461,#462);
#460 = CARTESIAN_POINT('',(0.,-17.,48.5));
#461 = DIRECTION('',(-0.,1.,0.));
#462 = DIRECTION('',(0.,0.,-1.));
#463 = DEFINITIONAL_REPRESENTATION('',(#464),#468);
#464 = LINE('',#465,#466);
#465 = CARTESIAN_POINT('',(0.,0.));
#466 = VECTOR('',#467,1.);
#467 = DIRECTION('',(1.,0.));
#468 = ( GEOMETRIC_REPRESENTATION_CONTEXT(2) 
PARAMETRIC_REPRESENTATION_CONTEXT() REPRESENTATION_CONTEXT('2D SPACE',''
  ) );
#469 = ORIENTED_EDGE('',*,*,#470,.T.);
#470 = EDGE_CURVE('',#443,#471,#473,.T.);
#471 = VERTEX_POINT('',#472);
#472 = CARTESIAN_POINT('',(0.,-22.75,7.75));
#473 = SURFACE_CURVE('',#474,(#478,#484),.PCURVE_S1.);
#474 = LINE('',#475,#476);
#475 = CARTESIAN_POINT('',(0.,-11.72271524192,18.29783759468));
#476 = VECTOR('',#477,1.);
#477 = DIRECTION('',(0.,-0.722641857148,-0.691222645967));
#478 = PCURVE('',#54,#479);
#479 = DEFINITIONAL_REPRESENTATION('',(#480),#483);
#480 = B_SPLINE_CURVE_WITH_KNOTS('',1,(#481,#482),.UNSPECIFIED.,.F.,.F.,
  (2,2),(7.302766516881,15.259681748301),.PIECEWISE_BEZIER_KNOTS.);
#481 = CARTESIAN_POINT('',(19.585446239833,1.477397207003));
#482 = CARTESIAN_POINT('',(25.085446239833,7.227397207003));
#483 = ( GEOMETRIC_REPRESENTATION_CONTEXT(2) 
PARAMETRIC_REPRESENTATION_CONTEXT() REPRESENTATION_CONTEXT('2D SPACE',''
  ) );
#484 = PCURVE('',#485,#490);
#485 = PLANE('',#486);
#486 = AXIS2_PLACEMENT_3D('',#487,#488,#489);
#487 = CARTESIAN_POINT('',(-1.,-17.,13.25));
#488 = DIRECTION('',(0.,0.691222645967,-0.722641857148));
#489 = DIRECTION('',(0.,-0.722641857148,-0.691222645967));
#490 = DEFINITIONAL_REPRESENTATION('',(#491),#494);
#491 = B_SPLINE_CURVE_WITH_KNOTS('',1,(#492,#493),.UNSPECIFIED.,.F.,.F.,
  (2,2),(7.302766516881,15.259681748301),.PIECEWISE_BEZIER_KNOTS.);
#492 = CARTESIAN_POINT('',(0.,-1.));
#493 = CARTESIAN_POINT('',(7.95691523142,-1.));
#494 = ( GEOMETRIC_REPRESENTATION_CONTEXT(2) 
PARAMETRIC_REPRESENTATION_CONTEXT() REPRESENTATION_CONTEXT('2D SPACE',''
  ) );
#495 = ORIENTED_EDGE('',*,*,#496,.T.);
#496 = EDGE_CURVE('',#471,#497,#499,.T.);
#497 = VERTEX_POINT('',#498);
#498 = CARTESIAN_POINT('',(0.,-22.75,-6.5));
#499 = SURFACE_CURVE('',#500,(#504,#510),.PCURVE_S1.);
#500 = LINE('',#501,#502);
#501 = CARTESIAN_POINT('',(0.,-22.75,20.292723119916));
#502 = VECTOR('',#503,1.);
#503 = DIRECTION('',(0.,0.,-1.));
#504 = PCURVE('',#54,#505);
#505 = DEFINITIONAL_REPRESENTATION('',(#506),#509);
#506 = B_SPLINE_CURVE_WITH_KNOTS('',1,(#507,#508),.UNSPECIFIED.,.F.,.F.,
  (2,2),(12.542723119916,28.042723119916),.PIECEWISE_BEZIER_KNOTS.);
#507 = CARTESIAN_POINT('',(25.085446239833,7.227397207003));
#508 = CARTESIAN_POINT('',(40.585446239833,7.227397207003));
#509 = ( GEOMETRIC_REPRESENTATION_CONTEXT(2) 
PARAMETRIC_REPRESENTATION_CONTEXT() REPRESENTATION_CONTEXT('2D SPACE',''
  ) );
#510 = PCURVE('',#511,#516);
#511 = PLANE('',#512);
#512 = AXIS2_PLACEMENT_3D('',#513,#514,#515);
#513 = CARTESIAN_POINT('',(-1.,-22.75,7.75));
#514 = DIRECTION('',(-0.,1.,0.));
#515 = DIRECTION('',(0.,0.,-1.));
#516 = DEFINITIONAL_REPRESENTATION('',(#517),#520);
#517 = B_SPLINE_CURVE_WITH_KNOTS('',1,(#518,#519),.UNSPECIFIED.,.F.,.F.,
  (2,2),(12.542723119916,28.042723119916),.PIECEWISE_BEZIER_KNOTS.);
#518 = CARTESIAN_POINT('',(0.,-1.));
#519 = CARTESIAN_POINT('',(15.5,-1.));
#520 = ( GEOMETRIC_REPRESENTATION_CONTEXT(2) 
PARAMETRIC_REPRESENTATION_CONTEXT() REPRESENTATION_CONTEXT('2D SPACE',''
  ) );
#521 = ORIENTED_EDGE('',*,*,#522,.T.);
#522 = EDGE_CURVE('',#497,#523,#525,.T.);
#523 = VERTEX_POINT('',#524);
#524 = CARTESIAN_POINT('',(0.,-23.75,-6.5));
#525 = SURFACE_CURVE('',#526,(#530,#537),.PCURVE_S1.);
#526 = LINE('',#527,#528);
#527 = CARTESIAN_POINT('',(0.,-17.,-6.5));
#528 = VECTOR('',#529,1.);
#529 = DIRECTION('',(0.,-1.,0.));
#530 = PCURVE('',#54,#531);
#531 = DEFINITIONAL_REPRESENTATION('',(#532),#536);
#532 = LINE('',#533,#534);
#533 = CARTESIAN_POINT('',(39.335446239833,1.477397207003));
#534 = VECTOR('',#535,1.);
#535 = DIRECTION('',(0.,1.));
#536 = ( GEOMETRIC_REPRESENTATION_CONTEXT(2) 
PARAMETRIC_REPRESENTATION_CONTEXT() REPRESENTATION_CONTEXT('2D SPACE',''
  ) );
#537 = PCURVE('',#538,#543);
#538 = PLANE('',#539);
#539 = AXIS2_PLACEMENT_3D('',#540,#541,#542);
#540 = CARTESIAN_POINT('',(0.,-17.,-6.5));
#541 = DIRECTION('',(0.,0.,-1.));
#542 = DIRECTION('',(0.,-1.,0.));
#543 = DEFINITIONAL_REPRESENTATION('',(#544),#548);
#544 = LINE('',#545,#546);
#545 = CARTESIAN_POINT('',(0.,-0.));
#546 = VECTOR('',#547,1.);
#547 = DIRECTION('',(1.,0.));
#548 = ( GEOMETRIC_REPRESENTATION_CONTEXT(2) 
PARAMETRIC_REPRESENTATION_CONTEXT() REPRESENTATION_CONTEXT('2D SPACE',''
  ) );
#549 = ORIENTED_EDGE('',*,*,#550,.F.);
#550 = EDGE_CURVE('',#551,#523,#553,.T.);
#551 = VERTEX_POINT('',#552);
#552 = CARTESIAN_POINT('',(0.,-23.75,-16.5));
#553 = SURFACE_CURVE('',#554,(#558,#565),.PCURVE_S1.);
#554 = LINE('',#555,#556);
#555 = CARTESIAN_POINT('',(0.,-23.75,-16.5));
#556 = VECTOR('',#557,1.);
#557 = DIRECTION('',(0.,0.,1.));
#558 = PCURVE('',#54,#559);
#559 = DEFINITIONAL_REPRESENTATION('',(#560),#564);
#560 = LINE('',#561,#562);
#561 = CARTESIAN_POINT('',(49.335446239833,8.227397207003));
#562 = VECTOR('',#563,1.);
#563 = DIRECTION('',(-1.,0.));
#564 = ( GEOMETRIC_REPRESENTATION_CONTEXT(2) 
PARAMETRIC_REPRESENTATION_CONTEXT() REPRESENTATION_CONTEXT('2D SPACE',''
  ) );
#565 = PCURVE('',#566,#571);
#566 = PLANE('',#567);
#567 = AXIS2_PLACEMENT_3D('',#568,#569,#570);
#568 = CARTESIAN_POINT('',(0.,-23.75,-16.5));
#569 = DIRECTION('',(0.,1.,0.));
#570 = DIRECTION('',(0.,0.,1.));
#571 = DEFINITIONAL_REPRESENTATION('',(#572),#576);
#572 = LINE('',#573,#574);
#573 = CARTESIAN_POINT('',(0.,0.));
#574 = VECTOR('',#575,1.);
#575 = DIRECTION('',(1.,0.));
#576 = ( GEOMETRIC_REPRESENTATION_CONTEXT(2) 
PARAMETRIC_REPRESENTATION_CONTEXT() REPRESENTATION_CONTEXT('2D SPACE',''
  ) );
#577 = ORIENTED_EDGE('',*,*,#578,.F.);
#578 = EDGE_CURVE('',#44,#551,#579,.T.);
#579 = SURFACE_CURVE('',#580,(#584,#591),.PCURVE_S1.);
#580 = LINE('',#581,#582);
#581 = CARTESIAN_POINT('',(0.,-34.5,-16.5));
#582 = VECTOR('',#583,1.);
#583 = DIRECTION('',(0.,1.,0.));
#584 = PCURVE('',#54,#585);
#585 = DEFINITIONAL_REPRESENTATION('',(#586),#590);
#586 = LINE('',#587,#588);
#587 = CARTESIAN_POINT('',(49.335446239833,18.977397207003));
#588 = VECTOR('',#589,1.);
#589 = DIRECTION('',(0.,-1.));
#590 = ( GEOMETRIC_REPRESENTATION_CONTEXT(2) 
PARAMETRIC_REPRESENTATION_CONTEXT() REPRESENTATION_CONTEXT('2D SPACE',''
  ) );
#591 = PCURVE('',#592,#597);
#592 = PLANE('',#593);
#593 = AXIS2_PLACEMENT_3D('',#594,#595,#596);
#594 = CARTESIAN_POINT('',(0.,-34.5,-16.5));
#595 = DIRECTION('',(0.,0.,1.));
#596 = DIRECTION('',(1.,0.,0.));
#597 = DEFINITIONAL_REPRESENTATION('',(#598),#602);
#598 = LINE('',#599,#600);
#599 = CARTESIAN_POINT('',(0.,0.));
#600 = VECTOR('',#601,1.);
#601 = DIRECTION('',(0.,1.));
#602 = ( GEOMETRIC_REPRESENTATION_CONTEXT(2) 
PARAMETRIC_REPRESENTATION_CONTEXT() REPRESENTATION_CONTEXT('2D SPACE',''
  ) );
#603 = ADVANCED_FACE('',(#604,#728,#759,#865),#66,.F.);
#604 = FACE_BOUND('',#605,.F.);
#605 = EDGE_LOOP('',(#606,#607,#630,#656,#679,#707));
#606 = ORIENTED_EDGE('',*,*,#43,.T.);
#607 = ORIENTED_EDGE('',*,*,#608,.T.);
#608 = EDGE_CURVE('',#46,#609,#611,.T.);
#609 = VERTEX_POINT('',#610);
#610 = CARTESIAN_POINT('',(130.92949640287,-34.5,3.9));
#611 = SURFACE_CURVE('',#612,(#616,#623),.PCURVE_S1.);
#612 = LINE('',#613,#614);
#613 = CARTESIAN_POINT('',(0.,-34.5,3.9));
#614 = VECTOR('',#615,1.);
#615 = DIRECTION('',(1.,0.,0.));
#616 = PCURVE('',#66,#617);
#617 = DEFINITIONAL_REPRESENTATION('',(#618),#622);
#618 = LINE('',#619,#620);
#619 = CARTESIAN_POINT('',(10.4,0.));
#620 = VECTOR('',#621,1.);
#621 = DIRECTION('',(0.,1.));
#622 = ( GEOMETRIC_REPRESENTATION_CONTEXT(2) 
PARAMETRIC_REPRESENTATION_CONTEXT() REPRESENTATION_CONTEXT('2D SPACE',''
  ) );
#623 = PCURVE('',#94,#624);
#624 = DEFINITIONAL_REPRESENTATION('',(#625),#629);
#625 = LINE('',#626,#627);
#626 = CARTESIAN_POINT('',(0.,0.));
#627 = VECTOR('',#628,1.);
#628 = DIRECTION('',(1.,0.));
#629 = ( GEOMETRIC_REPRESENTATION_CONTEXT(2) 
PARAMETRIC_REPRESENTATION_CONTEXT() REPRESENTATION_CONTEXT('2D SPACE',''
  ) );
#630 = ORIENTED_EDGE('',*,*,#631,.T.);
#631 = EDGE_CURVE('',#609,#632,#634,.T.);
#632 = VERTEX_POINT('',#633);
#633 = CARTESIAN_POINT('',(126.58992805755,-34.5,-6.5));
#634 = SURFACE_CURVE('',#635,(#639,#645),.PCURVE_S1.);
#635 = LINE('',#636,#637);
#636 = CARTESIAN_POINT('',(129.40883843949,-34.5,0.255664536037));
#637 = VECTOR('',#638,1.);
#638 = DIRECTION('',(-0.385086773066,0.,-0.922880369934));
#639 = PCURVE('',#66,#640);
#640 = DEFINITIONAL_REPRESENTATION('',(#641),#644);
#641 = B_SPLINE_CURVE_WITH_KNOTS('',1,(#642,#643),.UNSPECIFIED.,.F.,.F.,
  (2,2),(-3.948870929201,18.155835882861),.PIECEWISE_BEZIER_KNOTS.);
#642 = CARTESIAN_POINT('',(10.4,130.92949640287));
#643 = CARTESIAN_POINT('',(-10.,122.41726618705));
#644 = ( GEOMETRIC_REPRESENTATION_CONTEXT(2) 
PARAMETRIC_REPRESENTATION_CONTEXT() REPRESENTATION_CONTEXT('2D SPACE',''
  ) );
#645 = PCURVE('',#646,#651);
#646 = PLANE('',#647);
#647 = AXIS2_PLACEMENT_3D('',#648,#649,#650);
#648 = CARTESIAN_POINT('',(151.,0.,52.));
#649 = DIRECTION('',(0.922880369934,0.,-0.385086773066));
#650 = DIRECTION('',(-0.385086773066,0.,-0.922880369934));
#651 = DEFINITIONAL_REPRESENTATION('',(#652),#655);
#652 = B_SPLINE_CURVE_WITH_KNOTS('',1,(#653,#654),.UNSPECIFIED.,.F.,.F.,
  (2,2),(-3.948870929201,18.155835882861),.PIECEWISE_BEZIER_KNOTS.);
#653 = CARTESIAN_POINT('',(52.119431257853,-34.5));
#654 = CARTESIAN_POINT('',(74.224138069916,-34.5));
#655 = ( GEOMETRIC_REPRESENTATION_CONTEXT(2) 
PARAMETRIC_REPRESENTATION_CONTEXT() REPRESENTATION_CONTEXT('2D SPACE',''
  ) );
#656 = ORIENTED_EDGE('',*,*,#657,.F.);
#657 = EDGE_CURVE('',#658,#632,#660,.T.);
#658 = VERTEX_POINT('',#659);
#659 = CARTESIAN_POINT('',(12.,-34.5,-6.5));
#660 = SURFACE_CURVE('',#661,(#665,#672),.PCURVE_S1.);
#661 = LINE('',#662,#663);
#662 = CARTESIAN_POINT('',(0.,-34.5,-6.5));
#663 = VECTOR('',#664,1.);
#664 = DIRECTION('',(1.,0.,0.));
#665 = PCURVE('',#66,#666);
#666 = DEFINITIONAL_REPRESENTATION('',(#667),#671);
#667 = LINE('',#668,#669);
#668 = CARTESIAN_POINT('',(0.,0.));
#669 = VECTOR('',#670,1.);
#670 = DIRECTION('',(0.,1.));
#671 = ( GEOMETRIC_REPRESENTATION_CONTEXT(2) 
PARAMETRIC_REPRESENTATION_CONTEXT() REPRESENTATION_CONTEXT('2D SPACE',''
  ) );
#672 = PCURVE('',#538,#673);
#673 = DEFINITIONAL_REPRESENTATION('',(#674),#678);
#674 = LINE('',#675,#676);
#675 = CARTESIAN_POINT('',(17.5,0.));
#676 = VECTOR('',#677,1.);
#677 = DIRECTION('',(0.,-1.));
#678 = ( GEOMETRIC_REPRESENTATION_CONTEXT(2) 
PARAMETRIC_REPRESENTATION_CONTEXT() REPRESENTATION_CONTEXT('2D SPACE',''
  ) );
#679 = ORIENTED_EDGE('',*,*,#680,.F.);
#680 = EDGE_CURVE('',#681,#658,#683,.T.);
#681 = VERTEX_POINT('',#682);
#682 = CARTESIAN_POINT('',(12.,-34.5,-16.5));
#683 = SURFACE_CURVE('',#684,(#688,#695),.PCURVE_S1.);
#684 = LINE('',#685,#686);
#685 = CARTESIAN_POINT('',(12.,-34.5,-16.5));
#686 = VECTOR('',#687,1.);
#687 = DIRECTION('',(0.,0.,1.));
#688 = PCURVE('',#66,#689);
#689 = DEFINITIONAL_REPRESENTATION('',(#690),#694);
#690 = LINE('',#691,#692);
#691 = CARTESIAN_POINT('',(-10.,12.));
#692 = VECTOR('',#693,1.);
#693 = DIRECTION('',(1.,0.));
#694 = ( GEOMETRIC_REPRESENTATION_CONTEXT(2) 
PARAMETRIC_REPRESENTATION_CONTEXT() REPRESENTATION_CONTEXT('2D SPACE',''
  ) );
#695 = PCURVE('',#696,#701);
#696 = PLANE('',#697);
#697 = AXIS2_PLACEMENT_3D('',#698,#699,#700);
#698 = CARTESIAN_POINT('',(12.,-34.5,-16.5));
#699 = DIRECTION('',(1.,0.,0.));
#700 = DIRECTION('',(0.,0.,1.));
#701 = DEFINITIONAL_REPRESENTATION('',(#702),#706);
#702 = LINE('',#703,#704);
#703 = CARTESIAN_POINT('',(0.,0.));
#704 = VECTOR('',#705,1.);
#705 = DIRECTION('',(1.,0.));
#706 = ( GEOMETRIC_REPRESENTATION_CONTEXT(2) 
PARAMETRIC_REPRESENTATION_CONTEXT() REPRESENTATION_CONTEXT('2D SPACE',''
  ) );
#707 = ORIENTED_EDGE('',*,*,#708,.F.);
#708 = EDGE_CURVE('',#44,#681,#709,.T.);
#709 = SURFACE_CURVE('',#710,(#714,#721),.PCURVE_S1.);
#710 = LINE('',#711,#712);
#711 = CARTESIAN_POINT('',(0.,-34.5,-16.5));
#712 = VECTOR('',#713,1.);
#713 = DIRECTION('',(1.,0.,0.));
#714 = PCURVE('',#66,#715);
#715 = DEFINITIONAL_REPRESENTATION('',(#716),#720);
#716 = LINE('',#717,#718);
#717 = CARTESIAN_POINT('',(-10.,0.));
#718 = VECTOR('',#719,1.);
#719 = DIRECTION('',(0.,1.));
#720 = ( GEOMETRIC_REPRESENTATION_CONTEXT(2) 
PARAMETRIC_REPRESENTATION_CONTEXT() REPRESENTATION_CONTEXT('2D SPACE',''
  ) );
#721 = PCURVE('',#592,#722);
#722 = DEFINITIONAL_REPRESENTATION('',(#723),#727);
#723 = LINE('',#724,#725);
#724 = CARTESIAN_POINT('',(0.,0.));
#725 = VECTOR('',#726,1.);
#726 = DIRECTION('',(1.,0.));
#727 = ( GEOMETRIC_REPRESENTATION_CONTEXT(2) 
PARAMETRIC_REPRESENTATION_CONTEXT() REPRESENTATION_CONTEXT('2D SPACE',''
  ) );
#728 = FACE_BOUND('',#729,.F.);
#729 = EDGE_LOOP('',(#730));
#730 = ORIENTED_EDGE('',*,*,#731,.F.);
#731 = EDGE_CURVE('',#732,#732,#734,.T.);
#732 = VERTEX_POINT('',#733);
#733 = CARTESIAN_POINT('',(8.5,-34.5,-11.5));
#734 = SURFACE_CURVE('',#735,(#740,#747),.PCURVE_S1.);
#735 = CIRCLE('',#736,2.5);
#736 = AXIS2_PLACEMENT_3D('',#737,#738,#739);
#737 = CARTESIAN_POINT('',(6.,-34.5,-11.5));
#738 = DIRECTION('',(-0.,1.,0.));
#739 = DIRECTION('',(1.,0.,0.));
#740 = PCURVE('',#66,#741);
#741 = DEFINITIONAL_REPRESENTATION('',(#742),#746);
#742 = CIRCLE('',#743,2.5);
#743 = AXIS2_PLACEMENT_2D('',#744,#745);
#744 = CARTESIAN_POINT('',(-5.,6.));
#745 = DIRECTION('',(0.,1.));
#746 = ( GEOMETRIC_REPRESENTATION_CONTEXT(2) 
PARAMETRIC_REPRESENTATION_CONTEXT() REPRESENTATION_CONTEXT('2D SPACE',''
  ) );
#747 = PCURVE('',#748,#753);
#748 = CYLINDRICAL_SURFACE('',#749,2.5);
#749 = AXIS2_PLACEMENT_3D('',#750,#751,#752);
#750 = CARTESIAN_POINT('',(6.,0.,-11.5));
#751 = DIRECTION('',(-0.,1.,-0.));
#752 = DIRECTION('',(1.,0.,0.));
#753 = DEFINITIONAL_REPRESENTATION('',(#754),#758);
#754 = LINE('',#755,#756);
#755 = CARTESIAN_POINT('',(-6.28318530718,-34.5));
#756 = VECTOR('',#757,1.);
#757 = DIRECTION('',(1.,-0.));
#758 = ( GEOMETRIC_REPRESENTATION_CONTEXT(2) 
PARAMETRIC_REPRESENTATION_CONTEXT() REPRESENTATION_CONTEXT('2D SPACE',''
  ) );
#759 = FACE_BOUND('',#760,.F.);
#760 = EDGE_LOOP('',(#761,#789,#815,#841));
#761 = ORIENTED_EDGE('',*,*,#762,.F.);
#762 = EDGE_CURVE('',#763,#765,#767,.T.);
#763 = VERTEX_POINT('',#764);
#764 = CARTESIAN_POINT('',(43.4,-34.5,1.4));
#765 = VERTEX_POINT('',#766);
#766 = CARTESIAN_POINT('',(50.6,-34.5,1.4));
#767 = SURFACE_CURVE('',#768,(#772,#778),.PCURVE_S1.);
#768 = LINE('',#769,#770);
#769 = CARTESIAN_POINT('',(21.7,-34.5,1.4));
#770 = VECTOR('',#771,1.);
#771 = DIRECTION('',(1.,0.,0.));
#772 = PCURVE('',#66,#773);
#773 = DEFINITIONAL_REPRESENTATION('',(#774),#777);
#774 = B_SPLINE_CURVE_WITH_KNOTS('',1,(#775,#776),.UNSPECIFIED.,.F.,.F.,
  (2,2),(21.7,28.9),.PIECEWISE_BEZIER_KNOTS.);
#775 = CARTESIAN_POINT('',(7.9,43.4));
#776 = CARTESIAN_POINT('',(7.9,50.6));
#777 = ( GEOMETRIC_REPRESENTATION_CONTEXT(2) 
PARAMETRIC_REPRESENTATION_CONTEXT() REPRESENTATION_CONTEXT('2D SPACE',''
  ) );
#778 = PCURVE('',#779,#784);
#779 = PLANE('',#780);
#780 = AXIS2_PLACEMENT_3D('',#781,#782,#783);
#781 = CARTESIAN_POINT('',(43.4,-35.5,1.4));
#782 = DIRECTION('',(0.,0.,1.));
#783 = DIRECTION('',(1.,0.,0.));
#784 = DEFINITIONAL_REPRESENTATION('',(#785),#788);
#785 = B_SPLINE_CURVE_WITH_KNOTS('',1,(#786,#787),.UNSPECIFIED.,.F.,.F.,
  (2,2),(21.7,28.9),.PIECEWISE_BEZIER_KNOTS.);
#786 = CARTESIAN_POINT('',(0.,1.));
#787 = CARTESIAN_POINT('',(7.2,1.));
#788 = ( GEOMETRIC_REPRESENTATION_CONTEXT(2) 
PARAMETRIC_REPRESENTATION_CONTEXT() REPRESENTATION_CONTEXT('2D SPACE',''
  ) );
#789 = ORIENTED_EDGE('',*,*,#790,.T.);
#790 = EDGE_CURVE('',#763,#791,#793,.T.);
#791 = VERTEX_POINT('',#792);
#792 = CARTESIAN_POINT('',(43.4,-34.5,-2.));
#793 = SURFACE_CURVE('',#794,(#798,#804),.PCURVE_S1.);
#794 = LINE('',#795,#796);
#795 = CARTESIAN_POINT('',(43.4,-34.5,-4.25));
#796 = VECTOR('',#797,1.);
#797 = DIRECTION('',(0.,0.,-1.));
#798 = PCURVE('',#66,#799);
#799 = DEFINITIONAL_REPRESENTATION('',(#800),#803);
#800 = B_SPLINE_CURVE_WITH_KNOTS('',1,(#801,#802),.UNSPECIFIED.,.F.,.F.,
  (2,2),(-5.65,-2.25),.PIECEWISE_BEZIER_KNOTS.);
#801 = CARTESIAN_POINT('',(7.9,43.4));
#802 = CARTESIAN_POINT('',(4.5,43.4));
#803 = ( GEOMETRIC_REPRESENTATION_CONTEXT(2) 
PARAMETRIC_REPRESENTATION_CONTEXT() REPRESENTATION_CONTEXT('2D SPACE',''
  ) );
#804 = PCURVE('',#805,#810);
#805 = PLANE('',#806);
#806 = AXIS2_PLACEMENT_3D('',#807,#808,#809);
#807 = CARTESIAN_POINT('',(43.4,-35.5,-2.));
#808 = DIRECTION('',(1.,0.,0.));
#809 = DIRECTION('',(0.,0.,1.));
#810 = DEFINITIONAL_REPRESENTATION('',(#811),#814);
#811 = B_SPLINE_CURVE_WITH_KNOTS('',1,(#812,#813),.UNSPECIFIED.,.F.,.F.,
  (2,2),(-5.65,-2.25),.PIECEWISE_BEZIER_KNOTS.);
#812 = CARTESIAN_POINT('',(3.4,-1.));
#813 = CARTESIAN_POINT('',(0.,-1.));
#814 = ( GEOMETRIC_REPRESENTATION_CONTEXT(2) 
PARAMETRIC_REPRESENTATION_CONTEXT() REPRESENTATION_CONTEXT('2D SPACE',''
  ) );
#815 = ORIENTED_EDGE('',*,*,#816,.T.);
#816 = EDGE_CURVE('',#791,#817,#819,.T.);
#817 = VERTEX_POINT('',#818);
#818 = CARTESIAN_POINT('',(50.6,-34.5,-2.));
#819 = SURFACE_CURVE('',#820,(#824,#830),.PCURVE_S1.);
#820 = LINE('',#821,#822);
#821 = CARTESIAN_POINT('',(21.7,-34.5,-2.));
#822 = VECTOR('',#823,1.);
#823 = DIRECTION('',(1.,0.,0.));
#824 = PCURVE('',#66,#825);
#825 = DEFINITIONAL_REPRESENTATION('',(#826),#829);
#826 = B_SPLINE_CURVE_WITH_KNOTS('',1,(#827,#828),.UNSPECIFIED.,.F.,.F.,
  (2,2),(21.7,28.9),.PIECEWISE_BEZIER_KNOTS.);
#827 = CARTESIAN_POINT('',(4.5,43.4));
#828 = CARTESIAN_POINT('',(4.5,50.6));
#829 = ( GEOMETRIC_REPRESENTATION_CONTEXT(2) 
PARAMETRIC_REPRESENTATION_CONTEXT() REPRESENTATION_CONTEXT('2D SPACE',''
  ) );
#830 = PCURVE('',#831,#836);
#831 = PLANE('',#832);
#832 = AXIS2_PLACEMENT_3D('',#833,#834,#835);
#833 = CARTESIAN_POINT('',(43.4,-35.5,-2.));
#834 = DIRECTION('',(0.,0.,1.));
#835 = DIRECTION('',(1.,0.,0.));
#836 = DEFINITIONAL_REPRESENTATION('',(#837),#840);
#837 = B_SPLINE_CURVE_WITH_KNOTS('',1,(#838,#839),.UNSPECIFIED.,.F.,.F.,
  (2,2),(21.7,28.9),.PIECEWISE_BEZIER_KNOTS.);
#838 = CARTESIAN_POINT('',(0.,1.));
#839 = CARTESIAN_POINT('',(7.2,1.));
#840 = ( GEOMETRIC_REPRESENTATION_CONTEXT(2) 
PARAMETRIC_REPRESENTATION_CONTEXT() REPRESENTATION_CONTEXT('2D SPACE',''
  ) );
#841 = ORIENTED_EDGE('',*,*,#842,.F.);
#842 = EDGE_CURVE('',#765,#817,#843,.T.);
#843 = SURFACE_CURVE('',#844,(#848,#854),.PCURVE_S1.);
#844 = LINE('',#845,#846);
#845 = CARTESIAN_POINT('',(50.6,-34.5,-4.25));
#846 = VECTOR('',#847,1.);
#847 = DIRECTION('',(0.,0.,-1.));
#848 = PCURVE('',#66,#849);
#849 = DEFINITIONAL_REPRESENTATION('',(#850),#853);
#850 = B_SPLINE_CURVE_WITH_KNOTS('',1,(#851,#852),.UNSPECIFIED.,.F.,.F.,
  (2,2),(-5.65,-2.25),.PIECEWISE_BEZIER_KNOTS.);
#851 = CARTESIAN_POINT('',(7.9,50.6));
#852 = CARTESIAN_POINT('',(4.5,50.6));
#853 = ( GEOMETRIC_REPRESENTATION_CONTEXT(2) 
PARAMETRIC_REPRESENTATION_CONTEXT() REPRESENTATION_CONTEXT('2D SPACE',''
  ) );
#854 = PCURVE('',#855,#860);
#855 = PLANE('',#856);
#856 = AXIS2_PLACEMENT_3D('',#857,#858,#859);
#857 = CARTESIAN_POINT('',(50.6,-35.5,-2.));
#858 = DIRECTION('',(1.,0.,0.));
#859 = DIRECTION('',(0.,0.,1.));
#860 = DEFINITIONAL_REPRESENTATION('',(#861),#864);
#861 = B_SPLINE_CURVE_WITH_KNOTS('',1,(#862,#863),.UNSPECIFIED.,.F.,.F.,
  (2,2),(-5.65,-2.25),.PIECEWISE_BEZIER_KNOTS.);
#862 = CARTESIAN_POINT('',(3.4,-1.));
#863 = CARTESIAN_POINT('',(0.,-1.));
#864 = ( GEOMETRIC_REPRESENTATION_CONTEXT(2) 
PARAMETRIC_REPRESENTATION_CONTEXT() REPRESENTATION_CONTEXT('2D SPACE',''
  ) );
#865 = FACE_BOUND('',#866,.F.);
#866 = EDGE_LOOP('',(#867,#895,#921,#947));
#867 = ORIENTED_EDGE('',*,*,#868,.F.);
#868 = EDGE_CURVE('',#869,#871,#873,.T.);
#869 = VERTEX_POINT('',#870);
#870 = CARTESIAN_POINT('',(69.4,-34.5,1.4));
#871 = VERTEX_POINT('',#872);
#872 = CARTESIAN_POINT('',(76.6,-34.5,1.4));
#873 = SURFACE_CURVE('',#874,(#878,#884),.PCURVE_S1.);
#874 = LINE('',#875,#876);
#875 = CARTESIAN_POINT('',(34.7,-34.5,1.4));
#876 = VECTOR('',#877,1.);
#877 = DIRECTION('',(1.,0.,0.));
#878 = PCURVE('',#66,#879);
#879 = DEFINITIONAL_REPRESENTATION('',(#880),#883);
#880 = B_SPLINE_CURVE_WITH_KNOTS('',1,(#881,#882),.UNSPECIFIED.,.F.,.F.,
  (2,2),(34.7,41.9),.PIECEWISE_BEZIER_KNOTS.);
#881 = CARTESIAN_POINT('',(7.9,69.4));
#882 = CARTESIAN_POINT('',(7.9,76.6));
#883 = ( GEOMETRIC_REPRESENTATION_CONTEXT(2) 
PARAMETRIC_REPRESENTATION_CONTEXT() REPRESENTATION_CONTEXT('2D SPACE',''
  ) );
#884 = PCURVE('',#885,#890);
#885 = PLANE('',#886);
#886 = AXIS2_PLACEMENT_3D('',#887,#888,#889);
#887 = CARTESIAN_POINT('',(69.4,-35.5,1.4));
#888 = DIRECTION('',(0.,0.,1.));
#889 = DIRECTION('',(1.,0.,0.));
#890 = DEFINITIONAL_REPRESENTATION('',(#891),#894);
#891 = B_SPLINE_CURVE_WITH_KNOTS('',1,(#892,#893),.UNSPECIFIED.,.F.,.F.,
  (2,2),(34.7,41.9),.PIECEWISE_BEZIER_KNOTS.);
#892 = CARTESIAN_POINT('',(0.,1.));
#893 = CARTESIAN_POINT('',(7.2,1.));
#894 = ( GEOMETRIC_REPRESENTATION_CONTEXT(2) 
PARAMETRIC_REPRESENTATION_CONTEXT() REPRESENTATION_CONTEXT('2D SPACE',''
  ) );
#895 = ORIENTED_EDGE('',*,*,#896,.T.);
#896 = EDGE_CURVE('',#869,#897,#899,.T.);
#897 = VERTEX_POINT('',#898);
#898 = CARTESIAN_POINT('',(69.4,-34.5,-2.));
#899 = SURFACE_CURVE('',#900,(#904,#910),.PCURVE_S1.);
#900 = LINE('',#901,#902);
#901 = CARTESIAN_POINT('',(69.4,-34.5,-4.25));
#902 = VECTOR('',#903,1.);
#903 = DIRECTION('',(0.,0.,-1.));
#904 = PCURVE('',#66,#905);
#905 = DEFINITIONAL_REPRESENTATION('',(#906),#909);
#906 = B_SPLINE_CURVE_WITH_KNOTS('',1,(#907,#908),.UNSPECIFIED.,.F.,.F.,
  (2,2),(-5.65,-2.25),.PIECEWISE_BEZIER_KNOTS.);
#907 = CARTESIAN_POINT('',(7.9,69.4));
#908 = CARTESIAN_POINT('',(4.5,69.4));
#909 = ( GEOMETRIC_REPRESENTATION_CONTEXT(2) 
PARAMETRIC_REPRESENTATION_CONTEXT() REPRESENTATION_CONTEXT('2D SPACE',''
  ) );
#910 = PCURVE('',#911,#916);
#911 = PLANE('',#912);
#912 = AXIS2_PLACEMENT_3D('',#913,#914,#915);
#913 = CARTESIAN_POINT('',(69.4,-35.5,-2.));
#914 = DIRECTION('',(1.,0.,0.));
#915 = DIRECTION('',(0.,0.,1.));
#916 = DEFINITIONAL_REPRESENTATION('',(#917),#920);
#917 = B_SPLINE_CURVE_WITH_KNOTS('',1,(#918,#919),.UNSPECIFIED.,.F.,.F.,
  (2,2),(-5.65,-2.25),.PIECEWISE_BEZIER_KNOTS.);
#918 = CARTESIAN_POINT('',(3.4,-1.));
#919 = CARTESIAN_POINT('',(0.,-1.));
#920 = ( GEOMETRIC_REPRESENTATION_CONTEXT(2) 
PARAMETRIC_REPRESENTATION_CONTEXT() REPRESENTATION_CONTEXT('2D SPACE',''
  ) );
#921 = ORIENTED_EDGE('',*,*,#922,.T.);
#922 = EDGE_CURVE('',#897,#923,#925,.T.);
#923 = VERTEX_POINT('',#924);
#924 = CARTESIAN_POINT('',(76.6,-34.5,-2.));
#925 = SURFACE_CURVE('',#926,(#930,#936),.PCURVE_S1.);
#926 = LINE('',#927,#928);
#927 = CARTESIAN_POINT('',(34.7,-34.5,-2.));
#928 = VECTOR('',#929,1.);
#929 = DIRECTION('',(1.,0.,0.));
#930 = PCURVE('',#66,#931);
#931 = DEFINITIONAL_REPRESENTATION('',(#932),#935);
#932 = B_SPLINE_CURVE_WITH_KNOTS('',1,(#933,#934),.UNSPECIFIED.,.F.,.F.,
  (2,2),(34.7,41.9),.PIECEWISE_BEZIER_KNOTS.);
#933 = CARTESIAN_POINT('',(4.5,69.4));
#934 = CARTESIAN_POINT('',(4.5,76.6));
#935 = ( GEOMETRIC_REPRESENTATION_CONTEXT(2) 
PARAMETRIC_REPRESENTATION_CONTEXT() REPRESENTATION_CONTEXT('2D SPACE',''
  ) );
#936 = PCURVE('',#937,#942);
#937 = PLANE('',#938);
#938 = AXIS2_PLACEMENT_3D('',#939,#940,#941);
#939 = CARTESIAN_POINT('',(69.4,-35.5,-2.));
#940 = DIRECTION('',(0.,0.,1.));
#941 = DIRECTION('',(1.,0.,0.));
#942 = DEFINITIONAL_REPRESENTATION('',(#943),#946);
#943 = B_SPLINE_CURVE_WITH_KNOTS('',1,(#944,#945),.UNSPECIFIED.,.F.,.F.,
  (2,2),(34.7,41.9),.PIECEWISE_BEZIER_KNOTS.);
#944 = CARTESIAN_POINT('',(0.,1.));
#945 = CARTESIAN_POINT('',(7.2,1.));
#946 = ( GEOMETRIC_REPRESENTATION_CONTEXT(2) 
PARAMETRIC_REPRESENTATION_CONTEXT() REPRESENTATION_CONTEXT('2D SPACE',''
  ) );
#947 = ORIENTED_EDGE('',*,*,#948,.F.);
#948 = EDGE_CURVE('',#871,#923,#949,.T.);
#949 = SURFACE_CURVE('',#950,(#954,#960),.PCURVE_S1.);
#950 = LINE('',#951,#952);
#951 = CARTESIAN_POINT('',(76.6,-34.5,-4.25));
#952 = VECTOR('',#953,1.);
#953 = DIRECTION('',(0.,0.,-1.));
#954 = PCURVE('',#66,#955);
#955 = DEFINITIONAL_REPRESENTATION('',(#956),#959);
#956 = B_SPLINE_CURVE_WITH_KNOTS('',1,(#957,#958),.UNSPECIFIED.,.F.,.F.,
  (2,2),(-5.65,-2.25),.PIECEWISE_BEZIER_KNOTS.);
#957 = CARTESIAN_POINT('',(7.9,76.6));
#958 = CARTESIAN_POINT('',(4.5,76.6));
#959 = ( GEOMETRIC_REPRESENTATION_CONTEXT(2) 
PARAMETRIC_REPRESENTATION_CONTEXT() REPRESENTATION_CONTEXT('2D SPACE',''
  ) );
#960 = PCURVE('',#961,#966);
#961 = PLANE('',#962);
#962 = AXIS2_PLACEMENT_3D('',#963,#964,#965);
#963 = CARTESIAN_POINT('',(76.6,-35.5,-2.));
#964 = DIRECTION('',(1.,0.,0.));
#965 = DIRECTION('',(0.,0.,1.));
#966 = DEFINITIONAL_REPRESENTATION('',(#967),#970);
#967 = B_SPLINE_CURVE_WITH_KNOTS('',1,(#968,#969),.UNSPECIFIED.,.F.,.F.,
  (2,2),(-5.65,-2.25),.PIECEWISE_BEZIER_KNOTS.);
#968 = CARTESIAN_POINT('',(3.4,-1.));
#969 = CARTESIAN_POINT('',(0.,-1.));
#970 = ( GEOMETRIC_REPRESENTATION_CONTEXT(2) 
PARAMETRIC_REPRESENTATION_CONTEXT() REPRESENTATION_CONTEXT('2D SPACE',''
  ) );
#971 = ADVANCED_FACE('',(#972),#592,.F.);
#972 = FACE_BOUND('',#973,.F.);
#973 = EDGE_LOOP('',(#974,#975,#976,#999));
#974 = ORIENTED_EDGE('',*,*,#578,.F.);
#975 = ORIENTED_EDGE('',*,*,#708,.T.);
#976 = ORIENTED_EDGE('',*,*,#977,.T.);
#977 = EDGE_CURVE('',#681,#978,#980,.T.);
#978 = VERTEX_POINT('',#979);
#979 = CARTESIAN_POINT('',(12.,-23.75,-16.5));
#980 = SURFACE_CURVE('',#981,(#985,#992),.PCURVE_S1.);
#981 = LINE('',#982,#983);
#982 = CARTESIAN_POINT('',(12.,-34.5,-16.5));
#983 = VECTOR('',#984,1.);
#984 = DIRECTION('',(0.,1.,0.));
#985 = PCURVE('',#592,#986);
#986 = DEFINITIONAL_REPRESENTATION('',(#987),#991);
#987 = LINE('',#988,#989);
#988 = CARTESIAN_POINT('',(12.,0.));
#989 = VECTOR('',#990,1.);
#990 = DIRECTION('',(0.,1.));
#991 = ( GEOMETRIC_REPRESENTATION_CONTEXT(2) 
PARAMETRIC_REPRESENTATION_CONTEXT() REPRESENTATION_CONTEXT('2D SPACE',''
  ) );
#992 = PCURVE('',#696,#993);
#993 = DEFINITIONAL_REPRESENTATION('',(#994),#998);
#994 = LINE('',#995,#996);
#995 = CARTESIAN_POINT('',(0.,0.));
#996 = VECTOR('',#997,1.);
#997 = DIRECTION('',(0.,-1.));
#998 = ( GEOMETRIC_REPRESENTATION_CONTEXT(2) 
PARAMETRIC_REPRESENTATION_CONTEXT() REPRESENTATION_CONTEXT('2D SPACE',''
  ) );
#999 = ORIENTED_EDGE('',*,*,#1000,.F.);
#1000 = EDGE_CURVE('',#551,#978,#1001,.T.);
#1001 = SURFACE_CURVE('',#1002,(#1006,#1013),.PCURVE_S1.);
#1002 = LINE('',#1003,#1004);
#1003 = CARTESIAN_POINT('',(0.,-23.75,-16.5));
#1004 = VECTOR('',#1005,1.);
#1005 = DIRECTION('',(1.,0.,0.));
#1006 = PCURVE('',#592,#1007);
#1007 = DEFINITIONAL_REPRESENTATION('',(#1008),#1012);
#1008 = LINE('',#1009,#1010);
#1009 = CARTESIAN_POINT('',(0.,10.75));
#1010 = VECTOR('',#1011,1.);
#1011 = DIRECTION('',(1.,0.));
#1012 = ( GEOMETRIC_REPRESENTATION_CONTEXT(2) 
PARAMETRIC_REPRESENTATION_CONTEXT() REPRESENTATION_CONTEXT('2D SPACE',''
  ) );
#1013 = PCURVE('',#566,#1014);
#1014 = DEFINITIONAL_REPRESENTATION('',(#1015),#1019);
#1015 = LINE('',#1016,#1017);
#1016 = CARTESIAN_POINT('',(0.,0.));
#1017 = VECTOR('',#1018,1.);
#1018 = DIRECTION('',(0.,1.));
#1019 = ( GEOMETRIC_REPRESENTATION_CONTEXT(2) 
PARAMETRIC_REPRESENTATION_CONTEXT() REPRESENTATION_CONTEXT('2D SPACE',''
  ) );
#1020 = ADVANCED_FACE('',(#1021,#1067),#566,.T.);
#1021 = FACE_BOUND('',#1022,.T.);
#1022 = EDGE_LOOP('',(#1023,#1046,#1047,#1048));
#1023 = ORIENTED_EDGE('',*,*,#1024,.F.);
#1024 = EDGE_CURVE('',#978,#1025,#1027,.T.);
#1025 = VERTEX_POINT('',#1026);
#1026 = CARTESIAN_POINT('',(12.,-23.75,-6.5));
#1027 = SURFACE_CURVE('',#1028,(#1032,#1039),.PCURVE_S1.);
#1028 = LINE('',#1029,#1030);
#1029 = CARTESIAN_POINT('',(12.,-23.75,-16.5));
#1030 = VECTOR('',#1031,1.);
#1031 = DIRECTION('',(0.,0.,1.));
#1032 = PCURVE('',#566,#1033);
#1033 = DEFINITIONAL_REPRESENTATION('',(#1034),#1038);
#1034 = LINE('',#1035,#1036);
#1035 = CARTESIAN_POINT('',(0.,12.));
#1036 = VECTOR('',#1037,1.);
#1037 = DIRECTION('',(1.,0.));
#1038 = ( GEOMETRIC_REPRESENTATION_CONTEXT(2) 
PARAMETRIC_REPRESENTATION_CONTEXT() REPRESENTATION_CONTEXT('2D SPACE',''
  ) );
#1039 = PCURVE('',#696,#1040);
#1040 = DEFINITIONAL_REPRESENTATION('',(#1041),#1045);
#1041 = LINE('',#1042,#1043);
#1042 = CARTESIAN_POINT('',(0.,-10.75));
#1043 = VECTOR('',#1044,1.);
#1044 = DIRECTION('',(1.,0.));
#1045 = ( GEOMETRIC_REPRESENTATION_CONTEXT(2) 
PARAMETRIC_REPRESENTATION_CONTEXT() REPRESENTATION_CONTEXT('2D SPACE',''
  ) );
#1046 = ORIENTED_EDGE('',*,*,#1000,.F.);
#1047 = ORIENTED_EDGE('',*,*,#550,.T.);
#1048 = ORIENTED_EDGE('',*,*,#1049,.T.);
#1049 = EDGE_CURVE('',#523,#1025,#1050,.T.);
#1050 = SURFACE_CURVE('',#1051,(#1055,#1061),.PCURVE_S1.);
#1051 = LINE('',#1052,#1053);
#1052 = CARTESIAN_POINT('',(0.,-23.75,-6.5));
#1053 = VECTOR('',#1054,1.);
#1054 = DIRECTION('',(1.,-0.,0.));
#1055 = PCURVE('',#566,#1056);
#1056 = DEFINITIONAL_REPRESENTATION('',(#1057),#1060);
#1057 = B_SPLINE_CURVE_WITH_KNOTS('',1,(#1058,#1059),.UNSPECIFIED.,.F.,
  .F.,(2,2),(0.,12.),.PIECEWISE_BEZIER_KNOTS.);
#1058 = CARTESIAN_POINT('',(10.,0.));
#1059 = CARTESIAN_POINT('',(10.,12.));
#1060 = ( GEOMETRIC_REPRESENTATION_CONTEXT(2) 
PARAMETRIC_REPRESENTATION_CONTEXT() REPRESENTATION_CONTEXT('2D SPACE',''
  ) );
#1061 = PCURVE('',#538,#1062);
#1062 = DEFINITIONAL_REPRESENTATION('',(#1063),#1066);
#1063 = B_SPLINE_CURVE_WITH_KNOTS('',1,(#1064,#1065),.UNSPECIFIED.,.F.,
  .F.,(2,2),(0.,12.),.PIECEWISE_BEZIER_KNOTS.);
#1064 = CARTESIAN_POINT('',(6.75,0.));
#1065 = CARTESIAN_POINT('',(6.75,-12.));
#1066 = ( GEOMETRIC_REPRESENTATION_CONTEXT(2) 
PARAMETRIC_REPRESENTATION_CONTEXT() REPRESENTATION_CONTEXT('2D SPACE',''
  ) );
#1067 = FACE_BOUND('',#1068,.T.);
#1068 = EDGE_LOOP('',(#1069));
#1069 = ORIENTED_EDGE('',*,*,#1070,.F.);
#1070 = EDGE_CURVE('',#1071,#1071,#1073,.T.);
#1071 = VERTEX_POINT('',#1072);
#1072 = CARTESIAN_POINT('',(8.5,-23.75,-11.5));
#1073 = SURFACE_CURVE('',#1074,(#1079,#1086),.PCURVE_S1.);
#1074 = CIRCLE('',#1075,2.5);
#1075 = AXIS2_PLACEMENT_3D('',#1076,#1077,#1078);
#1076 = CARTESIAN_POINT('',(6.,-23.75,-11.5));
#1077 = DIRECTION('',(-0.,1.,0.));
#1078 = DIRECTION('',(1.,0.,0.));
#1079 = PCURVE('',#566,#1080);
#1080 = DEFINITIONAL_REPRESENTATION('',(#1081),#1085);
#1081 = CIRCLE('',#1082,2.5);
#1082 = AXIS2_PLACEMENT_2D('',#1083,#1084);
#1083 = CARTESIAN_POINT('',(5.,6.));
#1084 = DIRECTION('',(0.,1.));
#1085 = ( GEOMETRIC_REPRESENTATION_CONTEXT(2) 
PARAMETRIC_REPRESENTATION_CONTEXT() REPRESENTATION_CONTEXT('2D SPACE',''
  ) );
#1086 = PCURVE('',#748,#1087);
#1087 = DEFINITIONAL_REPRESENTATION('',(#1088),#1092);
#1088 = LINE('',#1089,#1090);
#1089 = CARTESIAN_POINT('',(-6.28318530718,-23.75));
#1090 = VECTOR('',#1091,1.);
#1091 = DIRECTION('',(1.,-0.));
#1092 = ( GEOMETRIC_REPRESENTATION_CONTEXT(2) 
PARAMETRIC_REPRESENTATION_CONTEXT() REPRESENTATION_CONTEXT('2D SPACE',''
  ) );
#1093 = ADVANCED_FACE('',(#1094,#1158,#1189),#538,.T.);
#1094 = FACE_BOUND('',#1095,.T.);
#1095 = EDGE_LOOP('',(#1096,#1097,#1118,#1137,#1138,#1157));
#1096 = ORIENTED_EDGE('',*,*,#522,.F.);
#1097 = ORIENTED_EDGE('',*,*,#1098,.T.);
#1098 = EDGE_CURVE('',#497,#1099,#1101,.T.);
#1099 = VERTEX_POINT('',#1100);
#1100 = CARTESIAN_POINT('',(126.58992805755,-22.75,-6.5));
#1101 = SURFACE_CURVE('',#1102,(#1106,#1112),.PCURVE_S1.);
#1102 = LINE('',#1103,#1104);
#1103 = CARTESIAN_POINT('',(-0.5,-22.75,-6.5));
#1104 = VECTOR('',#1105,1.);
#1105 = DIRECTION('',(1.,0.,0.));
#1106 = PCURVE('',#538,#1107);
#1107 = DEFINITIONAL_REPRESENTATION('',(#1108),#1111);
#1108 = B_SPLINE_CURVE_WITH_KNOTS('',1,(#1109,#1110),.UNSPECIFIED.,.F.,
  .F.,(2,2),(0.5,127.08992805755),.PIECEWISE_BEZIER_KNOTS.);
#1109 = CARTESIAN_POINT('',(5.75,0.));
#1110 = CARTESIAN_POINT('',(5.75,-126.5899280575));
#1111 = ( GEOMETRIC_REPRESENTATION_CONTEXT(2) 
PARAMETRIC_REPRESENTATION_CONTEXT() REPRESENTATION_CONTEXT('2D SPACE',''
  ) );
#1112 = PCURVE('',#511,#1113);
#1113 = DEFINITIONAL_REPRESENTATION('',(#1114),#1117);
#1114 = B_SPLINE_CURVE_WITH_KNOTS('',1,(#1115,#1116),.UNSPECIFIED.,.F.,
  .F.,(2,2),(0.5,127.08992805755),.PIECEWISE_BEZIER_KNOTS.);
#1115 = CARTESIAN_POINT('',(14.25,-1.));
#1116 = CARTESIAN_POINT('',(14.25,-127.5899280575));
#1117 = ( GEOMETRIC_REPRESENTATION_CONTEXT(2) 
PARAMETRIC_REPRESENTATION_CONTEXT() REPRESENTATION_CONTEXT('2D SPACE',''
  ) );
#1118 = ORIENTED_EDGE('',*,*,#1119,.T.);
#1119 = EDGE_CURVE('',#1099,#632,#1120,.T.);
#1120 = SURFACE_CURVE('',#1121,(#1125,#1131),.PCURVE_S1.);
#1121 = LINE('',#1122,#1123);
#1122 = CARTESIAN_POINT('',(126.58992805755,-8.5,-6.5));
#1123 = VECTOR('',#1124,1.);
#1124 = DIRECTION('',(0.,-1.,0.));
#1125 = PCURVE('',#538,#1126);
#1126 = DEFINITIONAL_REPRESENTATION('',(#1127),#1130);
#1127 = B_SPLINE_CURVE_WITH_KNOTS('',1,(#1128,#1129),.UNSPECIFIED.,.F.,
  .F.,(2,2),(8.5,26.),.PIECEWISE_BEZIER_KNOTS.);
#1128 = CARTESIAN_POINT('',(0.,-126.5899280575));
#1129 = CARTESIAN_POINT('',(17.5,-126.5899280575));
#1130 = ( GEOMETRIC_REPRESENTATION_CONTEXT(2) 
PARAMETRIC_REPRESENTATION_CONTEXT() REPRESENTATION_CONTEXT('2D SPACE',''
  ) );
#1131 = PCURVE('',#646,#1132);
#1132 = DEFINITIONAL_REPRESENTATION('',(#1133),#1136);
#1133 = B_SPLINE_CURVE_WITH_KNOTS('',1,(#1134,#1135),.UNSPECIFIED.,.F.,
  .F.,(2,2),(8.5,26.),.PIECEWISE_BEZIER_KNOTS.);
#1134 = CARTESIAN_POINT('',(63.388497475768,-17.));
#1135 = CARTESIAN_POINT('',(63.388497475768,-34.5));
#1136 = ( GEOMETRIC_REPRESENTATION_CONTEXT(2) 
PARAMETRIC_REPRESENTATION_CONTEXT() REPRESENTATION_CONTEXT('2D SPACE',''
  ) );
#1137 = ORIENTED_EDGE('',*,*,#657,.F.);
#1138 = ORIENTED_EDGE('',*,*,#1139,.F.);
#1139 = EDGE_CURVE('',#1025,#658,#1140,.T.);
#1140 = SURFACE_CURVE('',#1141,(#1145,#1151),.PCURVE_S1.);
#1141 = LINE('',#1142,#1143);
#1142 = CARTESIAN_POINT('',(12.,-25.75,-6.5));
#1143 = VECTOR('',#1144,1.);
#1144 = DIRECTION('',(0.,-1.,0.));
#1145 = PCURVE('',#538,#1146);
#1146 = DEFINITIONAL_REPRESENTATION('',(#1147),#1150);
#1147 = B_SPLINE_CURVE_WITH_KNOTS('',1,(#1148,#1149),.UNSPECIFIED.,.F.,
  .F.,(2,2),(-2.,8.75),.PIECEWISE_BEZIER_KNOTS.);
#1148 = CARTESIAN_POINT('',(6.75,-12.));
#1149 = CARTESIAN_POINT('',(17.5,-12.));
#1150 = ( GEOMETRIC_REPRESENTATION_CONTEXT(2) 
PARAMETRIC_REPRESENTATION_CONTEXT() REPRESENTATION_CONTEXT('2D SPACE',''
  ) );
#1151 = PCURVE('',#696,#1152);
#1152 = DEFINITIONAL_REPRESENTATION('',(#1153),#1156);
#1153 = B_SPLINE_CURVE_WITH_KNOTS('',1,(#1154,#1155),.UNSPECIFIED.,.F.,
  .F.,(2,2),(-2.,8.75),.PIECEWISE_BEZIER_KNOTS.);
#1154 = CARTESIAN_POINT('',(10.,-10.75));
#1155 = CARTESIAN_POINT('',(10.,0.));
#1156 = ( GEOMETRIC_REPRESENTATION_CONTEXT(2) 
PARAMETRIC_REPRESENTATION_CONTEXT() REPRESENTATION_CONTEXT('2D SPACE',''
  ) );
#1157 = ORIENTED_EDGE('',*,*,#1049,.F.);
#1158 = FACE_BOUND('',#1159,.T.);
#1159 = EDGE_LOOP('',(#1160));
#1160 = ORIENTED_EDGE('',*,*,#1161,.F.);
#1161 = EDGE_CURVE('',#1162,#1162,#1164,.T.);
#1162 = VERTEX_POINT('',#1163);
#1163 = CARTESIAN_POINT('',(75.2,-29.5,-6.5));
#1164 = SURFACE_CURVE('',#1165,(#1170,#1177),.PCURVE_S1.);
#1165 = CIRCLE('',#1166,2.2);
#1166 = AXIS2_PLACEMENT_3D('',#1167,#1168,#1169);
#1167 = CARTESIAN_POINT('',(73.,-29.5,-6.5));
#1168 = DIRECTION('',(0.,0.,-1.));
#1169 = DIRECTION('',(1.,0.,0.));
#1170 = PCURVE('',#538,#1171);
#1171 = DEFINITIONAL_REPRESENTATION('',(#1172),#1176);
#1172 = CIRCLE('',#1173,2.2);
#1173 = AXIS2_PLACEMENT_2D('',#1174,#1175);
#1174 = CARTESIAN_POINT('',(12.5,-73.));
#1175 = DIRECTION('',(0.,-1.));
#1176 = ( GEOMETRIC_REPRESENTATION_CONTEXT(2) 
PARAMETRIC_REPRESENTATION_CONTEXT() REPRESENTATION_CONTEXT('2D SPACE',''
  ) );
#1177 = PCURVE('',#1178,#1183);
#1178 = CYLINDRICAL_SURFACE('',#1179,2.2);
#1179 = AXIS2_PLACEMENT_3D('',#1180,#1181,#1182);
#1180 = CARTESIAN_POINT('',(73.,-29.5,-7.5));
#1181 = DIRECTION('',(-0.,-0.,-1.));
#1182 = DIRECTION('',(1.,0.,0.));
#1183 = DEFINITIONAL_REPRESENTATION('',(#1184),#1188);
#1184 = LINE('',#1185,#1186);
#1185 = CARTESIAN_POINT('',(-6.28318530718,-1.));
#1186 = VECTOR('',#1187,1.);
#1187 = DIRECTION('',(1.,-0.));
#1188 = ( GEOMETRIC_REPRESENTATION_CONTEXT(2) 
PARAMETRIC_REPRESENTATION_CONTEXT() REPRESENTATION_CONTEXT('2D SPACE',''
  ) );
#1189 = FACE_BOUND('',#1190,.T.);
#1190 = EDGE_LOOP('',(#1191));
#1191 = ORIENTED_EDGE('',*,*,#1192,.F.);
#1192 = EDGE_CURVE('',#1193,#1193,#1195,.T.);
#1193 = VERTEX_POINT('',#1194);
#1194 = CARTESIAN_POINT('',(49.2,-29.5,-6.5));
#1195 = SURFACE_CURVE('',#1196,(#1201,#1208),.PCURVE_S1.);
#1196 = CIRCLE('',#1197,2.2);
#1197 = AXIS2_PLACEMENT_3D('',#1198,#1199,#1200);
#1198 = CARTESIAN_POINT('',(47.,-29.5,-6.5));
#1199 = DIRECTION('',(0.,0.,-1.));
#1200 = DIRECTION('',(1.,0.,0.));
#1201 = PCURVE('',#538,#1202);
#1202 = DEFINITIONAL_REPRESENTATION('',(#1203),#1207);
#1203 = CIRCLE('',#1204,2.2);
#1204 = AXIS2_PLACEMENT_2D('',#1205,#1206);
#1205 = CARTESIAN_POINT('',(12.5,-47.));
#1206 = DIRECTION('',(0.,-1.));
#1207 = ( GEOMETRIC_REPRESENTATION_CONTEXT(2) 
PARAMETRIC_REPRESENTATION_CONTEXT() REPRESENTATION_CONTEXT('2D SPACE',''
  ) );
#1208 = PCURVE('',#1209,#1214);
#1209 = CYLINDRICAL_SURFACE('',#1210,2.2);
#1210 = AXIS2_PLACEMENT_3D('',#1211,#1212,#1213);
#1211 = CARTESIAN_POINT('',(47.,-29.5,-7.5));
#1212 = DIRECTION('',(-0.,-0.,-1.));
#1213 = DIRECTION('',(1.,0.,0.));
#1214 = DEFINITIONAL_REPRESENTATION('',(#1215),#1219);
#1215 = LINE('',#1216,#1217);
#1216 = CARTESIAN_POINT('',(-6.28318530718,-1.));
#1217 = VECTOR('',#1218,1.);
#1218 = DIRECTION('',(1.,-0.));
#1219 = ( GEOMETRIC_REPRESENTATION_CONTEXT(2) 
PARAMETRIC_REPRESENTATION_CONTEXT() REPRESENTATION_CONTEXT('2D SPACE',''
  ) );
#1220 = ADVANCED_FACE('',(#1221),#511,.T.);
#1221 = FACE_BOUND('',#1222,.T.);
#1222 = EDGE_LOOP('',(#1223,#1224,#1247,#1266));
#1223 = ORIENTED_EDGE('',*,*,#496,.F.);
#1224 = ORIENTED_EDGE('',*,*,#1225,.T.);
#1225 = EDGE_CURVE('',#471,#1226,#1228,.T.);
#1226 = VERTEX_POINT('',#1227);
#1227 = CARTESIAN_POINT('',(132.53597122302,-22.75,7.75));
#1228 = SURFACE_CURVE('',#1229,(#1233,#1240),.PCURVE_S1.);
#1229 = LINE('',#1230,#1231);
#1230 = CARTESIAN_POINT('',(-1.,-22.75,7.75));
#1231 = VECTOR('',#1232,1.);
#1232 = DIRECTION('',(1.,0.,0.));
#1233 = PCURVE('',#511,#1234);
#1234 = DEFINITIONAL_REPRESENTATION('',(#1235),#1239);
#1235 = LINE('',#1236,#1237);
#1236 = CARTESIAN_POINT('',(0.,0.));
#1237 = VECTOR('',#1238,1.);
#1238 = DIRECTION('',(0.,-1.));
#1239 = ( GEOMETRIC_REPRESENTATION_CONTEXT(2) 
PARAMETRIC_REPRESENTATION_CONTEXT() REPRESENTATION_CONTEXT('2D SPACE',''
  ) );
#1240 = PCURVE('',#485,#1241);
#1241 = DEFINITIONAL_REPRESENTATION('',(#1242),#1246);
#1242 = LINE('',#1243,#1244);
#1243 = CARTESIAN_POINT('',(7.95691523142,0.));
#1244 = VECTOR('',#1245,1.);
#1245 = DIRECTION('',(0.,-1.));
#1246 = ( GEOMETRIC_REPRESENTATION_CONTEXT(2) 
PARAMETRIC_REPRESENTATION_CONTEXT() REPRESENTATION_CONTEXT('2D SPACE',''
  ) );
#1247 = ORIENTED_EDGE('',*,*,#1248,.F.);
#1248 = EDGE_CURVE('',#1099,#1226,#1249,.T.);
#1249 = SURFACE_CURVE('',#1250,(#1254,#1260),.PCURVE_S1.);
#1250 = LINE('',#1251,#1252);
#1251 = CARTESIAN_POINT('',(131.86683932113,-22.75,6.146390786864));
#1252 = VECTOR('',#1253,1.);
#1253 = DIRECTION('',(0.385086773066,0.,0.922880369934));
#1254 = PCURVE('',#511,#1255);
#1255 = DEFINITIONAL_REPRESENTATION('',(#1256),#1259);
#1256 = B_SPLINE_CURVE_WITH_KNOTS('',1,(#1257,#1258),.UNSPECIFIED.,.F.,
  .F.,(2,2),(-13.70317453796,1.737613308701),.PIECEWISE_BEZIER_KNOTS.);
#1257 = CARTESIAN_POINT('',(14.25,-127.5899280575));
#1258 = CARTESIAN_POINT('',(-1.110223024625E-15,-133.535971223));
#1259 = ( GEOMETRIC_REPRESENTATION_CONTEXT(2) 
PARAMETRIC_REPRESENTATION_CONTEXT() REPRESENTATION_CONTEXT('2D SPACE',''
  ) );
#1260 = PCURVE('',#646,#1261);
#1261 = DEFINITIONAL_REPRESENTATION('',(#1262),#1265);
#1262 = B_SPLINE_CURVE_WITH_KNOTS('',1,(#1263,#1264),.UNSPECIFIED.,.F.,
  .F.,(2,2),(-13.70317453796,1.737613308701),.PIECEWISE_BEZIER_KNOTS.);
#1263 = CARTESIAN_POINT('',(63.388497475768,-22.75));
#1264 = CARTESIAN_POINT('',(47.947709629106,-22.75));
#1265 = ( GEOMETRIC_REPRESENTATION_CONTEXT(2) 
PARAMETRIC_REPRESENTATION_CONTEXT() REPRESENTATION_CONTEXT('2D SPACE',''
  ) );
#1266 = ORIENTED_EDGE('',*,*,#1098,.F.);
#1267 = ADVANCED_FACE('',(#1268),#485,.T.);
#1268 = FACE_BOUND('',#1269,.T.);
#1269 = EDGE_LOOP('',(#1270,#1271,#1294,#1313));
#1270 = ORIENTED_EDGE('',*,*,#470,.F.);
#1271 = ORIENTED_EDGE('',*,*,#1272,.T.);
#1272 = EDGE_CURVE('',#443,#1273,#1275,.T.);
#1273 = VERTEX_POINT('',#1274);
#1274 = CARTESIAN_POINT('',(134.83093525179,-17.,13.25));
#1275 = SURFACE_CURVE('',#1276,(#1280,#1287),.PCURVE_S1.);
#1276 = LINE('',#1277,#1278);
#1277 = CARTESIAN_POINT('',(-1.,-17.,13.25));
#1278 = VECTOR('',#1279,1.);
#1279 = DIRECTION('',(1.,0.,0.));
#1280 = PCURVE('',#485,#1281);
#1281 = DEFINITIONAL_REPRESENTATION('',(#1282),#1286);
#1282 = LINE('',#1283,#1284);
#1283 = CARTESIAN_POINT('',(0.,0.));
#1284 = VECTOR('',#1285,1.);
#1285 = DIRECTION('',(0.,-1.));
#1286 = ( GEOMETRIC_REPRESENTATION_CONTEXT(2) 
PARAMETRIC_REPRESENTATION_CONTEXT() REPRESENTATION_CONTEXT('2D SPACE',''
  ) );
#1287 = PCURVE('',#458,#1288);
#1288 = DEFINITIONAL_REPRESENTATION('',(#1289),#1293);
#1289 = LINE('',#1290,#1291);
#1290 = CARTESIAN_POINT('',(35.25,1.));
#1291 = VECTOR('',#1292,1.);
#1292 = DIRECTION('',(0.,-1.));
#1293 = ( GEOMETRIC_REPRESENTATION_CONTEXT(2) 
PARAMETRIC_REPRESENTATION_CONTEXT() REPRESENTATION_CONTEXT('2D SPACE',''
  ) );
#1294 = ORIENTED_EDGE('',*,*,#1295,.F.);
#1295 = EDGE_CURVE('',#1226,#1273,#1296,.T.);
#1296 = SURFACE_CURVE('',#1297,(#1301,#1307),.PCURVE_S1.);
#1297 = LINE('',#1298,#1299);
#1298 = CARTESIAN_POINT('',(135.43756555611,-15.48009633001,
    14.703820901722));
#1299 = VECTOR('',#1300,1.);
#1300 = DIRECTION('',(0.277127209822,0.69433831489,0.664149692503));
#1301 = PCURVE('',#485,#1302);
#1302 = DEFINITIONAL_REPRESENTATION('',(#1303),#1306);
#1303 = B_SPLINE_CURVE_WITH_KNOTS('',1,(#1304,#1305),.UNSPECIFIED.,.F.,
  .F.,(2,2),(-10.47026141879,-2.188995821472),.PIECEWISE_BEZIER_KNOTS.);
#1304 = CARTESIAN_POINT('',(7.95691523142,-133.535971223));
#1305 = CARTESIAN_POINT('',(3.552713678801E-15,-135.8309352517));
#1306 = ( GEOMETRIC_REPRESENTATION_CONTEXT(2) 
PARAMETRIC_REPRESENTATION_CONTEXT() REPRESENTATION_CONTEXT('2D SPACE',''
  ) );
#1307 = PCURVE('',#646,#1308);
#1308 = DEFINITIONAL_REPRESENTATION('',(#1309),#1312);
#1309 = B_SPLINE_CURVE_WITH_KNOTS('',1,(#1310,#1311),.UNSPECIFIED.,.F.,
  .F.,(2,2),(-10.47026141879,-2.188995821472),.PIECEWISE_BEZIER_KNOTS.);
#1310 = CARTESIAN_POINT('',(47.947709629106,-22.75));
#1311 = CARTESIAN_POINT('',(41.988107302325,-17.));
#1312 = ( GEOMETRIC_REPRESENTATION_CONTEXT(2) 
PARAMETRIC_REPRESENTATION_CONTEXT() REPRESENTATION_CONTEXT('2D SPACE',''
  ) );
#1313 = ORIENTED_EDGE('',*,*,#1225,.F.);
#1314 = ADVANCED_FACE('',(#1315,#1361,#1422,#1483,#1544,#1605,#1666,
    #1697,#1728,#1759,#1790,#1821,#1882,#1943,#2004,#2065,#2126,#2187,
    #2218),#458,.T.);
#1315 = FACE_BOUND('',#1316,.T.);
#1316 = EDGE_LOOP('',(#1317,#1318,#1341,#1360));
#1317 = ORIENTED_EDGE('',*,*,#442,.F.);
#1318 = ORIENTED_EDGE('',*,*,#1319,.T.);
#1319 = EDGE_CURVE('',#415,#1320,#1322,.T.);
#1320 = VERTEX_POINT('',#1321);
#1321 = CARTESIAN_POINT('',(149.53956834532,-17.,48.5));
#1322 = SURFACE_CURVE('',#1323,(#1327,#1334),.PCURVE_S1.);
#1323 = LINE('',#1324,#1325);
#1324 = CARTESIAN_POINT('',(0.,-17.,48.5));
#1325 = VECTOR('',#1326,1.);
#1326 = DIRECTION('',(1.,0.,0.));
#1327 = PCURVE('',#458,#1328);
#1328 = DEFINITIONAL_REPRESENTATION('',(#1329),#1333);
#1329 = LINE('',#1330,#1331);
#1330 = CARTESIAN_POINT('',(0.,0.));
#1331 = VECTOR('',#1332,1.);
#1332 = DIRECTION('',(0.,-1.));
#1333 = ( GEOMETRIC_REPRESENTATION_CONTEXT(2) 
PARAMETRIC_REPRESENTATION_CONTEXT() REPRESENTATION_CONTEXT('2D SPACE',''
  ) );
#1334 = PCURVE('',#430,#1335);
#1335 = DEFINITIONAL_REPRESENTATION('',(#1336),#1340);
#1336 = LINE('',#1337,#1338);
#1337 = CARTESIAN_POINT('',(5.656854249492,0.));
#1338 = VECTOR('',#1339,1.);
#1339 = DIRECTION('',(0.,-1.));
#1340 = ( GEOMETRIC_REPRESENTATION_CONTEXT(2) 
PARAMETRIC_REPRESENTATION_CONTEXT() REPRESENTATION_CONTEXT('2D SPACE',''
  ) );
#1341 = ORIENTED_EDGE('',*,*,#1342,.T.);
#1342 = EDGE_CURVE('',#1320,#1273,#1343,.T.);
#1343 = SURFACE_CURVE('',#1344,(#1348,#1354),.PCURVE_S1.);
#1344 = LINE('',#1345,#1346);
#1345 = CARTESIAN_POINT('',(139.18203658805,-17.,23.677639409301));
#1346 = VECTOR('',#1347,1.);
#1347 = DIRECTION('',(-0.385086773066,0.,-0.922880369934));
#1348 = PCURVE('',#458,#1349);
#1349 = DEFINITIONAL_REPRESENTATION('',(#1350),#1353);
#1350 = B_SPLINE_CURVE_WITH_KNOTS('',1,(#1351,#1352),.UNSPECIFIED.,.F.,
  .F.,(2,2),(-26.89661780591,32.699405461899),.PIECEWISE_BEZIER_KNOTS.);
#1351 = CARTESIAN_POINT('',(-1.06581410364E-14,-149.5395683453));
#1352 = CARTESIAN_POINT('',(55.,-126.5899280575));
#1353 = ( GEOMETRIC_REPRESENTATION_CONTEXT(2) 
PARAMETRIC_REPRESENTATION_CONTEXT() REPRESENTATION_CONTEXT('2D SPACE',''
  ) );
#1354 = PCURVE('',#646,#1355);
#1355 = DEFINITIONAL_REPRESENTATION('',(#1356),#1359);
#1356 = B_SPLINE_CURVE_WITH_KNOTS('',1,(#1357,#1358),.UNSPECIFIED.,.F.,
  .F.,(2,2),(-26.89661780591,32.699405461899),.PIECEWISE_BEZIER_KNOTS.);
#1357 = CARTESIAN_POINT('',(3.792474207952,-17.));
#1358 = CARTESIAN_POINT('',(63.388497475768,-17.));
#1359 = ( GEOMETRIC_REPRESENTATION_CONTEXT(2) 
PARAMETRIC_REPRESENTATION_CONTEXT() REPRESENTATION_CONTEXT('2D SPACE',''
  ) );
#1360 = ORIENTED_EDGE('',*,*,#1272,.F.);
#1361 = FACE_BOUND('',#1362,.T.);
#1362 = EDGE_LOOP('',(#1363,#1398));
#1363 = ORIENTED_EDGE('',*,*,#1364,.F.);
#1364 = EDGE_CURVE('',#1365,#1367,#1369,.T.);
#1365 = VERTEX_POINT('',#1366);
#1366 = CARTESIAN_POINT('',(116.49502632964,-17.,47.67375622822));
#1367 = VERTEX_POINT('',#1368);
#1368 = CARTESIAN_POINT('',(119.60497367035,-17.,47.67375622822));
#1369 = SURFACE_CURVE('',#1370,(#1375,#1382),.PCURVE_S1.);
#1370 = ELLIPSE('',#1371,3.404601987551,3.);
#1371 = AXIS2_PLACEMENT_3D('',#1372,#1373,#1374);
#1372 = CARTESIAN_POINT('',(118.05,-17.,44.762195121951));
#1373 = DIRECTION('',(-0.,1.,0.));
#1374 = DIRECTION('',(0.,0.,1.));
#1375 = PCURVE('',#458,#1376);
#1376 = DEFINITIONAL_REPRESENTATION('',(#1377),#1381);
#1377 = ELLIPSE('',#1378,3.404601987551,3.);
#1378 = AXIS2_PLACEMENT_2D('',#1379,#1380);
#1379 = CARTESIAN_POINT('',(3.737804878049,-118.05));
#1380 = DIRECTION('',(-1.,0.));
#1381 = ( GEOMETRIC_REPRESENTATION_CONTEXT(2) 
PARAMETRIC_REPRESENTATION_CONTEXT() REPRESENTATION_CONTEXT('2D SPACE',''
  ) );
#1382 = PCURVE('',#1383,#1388);
#1383 = CYLINDRICAL_SURFACE('',#1384,3.);
#1384 = AXIS2_PLACEMENT_3D('',#1385,#1386,#1387);
#1385 = CARTESIAN_POINT('',(118.05,-23.5,48.25));
#1386 = DIRECTION('',(0.,-0.881160268064,0.472817704815));
#1387 = DIRECTION('',(1.,0.,0.));
#1388 = DEFINITIONAL_REPRESENTATION('',(#1389),#1397);
#1389 = B_SPLINE_CURVE_WITH_KNOTS('',6,(#1390,#1391,#1392,#1393,#1394,
    #1395,#1396),.UNSPECIFIED.,.F.,.F.,(7,7),(5.738293964334,
    6.828076650025),.PIECEWISE_BEZIER_KNOTS.);
#1390 = CARTESIAN_POINT('',(2.11568766964,-6.0000006));
#1391 = CARTESIAN_POINT('',(1.934057222025,-5.848452312805));
#1392 = CARTESIAN_POINT('',(1.75242677441,-5.751401869671));
#1393 = CARTESIAN_POINT('',(1.570796326795,-5.717846709489));
#1394 = CARTESIAN_POINT('',(1.38916587918,-5.751401869671));
#1395 = CARTESIAN_POINT('',(1.207535431565,-5.848452312805));
#1396 = CARTESIAN_POINT('',(1.02590498395,-6.0000006));
#1397 = ( GEOMETRIC_REPRESENTATION_CONTEXT(2) 
PARAMETRIC_REPRESENTATION_CONTEXT() REPRESENTATION_CONTEXT('2D SPACE',''
  ) );
#1398 = ORIENTED_EDGE('',*,*,#1399,.T.);
#1399 = EDGE_CURVE('',#1365,#1367,#1400,.T.);
#1400 = SURFACE_CURVE('',#1401,(#1405,#1411),.PCURVE_S1.);
#1401 = LINE('',#1402,#1403);
#1402 = CARTESIAN_POINT('',(59.025,-17.,47.67375622822));
#1403 = VECTOR('',#1404,1.);
#1404 = DIRECTION('',(1.,0.,0.));
#1405 = PCURVE('',#458,#1406);
#1406 = DEFINITIONAL_REPRESENTATION('',(#1407),#1410);
#1407 = B_SPLINE_CURVE_WITH_KNOTS('',1,(#1408,#1409),.UNSPECIFIED.,.F.,
  .F.,(2,2),(56.025,62.025),.PIECEWISE_BEZIER_KNOTS.);
#1408 = CARTESIAN_POINT('',(0.82624377178,-115.05));
#1409 = CARTESIAN_POINT('',(0.82624377178,-121.05));
#1410 = ( GEOMETRIC_REPRESENTATION_CONTEXT(2) 
PARAMETRIC_REPRESENTATION_CONTEXT() REPRESENTATION_CONTEXT('2D SPACE',''
  ) );
#1411 = PCURVE('',#1412,#1417);
#1412 = PLANE('',#1413);
#1413 = AXIS2_PLACEMENT_3D('',#1414,#1415,#1416);
#1414 = CARTESIAN_POINT('',(118.05,-18.21303839161,45.413093771112));
#1415 = DIRECTION('',(-0.,-0.881160268064,0.472817704815));
#1416 = DIRECTION('',(0.,-0.472817704815,-0.881160268064));
#1417 = DEFINITIONAL_REPRESENTATION('',(#1418),#1421);
#1418 = B_SPLINE_CURVE_WITH_KNOTS('',1,(#1419,#1420),.UNSPECIFIED.,.F.,
  .F.,(2,2),(56.025,62.025),.PIECEWISE_BEZIER_KNOTS.);
#1419 = CARTESIAN_POINT('',(-2.565551964883,-3.));
#1420 = CARTESIAN_POINT('',(-2.565551964883,3.));
#1421 = ( GEOMETRIC_REPRESENTATION_CONTEXT(2) 
PARAMETRIC_REPRESENTATION_CONTEXT() REPRESENTATION_CONTEXT('2D SPACE',''
  ) );
#1422 = FACE_BOUND('',#1423,.T.);
#1423 = EDGE_LOOP('',(#1424,#1459));
#1424 = ORIENTED_EDGE('',*,*,#1425,.F.);
#1425 = EDGE_CURVE('',#1426,#1428,#1430,.T.);
#1426 = VERTEX_POINT('',#1427);
#1427 = CARTESIAN_POINT('',(106.48502632964,-17.,47.67375622822));
#1428 = VERTEX_POINT('',#1429);
#1429 = CARTESIAN_POINT('',(109.59497367035,-17.,47.67375622822));
#1430 = SURFACE_CURVE('',#1431,(#1436,#1443),.PCURVE_S1.);
#1431 = ELLIPSE('',#1432,3.404601987551,3.);
#1432 = AXIS2_PLACEMENT_3D('',#1433,#1434,#1435);
#1433 = CARTESIAN_POINT('',(108.04,-17.,44.762195121951));
#1434 = DIRECTION('',(-0.,1.,0.));
#1435 = DIRECTION('',(0.,0.,1.));
#1436 = PCURVE('',#458,#1437);
#1437 = DEFINITIONAL_REPRESENTATION('',(#1438),#1442);
#1438 = ELLIPSE('',#1439,3.404601987551,3.);
#1439 = AXIS2_PLACEMENT_2D('',#1440,#1441);
#1440 = CARTESIAN_POINT('',(3.737804878049,-108.04));
#1441 = DIRECTION('',(-1.,0.));
#1442 = ( GEOMETRIC_REPRESENTATION_CONTEXT(2) 
PARAMETRIC_REPRESENTATION_CONTEXT() REPRESENTATION_CONTEXT('2D SPACE',''
  ) );
#1443 = PCURVE('',#1444,#1449);
#1444 = CYLINDRICAL_SURFACE('',#1445,3.);
#1445 = AXIS2_PLACEMENT_3D('',#1446,#1447,#1448);
#1446 = CARTESIAN_POINT('',(108.04,-23.5,48.25));
#1447 = DIRECTION('',(0.,-0.881160268064,0.472817704815));
#1448 = DIRECTION('',(1.,0.,0.));
#1449 = DEFINITIONAL_REPRESENTATION('',(#1450),#1458);
#1450 = B_SPLINE_CURVE_WITH_KNOTS('',6,(#1451,#1452,#1453,#1454,#1455,
    #1456,#1457),.UNSPECIFIED.,.F.,.F.,(7,7),(5.738293964334,
    6.828076650025),.PIECEWISE_BEZIER_KNOTS.);
#1451 = CARTESIAN_POINT('',(2.11568766964,-6.0000006));
#1452 = CARTESIAN_POINT('',(1.934057222025,-5.848452312805));
#1453 = CARTESIAN_POINT('',(1.75242677441,-5.751401869671));
#1454 = CARTESIAN_POINT('',(1.570796326795,-5.717846709489));
#1455 = CARTESIAN_POINT('',(1.38916587918,-5.751401869671));
#1456 = CARTESIAN_POINT('',(1.207535431565,-5.848452312805));
#1457 = CARTESIAN_POINT('',(1.02590498395,-6.0000006));
#1458 = ( GEOMETRIC_REPRESENTATION_CONTEXT(2) 
PARAMETRIC_REPRESENTATION_CONTEXT() REPRESENTATION_CONTEXT('2D SPACE',''
  ) );
#1459 = ORIENTED_EDGE('',*,*,#1460,.T.);
#1460 = EDGE_CURVE('',#1426,#1428,#1461,.T.);
#1461 = SURFACE_CURVE('',#1462,(#1466,#1472),.PCURVE_S1.);
#1462 = LINE('',#1463,#1464);
#1463 = CARTESIAN_POINT('',(54.02,-17.,47.67375622822));
#1464 = VECTOR('',#1465,1.);
#1465 = DIRECTION('',(1.,0.,0.));
#1466 = PCURVE('',#458,#1467);
#1467 = DEFINITIONAL_REPRESENTATION('',(#1468),#1471);
#1468 = B_SPLINE_CURVE_WITH_KNOTS('',1,(#1469,#1470),.UNSPECIFIED.,.F.,
  .F.,(2,2),(51.02,57.02),.PIECEWISE_BEZIER_KNOTS.);
#1469 = CARTESIAN_POINT('',(0.82624377178,-105.04));
#1470 = CARTESIAN_POINT('',(0.82624377178,-111.04));
#1471 = ( GEOMETRIC_REPRESENTATION_CONTEXT(2) 
PARAMETRIC_REPRESENTATION_CONTEXT() REPRESENTATION_CONTEXT('2D SPACE',''
  ) );
#1472 = PCURVE('',#1473,#1478);
#1473 = PLANE('',#1474);
#1474 = AXIS2_PLACEMENT_3D('',#1475,#1476,#1477);
#1475 = CARTESIAN_POINT('',(108.04,-18.21303839161,45.413093771112));
#1476 = DIRECTION('',(-0.,-0.881160268064,0.472817704815));
#1477 = DIRECTION('',(0.,-0.472817704815,-0.881160268064));
#1478 = DEFINITIONAL_REPRESENTATION('',(#1479),#1482);
#1479 = B_SPLINE_CURVE_WITH_KNOTS('',1,(#1480,#1481),.UNSPECIFIED.,.F.,
  .F.,(2,2),(51.02,57.02),.PIECEWISE_BEZIER_KNOTS.);
#1480 = CARTESIAN_POINT('',(-2.565551964883,-3.));
#1481 = CARTESIAN_POINT('',(-2.565551964883,3.));
#1482 = ( GEOMETRIC_REPRESENTATION_CONTEXT(2) 
PARAMETRIC_REPRESENTATION_CONTEXT() REPRESENTATION_CONTEXT('2D SPACE',''
  ) );
#1483 = FACE_BOUND('',#1484,.T.);
#1484 = EDGE_LOOP('',(#1485,#1520));
#1485 = ORIENTED_EDGE('',*,*,#1486,.F.);
#1486 = EDGE_CURVE('',#1487,#1489,#1491,.T.);
#1487 = VERTEX_POINT('',#1488);
#1488 = CARTESIAN_POINT('',(96.475026329649,-17.,47.67375622822));
#1489 = VERTEX_POINT('',#1490);
#1490 = CARTESIAN_POINT('',(99.584973670351,-17.,47.67375622822));
#1491 = SURFACE_CURVE('',#1492,(#1497,#1504),.PCURVE_S1.);
#1492 = ELLIPSE('',#1493,3.404601987551,3.);
#1493 = AXIS2_PLACEMENT_3D('',#1494,#1495,#1496);
#1494 = CARTESIAN_POINT('',(98.03,-17.,44.762195121951));
#1495 = DIRECTION('',(-0.,1.,0.));
#1496 = DIRECTION('',(0.,0.,1.));
#1497 = PCURVE('',#458,#1498);
#1498 = DEFINITIONAL_REPRESENTATION('',(#1499),#1503);
#1499 = ELLIPSE('',#1500,3.404601987551,3.);
#1500 = AXIS2_PLACEMENT_2D('',#1501,#1502);
#1501 = CARTESIAN_POINT('',(3.737804878049,-98.03));
#1502 = DIRECTION('',(-1.,0.));
#1503 = ( GEOMETRIC_REPRESENTATION_CONTEXT(2) 
PARAMETRIC_REPRESENTATION_CONTEXT() REPRESENTATION_CONTEXT('2D SPACE',''
  ) );
#1504 = PCURVE('',#1505,#1510);
#1505 = CYLINDRICAL_SURFACE('',#1506,3.);
#1506 = AXIS2_PLACEMENT_3D('',#1507,#1508,#1509);
#1507 = CARTESIAN_POINT('',(98.03,-23.5,48.25));
#1508 = DIRECTION('',(0.,-0.881160268064,0.472817704815));
#1509 = DIRECTION('',(1.,0.,0.));
#1510 = DEFINITIONAL_REPRESENTATION('',(#1511),#1519);
#1511 = B_SPLINE_CURVE_WITH_KNOTS('',6,(#1512,#1513,#1514,#1515,#1516,
    #1517,#1518),.UNSPECIFIED.,.F.,.F.,(7,7),(5.738293964334,
    6.828076650025),.PIECEWISE_BEZIER_KNOTS.);
#1512 = CARTESIAN_POINT('',(2.11568766964,-6.0000006));
#1513 = CARTESIAN_POINT('',(1.934057222025,-5.848452312805));
#1514 = CARTESIAN_POINT('',(1.75242677441,-5.751401869671));
#1515 = CARTESIAN_POINT('',(1.570796326795,-5.717846709489));
#1516 = CARTESIAN_POINT('',(1.38916587918,-5.751401869671));
#1517 = CARTESIAN_POINT('',(1.207535431565,-5.848452312805));
#1518 = CARTESIAN_POINT('',(1.02590498395,-6.0000006));
#1519 = ( GEOMETRIC_REPRESENTATION_CONTEXT(2) 
PARAMETRIC_REPRESENTATION_CONTEXT() REPRESENTATION_CONTEXT('2D SPACE',''
  ) );
#1520 = ORIENTED_EDGE('',*,*,#1521,.T.);
#1521 = EDGE_CURVE('',#1487,#1489,#1522,.T.);
#1522 = SURFACE_CURVE('',#1523,(#1527,#1533),.PCURVE_S1.);
#1523 = LINE('',#1524,#1525);
#1524 = CARTESIAN_POINT('',(49.015,-17.,47.67375622822));
#1525 = VECTOR('',#1526,1.);
#1526 = DIRECTION('',(1.,0.,0.));
#1527 = PCURVE('',#458,#1528);
#1528 = DEFINITIONAL_REPRESENTATION('',(#1529),#1532);
#1529 = B_SPLINE_CURVE_WITH_KNOTS('',1,(#1530,#1531),.UNSPECIFIED.,.F.,
  .F.,(2,2),(46.015,52.015),.PIECEWISE_BEZIER_KNOTS.);
#1530 = CARTESIAN_POINT('',(0.82624377178,-95.03));
#1531 = CARTESIAN_POINT('',(0.82624377178,-101.03));
#1532 = ( GEOMETRIC_REPRESENTATION_CONTEXT(2) 
PARAMETRIC_REPRESENTATION_CONTEXT() REPRESENTATION_CONTEXT('2D SPACE',''
  ) );
#1533 = PCURVE('',#1534,#1539);
#1534 = PLANE('',#1535);
#1535 = AXIS2_PLACEMENT_3D('',#1536,#1537,#1538);
#1536 = CARTESIAN_POINT('',(98.03,-18.21303839161,45.413093771112));
#1537 = DIRECTION('',(-0.,-0.881160268064,0.472817704815));
#1538 = DIRECTION('',(0.,-0.472817704815,-0.881160268064));
#1539 = DEFINITIONAL_REPRESENTATION('',(#1540),#1543);
#1540 = B_SPLINE_CURVE_WITH_KNOTS('',1,(#1541,#1542),.UNSPECIFIED.,.F.,
  .F.,(2,2),(46.015,52.015),.PIECEWISE_BEZIER_KNOTS.);
#1541 = CARTESIAN_POINT('',(-2.565551964883,-3.));
#1542 = CARTESIAN_POINT('',(-2.565551964883,3.));
#1543 = ( GEOMETRIC_REPRESENTATION_CONTEXT(2) 
PARAMETRIC_REPRESENTATION_CONTEXT() REPRESENTATION_CONTEXT('2D SPACE',''
  ) );
#1544 = FACE_BOUND('',#1545,.T.);
#1545 = EDGE_LOOP('',(#1546,#1581));
#1546 = ORIENTED_EDGE('',*,*,#1547,.F.);
#1547 = EDGE_CURVE('',#1548,#1550,#1552,.T.);
#1548 = VERTEX_POINT('',#1549);
#1549 = CARTESIAN_POINT('',(86.465026329649,-17.,47.67375622822));
#1550 = VERTEX_POINT('',#1551);
#1551 = CARTESIAN_POINT('',(89.574973670351,-17.,47.67375622822));
#1552 = SURFACE_CURVE('',#1553,(#1558,#1565),.PCURVE_S1.);
#1553 = ELLIPSE('',#1554,3.404601987551,3.);
#1554 = AXIS2_PLACEMENT_3D('',#1555,#1556,#1557);
#1555 = CARTESIAN_POINT('',(88.02,-17.,44.762195121951));
#1556 = DIRECTION('',(-0.,1.,0.));
#1557 = DIRECTION('',(0.,0.,1.));
#1558 = PCURVE('',#458,#1559);
#1559 = DEFINITIONAL_REPRESENTATION('',(#1560),#1564);
#1560 = ELLIPSE('',#1561,3.404601987551,3.);
#1561 = AXIS2_PLACEMENT_2D('',#1562,#1563);
#1562 = CARTESIAN_POINT('',(3.737804878049,-88.02));
#1563 = DIRECTION('',(-1.,0.));
#1564 = ( GEOMETRIC_REPRESENTATION_CONTEXT(2) 
PARAMETRIC_REPRESENTATION_CONTEXT() REPRESENTATION_CONTEXT('2D SPACE',''
  ) );
#1565 = PCURVE('',#1566,#1571);
#1566 = CYLINDRICAL_SURFACE('',#1567,3.);
#1567 = AXIS2_PLACEMENT_3D('',#1568,#1569,#1570);
#1568 = CARTESIAN_POINT('',(88.02,-23.5,48.25));
#1569 = DIRECTION('',(0.,-0.881160268064,0.472817704815));
#1570 = DIRECTION('',(1.,0.,0.));
#1571 = DEFINITIONAL_REPRESENTATION('',(#1572),#1580);
#1572 = B_SPLINE_CURVE_WITH_KNOTS('',6,(#1573,#1574,#1575,#1576,#1577,
    #1578,#1579),.UNSPECIFIED.,.F.,.F.,(7,7),(5.738293964334,
    6.828076650025),.PIECEWISE_BEZIER_KNOTS.);
#1573 = CARTESIAN_POINT('',(2.11568766964,-6.0000006));
#1574 = CARTESIAN_POINT('',(1.934057222025,-5.848452312805));
#1575 = CARTESIAN_POINT('',(1.75242677441,-5.751401869671));
#1576 = CARTESIAN_POINT('',(1.570796326795,-5.717846709489));
#1577 = CARTESIAN_POINT('',(1.38916587918,-5.751401869671));
#1578 = CARTESIAN_POINT('',(1.207535431565,-5.848452312805));
#1579 = CARTESIAN_POINT('',(1.02590498395,-6.0000006));
#1580 = ( GEOMETRIC_REPRESENTATION_CONTEXT(2) 
PARAMETRIC_REPRESENTATION_CONTEXT() REPRESENTATION_CONTEXT('2D SPACE',''
  ) );
#1581 = ORIENTED_EDGE('',*,*,#1582,.T.);
#1582 = EDGE_CURVE('',#1548,#1550,#1583,.T.);
#1583 = SURFACE_CURVE('',#1584,(#1588,#1594),.PCURVE_S1.);
#1584 = LINE('',#1585,#1586);
#1585 = CARTESIAN_POINT('',(44.01,-17.,47.67375622822));
#1586 = VECTOR('',#1587,1.);
#1587 = DIRECTION('',(1.,0.,0.));
#1588 = PCURVE('',#458,#1589);
#1589 = DEFINITIONAL_REPRESENTATION('',(#1590),#1593);
#1590 = B_SPLINE_CURVE_WITH_KNOTS('',1,(#1591,#1592),.UNSPECIFIED.,.F.,
  .F.,(2,2),(41.01,47.01),.PIECEWISE_BEZIER_KNOTS.);
#1591 = CARTESIAN_POINT('',(0.82624377178,-85.02));
#1592 = CARTESIAN_POINT('',(0.82624377178,-91.02));
#1593 = ( GEOMETRIC_REPRESENTATION_CONTEXT(2) 
PARAMETRIC_REPRESENTATION_CONTEXT() REPRESENTATION_CONTEXT('2D SPACE',''
  ) );
#1594 = PCURVE('',#1595,#1600);
#1595 = PLANE('',#1596);
#1596 = AXIS2_PLACEMENT_3D('',#1597,#1598,#1599);
#1597 = CARTESIAN_POINT('',(88.02,-18.21303839161,45.413093771112));
#1598 = DIRECTION('',(-0.,-0.881160268064,0.472817704815));
#1599 = DIRECTION('',(0.,-0.472817704815,-0.881160268064));
#1600 = DEFINITIONAL_REPRESENTATION('',(#1601),#1604);
#1601 = B_SPLINE_CURVE_WITH_KNOTS('',1,(#1602,#1603),.UNSPECIFIED.,.F.,
  .F.,(2,2),(41.01,47.01),.PIECEWISE_BEZIER_KNOTS.);
#1602 = CARTESIAN_POINT('',(-2.565551964883,-3.));
#1603 = CARTESIAN_POINT('',(-2.565551964883,3.));
#1604 = ( GEOMETRIC_REPRESENTATION_CONTEXT(2) 
PARAMETRIC_REPRESENTATION_CONTEXT() REPRESENTATION_CONTEXT('2D SPACE',''
  ) );
#1605 = FACE_BOUND('',#1606,.T.);
#1606 = EDGE_LOOP('',(#1607,#1642));
#1607 = ORIENTED_EDGE('',*,*,#1608,.F.);
#1608 = EDGE_CURVE('',#1609,#1611,#1613,.T.);
#1609 = VERTEX_POINT('',#1610);
#1610 = CARTESIAN_POINT('',(76.455026329649,-17.,47.67375622822));
#1611 = VERTEX_POINT('',#1612);
#1612 = CARTESIAN_POINT('',(79.564973670351,-17.,47.67375622822));
#1613 = SURFACE_CURVE('',#1614,(#1619,#1626),.PCURVE_S1.);
#1614 = ELLIPSE('',#1615,3.404601987551,3.);
#1615 = AXIS2_PLACEMENT_3D('',#1616,#1617,#1618);
#1616 = CARTESIAN_POINT('',(78.01,-17.,44.762195121951));
#1617 = DIRECTION('',(-0.,1.,0.));
#1618 = DIRECTION('',(0.,0.,1.));
#1619 = PCURVE('',#458,#1620);
#1620 = DEFINITIONAL_REPRESENTATION('',(#1621),#1625);
#1621 = ELLIPSE('',#1622,3.404601987551,3.);
#1622 = AXIS2_PLACEMENT_2D('',#1623,#1624);
#1623 = CARTESIAN_POINT('',(3.737804878049,-78.01));
#1624 = DIRECTION('',(-1.,0.));
#1625 = ( GEOMETRIC_REPRESENTATION_CONTEXT(2) 
PARAMETRIC_REPRESENTATION_CONTEXT() REPRESENTATION_CONTEXT('2D SPACE',''
  ) );
#1626 = PCURVE('',#1627,#1632);
#1627 = CYLINDRICAL_SURFACE('',#1628,3.);
#1628 = AXIS2_PLACEMENT_3D('',#1629,#1630,#1631);
#1629 = CARTESIAN_POINT('',(78.01,-23.5,48.25));
#1630 = DIRECTION('',(0.,-0.881160268064,0.472817704815));
#1631 = DIRECTION('',(1.,0.,0.));
#1632 = DEFINITIONAL_REPRESENTATION('',(#1633),#1641);
#1633 = B_SPLINE_CURVE_WITH_KNOTS('',6,(#1634,#1635,#1636,#1637,#1638,
    #1639,#1640),.UNSPECIFIED.,.F.,.F.,(7,7),(5.738293964334,
    6.828076650025),.PIECEWISE_BEZIER_KNOTS.);
#1634 = CARTESIAN_POINT('',(2.11568766964,-6.0000006));
#1635 = CARTESIAN_POINT('',(1.934057222025,-5.848452312805));
#1636 = CARTESIAN_POINT('',(1.75242677441,-5.751401869671));
#1637 = CARTESIAN_POINT('',(1.570796326795,-5.717846709489));
#1638 = CARTESIAN_POINT('',(1.38916587918,-5.751401869671));
#1639 = CARTESIAN_POINT('',(1.207535431565,-5.848452312805));
#1640 = CARTESIAN_POINT('',(1.02590498395,-6.0000006));
#1641 = ( GEOMETRIC_REPRESENTATION_CONTEXT(2) 
PARAMETRIC_REPRESENTATION_CONTEXT() REPRESENTATION_CONTEXT('2D SPACE',''
  ) );
#1642 = ORIENTED_EDGE('',*,*,#1643,.T.);
#1643 = EDGE_CURVE('',#1609,#1611,#1644,.T.);
#1644 = SURFACE_CURVE('',#1645,(#1649,#1655),.PCURVE_S1.);
#1645 = LINE('',#1646,#1647);
#1646 = CARTESIAN_POINT('',(39.005,-17.,47.67375622822));
#1647 = VECTOR('',#1648,1.);
#1648 = DIRECTION('',(1.,0.,0.));
#1649 = PCURVE('',#458,#1650);
#1650 = DEFINITIONAL_REPRESENTATION('',(#1651),#1654);
#1651 = B_SPLINE_CURVE_WITH_KNOTS('',1,(#1652,#1653),.UNSPECIFIED.,.F.,
  .F.,(2,2),(36.005,42.005),.PIECEWISE_BEZIER_KNOTS.);
#1652 = CARTESIAN_POINT('',(0.82624377178,-75.01));
#1653 = CARTESIAN_POINT('',(0.82624377178,-81.01));
#1654 = ( GEOMETRIC_REPRESENTATION_CONTEXT(2) 
PARAMETRIC_REPRESENTATION_CONTEXT() REPRESENTATION_CONTEXT('2D SPACE',''
  ) );
#1655 = PCURVE('',#1656,#1661);
#1656 = PLANE('',#1657);
#1657 = AXIS2_PLACEMENT_3D('',#1658,#1659,#1660);
#1658 = CARTESIAN_POINT('',(78.01,-18.21303839161,45.413093771112));
#1659 = DIRECTION('',(-0.,-0.881160268064,0.472817704815));
#1660 = DIRECTION('',(0.,-0.472817704815,-0.881160268064));
#1661 = DEFINITIONAL_REPRESENTATION('',(#1662),#1665);
#1662 = B_SPLINE_CURVE_WITH_KNOTS('',1,(#1663,#1664),.UNSPECIFIED.,.F.,
  .F.,(2,2),(36.005,42.005),.PIECEWISE_BEZIER_KNOTS.);
#1663 = CARTESIAN_POINT('',(-2.565551964883,-3.));
#1664 = CARTESIAN_POINT('',(-2.565551964883,3.));
#1665 = ( GEOMETRIC_REPRESENTATION_CONTEXT(2) 
PARAMETRIC_REPRESENTATION_CONTEXT() REPRESENTATION_CONTEXT('2D SPACE',''
  ) );
#1666 = FACE_BOUND('',#1667,.T.);
#1667 = EDGE_LOOP('',(#1668));
#1668 = ORIENTED_EDGE('',*,*,#1669,.F.);
#1669 = EDGE_CURVE('',#1670,#1670,#1672,.T.);
#1670 = VERTEX_POINT('',#1671);
#1671 = CARTESIAN_POINT('',(115.53,-17.,25.));
#1672 = SURFACE_CURVE('',#1673,(#1678,#1685),.PCURVE_S1.);
#1673 = CIRCLE('',#1674,3.);
#1674 = AXIS2_PLACEMENT_3D('',#1675,#1676,#1677);
#1675 = CARTESIAN_POINT('',(112.53,-17.,25.));
#1676 = DIRECTION('',(-0.,1.,0.));
#1677 = DIRECTION('',(1.,0.,0.));
#1678 = PCURVE('',#458,#1679);
#1679 = DEFINITIONAL_REPRESENTATION('',(#1680),#1684);
#1680 = CIRCLE('',#1681,3.);
#1681 = AXIS2_PLACEMENT_2D('',#1682,#1683);
#1682 = CARTESIAN_POINT('',(23.5,-112.53));
#1683 = DIRECTION('',(0.,-1.));
#1684 = ( GEOMETRIC_REPRESENTATION_CONTEXT(2) 
PARAMETRIC_REPRESENTATION_CONTEXT() REPRESENTATION_CONTEXT('2D SPACE',''
  ) );
#1685 = PCURVE('',#1686,#1691);
#1686 = CYLINDRICAL_SURFACE('',#1687,3.);
#1687 = AXIS2_PLACEMENT_3D('',#1688,#1689,#1690);
#1688 = CARTESIAN_POINT('',(112.53,0.,25.));
#1689 = DIRECTION('',(-0.,1.,-0.));
#1690 = DIRECTION('',(1.,0.,0.));
#1691 = DEFINITIONAL_REPRESENTATION('',(#1692),#1696);
#1692 = LINE('',#1693,#1694);
#1693 = CARTESIAN_POINT('',(-6.28318530718,-17.));
#1694 = VECTOR('',#1695,1.);
#1695 = DIRECTION('',(1.,-0.));
#1696 = ( GEOMETRIC_REPRESENTATION_CONTEXT(2) 
PARAMETRIC_REPRESENTATION_CONTEXT() REPRESENTATION_CONTEXT('2D SPACE',''
  ) );
#1697 = FACE_BOUND('',#1698,.T.);
#1698 = EDGE_LOOP('',(#1699));
#1699 = ORIENTED_EDGE('',*,*,#1700,.F.);
#1700 = EDGE_CURVE('',#1701,#1701,#1703,.T.);
#1701 = VERTEX_POINT('',#1702);
#1702 = CARTESIAN_POINT('',(105.52,-17.,25.));
#1703 = SURFACE_CURVE('',#1704,(#1709,#1716),.PCURVE_S1.);
#1704 = CIRCLE('',#1705,3.);
#1705 = AXIS2_PLACEMENT_3D('',#1706,#1707,#1708);
#1706 = CARTESIAN_POINT('',(102.52,-17.,25.));
#1707 = DIRECTION('',(-0.,1.,0.));
#1708 = DIRECTION('',(1.,0.,0.));
#1709 = PCURVE('',#458,#1710);
#1710 = DEFINITIONAL_REPRESENTATION('',(#1711),#1715);
#1711 = CIRCLE('',#1712,3.);
#1712 = AXIS2_PLACEMENT_2D('',#1713,#1714);
#1713 = CARTESIAN_POINT('',(23.5,-102.52));
#1714 = DIRECTION('',(0.,-1.));
#1715 = ( GEOMETRIC_REPRESENTATION_CONTEXT(2) 
PARAMETRIC_REPRESENTATION_CONTEXT() REPRESENTATION_CONTEXT('2D SPACE',''
  ) );
#1716 = PCURVE('',#1717,#1722);
#1717 = CYLINDRICAL_SURFACE('',#1718,3.);
#1718 = AXIS2_PLACEMENT_3D('',#1719,#1720,#1721);
#1719 = CARTESIAN_POINT('',(102.52,0.,25.));
#1720 = DIRECTION('',(-0.,1.,-0.));
#1721 = DIRECTION('',(1.,0.,0.));
#1722 = DEFINITIONAL_REPRESENTATION('',(#1723),#1727);
#1723 = LINE('',#1724,#1725);
#1724 = CARTESIAN_POINT('',(-6.28318530718,-17.));
#1725 = VECTOR('',#1726,1.);
#1726 = DIRECTION('',(1.,-0.));
#1727 = ( GEOMETRIC_REPRESENTATION_CONTEXT(2) 
PARAMETRIC_REPRESENTATION_CONTEXT() REPRESENTATION_CONTEXT('2D SPACE',''
  ) );
#1728 = FACE_BOUND('',#1729,.T.);
#1729 = EDGE_LOOP('',(#1730));
#1730 = ORIENTED_EDGE('',*,*,#1731,.F.);
#1731 = EDGE_CURVE('',#1732,#1732,#1734,.T.);
#1732 = VERTEX_POINT('',#1733);
#1733 = CARTESIAN_POINT('',(95.51,-17.,25.));
#1734 = SURFACE_CURVE('',#1735,(#1740,#1747),.PCURVE_S1.);
#1735 = CIRCLE('',#1736,3.);
#1736 = AXIS2_PLACEMENT_3D('',#1737,#1738,#1739);
#1737 = CARTESIAN_POINT('',(92.51,-17.,25.));
#1738 = DIRECTION('',(-0.,1.,0.));
#1739 = DIRECTION('',(1.,0.,0.));
#1740 = PCURVE('',#458,#1741);
#1741 = DEFINITIONAL_REPRESENTATION('',(#1742),#1746);
#1742 = CIRCLE('',#1743,3.);
#1743 = AXIS2_PLACEMENT_2D('',#1744,#1745);
#1744 = CARTESIAN_POINT('',(23.5,-92.51));
#1745 = DIRECTION('',(0.,-1.));
#1746 = ( GEOMETRIC_REPRESENTATION_CONTEXT(2) 
PARAMETRIC_REPRESENTATION_CONTEXT() REPRESENTATION_CONTEXT('2D SPACE',''
  ) );
#1747 = PCURVE('',#1748,#1753);
#1748 = CYLINDRICAL_SURFACE('',#1749,3.);
#1749 = AXIS2_PLACEMENT_3D('',#1750,#1751,#1752);
#1750 = CARTESIAN_POINT('',(92.51,0.,25.));
#1751 = DIRECTION('',(-0.,1.,-0.));
#1752 = DIRECTION('',(1.,0.,0.));
#1753 = DEFINITIONAL_REPRESENTATION('',(#1754),#1758);
#1754 = LINE('',#1755,#1756);
#1755 = CARTESIAN_POINT('',(-6.28318530718,-17.));
#1756 = VECTOR('',#1757,1.);
#1757 = DIRECTION('',(1.,-0.));
#1758 = ( GEOMETRIC_REPRESENTATION_CONTEXT(2) 
PARAMETRIC_REPRESENTATION_CONTEXT() REPRESENTATION_CONTEXT('2D SPACE',''
  ) );
#1759 = FACE_BOUND('',#1760,.T.);
#1760 = EDGE_LOOP('',(#1761));
#1761 = ORIENTED_EDGE('',*,*,#1762,.F.);
#1762 = EDGE_CURVE('',#1763,#1763,#1765,.T.);
#1763 = VERTEX_POINT('',#1764);
#1764 = CARTESIAN_POINT('',(85.5,-17.,25.));
#1765 = SURFACE_CURVE('',#1766,(#1771,#1778),.PCURVE_S1.);
#1766 = CIRCLE('',#1767,3.);
#1767 = AXIS2_PLACEMENT_3D('',#1768,#1769,#1770);
#1768 = CARTESIAN_POINT('',(82.5,-17.,25.));
#1769 = DIRECTION('',(-0.,1.,0.));
#1770 = DIRECTION('',(1.,0.,0.));
#1771 = PCURVE('',#458,#1772);
#1772 = DEFINITIONAL_REPRESENTATION('',(#1773),#1777);
#1773 = CIRCLE('',#1774,3.);
#1774 = AXIS2_PLACEMENT_2D('',#1775,#1776);
#1775 = CARTESIAN_POINT('',(23.5,-82.5));
#1776 = DIRECTION('',(0.,-1.));
#1777 = ( GEOMETRIC_REPRESENTATION_CONTEXT(2) 
PARAMETRIC_REPRESENTATION_CONTEXT() REPRESENTATION_CONTEXT('2D SPACE',''
  ) );
#1778 = PCURVE('',#1779,#1784);
#1779 = CYLINDRICAL_SURFACE('',#1780,3.);
#1780 = AXIS2_PLACEMENT_3D('',#1781,#1782,#1783);
#1781 = CARTESIAN_POINT('',(82.5,0.,25.));
#1782 = DIRECTION('',(-0.,1.,-0.));
#1783 = DIRECTION('',(1.,0.,0.));
#1784 = DEFINITIONAL_REPRESENTATION('',(#1785),#1789);
#1785 = LINE('',#1786,#1787);
#1786 = CARTESIAN_POINT('',(-6.28318530718,-17.));
#1787 = VECTOR('',#1788,1.);
#1788 = DIRECTION('',(1.,-0.));
#1789 = ( GEOMETRIC_REPRESENTATION_CONTEXT(2) 
PARAMETRIC_REPRESENTATION_CONTEXT() REPRESENTATION_CONTEXT('2D SPACE',''
  ) );
#1790 = FACE_BOUND('',#1791,.T.);
#1791 = EDGE_LOOP('',(#1792));
#1792 = ORIENTED_EDGE('',*,*,#1793,.F.);
#1793 = EDGE_CURVE('',#1794,#1794,#1796,.T.);
#1794 = VERTEX_POINT('',#1795);
#1795 = CARTESIAN_POINT('',(75.49,-17.,25.));
#1796 = SURFACE_CURVE('',#1797,(#1802,#1809),.PCURVE_S1.);
#1797 = CIRCLE('',#1798,3.);
#1798 = AXIS2_PLACEMENT_3D('',#1799,#1800,#1801);
#1799 = CARTESIAN_POINT('',(72.49,-17.,25.));
#1800 = DIRECTION('',(-0.,1.,0.));
#1801 = DIRECTION('',(1.,0.,0.));
#1802 = PCURVE('',#458,#1803);
#1803 = DEFINITIONAL_REPRESENTATION('',(#1804),#1808);
#1804 = CIRCLE('',#1805,3.);
#1805 = AXIS2_PLACEMENT_2D('',#1806,#1807);
#1806 = CARTESIAN_POINT('',(23.5,-72.49));
#1807 = DIRECTION('',(0.,-1.));
#1808 = ( GEOMETRIC_REPRESENTATION_CONTEXT(2) 
PARAMETRIC_REPRESENTATION_CONTEXT() REPRESENTATION_CONTEXT('2D SPACE',''
  ) );
#1809 = PCURVE('',#1810,#1815);
#1810 = CYLINDRICAL_SURFACE('',#1811,3.);
#1811 = AXIS2_PLACEMENT_3D('',#1812,#1813,#1814);
#1812 = CARTESIAN_POINT('',(72.49,0.,25.));
#1813 = DIRECTION('',(-0.,1.,-0.));
#1814 = DIRECTION('',(1.,0.,0.));
#1815 = DEFINITIONAL_REPRESENTATION('',(#1816),#1820);
#1816 = LINE('',#1817,#1818);
#1817 = CARTESIAN_POINT('',(-6.28318530718,-17.));
#1818 = VECTOR('',#1819,1.);
#1819 = DIRECTION('',(1.,-0.));
#1820 = ( GEOMETRIC_REPRESENTATION_CONTEXT(2) 
PARAMETRIC_REPRESENTATION_CONTEXT() REPRESENTATION_CONTEXT('2D SPACE',''
  ) );
#1821 = FACE_BOUND('',#1822,.T.);
#1822 = EDGE_LOOP('',(#1823,#1858));
#1823 = ORIENTED_EDGE('',*,*,#1824,.F.);
#1824 = EDGE_CURVE('',#1825,#1827,#1829,.T.);
#1825 = VERTEX_POINT('',#1826);
#1826 = CARTESIAN_POINT('',(66.445026329649,-17.,47.67375622822));
#1827 = VERTEX_POINT('',#1828);
#1828 = CARTESIAN_POINT('',(69.554973670351,-17.,47.67375622822));
#1829 = SURFACE_CURVE('',#1830,(#1835,#1842),.PCURVE_S1.);
#1830 = ELLIPSE('',#1831,3.404601987551,3.);
#1831 = AXIS2_PLACEMENT_3D('',#1832,#1833,#1834);
#1832 = CARTESIAN_POINT('',(68.,-17.,44.762195121951));
#1833 = DIRECTION('',(-0.,1.,0.));
#1834 = DIRECTION('',(0.,0.,1.));
#1835 = PCURVE('',#458,#1836);
#1836 = DEFINITIONAL_REPRESENTATION('',(#1837),#1841);
#1837 = ELLIPSE('',#1838,3.404601987551,3.);
#1838 = AXIS2_PLACEMENT_2D('',#1839,#1840);
#1839 = CARTESIAN_POINT('',(3.737804878049,-68.));
#1840 = DIRECTION('',(-1.,0.));
#1841 = ( GEOMETRIC_REPRESENTATION_CONTEXT(2) 
PARAMETRIC_REPRESENTATION_CONTEXT() REPRESENTATION_CONTEXT('2D SPACE',''
  ) );
#1842 = PCURVE('',#1843,#1848);
#1843 = CYLINDRICAL_SURFACE('',#1844,3.);
#1844 = AXIS2_PLACEMENT_3D('',#1845,#1846,#1847);
#1845 = CARTESIAN_POINT('',(68.,-23.5,48.25));
#1846 = DIRECTION('',(0.,-0.881160268064,0.472817704815));
#1847 = DIRECTION('',(1.,0.,0.));
#1848 = DEFINITIONAL_REPRESENTATION('',(#1849),#1857);
#1849 = B_SPLINE_CURVE_WITH_KNOTS('',6,(#1850,#1851,#1852,#1853,#1854,
    #1855,#1856),.UNSPECIFIED.,.F.,.F.,(7,7),(5.738293964334,
    6.828076650025),.PIECEWISE_BEZIER_KNOTS.);
#1850 = CARTESIAN_POINT('',(2.11568766964,-6.0000006));
#1851 = CARTESIAN_POINT('',(1.934057222025,-5.848452312805));
#1852 = CARTESIAN_POINT('',(1.75242677441,-5.751401869671));
#1853 = CARTESIAN_POINT('',(1.570796326795,-5.717846709489));
#1854 = CARTESIAN_POINT('',(1.38916587918,-5.751401869671));
#1855 = CARTESIAN_POINT('',(1.207535431565,-5.848452312805));
#1856 = CARTESIAN_POINT('',(1.02590498395,-6.0000006));
#1857 = ( GEOMETRIC_REPRESENTATION_CONTEXT(2) 
PARAMETRIC_REPRESENTATION_CONTEXT() REPRESENTATION_CONTEXT('2D SPACE',''
  ) );
#1858 = ORIENTED_EDGE('',*,*,#1859,.T.);
#1859 = EDGE_CURVE('',#1825,#1827,#1860,.T.);
#1860 = SURFACE_CURVE('',#1861,(#1865,#1871),.PCURVE_S1.);
#1861 = LINE('',#1862,#1863);
#1862 = CARTESIAN_POINT('',(34.,-17.,47.67375622822));
#1863 = VECTOR('',#1864,1.);
#1864 = DIRECTION('',(1.,0.,0.));
#1865 = PCURVE('',#458,#1866);
#1866 = DEFINITIONAL_REPRESENTATION('',(#1867),#1870);
#1867 = B_SPLINE_CURVE_WITH_KNOTS('',1,(#1868,#1869),.UNSPECIFIED.,.F.,
  .F.,(2,2),(31.,37.),.PIECEWISE_BEZIER_KNOTS.);
#1868 = CARTESIAN_POINT('',(0.82624377178,-65.));
#1869 = CARTESIAN_POINT('',(0.82624377178,-71.));
#1870 = ( GEOMETRIC_REPRESENTATION_CONTEXT(2) 
PARAMETRIC_REPRESENTATION_CONTEXT() REPRESENTATION_CONTEXT('2D SPACE',''
  ) );
#1871 = PCURVE('',#1872,#1877);
#1872 = PLANE('',#1873);
#1873 = AXIS2_PLACEMENT_3D('',#1874,#1875,#1876);
#1874 = CARTESIAN_POINT('',(68.,-18.21303839161,45.413093771112));
#1875 = DIRECTION('',(-0.,-0.881160268064,0.472817704815));
#1876 = DIRECTION('',(0.,-0.472817704815,-0.881160268064));
#1877 = DEFINITIONAL_REPRESENTATION('',(#1878),#1881);
#1878 = B_SPLINE_CURVE_WITH_KNOTS('',1,(#1879,#1880),.UNSPECIFIED.,.F.,
  .F.,(2,2),(31.,37.),.PIECEWISE_BEZIER_KNOTS.);
#1879 = CARTESIAN_POINT('',(-2.565551964883,-3.));
#1880 = CARTESIAN_POINT('',(-2.565551964883,3.));
#1881 = ( GEOMETRIC_REPRESENTATION_CONTEXT(2) 
PARAMETRIC_REPRESENTATION_CONTEXT() REPRESENTATION_CONTEXT('2D SPACE',''
  ) );
#1882 = FACE_BOUND('',#1883,.T.);
#1883 = EDGE_LOOP('',(#1884,#1919));
#1884 = ORIENTED_EDGE('',*,*,#1885,.F.);
#1885 = EDGE_CURVE('',#1886,#1888,#1890,.T.);
#1886 = VERTEX_POINT('',#1887);
#1887 = CARTESIAN_POINT('',(56.435026329649,-17.,47.67375622822));
#1888 = VERTEX_POINT('',#1889);
#1889 = CARTESIAN_POINT('',(59.544973670351,-17.,47.67375622822));
#1890 = SURFACE_CURVE('',#1891,(#1896,#1903),.PCURVE_S1.);
#1891 = ELLIPSE('',#1892,3.404601987551,3.);
#1892 = AXIS2_PLACEMENT_3D('',#1893,#1894,#1895);
#1893 = CARTESIAN_POINT('',(57.99,-17.,44.762195121951));
#1894 = DIRECTION('',(-0.,1.,0.));
#1895 = DIRECTION('',(0.,0.,1.));
#1896 = PCURVE('',#458,#1897);
#1897 = DEFINITIONAL_REPRESENTATION('',(#1898),#1902);
#1898 = ELLIPSE('',#1899,3.404601987551,3.);
#1899 = AXIS2_PLACEMENT_2D('',#1900,#1901);
#1900 = CARTESIAN_POINT('',(3.737804878049,-57.99));
#1901 = DIRECTION('',(-1.,0.));
#1902 = ( GEOMETRIC_REPRESENTATION_CONTEXT(2) 
PARAMETRIC_REPRESENTATION_CONTEXT() REPRESENTATION_CONTEXT('2D SPACE',''
  ) );
#1903 = PCURVE('',#1904,#1909);
#1904 = CYLINDRICAL_SURFACE('',#1905,3.);
#1905 = AXIS2_PLACEMENT_3D('',#1906,#1907,#1908);
#1906 = CARTESIAN_POINT('',(57.99,-23.5,48.25));
#1907 = DIRECTION('',(0.,-0.881160268064,0.472817704815));
#1908 = DIRECTION('',(1.,0.,0.));
#1909 = DEFINITIONAL_REPRESENTATION('',(#1910),#1918);
#1910 = B_SPLINE_CURVE_WITH_KNOTS('',6,(#1911,#1912,#1913,#1914,#1915,
    #1916,#1917),.UNSPECIFIED.,.F.,.F.,(7,7),(5.738293964334,
    6.828076650025),.PIECEWISE_BEZIER_KNOTS.);
#1911 = CARTESIAN_POINT('',(2.11568766964,-6.0000006));
#1912 = CARTESIAN_POINT('',(1.934057222025,-5.848452312805));
#1913 = CARTESIAN_POINT('',(1.75242677441,-5.751401869671));
#1914 = CARTESIAN_POINT('',(1.570796326795,-5.717846709489));
#1915 = CARTESIAN_POINT('',(1.38916587918,-5.751401869671));
#1916 = CARTESIAN_POINT('',(1.207535431565,-5.848452312805));
#1917 = CARTESIAN_POINT('',(1.02590498395,-6.0000006));
#1918 = ( GEOMETRIC_REPRESENTATION_CONTEXT(2) 
PARAMETRIC_REPRESENTATION_CONTEXT() REPRESENTATION_CONTEXT('2D SPACE',''
  ) );
#1919 = ORIENTED_EDGE('',*,*,#1920,.T.);
#1920 = EDGE_CURVE('',#1886,#1888,#1921,.T.);
#1921 = SURFACE_CURVE('',#1922,(#1926,#1932),.PCURVE_S1.);
#1922 = LINE('',#1923,#1924);
#1923 = CARTESIAN_POINT('',(28.995,-17.,47.67375622822));
#1924 = VECTOR('',#1925,1.);
#1925 = DIRECTION('',(1.,0.,0.));
#1926 = PCURVE('',#458,#1927);
#1927 = DEFINITIONAL_REPRESENTATION('',(#1928),#1931);
#1928 = B_SPLINE_CURVE_WITH_KNOTS('',1,(#1929,#1930),.UNSPECIFIED.,.F.,
  .F.,(2,2),(25.995,31.995),.PIECEWISE_BEZIER_KNOTS.);
#1929 = CARTESIAN_POINT('',(0.82624377178,-54.99));
#1930 = CARTESIAN_POINT('',(0.82624377178,-60.99));
#1931 = ( GEOMETRIC_REPRESENTATION_CONTEXT(2) 
PARAMETRIC_REPRESENTATION_CONTEXT() REPRESENTATION_CONTEXT('2D SPACE',''
  ) );
#1932 = PCURVE('',#1933,#1938);
#1933 = PLANE('',#1934);
#1934 = AXIS2_PLACEMENT_3D('',#1935,#1936,#1937);
#1935 = CARTESIAN_POINT('',(57.99,-18.21303839161,45.413093771112));
#1936 = DIRECTION('',(-0.,-0.881160268064,0.472817704815));
#1937 = DIRECTION('',(0.,-0.472817704815,-0.881160268064));
#1938 = DEFINITIONAL_REPRESENTATION('',(#1939),#1942);
#1939 = B_SPLINE_CURVE_WITH_KNOTS('',1,(#1940,#1941),.UNSPECIFIED.,.F.,
  .F.,(2,2),(25.995,31.995),.PIECEWISE_BEZIER_KNOTS.);
#1940 = CARTESIAN_POINT('',(-2.565551964883,-3.));
#1941 = CARTESIAN_POINT('',(-2.565551964883,3.));
#1942 = ( GEOMETRIC_REPRESENTATION_CONTEXT(2) 
PARAMETRIC_REPRESENTATION_CONTEXT() REPRESENTATION_CONTEXT('2D SPACE',''
  ) );
#1943 = FACE_BOUND('',#1944,.T.);
#1944 = EDGE_LOOP('',(#1945,#1980));
#1945 = ORIENTED_EDGE('',*,*,#1946,.F.);
#1946 = EDGE_CURVE('',#1947,#1949,#1951,.T.);
#1947 = VERTEX_POINT('',#1948);
#1948 = CARTESIAN_POINT('',(46.425026329649,-17.,47.67375622822));
#1949 = VERTEX_POINT('',#1950);
#1950 = CARTESIAN_POINT('',(49.534973670351,-17.,47.67375622822));
#1951 = SURFACE_CURVE('',#1952,(#1957,#1964),.PCURVE_S1.);
#1952 = ELLIPSE('',#1953,3.404601987551,3.);
#1953 = AXIS2_PLACEMENT_3D('',#1954,#1955,#1956);
#1954 = CARTESIAN_POINT('',(47.98,-17.,44.762195121951));
#1955 = DIRECTION('',(-0.,1.,0.));
#1956 = DIRECTION('',(0.,0.,1.));
#1957 = PCURVE('',#458,#1958);
#1958 = DEFINITIONAL_REPRESENTATION('',(#1959),#1963);
#1959 = ELLIPSE('',#1960,3.404601987551,3.);
#1960 = AXIS2_PLACEMENT_2D('',#1961,#1962);
#1961 = CARTESIAN_POINT('',(3.737804878049,-47.98));
#1962 = DIRECTION('',(-1.,0.));
#1963 = ( GEOMETRIC_REPRESENTATION_CONTEXT(2) 
PARAMETRIC_REPRESENTATION_CONTEXT() REPRESENTATION_CONTEXT('2D SPACE',''
  ) );
#1964 = PCURVE('',#1965,#1970);
#1965 = CYLINDRICAL_SURFACE('',#1966,3.);
#1966 = AXIS2_PLACEMENT_3D('',#1967,#1968,#1969);
#1967 = CARTESIAN_POINT('',(47.98,-23.5,48.25));
#1968 = DIRECTION('',(0.,-0.881160268064,0.472817704815));
#1969 = DIRECTION('',(1.,0.,0.));
#1970 = DEFINITIONAL_REPRESENTATION('',(#1971),#1979);
#1971 = B_SPLINE_CURVE_WITH_KNOTS('',6,(#1972,#1973,#1974,#1975,#1976,
    #1977,#1978),.UNSPECIFIED.,.F.,.F.,(7,7),(5.738293964334,
    6.828076650025),.PIECEWISE_BEZIER_KNOTS.);
#1972 = CARTESIAN_POINT('',(2.11568766964,-6.0000006));
#1973 = CARTESIAN_POINT('',(1.934057222025,-5.848452312805));
#1974 = CARTESIAN_POINT('',(1.75242677441,-5.751401869671));
#1975 = CARTESIAN_POINT('',(1.570796326795,-5.717846709489));
#1976 = CARTESIAN_POINT('',(1.38916587918,-5.751401869671));
#1977 = CARTESIAN_POINT('',(1.207535431565,-5.848452312805));
#1978 = CARTESIAN_POINT('',(1.02590498395,-6.0000006));
#1979 = ( GEOMETRIC_REPRESENTATION_CONTEXT(2) 
PARAMETRIC_REPRESENTATION_CONTEXT() REPRESENTATION_CONTEXT('2D SPACE',''
  ) );
#1980 = ORIENTED_EDGE('',*,*,#1981,.T.);
#1981 = EDGE_CURVE('',#1947,#1949,#1982,.T.);
#1982 = SURFACE_CURVE('',#1983,(#1987,#1993),.PCURVE_S1.);
#1983 = LINE('',#1984,#1985);
#1984 = CARTESIAN_POINT('',(23.99,-17.,47.67375622822));
#1985 = VECTOR('',#1986,1.);
#1986 = DIRECTION('',(1.,0.,0.));
#1987 = PCURVE('',#458,#1988);
#1988 = DEFINITIONAL_REPRESENTATION('',(#1989),#1992);
#1989 = B_SPLINE_CURVE_WITH_KNOTS('',1,(#1990,#1991),.UNSPECIFIED.,.F.,
  .F.,(2,2),(20.99,26.99),.PIECEWISE_BEZIER_KNOTS.);
#1990 = CARTESIAN_POINT('',(0.82624377178,-44.98));
#1991 = CARTESIAN_POINT('',(0.82624377178,-50.98));
#1992 = ( GEOMETRIC_REPRESENTATION_CONTEXT(2) 
PARAMETRIC_REPRESENTATION_CONTEXT() REPRESENTATION_CONTEXT('2D SPACE',''
  ) );
#1993 = PCURVE('',#1994,#1999);
#1994 = PLANE('',#1995);
#1995 = AXIS2_PLACEMENT_3D('',#1996,#1997,#1998);
#1996 = CARTESIAN_POINT('',(47.98,-18.21303839161,45.413093771112));
#1997 = DIRECTION('',(-0.,-0.881160268064,0.472817704815));
#1998 = DIRECTION('',(0.,-0.472817704815,-0.881160268064));
#1999 = DEFINITIONAL_REPRESENTATION('',(#2000),#2003);
#2000 = B_SPLINE_CURVE_WITH_KNOTS('',1,(#2001,#2002),.UNSPECIFIED.,.F.,
  .F.,(2,2),(20.99,26.99),.PIECEWISE_BEZIER_KNOTS.);
#2001 = CARTESIAN_POINT('',(-2.565551964883,-3.));
#2002 = CARTESIAN_POINT('',(-2.565551964883,3.));
#2003 = ( GEOMETRIC_REPRESENTATION_CONTEXT(2) 
PARAMETRIC_REPRESENTATION_CONTEXT() REPRESENTATION_CONTEXT('2D SPACE',''
  ) );
#2004 = FACE_BOUND('',#2005,.T.);
#2005 = EDGE_LOOP('',(#2006,#2041));
#2006 = ORIENTED_EDGE('',*,*,#2007,.F.);
#2007 = EDGE_CURVE('',#2008,#2010,#2012,.T.);
#2008 = VERTEX_POINT('',#2009);
#2009 = CARTESIAN_POINT('',(36.415026329649,-17.,47.67375622822));
#2010 = VERTEX_POINT('',#2011);
#2011 = CARTESIAN_POINT('',(39.524973670351,-17.,47.67375622822));
#2012 = SURFACE_CURVE('',#2013,(#2018,#2025),.PCURVE_S1.);
#2013 = ELLIPSE('',#2014,3.404601987551,3.);
#2014 = AXIS2_PLACEMENT_3D('',#2015,#2016,#2017);
#2015 = CARTESIAN_POINT('',(37.97,-17.,44.762195121951));
#2016 = DIRECTION('',(-0.,1.,0.));
#2017 = DIRECTION('',(0.,0.,1.));
#2018 = PCURVE('',#458,#2019);
#2019 = DEFINITIONAL_REPRESENTATION('',(#2020),#2024);
#2020 = ELLIPSE('',#2021,3.404601987551,3.);
#2021 = AXIS2_PLACEMENT_2D('',#2022,#2023);
#2022 = CARTESIAN_POINT('',(3.737804878049,-37.97));
#2023 = DIRECTION('',(-1.,0.));
#2024 = ( GEOMETRIC_REPRESENTATION_CONTEXT(2) 
PARAMETRIC_REPRESENTATION_CONTEXT() REPRESENTATION_CONTEXT('2D SPACE',''
  ) );
#2025 = PCURVE('',#2026,#2031);
#2026 = CYLINDRICAL_SURFACE('',#2027,3.);
#2027 = AXIS2_PLACEMENT_3D('',#2028,#2029,#2030);
#2028 = CARTESIAN_POINT('',(37.97,-23.5,48.25));
#2029 = DIRECTION('',(0.,-0.881160268064,0.472817704815));
#2030 = DIRECTION('',(1.,0.,0.));
#2031 = DEFINITIONAL_REPRESENTATION('',(#2032),#2040);
#2032 = B_SPLINE_CURVE_WITH_KNOTS('',6,(#2033,#2034,#2035,#2036,#2037,
    #2038,#2039),.UNSPECIFIED.,.F.,.F.,(7,7),(5.738293964334,
    6.828076650025),.PIECEWISE_BEZIER_KNOTS.);
#2033 = CARTESIAN_POINT('',(2.11568766964,-6.0000006));
#2034 = CARTESIAN_POINT('',(1.934057222025,-5.848452312805));
#2035 = CARTESIAN_POINT('',(1.75242677441,-5.751401869671));
#2036 = CARTESIAN_POINT('',(1.570796326795,-5.717846709489));
#2037 = CARTESIAN_POINT('',(1.38916587918,-5.751401869671));
#2038 = CARTESIAN_POINT('',(1.207535431565,-5.848452312805));
#2039 = CARTESIAN_POINT('',(1.02590498395,-6.0000006));
#2040 = ( GEOMETRIC_REPRESENTATION_CONTEXT(2) 
PARAMETRIC_REPRESENTATION_CONTEXT() REPRESENTATION_CONTEXT('2D SPACE',''
  ) );
#2041 = ORIENTED_EDGE('',*,*,#2042,.T.);
#2042 = EDGE_CURVE('',#2008,#2010,#2043,.T.);
#2043 = SURFACE_CURVE('',#2044,(#2048,#2054),.PCURVE_S1.);
#2044 = LINE('',#2045,#2046);
#2045 = CARTESIAN_POINT('',(18.985,-17.,47.67375622822));
#2046 = VECTOR('',#2047,1.);
#2047 = DIRECTION('',(1.,0.,0.));
#2048 = PCURVE('',#458,#2049);
#2049 = DEFINITIONAL_REPRESENTATION('',(#2050),#2053);
#2050 = B_SPLINE_CURVE_WITH_KNOTS('',1,(#2051,#2052),.UNSPECIFIED.,.F.,
  .F.,(2,2),(15.985,21.985),.PIECEWISE_BEZIER_KNOTS.);
#2051 = CARTESIAN_POINT('',(0.82624377178,-34.97));
#2052 = CARTESIAN_POINT('',(0.82624377178,-40.97));
#2053 = ( GEOMETRIC_REPRESENTATION_CONTEXT(2) 
PARAMETRIC_REPRESENTATION_CONTEXT() REPRESENTATION_CONTEXT('2D SPACE',''
  ) );
#2054 = PCURVE('',#2055,#2060);
#2055 = PLANE('',#2056);
#2056 = AXIS2_PLACEMENT_3D('',#2057,#2058,#2059);
#2057 = CARTESIAN_POINT('',(37.97,-18.21303839161,45.413093771112));
#2058 = DIRECTION('',(-0.,-0.881160268064,0.472817704815));
#2059 = DIRECTION('',(0.,-0.472817704815,-0.881160268064));
#2060 = DEFINITIONAL_REPRESENTATION('',(#2061),#2064);
#2061 = B_SPLINE_CURVE_WITH_KNOTS('',1,(#2062,#2063),.UNSPECIFIED.,.F.,
  .F.,(2,2),(15.985,21.985),.PIECEWISE_BEZIER_KNOTS.);
#2062 = CARTESIAN_POINT('',(-2.565551964883,-3.));
#2063 = CARTESIAN_POINT('',(-2.565551964883,3.));
#2064 = ( GEOMETRIC_REPRESENTATION_CONTEXT(2) 
PARAMETRIC_REPRESENTATION_CONTEXT() REPRESENTATION_CONTEXT('2D SPACE',''
  ) );
#2065 = FACE_BOUND('',#2066,.T.);
#2066 = EDGE_LOOP('',(#2067,#2102));
#2067 = ORIENTED_EDGE('',*,*,#2068,.F.);
#2068 = EDGE_CURVE('',#2069,#2071,#2073,.T.);
#2069 = VERTEX_POINT('',#2070);
#2070 = CARTESIAN_POINT('',(26.405026329649,-17.,47.67375622822));
#2071 = VERTEX_POINT('',#2072);
#2072 = CARTESIAN_POINT('',(29.514973670351,-17.,47.67375622822));
#2073 = SURFACE_CURVE('',#2074,(#2079,#2086),.PCURVE_S1.);
#2074 = ELLIPSE('',#2075,3.404601987551,3.);
#2075 = AXIS2_PLACEMENT_3D('',#2076,#2077,#2078);
#2076 = CARTESIAN_POINT('',(27.96,-17.,44.762195121951));
#2077 = DIRECTION('',(-0.,1.,0.));
#2078 = DIRECTION('',(0.,0.,1.));
#2079 = PCURVE('',#458,#2080);
#2080 = DEFINITIONAL_REPRESENTATION('',(#2081),#2085);
#2081 = ELLIPSE('',#2082,3.404601987551,3.);
#2082 = AXIS2_PLACEMENT_2D('',#2083,#2084);
#2083 = CARTESIAN_POINT('',(3.737804878049,-27.96));
#2084 = DIRECTION('',(-1.,0.));
#2085 = ( GEOMETRIC_REPRESENTATION_CONTEXT(2) 
PARAMETRIC_REPRESENTATION_CONTEXT() REPRESENTATION_CONTEXT('2D SPACE',''
  ) );
#2086 = PCURVE('',#2087,#2092);
#2087 = CYLINDRICAL_SURFACE('',#2088,3.);
#2088 = AXIS2_PLACEMENT_3D('',#2089,#2090,#2091);
#2089 = CARTESIAN_POINT('',(27.96,-23.5,48.25));
#2090 = DIRECTION('',(0.,-0.881160268064,0.472817704815));
#2091 = DIRECTION('',(1.,0.,0.));
#2092 = DEFINITIONAL_REPRESENTATION('',(#2093),#2101);
#2093 = B_SPLINE_CURVE_WITH_KNOTS('',6,(#2094,#2095,#2096,#2097,#2098,
    #2099,#2100),.UNSPECIFIED.,.F.,.F.,(7,7),(5.738293964334,
    6.828076650025),.PIECEWISE_BEZIER_KNOTS.);
#2094 = CARTESIAN_POINT('',(2.11568766964,-6.0000006));
#2095 = CARTESIAN_POINT('',(1.934057222025,-5.848452312805));
#2096 = CARTESIAN_POINT('',(1.75242677441,-5.751401869671));
#2097 = CARTESIAN_POINT('',(1.570796326795,-5.717846709489));
#2098 = CARTESIAN_POINT('',(1.38916587918,-5.751401869671));
#2099 = CARTESIAN_POINT('',(1.207535431565,-5.848452312805));
#2100 = CARTESIAN_POINT('',(1.02590498395,-6.0000006));
#2101 = ( GEOMETRIC_REPRESENTATION_CONTEXT(2) 
PARAMETRIC_REPRESENTATION_CONTEXT() REPRESENTATION_CONTEXT('2D SPACE',''
  ) );
#2102 = ORIENTED_EDGE('',*,*,#2103,.T.);
#2103 = EDGE_CURVE('',#2069,#2071,#2104,.T.);
#2104 = SURFACE_CURVE('',#2105,(#2109,#2115),.PCURVE_S1.);
#2105 = LINE('',#2106,#2107);
#2106 = CARTESIAN_POINT('',(13.98,-17.,47.67375622822));
#2107 = VECTOR('',#2108,1.);
#2108 = DIRECTION('',(1.,0.,0.));
#2109 = PCURVE('',#458,#2110);
#2110 = DEFINITIONAL_REPRESENTATION('',(#2111),#2114);
#2111 = B_SPLINE_CURVE_WITH_KNOTS('',1,(#2112,#2113),.UNSPECIFIED.,.F.,
  .F.,(2,2),(10.98,16.98),.PIECEWISE_BEZIER_KNOTS.);
#2112 = CARTESIAN_POINT('',(0.82624377178,-24.96));
#2113 = CARTESIAN_POINT('',(0.82624377178,-30.96));
#2114 = ( GEOMETRIC_REPRESENTATION_CONTEXT(2) 
PARAMETRIC_REPRESENTATION_CONTEXT() REPRESENTATION_CONTEXT('2D SPACE',''
  ) );
#2115 = PCURVE('',#2116,#2121);
#2116 = PLANE('',#2117);
#2117 = AXIS2_PLACEMENT_3D('',#2118,#2119,#2120);
#2118 = CARTESIAN_POINT('',(27.96,-18.21303839161,45.413093771112));
#2119 = DIRECTION('',(-0.,-0.881160268064,0.472817704815));
#2120 = DIRECTION('',(0.,-0.472817704815,-0.881160268064));
#2121 = DEFINITIONAL_REPRESENTATION('',(#2122),#2125);
#2122 = B_SPLINE_CURVE_WITH_KNOTS('',1,(#2123,#2124),.UNSPECIFIED.,.F.,
  .F.,(2,2),(10.98,16.98),.PIECEWISE_BEZIER_KNOTS.);
#2123 = CARTESIAN_POINT('',(-2.565551964883,-3.));
#2124 = CARTESIAN_POINT('',(-2.565551964883,3.));
#2125 = ( GEOMETRIC_REPRESENTATION_CONTEXT(2) 
PARAMETRIC_REPRESENTATION_CONTEXT() REPRESENTATION_CONTEXT('2D SPACE',''
  ) );
#2126 = FACE_BOUND('',#2127,.T.);
#2127 = EDGE_LOOP('',(#2128,#2163));
#2128 = ORIENTED_EDGE('',*,*,#2129,.F.);
#2129 = EDGE_CURVE('',#2130,#2132,#2134,.T.);
#2130 = VERTEX_POINT('',#2131);
#2131 = CARTESIAN_POINT('',(16.395026329649,-17.,47.67375622822));
#2132 = VERTEX_POINT('',#2133);
#2133 = CARTESIAN_POINT('',(19.504973670351,-17.,47.67375622822));
#2134 = SURFACE_CURVE('',#2135,(#2140,#2147),.PCURVE_S1.);
#2135 = ELLIPSE('',#2136,3.404601987551,3.);
#2136 = AXIS2_PLACEMENT_3D('',#2137,#2138,#2139);
#2137 = CARTESIAN_POINT('',(17.95,-17.,44.762195121951));
#2138 = DIRECTION('',(-0.,1.,0.));
#2139 = DIRECTION('',(0.,0.,1.));
#2140 = PCURVE('',#458,#2141);
#2141 = DEFINITIONAL_REPRESENTATION('',(#2142),#2146);
#2142 = ELLIPSE('',#2143,3.404601987551,3.);
#2143 = AXIS2_PLACEMENT_2D('',#2144,#2145);
#2144 = CARTESIAN_POINT('',(3.737804878049,-17.95));
#2145 = DIRECTION('',(-1.,0.));
#2146 = ( GEOMETRIC_REPRESENTATION_CONTEXT(2) 
PARAMETRIC_REPRESENTATION_CONTEXT() REPRESENTATION_CONTEXT('2D SPACE',''
  ) );
#2147 = PCURVE('',#2148,#2153);
#2148 = CYLINDRICAL_SURFACE('',#2149,3.);
#2149 = AXIS2_PLACEMENT_3D('',#2150,#2151,#2152);
#2150 = CARTESIAN_POINT('',(17.95,-23.5,48.25));
#2151 = DIRECTION('',(0.,-0.881160268064,0.472817704815));
#2152 = DIRECTION('',(1.,0.,0.));
#2153 = DEFINITIONAL_REPRESENTATION('',(#2154),#2162);
#2154 = B_SPLINE_CURVE_WITH_KNOTS('',6,(#2155,#2156,#2157,#2158,#2159,
    #2160,#2161),.UNSPECIFIED.,.F.,.F.,(7,7),(5.738293964334,
    6.828076650025),.PIECEWISE_BEZIER_KNOTS.);
#2155 = CARTESIAN_POINT('',(2.11568766964,-6.0000006));
#2156 = CARTESIAN_POINT('',(1.934057222025,-5.848452312805));
#2157 = CARTESIAN_POINT('',(1.75242677441,-5.751401869671));
#2158 = CARTESIAN_POINT('',(1.570796326795,-5.717846709489));
#2159 = CARTESIAN_POINT('',(1.38916587918,-5.751401869671));
#2160 = CARTESIAN_POINT('',(1.207535431565,-5.848452312805));
#2161 = CARTESIAN_POINT('',(1.02590498395,-6.0000006));
#2162 = ( GEOMETRIC_REPRESENTATION_CONTEXT(2) 
PARAMETRIC_REPRESENTATION_CONTEXT() REPRESENTATION_CONTEXT('2D SPACE',''
  ) );
#2163 = ORIENTED_EDGE('',*,*,#2164,.T.);
#2164 = EDGE_CURVE('',#2130,#2132,#2165,.T.);
#2165 = SURFACE_CURVE('',#2166,(#2170,#2176),.PCURVE_S1.);
#2166 = LINE('',#2167,#2168);
#2167 = CARTESIAN_POINT('',(8.975,-17.,47.67375622822));
#2168 = VECTOR('',#2169,1.);
#2169 = DIRECTION('',(1.,0.,0.));
#2170 = PCURVE('',#458,#2171);
#2171 = DEFINITIONAL_REPRESENTATION('',(#2172),#2175);
#2172 = B_SPLINE_CURVE_WITH_KNOTS('',1,(#2173,#2174),.UNSPECIFIED.,.F.,
  .F.,(2,2),(5.975,11.975),.PIECEWISE_BEZIER_KNOTS.);
#2173 = CARTESIAN_POINT('',(0.82624377178,-14.95));
#2174 = CARTESIAN_POINT('',(0.82624377178,-20.95));
#2175 = ( GEOMETRIC_REPRESENTATION_CONTEXT(2) 
PARAMETRIC_REPRESENTATION_CONTEXT() REPRESENTATION_CONTEXT('2D SPACE',''
  ) );
#2176 = PCURVE('',#2177,#2182);
#2177 = PLANE('',#2178);
#2178 = AXIS2_PLACEMENT_3D('',#2179,#2180,#2181);
#2179 = CARTESIAN_POINT('',(17.95,-18.21303839161,45.413093771112));
#2180 = DIRECTION('',(-0.,-0.881160268064,0.472817704815));
#2181 = DIRECTION('',(0.,-0.472817704815,-0.881160268064));
#2182 = DEFINITIONAL_REPRESENTATION('',(#2183),#2186);
#2183 = B_SPLINE_CURVE_WITH_KNOTS('',1,(#2184,#2185),.UNSPECIFIED.,.F.,
  .F.,(2,2),(5.975,11.975),.PIECEWISE_BEZIER_KNOTS.);
#2184 = CARTESIAN_POINT('',(-2.565551964883,-3.));
#2185 = CARTESIAN_POINT('',(-2.565551964883,3.));
#2186 = ( GEOMETRIC_REPRESENTATION_CONTEXT(2) 
PARAMETRIC_REPRESENTATION_CONTEXT() REPRESENTATION_CONTEXT('2D SPACE',''
  ) );
#2187 = FACE_BOUND('',#2188,.T.);
#2188 = EDGE_LOOP('',(#2189));
#2189 = ORIENTED_EDGE('',*,*,#2190,.F.);
#2190 = EDGE_CURVE('',#2191,#2191,#2193,.T.);
#2191 = VERTEX_POINT('',#2192);
#2192 = CARTESIAN_POINT('',(65.48,-17.,25.));
#2193 = SURFACE_CURVE('',#2194,(#2199,#2206),.PCURVE_S1.);
#2194 = CIRCLE('',#2195,3.);
#2195 = AXIS2_PLACEMENT_3D('',#2196,#2197,#2198);
#2196 = CARTESIAN_POINT('',(62.48,-17.,25.));
#2197 = DIRECTION('',(-0.,1.,0.));
#2198 = DIRECTION('',(1.,0.,0.));
#2199 = PCURVE('',#458,#2200);
#2200 = DEFINITIONAL_REPRESENTATION('',(#2201),#2205);
#2201 = CIRCLE('',#2202,3.);
#2202 = AXIS2_PLACEMENT_2D('',#2203,#2204);
#2203 = CARTESIAN_POINT('',(23.5,-62.48));
#2204 = DIRECTION('',(0.,-1.));
#2205 = ( GEOMETRIC_REPRESENTATION_CONTEXT(2) 
PARAMETRIC_REPRESENTATION_CONTEXT() REPRESENTATION_CONTEXT('2D SPACE',''
  ) );
#2206 = PCURVE('',#2207,#2212);
#2207 = CYLINDRICAL_SURFACE('',#2208,3.);
#2208 = AXIS2_PLACEMENT_3D('',#2209,#2210,#2211);
#2209 = CARTESIAN_POINT('',(62.48,0.,25.));
#2210 = DIRECTION('',(-0.,1.,-0.));
#2211 = DIRECTION('',(1.,0.,0.));
#2212 = DEFINITIONAL_REPRESENTATION('',(#2213),#2217);
#2213 = LINE('',#2214,#2215);
#2214 = CARTESIAN_POINT('',(-6.28318530718,-17.));
#2215 = VECTOR('',#2216,1.);
#2216 = DIRECTION('',(1.,-0.));
#2217 = ( GEOMETRIC_REPRESENTATION_CONTEXT(2) 
PARAMETRIC_REPRESENTATION_CONTEXT() REPRESENTATION_CONTEXT('2D SPACE',''
  ) );
#2218 = FACE_BOUND('',#2219,.T.);
#2219 = EDGE_LOOP('',(#2220));
#2220 = ORIENTED_EDGE('',*,*,#2221,.F.);
#2221 = EDGE_CURVE('',#2222,#2222,#2224,.T.);
#2222 = VERTEX_POINT('',#2223);
#2223 = CARTESIAN_POINT('',(55.47,-17.,25.));
#2224 = SURFACE_CURVE('',#2225,(#2230,#2237),.PCURVE_S1.);
#2225 = CIRCLE('',#2226,3.);
#2226 = AXIS2_PLACEMENT_3D('',#2227,#2228,#2229);
#2227 = CARTESIAN_POINT('',(52.47,-17.,25.));
#2228 = DIRECTION('',(-0.,1.,0.));
#2229 = DIRECTION('',(1.,0.,0.));
#2230 = PCURVE('',#458,#2231);
#2231 = DEFINITIONAL_REPRESENTATION('',(#2232),#2236);
#2232 = CIRCLE('',#2233,3.);
#2233 = AXIS2_PLACEMENT_2D('',#2234,#2235);
#2234 = CARTESIAN_POINT('',(23.5,-52.47));
#2235 = DIRECTION('',(0.,-1.));
#2236 = ( GEOMETRIC_REPRESENTATION_CONTEXT(2) 
PARAMETRIC_REPRESENTATION_CONTEXT() REPRESENTATION_CONTEXT('2D SPACE',''
  ) );
#2237 = PCURVE('',#2238,#2243);
#2238 = CYLINDRICAL_SURFACE('',#2239,3.);
#2239 = AXIS2_PLACEMENT_3D('',#2240,#2241,#2242);
#2240 = CARTESIAN_POINT('',(52.47,0.,25.));
#2241 = DIRECTION('',(-0.,1.,-0.));
#2242 = DIRECTION('',(1.,0.,0.));
#2243 = DEFINITIONAL_REPRESENTATION('',(#2244),#2248);
#2244 = LINE('',#2245,#2246);
#2245 = CARTESIAN_POINT('',(-6.28318530718,-17.));
#2246 = VECTOR('',#2247,1.);
#2247 = DIRECTION('',(1.,-0.));
#2248 = ( GEOMETRIC_REPRESENTATION_CONTEXT(2) 
PARAMETRIC_REPRESENTATION_CONTEXT() REPRESENTATION_CONTEXT('2D SPACE',''
  ) );
#2249 = ADVANCED_FACE('',(#2250),#430,.T.);
#2250 = FACE_BOUND('',#2251,.T.);
#2251 = EDGE_LOOP('',(#2252,#2253,#2276,#2304,#2323));
#2252 = ORIENTED_EDGE('',*,*,#414,.F.);
#2253 = ORIENTED_EDGE('',*,*,#2254,.T.);
#2254 = EDGE_CURVE('',#387,#2255,#2257,.T.);
#2255 = VERTEX_POINT('',#2256);
#2256 = CARTESIAN_POINT('',(150.,-13.,52.5));
#2257 = SURFACE_CURVE('',#2258,(#2262,#2269),.PCURVE_S1.);
#2258 = LINE('',#2259,#2260);
#2259 = CARTESIAN_POINT('',(0.,-13.,52.5));
#2260 = VECTOR('',#2261,1.);
#2261 = DIRECTION('',(1.,0.,0.));
#2262 = PCURVE('',#430,#2263);
#2263 = DEFINITIONAL_REPRESENTATION('',(#2264),#2268);
#2264 = LINE('',#2265,#2266);
#2265 = CARTESIAN_POINT('',(0.,0.));
#2266 = VECTOR('',#2267,1.);
#2267 = DIRECTION('',(0.,-1.));
#2268 = ( GEOMETRIC_REPRESENTATION_CONTEXT(2) 
PARAMETRIC_REPRESENTATION_CONTEXT() REPRESENTATION_CONTEXT('2D SPACE',''
  ) );
#2269 = PCURVE('',#402,#2270);
#2270 = DEFINITIONAL_REPRESENTATION('',(#2271),#2275);
#2271 = LINE('',#2272,#2273);
#2272 = CARTESIAN_POINT('',(25.6,0.));
#2273 = VECTOR('',#2274,1.);
#2274 = DIRECTION('',(0.,-1.));
#2275 = ( GEOMETRIC_REPRESENTATION_CONTEXT(2) 
PARAMETRIC_REPRESENTATION_CONTEXT() REPRESENTATION_CONTEXT('2D SPACE',''
  ) );
#2276 = ORIENTED_EDGE('',*,*,#2277,.T.);
#2277 = EDGE_CURVE('',#2255,#2278,#2280,.T.);
#2278 = VERTEX_POINT('',#2279);
#2279 = CARTESIAN_POINT('',(150.,-15.89655172413,49.603448275862));
#2280 = SURFACE_CURVE('',#2281,(#2285,#2292),.PCURVE_S1.);
#2281 = LINE('',#2282,#2283);
#2282 = CARTESIAN_POINT('',(150.,-13.,52.5));
#2283 = VECTOR('',#2284,1.);
#2284 = DIRECTION('',(0.,-0.707106781187,-0.707106781187));
#2285 = PCURVE('',#430,#2286);
#2286 = DEFINITIONAL_REPRESENTATION('',(#2287),#2291);
#2287 = LINE('',#2288,#2289);
#2288 = CARTESIAN_POINT('',(0.,-150.));
#2289 = VECTOR('',#2290,1.);
#2290 = DIRECTION('',(1.,0.));
#2291 = ( GEOMETRIC_REPRESENTATION_CONTEXT(2) 
PARAMETRIC_REPRESENTATION_CONTEXT() REPRESENTATION_CONTEXT('2D SPACE',''
  ) );
#2292 = PCURVE('',#2293,#2298);
#2293 = PLANE('',#2294);
#2294 = AXIS2_PLACEMENT_3D('',#2295,#2296,#2297);
#2295 = CARTESIAN_POINT('',(150.,-15.52260279299,32.835446239833));
#2296 = DIRECTION('',(-1.,-0.,-0.));
#2297 = DIRECTION('',(0.,0.,-1.));
#2298 = DEFINITIONAL_REPRESENTATION('',(#2299),#2303);
#2299 = LINE('',#2300,#2301);
#2300 = CARTESIAN_POINT('',(-19.66455376016,-2.522602792997));
#2301 = VECTOR('',#2302,1.);
#2302 = DIRECTION('',(0.707106781187,0.707106781187));
#2303 = ( GEOMETRIC_REPRESENTATION_CONTEXT(2) 
PARAMETRIC_REPRESENTATION_CONTEXT() REPRESENTATION_CONTEXT('2D SPACE',''
  ) );
#2304 = ORIENTED_EDGE('',*,*,#2305,.T.);
#2305 = EDGE_CURVE('',#2278,#1320,#2306,.T.);
#2306 = SURFACE_CURVE('',#2307,(#2311,#2317),.PCURVE_S1.);
#2307 = LINE('',#2308,#2309);
#2308 = CARTESIAN_POINT('',(146.34512926724,-24.65563848021,
    40.844361519783));
#2309 = VECTOR('',#2310,1.);
#2310 = DIRECTION('',(-0.282990808248,-0.678202109421,-0.678202109421));
#2311 = PCURVE('',#430,#2312);
#2312 = DEFINITIONAL_REPRESENTATION('',(#2313),#2316);
#2313 = B_SPLINE_CURVE_WITH_KNOTS('',1,(#2314,#2315),.UNSPECIFIED.,.F.,
  .F.,(2,2),(-12.91515705185,-11.2881372291),.PIECEWISE_BEZIER_KNOTS.);
#2314 = CARTESIAN_POINT('',(4.096342732391,-150.));
#2315 = CARTESIAN_POINT('',(5.656854249492,-149.5395683453));
#2316 = ( GEOMETRIC_REPRESENTATION_CONTEXT(2) 
PARAMETRIC_REPRESENTATION_CONTEXT() REPRESENTATION_CONTEXT('2D SPACE',''
  ) );
#2317 = PCURVE('',#646,#2318);
#2318 = DEFINITIONAL_REPRESENTATION('',(#2319),#2322);
#2319 = B_SPLINE_CURVE_WITH_KNOTS('',1,(#2320,#2321),.UNSPECIFIED.,.F.,
  .F.,(2,2),(-12.91515705185,-11.2881372291),.PIECEWISE_BEZIER_KNOTS.);
#2320 = CARTESIAN_POINT('',(2.596817314805,-15.89655172413));
#2321 = CARTESIAN_POINT('',(3.792474207952,-17.));
#2322 = ( GEOMETRIC_REPRESENTATION_CONTEXT(2) 
PARAMETRIC_REPRESENTATION_CONTEXT() REPRESENTATION_CONTEXT('2D SPACE',''
  ) );
#2323 = ORIENTED_EDGE('',*,*,#1319,.F.);
#2324 = ADVANCED_FACE('',(#2325),#402,.T.);
#2325 = FACE_BOUND('',#2326,.T.);
#2326 = EDGE_LOOP('',(#2327,#2350,#2371,#2372));
#2327 = ORIENTED_EDGE('',*,*,#2328,.T.);
#2328 = EDGE_CURVE('',#359,#2329,#2331,.T.);
#2329 = VERTEX_POINT('',#2330);
#2330 = CARTESIAN_POINT('',(150.,12.6,52.5));
#2331 = SURFACE_CURVE('',#2332,(#2336,#2343),.PCURVE_S1.);
#2332 = LINE('',#2333,#2334);
#2333 = CARTESIAN_POINT('',(0.,12.6,52.5));
#2334 = VECTOR('',#2335,1.);
#2335 = DIRECTION('',(1.,0.,0.));
#2336 = PCURVE('',#402,#2337);
#2337 = DEFINITIONAL_REPRESENTATION('',(#2338),#2342);
#2338 = LINE('',#2339,#2340);
#2339 = CARTESIAN_POINT('',(0.,-0.));
#2340 = VECTOR('',#2341,1.);
#2341 = DIRECTION('',(0.,-1.));
#2342 = ( GEOMETRIC_REPRESENTATION_CONTEXT(2) 
PARAMETRIC_REPRESENTATION_CONTEXT() REPRESENTATION_CONTEXT('2D SPACE',''
  ) );
#2343 = PCURVE('',#374,#2344);
#2344 = DEFINITIONAL_REPRESENTATION('',(#2345),#2349);
#2345 = LINE('',#2346,#2347);
#2346 = CARTESIAN_POINT('',(6.,0.));
#2347 = VECTOR('',#2348,1.);
#2348 = DIRECTION('',(0.,-1.));
#2349 = ( GEOMETRIC_REPRESENTATION_CONTEXT(2) 
PARAMETRIC_REPRESENTATION_CONTEXT() REPRESENTATION_CONTEXT('2D SPACE',''
  ) );
#2350 = ORIENTED_EDGE('',*,*,#2351,.T.);
#2351 = EDGE_CURVE('',#2329,#2255,#2352,.T.);
#2352 = SURFACE_CURVE('',#2353,(#2357,#2364),.PCURVE_S1.);
#2353 = LINE('',#2354,#2355);
#2354 = CARTESIAN_POINT('',(150.,12.6,52.5));
#2355 = VECTOR('',#2356,1.);
#2356 = DIRECTION('',(0.,-1.,0.));
#2357 = PCURVE('',#402,#2358);
#2358 = DEFINITIONAL_REPRESENTATION('',(#2359),#2363);
#2359 = LINE('',#2360,#2361);
#2360 = CARTESIAN_POINT('',(0.,-150.));
#2361 = VECTOR('',#2362,1.);
#2362 = DIRECTION('',(1.,0.));
#2363 = ( GEOMETRIC_REPRESENTATION_CONTEXT(2) 
PARAMETRIC_REPRESENTATION_CONTEXT() REPRESENTATION_CONTEXT('2D SPACE',''
  ) );
#2364 = PCURVE('',#2293,#2365);
#2365 = DEFINITIONAL_REPRESENTATION('',(#2366),#2370);
#2366 = LINE('',#2367,#2368);
#2367 = CARTESIAN_POINT('',(-19.66455376016,-28.12260279299));
#2368 = VECTOR('',#2369,1.);
#2369 = DIRECTION('',(0.,1.));
#2370 = ( GEOMETRIC_REPRESENTATION_CONTEXT(2) 
PARAMETRIC_REPRESENTATION_CONTEXT() REPRESENTATION_CONTEXT('2D SPACE',''
  ) );
#2371 = ORIENTED_EDGE('',*,*,#2254,.F.);
#2372 = ORIENTED_EDGE('',*,*,#386,.F.);
#2373 = ADVANCED_FACE('',(#2374),#374,.T.);
#2374 = FACE_BOUND('',#2375,.T.);
#2375 = EDGE_LOOP('',(#2376,#2399,#2420,#2421));
#2376 = ORIENTED_EDGE('',*,*,#2377,.T.);
#2377 = EDGE_CURVE('',#331,#2378,#2380,.T.);
#2378 = VERTEX_POINT('',#2379);
#2379 = CARTESIAN_POINT('',(150.,12.6,58.5));
#2380 = SURFACE_CURVE('',#2381,(#2385,#2392),.PCURVE_S1.);
#2381 = LINE('',#2382,#2383);
#2382 = CARTESIAN_POINT('',(0.,12.6,58.5));
#2383 = VECTOR('',#2384,1.);
#2384 = DIRECTION('',(1.,0.,0.));
#2385 = PCURVE('',#374,#2386);
#2386 = DEFINITIONAL_REPRESENTATION('',(#2387),#2391);
#2387 = LINE('',#2388,#2389);
#2388 = CARTESIAN_POINT('',(0.,0.));
#2389 = VECTOR('',#2390,1.);
#2390 = DIRECTION('',(0.,-1.));
#2391 = ( GEOMETRIC_REPRESENTATION_CONTEXT(2) 
PARAMETRIC_REPRESENTATION_CONTEXT() REPRESENTATION_CONTEXT('2D SPACE',''
  ) );
#2392 = PCURVE('',#346,#2393);
#2393 = DEFINITIONAL_REPRESENTATION('',(#2394),#2398);
#2394 = LINE('',#2395,#2396);
#2395 = CARTESIAN_POINT('',(30.6,0.));
#2396 = VECTOR('',#2397,1.);
#2397 = DIRECTION('',(0.,-1.));
#2398 = ( GEOMETRIC_REPRESENTATION_CONTEXT(2) 
PARAMETRIC_REPRESENTATION_CONTEXT() REPRESENTATION_CONTEXT('2D SPACE',''
  ) );
#2399 = ORIENTED_EDGE('',*,*,#2400,.T.);
#2400 = EDGE_CURVE('',#2378,#2329,#2401,.T.);
#2401 = SURFACE_CURVE('',#2402,(#2406,#2413),.PCURVE_S1.);
#2402 = LINE('',#2403,#2404);
#2403 = CARTESIAN_POINT('',(150.,12.6,58.5));
#2404 = VECTOR('',#2405,1.);
#2405 = DIRECTION('',(0.,0.,-1.));
#2406 = PCURVE('',#374,#2407);
#2407 = DEFINITIONAL_REPRESENTATION('',(#2408),#2412);
#2408 = LINE('',#2409,#2410);
#2409 = CARTESIAN_POINT('',(0.,-150.));
#2410 = VECTOR('',#2411,1.);
#2411 = DIRECTION('',(1.,0.));
#2412 = ( GEOMETRIC_REPRESENTATION_CONTEXT(2) 
PARAMETRIC_REPRESENTATION_CONTEXT() REPRESENTATION_CONTEXT('2D SPACE',''
  ) );
#2413 = PCURVE('',#2293,#2414);
#2414 = DEFINITIONAL_REPRESENTATION('',(#2415),#2419);
#2415 = LINE('',#2416,#2417);
#2416 = CARTESIAN_POINT('',(-25.66455376016,-28.12260279299));
#2417 = VECTOR('',#2418,1.);
#2418 = DIRECTION('',(1.,0.));
#2419 = ( GEOMETRIC_REPRESENTATION_CONTEXT(2) 
PARAMETRIC_REPRESENTATION_CONTEXT() REPRESENTATION_CONTEXT('2D SPACE',''
  ) );
#2420 = ORIENTED_EDGE('',*,*,#2328,.F.);
#2421 = ORIENTED_EDGE('',*,*,#358,.F.);
#2422 = ADVANCED_FACE('',(#2423),#346,.T.);
#2423 = FACE_BOUND('',#2424,.T.);
#2424 = EDGE_LOOP('',(#2425,#2426,#2447,#2468));
#2425 = ORIENTED_EDGE('',*,*,#330,.F.);
#2426 = ORIENTED_EDGE('',*,*,#2427,.T.);
#2427 = EDGE_CURVE('',#303,#2428,#2430,.T.);
#2428 = VERTEX_POINT('',#2429);
#2429 = CARTESIAN_POINT('',(150.,7.835,58.5));
#2430 = SURFACE_CURVE('',#2431,(#2435,#2441),.PCURVE_S1.);
#2431 = LINE('',#2432,#2433);
#2432 = CARTESIAN_POINT('',(0.,7.835,58.5));
#2433 = VECTOR('',#2434,1.);
#2434 = DIRECTION('',(1.,0.,-0.));
#2435 = PCURVE('',#346,#2436);
#2436 = DEFINITIONAL_REPRESENTATION('',(#2437),#2440);
#2437 = B_SPLINE_CURVE_WITH_KNOTS('',1,(#2438,#2439),.UNSPECIFIED.,.F.,
  .F.,(2,2),(0.,150.),.PIECEWISE_BEZIER_KNOTS.);
#2438 = CARTESIAN_POINT('',(25.835,0.));
#2439 = CARTESIAN_POINT('',(25.835,-150.));
#2440 = ( GEOMETRIC_REPRESENTATION_CONTEXT(2) 
PARAMETRIC_REPRESENTATION_CONTEXT() REPRESENTATION_CONTEXT('2D SPACE',''
  ) );
#2441 = PCURVE('',#318,#2442);
#2442 = DEFINITIONAL_REPRESENTATION('',(#2443),#2446);
#2443 = B_SPLINE_CURVE_WITH_KNOTS('',1,(#2444,#2445),.UNSPECIFIED.,.F.,
  .F.,(2,2),(0.,150.),.PIECEWISE_BEZIER_KNOTS.);
#2444 = CARTESIAN_POINT('',(9.999999999998E-03,0.));
#2445 = CARTESIAN_POINT('',(9.999999999998E-03,-150.));
#2446 = ( GEOMETRIC_REPRESENTATION_CONTEXT(2) 
PARAMETRIC_REPRESENTATION_CONTEXT() REPRESENTATION_CONTEXT('2D SPACE',''
  ) );
#2447 = ORIENTED_EDGE('',*,*,#2448,.T.);
#2448 = EDGE_CURVE('',#2428,#2378,#2449,.T.);
#2449 = SURFACE_CURVE('',#2450,(#2454,#2461),.PCURVE_S1.);
#2450 = LINE('',#2451,#2452);
#2451 = CARTESIAN_POINT('',(150.,-18.,58.5));
#2452 = VECTOR('',#2453,1.);
#2453 = DIRECTION('',(0.,1.,0.));
#2454 = PCURVE('',#346,#2455);
#2455 = DEFINITIONAL_REPRESENTATION('',(#2456),#2460);
#2456 = LINE('',#2457,#2458);
#2457 = CARTESIAN_POINT('',(0.,-150.));
#2458 = VECTOR('',#2459,1.);
#2459 = DIRECTION('',(1.,0.));
#2460 = ( GEOMETRIC_REPRESENTATION_CONTEXT(2) 
PARAMETRIC_REPRESENTATION_CONTEXT() REPRESENTATION_CONTEXT('2D SPACE',''
  ) );
#2461 = PCURVE('',#2293,#2462);
#2462 = DEFINITIONAL_REPRESENTATION('',(#2463),#2467);
#2463 = LINE('',#2464,#2465);
#2464 = CARTESIAN_POINT('',(-25.66455376016,2.477397207003));
#2465 = VECTOR('',#2466,1.);
#2466 = DIRECTION('',(0.,-1.));
#2467 = ( GEOMETRIC_REPRESENTATION_CONTEXT(2) 
PARAMETRIC_REPRESENTATION_CONTEXT() REPRESENTATION_CONTEXT('2D SPACE',''
  ) );
#2468 = ORIENTED_EDGE('',*,*,#2377,.F.);
#2469 = ADVANCED_FACE('',(#2470),#318,.F.);
#2470 = FACE_BOUND('',#2471,.F.);
#2471 = EDGE_LOOP('',(#2472,#2473,#2474,#2497,#2525,#2551,#2577,#2603,
    #2631,#2657,#2683,#2709,#2737,#2763,#2789,#2815,#2843,#2869,#2895,
    #2921,#2949,#2975,#3001,#3027,#3055,#3081,#3107,#3133,#3161,#3187,
    #3213,#3239,#3267,#3293,#3319,#3345,#3373,#3399,#3425,#3451,#3479,
    #3505,#3531,#3557,#3585,#3611,#3637,#3663,#3691,#3717,#3743,#3769,
    #3797,#3823,#3849,#3875,#3903,#3929,#3955,#3981));
#2472 = ORIENTED_EDGE('',*,*,#302,.F.);
#2473 = ORIENTED_EDGE('',*,*,#2427,.T.);
#2474 = ORIENTED_EDGE('',*,*,#2475,.T.);
#2475 = EDGE_CURVE('',#2428,#2476,#2478,.T.);
#2476 = VERTEX_POINT('',#2477);
#2477 = CARTESIAN_POINT('',(150.,7.835,59.99));
#2478 = SURFACE_CURVE('',#2479,(#2483,#2490),.PCURVE_S1.);
#2479 = LINE('',#2480,#2481);
#2480 = CARTESIAN_POINT('',(150.,7.835,58.49));
#2481 = VECTOR('',#2482,1.);
#2482 = DIRECTION('',(0.,0.,1.));
#2483 = PCURVE('',#318,#2484);
#2484 = DEFINITIONAL_REPRESENTATION('',(#2485),#2489);
#2485 = LINE('',#2486,#2487);
#2486 = CARTESIAN_POINT('',(0.,-150.));
#2487 = VECTOR('',#2488,1.);
#2488 = DIRECTION('',(1.,0.));
#2489 = ( GEOMETRIC_REPRESENTATION_CONTEXT(2) 
PARAMETRIC_REPRESENTATION_CONTEXT() REPRESENTATION_CONTEXT('2D SPACE',''
  ) );
#2490 = PCURVE('',#2293,#2491);
#2491 = DEFINITIONAL_REPRESENTATION('',(#2492),#2496);
#2492 = LINE('',#2493,#2494);
#2493 = CARTESIAN_POINT('',(-25.65455376016,-23.35760279299));
#2494 = VECTOR('',#2495,1.);
#2495 = DIRECTION('',(-1.,0.));
#2496 = ( GEOMETRIC_REPRESENTATION_CONTEXT(2) 
PARAMETRIC_REPRESENTATION_CONTEXT() REPRESENTATION_CONTEXT('2D SPACE',''
  ) );
#2497 = ORIENTED_EDGE('',*,*,#2498,.F.);
#2498 = EDGE_CURVE('',#2499,#2476,#2501,.T.);
#2499 = VERTEX_POINT('',#2500);
#2500 = CARTESIAN_POINT('',(142.68,7.835,59.99));
#2501 = SURFACE_CURVE('',#2502,(#2506,#2513),.PCURVE_S1.);
#2502 = LINE('',#2503,#2504);
#2503 = CARTESIAN_POINT('',(0.,7.835,59.99));
#2504 = VECTOR('',#2505,1.);
#2505 = DIRECTION('',(1.,0.,0.));
#2506 = PCURVE('',#318,#2507);
#2507 = DEFINITIONAL_REPRESENTATION('',(#2508),#2512);
#2508 = LINE('',#2509,#2510);
#2509 = CARTESIAN_POINT('',(1.5,0.));
#2510 = VECTOR('',#2511,1.);
#2511 = DIRECTION('',(0.,-1.));
#2512 = ( GEOMETRIC_REPRESENTATION_CONTEXT(2) 
PARAMETRIC_REPRESENTATION_CONTEXT() REPRESENTATION_CONTEXT('2D SPACE',''
  ) );
#2513 = PCURVE('',#2514,#2519);
#2514 = PLANE('',#2515);
#2515 = AXIS2_PLACEMENT_3D('',#2516,#2517,#2518);
#2516 = CARTESIAN_POINT('',(0.,7.835,59.99));
#2517 = DIRECTION('',(0.,-0.707106781187,0.707106781187));
#2518 = DIRECTION('',(0.,0.707106781187,0.707106781187));
#2519 = DEFINITIONAL_REPRESENTATION('',(#2520),#2524);
#2520 = LINE('',#2521,#2522);
#2521 = CARTESIAN_POINT('',(0.,0.));
#2522 = VECTOR('',#2523,1.);
#2523 = DIRECTION('',(0.,-1.));
#2524 = ( GEOMETRIC_REPRESENTATION_CONTEXT(2) 
PARAMETRIC_REPRESENTATION_CONTEXT() REPRESENTATION_CONTEXT('2D SPACE',''
  ) );
#2525 = ORIENTED_EDGE('',*,*,#2526,.F.);
#2526 = EDGE_CURVE('',#2527,#2499,#2529,.T.);
#2527 = VERTEX_POINT('',#2528);
#2528 = CARTESIAN_POINT('',(142.68,7.835,59.755));
#2529 = SURFACE_CURVE('',#2530,(#2534,#2540),.PCURVE_S1.);
#2530 = LINE('',#2531,#2532);
#2531 = CARTESIAN_POINT('',(142.68,7.835,59.1225));
#2532 = VECTOR('',#2533,1.);
#2533 = DIRECTION('',(-0.,0.,1.));
#2534 = PCURVE('',#318,#2535);
#2535 = DEFINITIONAL_REPRESENTATION('',(#2536),#2539);
#2536 = B_SPLINE_CURVE_WITH_KNOTS('',1,(#2537,#2538),.UNSPECIFIED.,.F.,
  .F.,(2,2),(0.6325,0.8675),.PIECEWISE_BEZIER_KNOTS.);
#2537 = CARTESIAN_POINT('',(1.265,-142.68));
#2538 = CARTESIAN_POINT('',(1.5,-142.68));
#2539 = ( GEOMETRIC_REPRESENTATION_CONTEXT(2) 
PARAMETRIC_REPRESENTATION_CONTEXT() REPRESENTATION_CONTEXT('2D SPACE',''
  ) );
#2540 = PCURVE('',#2541,#2546);
#2541 = PLANE('',#2542);
#2542 = AXIS2_PLACEMENT_3D('',#2543,#2544,#2545);
#2543 = CARTESIAN_POINT('',(142.68,-11.6,59.755));
#2544 = DIRECTION('',(1.,0.,0.));
#2545 = DIRECTION('',(0.,0.,1.));
#2546 = DEFINITIONAL_REPRESENTATION('',(#2547),#2550);
#2547 = B_SPLINE_CURVE_WITH_KNOTS('',1,(#2548,#2549),.UNSPECIFIED.,.F.,
  .F.,(2,2),(0.6325,0.8675),.PIECEWISE_BEZIER_KNOTS.);
#2548 = CARTESIAN_POINT('',(0.,-19.435));
#2549 = CARTESIAN_POINT('',(0.235,-19.435));
#2550 = ( GEOMETRIC_REPRESENTATION_CONTEXT(2) 
PARAMETRIC_REPRESENTATION_CONTEXT() REPRESENTATION_CONTEXT('2D SPACE',''
  ) );
#2551 = ORIENTED_EDGE('',*,*,#2552,.T.);
#2552 = EDGE_CURVE('',#2527,#2553,#2555,.T.);
#2553 = VERTEX_POINT('',#2554);
#2554 = CARTESIAN_POINT('',(137.45,7.835,59.755));
#2555 = SURFACE_CURVE('',#2556,(#2560,#2566),.PCURVE_S1.);
#2556 = LINE('',#2557,#2558);
#2557 = CARTESIAN_POINT('',(68.725,7.835,59.755));
#2558 = VECTOR('',#2559,1.);
#2559 = DIRECTION('',(-1.,0.,0.));
#2560 = PCURVE('',#318,#2561);
#2561 = DEFINITIONAL_REPRESENTATION('',(#2562),#2565);
#2562 = B_SPLINE_CURVE_WITH_KNOTS('',1,(#2563,#2564),.UNSPECIFIED.,.F.,
  .F.,(2,2),(-73.955,-68.725),.PIECEWISE_BEZIER_KNOTS.);
#2563 = CARTESIAN_POINT('',(1.265,-142.68));
#2564 = CARTESIAN_POINT('',(1.265,-137.45));
#2565 = ( GEOMETRIC_REPRESENTATION_CONTEXT(2) 
PARAMETRIC_REPRESENTATION_CONTEXT() REPRESENTATION_CONTEXT('2D SPACE',''
  ) );
#2566 = PCURVE('',#2567,#2572);
#2567 = PLANE('',#2568);
#2568 = AXIS2_PLACEMENT_3D('',#2569,#2570,#2571);
#2569 = CARTESIAN_POINT('',(137.45,-11.6,59.755));
#2570 = DIRECTION('',(0.,0.,1.));
#2571 = DIRECTION('',(1.,0.,0.));
#2572 = DEFINITIONAL_REPRESENTATION('',(#2573),#2576);
#2573 = B_SPLINE_CURVE_WITH_KNOTS('',1,(#2574,#2575),.UNSPECIFIED.,.F.,
  .F.,(2,2),(-73.955,-68.725),.PIECEWISE_BEZIER_KNOTS.);
#2574 = CARTESIAN_POINT('',(5.23,19.435));
#2575 = CARTESIAN_POINT('',(0.,19.435));
#2576 = ( GEOMETRIC_REPRESENTATION_CONTEXT(2) 
PARAMETRIC_REPRESENTATION_CONTEXT() REPRESENTATION_CONTEXT('2D SPACE',''
  ) );
#2577 = ORIENTED_EDGE('',*,*,#2578,.T.);
#2578 = EDGE_CURVE('',#2553,#2579,#2581,.T.);
#2579 = VERTEX_POINT('',#2580);
#2580 = CARTESIAN_POINT('',(137.45,7.835,59.99));
#2581 = SURFACE_CURVE('',#2582,(#2586,#2592),.PCURVE_S1.);
#2582 = LINE('',#2583,#2584);
#2583 = CARTESIAN_POINT('',(137.45,7.835,59.1225));
#2584 = VECTOR('',#2585,1.);
#2585 = DIRECTION('',(-0.,0.,1.));
#2586 = PCURVE('',#318,#2587);
#2587 = DEFINITIONAL_REPRESENTATION('',(#2588),#2591);
#2588 = B_SPLINE_CURVE_WITH_KNOTS('',1,(#2589,#2590),.UNSPECIFIED.,.F.,
  .F.,(2,2),(0.6325,0.8675),.PIECEWISE_BEZIER_KNOTS.);
#2589 = CARTESIAN_POINT('',(1.265,-137.45));
#2590 = CARTESIAN_POINT('',(1.5,-137.45));
#2591 = ( GEOMETRIC_REPRESENTATION_CONTEXT(2) 
PARAMETRIC_REPRESENTATION_CONTEXT() REPRESENTATION_CONTEXT('2D SPACE',''
  ) );
#2592 = PCURVE('',#2593,#2598);
#2593 = PLANE('',#2594);
#2594 = AXIS2_PLACEMENT_3D('',#2595,#2596,#2597);
#2595 = CARTESIAN_POINT('',(137.45,-11.6,59.755));
#2596 = DIRECTION('',(1.,0.,0.));
#2597 = DIRECTION('',(0.,0.,1.));
#2598 = DEFINITIONAL_REPRESENTATION('',(#2599),#2602);
#2599 = B_SPLINE_CURVE_WITH_KNOTS('',1,(#2600,#2601),.UNSPECIFIED.,.F.,
  .F.,(2,2),(0.6325,0.8675),.PIECEWISE_BEZIER_KNOTS.);
#2600 = CARTESIAN_POINT('',(0.,-19.435));
#2601 = CARTESIAN_POINT('',(0.235,-19.435));
#2602 = ( GEOMETRIC_REPRESENTATION_CONTEXT(2) 
PARAMETRIC_REPRESENTATION_CONTEXT() REPRESENTATION_CONTEXT('2D SPACE',''
  ) );
#2603 = ORIENTED_EDGE('',*,*,#2604,.F.);
#2604 = EDGE_CURVE('',#2605,#2579,#2607,.T.);
#2605 = VERTEX_POINT('',#2606);
#2606 = CARTESIAN_POINT('',(132.67,7.835,59.99));
#2607 = SURFACE_CURVE('',#2608,(#2612,#2619),.PCURVE_S1.);
#2608 = LINE('',#2609,#2610);
#2609 = CARTESIAN_POINT('',(0.,7.835,59.99));
#2610 = VECTOR('',#2611,1.);
#2611 = DIRECTION('',(1.,0.,0.));
#2612 = PCURVE('',#318,#2613);
#2613 = DEFINITIONAL_REPRESENTATION('',(#2614),#2618);
#2614 = LINE('',#2615,#2616);
#2615 = CARTESIAN_POINT('',(1.5,0.));
#2616 = VECTOR('',#2617,1.);
#2617 = DIRECTION('',(0.,-1.));
#2618 = ( GEOMETRIC_REPRESENTATION_CONTEXT(2) 
PARAMETRIC_REPRESENTATION_CONTEXT() REPRESENTATION_CONTEXT('2D SPACE',''
  ) );
#2619 = PCURVE('',#2620,#2625);
#2620 = PLANE('',#2621);
#2621 = AXIS2_PLACEMENT_3D('',#2622,#2623,#2624);
#2622 = CARTESIAN_POINT('',(0.,7.835,59.99));
#2623 = DIRECTION('',(0.,-0.707106781187,0.707106781187));
#2624 = DIRECTION('',(0.,0.707106781187,0.707106781187));
#2625 = DEFINITIONAL_REPRESENTATION('',(#2626),#2630);
#2626 = LINE('',#2627,#2628);
#2627 = CARTESIAN_POINT('',(0.,0.));
#2628 = VECTOR('',#2629,1.);
#2629 = DIRECTION('',(0.,-1.));
#2630 = ( GEOMETRIC_REPRESENTATION_CONTEXT(2) 
PARAMETRIC_REPRESENTATION_CONTEXT() REPRESENTATION_CONTEXT('2D SPACE',''
  ) );
#2631 = ORIENTED_EDGE('',*,*,#2632,.F.);
#2632 = EDGE_CURVE('',#2633,#2605,#2635,.T.);
#2633 = VERTEX_POINT('',#2634);
#2634 = CARTESIAN_POINT('',(132.67,7.835,59.755));
#2635 = SURFACE_CURVE('',#2636,(#2640,#2646),.PCURVE_S1.);
#2636 = LINE('',#2637,#2638);
#2637 = CARTESIAN_POINT('',(132.67,7.835,59.1225));
#2638 = VECTOR('',#2639,1.);
#2639 = DIRECTION('',(-0.,0.,1.));
#2640 = PCURVE('',#318,#2641);
#2641 = DEFINITIONAL_REPRESENTATION('',(#2642),#2645);
#2642 = B_SPLINE_CURVE_WITH_KNOTS('',1,(#2643,#2644),.UNSPECIFIED.,.F.,
  .F.,(2,2),(0.6325,0.8675),.PIECEWISE_BEZIER_KNOTS.);
#2643 = CARTESIAN_POINT('',(1.265,-132.67));
#2644 = CARTESIAN_POINT('',(1.5,-132.67));
#2645 = ( GEOMETRIC_REPRESENTATION_CONTEXT(2) 
PARAMETRIC_REPRESENTATION_CONTEXT() REPRESENTATION_CONTEXT('2D SPACE',''
  ) );
#2646 = PCURVE('',#2647,#2652);
#2647 = PLANE('',#2648);
#2648 = AXIS2_PLACEMENT_3D('',#2649,#2650,#2651);
#2649 = CARTESIAN_POINT('',(132.67,-11.6,59.755));
#2650 = DIRECTION('',(1.,0.,0.));
#2651 = DIRECTION('',(0.,0.,1.));
#2652 = DEFINITIONAL_REPRESENTATION('',(#2653),#2656);
#2653 = B_SPLINE_CURVE_WITH_KNOTS('',1,(#2654,#2655),.UNSPECIFIED.,.F.,
  .F.,(2,2),(0.6325,0.8675),.PIECEWISE_BEZIER_KNOTS.);
#2654 = CARTESIAN_POINT('',(0.,-19.435));
#2655 = CARTESIAN_POINT('',(0.235,-19.435));
#2656 = ( GEOMETRIC_REPRESENTATION_CONTEXT(2) 
PARAMETRIC_REPRESENTATION_CONTEXT() REPRESENTATION_CONTEXT('2D SPACE',''
  ) );
#2657 = ORIENTED_EDGE('',*,*,#2658,.T.);
#2658 = EDGE_CURVE('',#2633,#2659,#2661,.T.);
#2659 = VERTEX_POINT('',#2660);
#2660 = CARTESIAN_POINT('',(127.44,7.835,59.755));
#2661 = SURFACE_CURVE('',#2662,(#2666,#2672),.PCURVE_S1.);
#2662 = LINE('',#2663,#2664);
#2663 = CARTESIAN_POINT('',(63.72,7.835,59.755));
#2664 = VECTOR('',#2665,1.);
#2665 = DIRECTION('',(-1.,0.,0.));
#2666 = PCURVE('',#318,#2667);
#2667 = DEFINITIONAL_REPRESENTATION('',(#2668),#2671);
#2668 = B_SPLINE_CURVE_WITH_KNOTS('',1,(#2669,#2670),.UNSPECIFIED.,.F.,
  .F.,(2,2),(-68.95,-63.72),.PIECEWISE_BEZIER_KNOTS.);
#2669 = CARTESIAN_POINT('',(1.265,-132.67));
#2670 = CARTESIAN_POINT('',(1.265,-127.44));
#2671 = ( GEOMETRIC_REPRESENTATION_CONTEXT(2) 
PARAMETRIC_REPRESENTATION_CONTEXT() REPRESENTATION_CONTEXT('2D SPACE',''
  ) );
#2672 = PCURVE('',#2673,#2678);
#2673 = PLANE('',#2674);
#2674 = AXIS2_PLACEMENT_3D('',#2675,#2676,#2677);
#2675 = CARTESIAN_POINT('',(127.44,-11.6,59.755));
#2676 = DIRECTION('',(0.,0.,1.));
#2677 = DIRECTION('',(1.,0.,0.));
#2678 = DEFINITIONAL_REPRESENTATION('',(#2679),#2682);
#2679 = B_SPLINE_CURVE_WITH_KNOTS('',1,(#2680,#2681),.UNSPECIFIED.,.F.,
  .F.,(2,2),(-68.95,-63.72),.PIECEWISE_BEZIER_KNOTS.);
#2680 = CARTESIAN_POINT('',(5.23,19.435));
#2681 = CARTESIAN_POINT('',(0.,19.435));
#2682 = ( GEOMETRIC_REPRESENTATION_CONTEXT(2) 
PARAMETRIC_REPRESENTATION_CONTEXT() REPRESENTATION_CONTEXT('2D SPACE',''
  ) );
#2683 = ORIENTED_EDGE('',*,*,#2684,.T.);
#2684 = EDGE_CURVE('',#2659,#2685,#2687,.T.);
#2685 = VERTEX_POINT('',#2686);
#2686 = CARTESIAN_POINT('',(127.44,7.835,59.99));
#2687 = SURFACE_CURVE('',#2688,(#2692,#2698),.PCURVE_S1.);
#2688 = LINE('',#2689,#2690);
#2689 = CARTESIAN_POINT('',(127.44,7.835,59.1225));
#2690 = VECTOR('',#2691,1.);
#2691 = DIRECTION('',(-0.,0.,1.));
#2692 = PCURVE('',#318,#2693);
#2693 = DEFINITIONAL_REPRESENTATION('',(#2694),#2697);
#2694 = B_SPLINE_CURVE_WITH_KNOTS('',1,(#2695,#2696),.UNSPECIFIED.,.F.,
  .F.,(2,2),(0.6325,0.8675),.PIECEWISE_BEZIER_KNOTS.);
#2695 = CARTESIAN_POINT('',(1.265,-127.44));
#2696 = CARTESIAN_POINT('',(1.5,-127.44));
#2697 = ( GEOMETRIC_REPRESENTATION_CONTEXT(2) 
PARAMETRIC_REPRESENTATION_CONTEXT() REPRESENTATION_CONTEXT('2D SPACE',''
  ) );
#2698 = PCURVE('',#2699,#2704);
#2699 = PLANE('',#2700);
#2700 = AXIS2_PLACEMENT_3D('',#2701,#2702,#2703);
#2701 = CARTESIAN_POINT('',(127.44,-11.6,59.755));
#2702 = DIRECTION('',(1.,0.,0.));
#2703 = DIRECTION('',(0.,0.,1.));
#2704 = DEFINITIONAL_REPRESENTATION('',(#2705),#2708);
#2705 = B_SPLINE_CURVE_WITH_KNOTS('',1,(#2706,#2707),.UNSPECIFIED.,.F.,
  .F.,(2,2),(0.6325,0.8675),.PIECEWISE_BEZIER_KNOTS.);
#2706 = CARTESIAN_POINT('',(0.,-19.435));
#2707 = CARTESIAN_POINT('',(0.235,-19.435));
#2708 = ( GEOMETRIC_REPRESENTATION_CONTEXT(2) 
PARAMETRIC_REPRESENTATION_CONTEXT() REPRESENTATION_CONTEXT('2D SPACE',''
  ) );
#2709 = ORIENTED_EDGE('',*,*,#2710,.F.);
#2710 = EDGE_CURVE('',#2711,#2685,#2713,.T.);
#2711 = VERTEX_POINT('',#2712);
#2712 = CARTESIAN_POINT('',(122.66,7.835,59.99));
#2713 = SURFACE_CURVE('',#2714,(#2718,#2725),.PCURVE_S1.);
#2714 = LINE('',#2715,#2716);
#2715 = CARTESIAN_POINT('',(0.,7.835,59.99));
#2716 = VECTOR('',#2717,1.);
#2717 = DIRECTION('',(1.,0.,0.));
#2718 = PCURVE('',#318,#2719);
#2719 = DEFINITIONAL_REPRESENTATION('',(#2720),#2724);
#2720 = LINE('',#2721,#2722);
#2721 = CARTESIAN_POINT('',(1.5,0.));
#2722 = VECTOR('',#2723,1.);
#2723 = DIRECTION('',(0.,-1.));
#2724 = ( GEOMETRIC_REPRESENTATION_CONTEXT(2) 
PARAMETRIC_REPRESENTATION_CONTEXT() REPRESENTATION_CONTEXT('2D SPACE',''
  ) );
#2725 = PCURVE('',#2726,#2731);
#2726 = PLANE('',#2727);
#2727 = AXIS2_PLACEMENT_3D('',#2728,#2729,#2730);
#2728 = CARTESIAN_POINT('',(0.,7.835,59.99));
#2729 = DIRECTION('',(0.,-0.707106781187,0.707106781187));
#2730 = DIRECTION('',(0.,0.707106781187,0.707106781187));
#2731 = DEFINITIONAL_REPRESENTATION('',(#2732),#2736);
#2732 = LINE('',#2733,#2734);
#2733 = CARTESIAN_POINT('',(0.,0.));
#2734 = VECTOR('',#2735,1.);
#2735 = DIRECTION('',(0.,-1.));
#2736 = ( GEOMETRIC_REPRESENTATION_CONTEXT(2) 
PARAMETRIC_REPRESENTATION_CONTEXT() REPRESENTATION_CONTEXT('2D SPACE',''
  ) );
#2737 = ORIENTED_EDGE('',*,*,#2738,.F.);
#2738 = EDGE_CURVE('',#2739,#2711,#2741,.T.);
#2739 = VERTEX_POINT('',#2740);
#2740 = CARTESIAN_POINT('',(122.66,7.835,59.755));
#2741 = SURFACE_CURVE('',#2742,(#2746,#2752),.PCURVE_S1.);
#2742 = LINE('',#2743,#2744);
#2743 = CARTESIAN_POINT('',(122.66,7.835,59.1225));
#2744 = VECTOR('',#2745,1.);
#2745 = DIRECTION('',(-0.,0.,1.));
#2746 = PCURVE('',#318,#2747);
#2747 = DEFINITIONAL_REPRESENTATION('',(#2748),#2751);
#2748 = B_SPLINE_CURVE_WITH_KNOTS('',1,(#2749,#2750),.UNSPECIFIED.,.F.,
  .F.,(2,2),(0.6325,0.8675),.PIECEWISE_BEZIER_KNOTS.);
#2749 = CARTESIAN_POINT('',(1.265,-122.66));
#2750 = CARTESIAN_POINT('',(1.5,-122.66));
#2751 = ( GEOMETRIC_REPRESENTATION_CONTEXT(2) 
PARAMETRIC_REPRESENTATION_CONTEXT() REPRESENTATION_CONTEXT('2D SPACE',''
  ) );
#2752 = PCURVE('',#2753,#2758);
#2753 = PLANE('',#2754);
#2754 = AXIS2_PLACEMENT_3D('',#2755,#2756,#2757);
#2755 = CARTESIAN_POINT('',(122.66,-11.6,59.755));
#2756 = DIRECTION('',(1.,0.,0.));
#2757 = DIRECTION('',(0.,0.,1.));
#2758 = DEFINITIONAL_REPRESENTATION('',(#2759),#2762);
#2759 = B_SPLINE_CURVE_WITH_KNOTS('',1,(#2760,#2761),.UNSPECIFIED.,.F.,
  .F.,(2,2),(0.6325,0.8675),.PIECEWISE_BEZIER_KNOTS.);
#2760 = CARTESIAN_POINT('',(0.,-19.435));
#2761 = CARTESIAN_POINT('',(0.235,-19.435));
#2762 = ( GEOMETRIC_REPRESENTATION_CONTEXT(2) 
PARAMETRIC_REPRESENTATION_CONTEXT() REPRESENTATION_CONTEXT('2D SPACE',''
  ) );
#2763 = ORIENTED_EDGE('',*,*,#2764,.T.);
#2764 = EDGE_CURVE('',#2739,#2765,#2767,.T.);
#2765 = VERTEX_POINT('',#2766);
#2766 = CARTESIAN_POINT('',(117.43,7.835,59.755));
#2767 = SURFACE_CURVE('',#2768,(#2772,#2778),.PCURVE_S1.);
#2768 = LINE('',#2769,#2770);
#2769 = CARTESIAN_POINT('',(58.715,7.835,59.755));
#2770 = VECTOR('',#2771,1.);
#2771 = DIRECTION('',(-1.,0.,0.));
#2772 = PCURVE('',#318,#2773);
#2773 = DEFINITIONAL_REPRESENTATION('',(#2774),#2777);
#2774 = B_SPLINE_CURVE_WITH_KNOTS('',1,(#2775,#2776),.UNSPECIFIED.,.F.,
  .F.,(2,2),(-63.945,-58.715),.PIECEWISE_BEZIER_KNOTS.);
#2775 = CARTESIAN_POINT('',(1.265,-122.66));
#2776 = CARTESIAN_POINT('',(1.265,-117.43));
#2777 = ( GEOMETRIC_REPRESENTATION_CONTEXT(2) 
PARAMETRIC_REPRESENTATION_CONTEXT() REPRESENTATION_CONTEXT('2D SPACE',''
  ) );
#2778 = PCURVE('',#2779,#2784);
#2779 = PLANE('',#2780);
#2780 = AXIS2_PLACEMENT_3D('',#2781,#2782,#2783);
#2781 = CARTESIAN_POINT('',(117.43,-11.6,59.755));
#2782 = DIRECTION('',(0.,0.,1.));
#2783 = DIRECTION('',(1.,0.,0.));
#2784 = DEFINITIONAL_REPRESENTATION('',(#2785),#2788);
#2785 = B_SPLINE_CURVE_WITH_KNOTS('',1,(#2786,#2787),.UNSPECIFIED.,.F.,
  .F.,(2,2),(-63.945,-58.715),.PIECEWISE_BEZIER_KNOTS.);
#2786 = CARTESIAN_POINT('',(5.23,19.435));
#2787 = CARTESIAN_POINT('',(0.,19.435));
#2788 = ( GEOMETRIC_REPRESENTATION_CONTEXT(2) 
PARAMETRIC_REPRESENTATION_CONTEXT() REPRESENTATION_CONTEXT('2D SPACE',''
  ) );
#2789 = ORIENTED_EDGE('',*,*,#2790,.T.);
#2790 = EDGE_CURVE('',#2765,#2791,#2793,.T.);
#2791 = VERTEX_POINT('',#2792);
#2792 = CARTESIAN_POINT('',(117.43,7.835,59.99));
#2793 = SURFACE_CURVE('',#2794,(#2798,#2804),.PCURVE_S1.);
#2794 = LINE('',#2795,#2796);
#2795 = CARTESIAN_POINT('',(117.43,7.835,59.1225));
#2796 = VECTOR('',#2797,1.);
#2797 = DIRECTION('',(-0.,0.,1.));
#2798 = PCURVE('',#318,#2799);
#2799 = DEFINITIONAL_REPRESENTATION('',(#2800),#2803);
#2800 = B_SPLINE_CURVE_WITH_KNOTS('',1,(#2801,#2802),.UNSPECIFIED.,.F.,
  .F.,(2,2),(0.6325,0.8675),.PIECEWISE_BEZIER_KNOTS.);
#2801 = CARTESIAN_POINT('',(1.265,-117.43));
#2802 = CARTESIAN_POINT('',(1.5,-117.43));
#2803 = ( GEOMETRIC_REPRESENTATION_CONTEXT(2) 
PARAMETRIC_REPRESENTATION_CONTEXT() REPRESENTATION_CONTEXT('2D SPACE',''
  ) );
#2804 = PCURVE('',#2805,#2810);
#2805 = PLANE('',#2806);
#2806 = AXIS2_PLACEMENT_3D('',#2807,#2808,#2809);
#2807 = CARTESIAN_POINT('',(117.43,-11.6,59.755));
#2808 = DIRECTION('',(1.,0.,0.));
#2809 = DIRECTION('',(0.,0.,1.));
#2810 = DEFINITIONAL_REPRESENTATION('',(#2811),#2814);
#2811 = B_SPLINE_CURVE_WITH_KNOTS('',1,(#2812,#2813),.UNSPECIFIED.,.F.,
  .F.,(2,2),(0.6325,0.8675),.PIECEWISE_BEZIER_KNOTS.);
#2812 = CARTESIAN_POINT('',(0.,-19.435));
#2813 = CARTESIAN_POINT('',(0.235,-19.435));
#2814 = ( GEOMETRIC_REPRESENTATION_CONTEXT(2) 
PARAMETRIC_REPRESENTATION_CONTEXT() REPRESENTATION_CONTEXT('2D SPACE',''
  ) );
#2815 = ORIENTED_EDGE('',*,*,#2816,.F.);
#2816 = EDGE_CURVE('',#2817,#2791,#2819,.T.);
#2817 = VERTEX_POINT('',#2818);
#2818 = CARTESIAN_POINT('',(112.65,7.835,59.99));
#2819 = SURFACE_CURVE('',#2820,(#2824,#2831),.PCURVE_S1.);
#2820 = LINE('',#2821,#2822);
#2821 = CARTESIAN_POINT('',(0.,7.835,59.99));
#2822 = VECTOR('',#2823,1.);
#2823 = DIRECTION('',(1.,0.,0.));
#2824 = PCURVE('',#318,#2825);
#2825 = DEFINITIONAL_REPRESENTATION('',(#2826),#2830);
#2826 = LINE('',#2827,#2828);
#2827 = CARTESIAN_POINT('',(1.5,0.));
#2828 = VECTOR('',#2829,1.);
#2829 = DIRECTION('',(0.,-1.));
#2830 = ( GEOMETRIC_REPRESENTATION_CONTEXT(2) 
PARAMETRIC_REPRESENTATION_CONTEXT() REPRESENTATION_CONTEXT('2D SPACE',''
  ) );
#2831 = PCURVE('',#2832,#2837);
#2832 = PLANE('',#2833);
#2833 = AXIS2_PLACEMENT_3D('',#2834,#2835,#2836);
#2834 = CARTESIAN_POINT('',(0.,7.835,59.99));
#2835 = DIRECTION('',(0.,-0.707106781187,0.707106781187));
#2836 = DIRECTION('',(0.,0.707106781187,0.707106781187));
#2837 = DEFINITIONAL_REPRESENTATION('',(#2838),#2842);
#2838 = LINE('',#2839,#2840);
#2839 = CARTESIAN_POINT('',(0.,0.));
#2840 = VECTOR('',#2841,1.);
#2841 = DIRECTION('',(0.,-1.));
#2842 = ( GEOMETRIC_REPRESENTATION_CONTEXT(2) 
PARAMETRIC_REPRESENTATION_CONTEXT() REPRESENTATION_CONTEXT('2D SPACE',''
  ) );
#2843 = ORIENTED_EDGE('',*,*,#2844,.F.);
#2844 = EDGE_CURVE('',#2845,#2817,#2847,.T.);
#2845 = VERTEX_POINT('',#2846);
#2846 = CARTESIAN_POINT('',(112.65,7.835,59.755));
#2847 = SURFACE_CURVE('',#2848,(#2852,#2858),.PCURVE_S1.);
#2848 = LINE('',#2849,#2850);
#2849 = CARTESIAN_POINT('',(112.65,7.835,59.1225));
#2850 = VECTOR('',#2851,1.);
#2851 = DIRECTION('',(-0.,0.,1.));
#2852 = PCURVE('',#318,#2853);
#2853 = DEFINITIONAL_REPRESENTATION('',(#2854),#2857);
#2854 = B_SPLINE_CURVE_WITH_KNOTS('',1,(#2855,#2856),.UNSPECIFIED.,.F.,
  .F.,(2,2),(0.6325,0.8675),.PIECEWISE_BEZIER_KNOTS.);
#2855 = CARTESIAN_POINT('',(1.265,-112.65));
#2856 = CARTESIAN_POINT('',(1.5,-112.65));
#2857 = ( GEOMETRIC_REPRESENTATION_CONTEXT(2) 
PARAMETRIC_REPRESENTATION_CONTEXT() REPRESENTATION_CONTEXT('2D SPACE',''
  ) );
#2858 = PCURVE('',#2859,#2864);
#2859 = PLANE('',#2860);
#2860 = AXIS2_PLACEMENT_3D('',#2861,#2862,#2863);
#2861 = CARTESIAN_POINT('',(112.65,-11.6,59.755));
#2862 = DIRECTION('',(1.,0.,0.));
#2863 = DIRECTION('',(0.,0.,1.));
#2864 = DEFINITIONAL_REPRESENTATION('',(#2865),#2868);
#2865 = B_SPLINE_CURVE_WITH_KNOTS('',1,(#2866,#2867),.UNSPECIFIED.,.F.,
  .F.,(2,2),(0.6325,0.8675),.PIECEWISE_BEZIER_KNOTS.);
#2866 = CARTESIAN_POINT('',(0.,-19.435));
#2867 = CARTESIAN_POINT('',(0.235,-19.435));
#2868 = ( GEOMETRIC_REPRESENTATION_CONTEXT(2) 
PARAMETRIC_REPRESENTATION_CONTEXT() REPRESENTATION_CONTEXT('2D SPACE',''
  ) );
#2869 = ORIENTED_EDGE('',*,*,#2870,.T.);
#2870 = EDGE_CURVE('',#2845,#2871,#2873,.T.);
#2871 = VERTEX_POINT('',#2872);
#2872 = CARTESIAN_POINT('',(107.42,7.835,59.755));
#2873 = SURFACE_CURVE('',#2874,(#2878,#2884),.PCURVE_S1.);
#2874 = LINE('',#2875,#2876);
#2875 = CARTESIAN_POINT('',(53.71,7.835,59.755));
#2876 = VECTOR('',#2877,1.);
#2877 = DIRECTION('',(-1.,0.,0.));
#2878 = PCURVE('',#318,#2879);
#2879 = DEFINITIONAL_REPRESENTATION('',(#2880),#2883);
#2880 = B_SPLINE_CURVE_WITH_KNOTS('',1,(#2881,#2882),.UNSPECIFIED.,.F.,
  .F.,(2,2),(-58.94,-53.71),.PIECEWISE_BEZIER_KNOTS.);
#2881 = CARTESIAN_POINT('',(1.265,-112.65));
#2882 = CARTESIAN_POINT('',(1.265,-107.42));
#2883 = ( GEOMETRIC_REPRESENTATION_CONTEXT(2) 
PARAMETRIC_REPRESENTATION_CONTEXT() REPRESENTATION_CONTEXT('2D SPACE',''
  ) );
#2884 = PCURVE('',#2885,#2890);
#2885 = PLANE('',#2886);
#2886 = AXIS2_PLACEMENT_3D('',#2887,#2888,#2889);
#2887 = CARTESIAN_POINT('',(107.42,-11.6,59.755));
#2888 = DIRECTION('',(0.,0.,1.));
#2889 = DIRECTION('',(1.,0.,0.));
#2890 = DEFINITIONAL_REPRESENTATION('',(#2891),#2894);
#2891 = B_SPLINE_CURVE_WITH_KNOTS('',1,(#2892,#2893),.UNSPECIFIED.,.F.,
  .F.,(2,2),(-58.94,-53.71),.PIECEWISE_BEZIER_KNOTS.);
#2892 = CARTESIAN_POINT('',(5.23,19.435));
#2893 = CARTESIAN_POINT('',(0.,19.435));
#2894 = ( GEOMETRIC_REPRESENTATION_CONTEXT(2) 
PARAMETRIC_REPRESENTATION_CONTEXT() REPRESENTATION_CONTEXT('2D SPACE',''
  ) );
#2895 = ORIENTED_EDGE('',*,*,#2896,.T.);
#2896 = EDGE_CURVE('',#2871,#2897,#2899,.T.);
#2897 = VERTEX_POINT('',#2898);
#2898 = CARTESIAN_POINT('',(107.42,7.835,59.99));
#2899 = SURFACE_CURVE('',#2900,(#2904,#2910),.PCURVE_S1.);
#2900 = LINE('',#2901,#2902);
#2901 = CARTESIAN_POINT('',(107.42,7.835,59.1225));
#2902 = VECTOR('',#2903,1.);
#2903 = DIRECTION('',(-0.,0.,1.));
#2904 = PCURVE('',#318,#2905);
#2905 = DEFINITIONAL_REPRESENTATION('',(#2906),#2909);
#2906 = B_SPLINE_CURVE_WITH_KNOTS('',1,(#2907,#2908),.UNSPECIFIED.,.F.,
  .F.,(2,2),(0.6325,0.8675),.PIECEWISE_BEZIER_KNOTS.);
#2907 = CARTESIAN_POINT('',(1.265,-107.42));
#2908 = CARTESIAN_POINT('',(1.5,-107.42));
#2909 = ( GEOMETRIC_REPRESENTATION_CONTEXT(2) 
PARAMETRIC_REPRESENTATION_CONTEXT() REPRESENTATION_CONTEXT('2D SPACE',''
  ) );
#2910 = PCURVE('',#2911,#2916);
#2911 = PLANE('',#2912);
#2912 = AXIS2_PLACEMENT_3D('',#2913,#2914,#2915);
#2913 = CARTESIAN_POINT('',(107.42,-11.6,59.755));
#2914 = DIRECTION('',(1.,0.,0.));
#2915 = DIRECTION('',(0.,0.,1.));
#2916 = DEFINITIONAL_REPRESENTATION('',(#2917),#2920);
#2917 = B_SPLINE_CURVE_WITH_KNOTS('',1,(#2918,#2919),.UNSPECIFIED.,.F.,
  .F.,(2,2),(0.6325,0.8675),.PIECEWISE_BEZIER_KNOTS.);
#2918 = CARTESIAN_POINT('',(0.,-19.435));
#2919 = CARTESIAN_POINT('',(0.235,-19.435));
#2920 = ( GEOMETRIC_REPRESENTATION_CONTEXT(2) 
PARAMETRIC_REPRESENTATION_CONTEXT() REPRESENTATION_CONTEXT('2D SPACE',''
  ) );
#2921 = ORIENTED_EDGE('',*,*,#2922,.F.);
#2922 = EDGE_CURVE('',#2923,#2897,#2925,.T.);
#2923 = VERTEX_POINT('',#2924);
#2924 = CARTESIAN_POINT('',(102.64,7.835,59.99));
#2925 = SURFACE_CURVE('',#2926,(#2930,#2937),.PCURVE_S1.);
#2926 = LINE('',#2927,#2928);
#2927 = CARTESIAN_POINT('',(0.,7.835,59.99));
#2928 = VECTOR('',#2929,1.);
#2929 = DIRECTION('',(1.,0.,0.));
#2930 = PCURVE('',#318,#2931);
#2931 = DEFINITIONAL_REPRESENTATION('',(#2932),#2936);
#2932 = LINE('',#2933,#2934);
#2933 = CARTESIAN_POINT('',(1.5,0.));
#2934 = VECTOR('',#2935,1.);
#2935 = DIRECTION('',(0.,-1.));
#2936 = ( GEOMETRIC_REPRESENTATION_CONTEXT(2) 
PARAMETRIC_REPRESENTATION_CONTEXT() REPRESENTATION_CONTEXT('2D SPACE',''
  ) );
#2937 = PCURVE('',#2938,#2943);
#2938 = PLANE('',#2939);
#2939 = AXIS2_PLACEMENT_3D('',#2940,#2941,#2942);
#2940 = CARTESIAN_POINT('',(0.,7.835,59.99));
#2941 = DIRECTION('',(0.,-0.707106781187,0.707106781187));
#2942 = DIRECTION('',(0.,0.707106781187,0.707106781187));
#2943 = DEFINITIONAL_REPRESENTATION('',(#2944),#2948);
#2944 = LINE('',#2945,#2946);
#2945 = CARTESIAN_POINT('',(0.,0.));
#2946 = VECTOR('',#2947,1.);
#2947 = DIRECTION('',(0.,-1.));
#2948 = ( GEOMETRIC_REPRESENTATION_CONTEXT(2) 
PARAMETRIC_REPRESENTATION_CONTEXT() REPRESENTATION_CONTEXT('2D SPACE',''
  ) );
#2949 = ORIENTED_EDGE('',*,*,#2950,.F.);
#2950 = EDGE_CURVE('',#2951,#2923,#2953,.T.);
#2951 = VERTEX_POINT('',#2952);
#2952 = CARTESIAN_POINT('',(102.64,7.835,59.755));
#2953 = SURFACE_CURVE('',#2954,(#2958,#2964),.PCURVE_S1.);
#2954 = LINE('',#2955,#2956);
#2955 = CARTESIAN_POINT('',(102.64,7.835,59.1225));
#2956 = VECTOR('',#2957,1.);
#2957 = DIRECTION('',(-0.,0.,1.));
#2958 = PCURVE('',#318,#2959);
#2959 = DEFINITIONAL_REPRESENTATION('',(#2960),#2963);
#2960 = B_SPLINE_CURVE_WITH_KNOTS('',1,(#2961,#2962),.UNSPECIFIED.,.F.,
  .F.,(2,2),(0.6325,0.8675),.PIECEWISE_BEZIER_KNOTS.);
#2961 = CARTESIAN_POINT('',(1.265,-102.64));
#2962 = CARTESIAN_POINT('',(1.5,-102.64));
#2963 = ( GEOMETRIC_REPRESENTATION_CONTEXT(2) 
PARAMETRIC_REPRESENTATION_CONTEXT() REPRESENTATION_CONTEXT('2D SPACE',''
  ) );
#2964 = PCURVE('',#2965,#2970);
#2965 = PLANE('',#2966);
#2966 = AXIS2_PLACEMENT_3D('',#2967,#2968,#2969);
#2967 = CARTESIAN_POINT('',(102.64,-11.6,59.755));
#2968 = DIRECTION('',(1.,0.,0.));
#2969 = DIRECTION('',(0.,0.,1.));
#2970 = DEFINITIONAL_REPRESENTATION('',(#2971),#2974);
#2971 = B_SPLINE_CURVE_WITH_KNOTS('',1,(#2972,#2973),.UNSPECIFIED.,.F.,
  .F.,(2,2),(0.6325,0.8675),.PIECEWISE_BEZIER_KNOTS.);
#2972 = CARTESIAN_POINT('',(0.,-19.435));
#2973 = CARTESIAN_POINT('',(0.235,-19.435));
#2974 = ( GEOMETRIC_REPRESENTATION_CONTEXT(2) 
PARAMETRIC_REPRESENTATION_CONTEXT() REPRESENTATION_CONTEXT('2D SPACE',''
  ) );
#2975 = ORIENTED_EDGE('',*,*,#2976,.T.);
#2976 = EDGE_CURVE('',#2951,#2977,#2979,.T.);
#2977 = VERTEX_POINT('',#2978);
#2978 = CARTESIAN_POINT('',(97.41,7.835,59.755));
#2979 = SURFACE_CURVE('',#2980,(#2984,#2990),.PCURVE_S1.);
#2980 = LINE('',#2981,#2982);
#2981 = CARTESIAN_POINT('',(48.705,7.835,59.755));
#2982 = VECTOR('',#2983,1.);
#2983 = DIRECTION('',(-1.,0.,0.));
#2984 = PCURVE('',#318,#2985);
#2985 = DEFINITIONAL_REPRESENTATION('',(#2986),#2989);
#2986 = B_SPLINE_CURVE_WITH_KNOTS('',1,(#2987,#2988),.UNSPECIFIED.,.F.,
  .F.,(2,2),(-53.935,-48.705),.PIECEWISE_BEZIER_KNOTS.);
#2987 = CARTESIAN_POINT('',(1.265,-102.64));
#2988 = CARTESIAN_POINT('',(1.265,-97.41));
#2989 = ( GEOMETRIC_REPRESENTATION_CONTEXT(2) 
PARAMETRIC_REPRESENTATION_CONTEXT() REPRESENTATION_CONTEXT('2D SPACE',''
  ) );
#2990 = PCURVE('',#2991,#2996);
#2991 = PLANE('',#2992);
#2992 = AXIS2_PLACEMENT_3D('',#2993,#2994,#2995);
#2993 = CARTESIAN_POINT('',(97.41,-11.6,59.755));
#2994 = DIRECTION('',(0.,0.,1.));
#2995 = DIRECTION('',(1.,0.,0.));
#2996 = DEFINITIONAL_REPRESENTATION('',(#2997),#3000);
#2997 = B_SPLINE_CURVE_WITH_KNOTS('',1,(#2998,#2999),.UNSPECIFIED.,.F.,
  .F.,(2,2),(-53.935,-48.705),.PIECEWISE_BEZIER_KNOTS.);
#2998 = CARTESIAN_POINT('',(5.23,19.435));
#2999 = CARTESIAN_POINT('',(0.,19.435));
#3000 = ( GEOMETRIC_REPRESENTATION_CONTEXT(2) 
PARAMETRIC_REPRESENTATION_CONTEXT() REPRESENTATION_CONTEXT('2D SPACE',''
  ) );
#3001 = ORIENTED_EDGE('',*,*,#3002,.T.);
#3002 = EDGE_CURVE('',#2977,#3003,#3005,.T.);
#3003 = VERTEX_POINT('',#3004);
#3004 = CARTESIAN_POINT('',(97.41,7.835,59.99));
#3005 = SURFACE_CURVE('',#3006,(#3010,#3016),.PCURVE_S1.);
#3006 = LINE('',#3007,#3008);
#3007 = CARTESIAN_POINT('',(97.41,7.835,59.1225));
#3008 = VECTOR('',#3009,1.);
#3009 = DIRECTION('',(-0.,0.,1.));
#3010 = PCURVE('',#318,#3011);
#3011 = DEFINITIONAL_REPRESENTATION('',(#3012),#3015);
#3012 = B_SPLINE_CURVE_WITH_KNOTS('',1,(#3013,#3014),.UNSPECIFIED.,.F.,
  .F.,(2,2),(0.6325,0.8675),.PIECEWISE_BEZIER_KNOTS.);
#3013 = CARTESIAN_POINT('',(1.265,-97.41));
#3014 = CARTESIAN_POINT('',(1.5,-97.41));
#3015 = ( GEOMETRIC_REPRESENTATION_CONTEXT(2) 
PARAMETRIC_REPRESENTATION_CONTEXT() REPRESENTATION_CONTEXT('2D SPACE',''
  ) );
#3016 = PCURVE('',#3017,#3022);
#3017 = PLANE('',#3018);
#3018 = AXIS2_PLACEMENT_3D('',#3019,#3020,#3021);
#3019 = CARTESIAN_POINT('',(97.41,-11.6,59.755));
#3020 = DIRECTION('',(1.,0.,0.));
#3021 = DIRECTION('',(0.,0.,1.));
#3022 = DEFINITIONAL_REPRESENTATION('',(#3023),#3026);
#3023 = B_SPLINE_CURVE_WITH_KNOTS('',1,(#3024,#3025),.UNSPECIFIED.,.F.,
  .F.,(2,2),(0.6325,0.8675),.PIECEWISE_BEZIER_KNOTS.);
#3024 = CARTESIAN_POINT('',(0.,-19.435));
#3025 = CARTESIAN_POINT('',(0.235,-19.435));
#3026 = ( GEOMETRIC_REPRESENTATION_CONTEXT(2) 
PARAMETRIC_REPRESENTATION_CONTEXT() REPRESENTATION_CONTEXT('2D SPACE',''
  ) );
#3027 = ORIENTED_EDGE('',*,*,#3028,.F.);
#3028 = EDGE_CURVE('',#3029,#3003,#3031,.T.);
#3029 = VERTEX_POINT('',#3030);
#3030 = CARTESIAN_POINT('',(92.63,7.835,59.99));
#3031 = SURFACE_CURVE('',#3032,(#3036,#3043),.PCURVE_S1.);
#3032 = LINE('',#3033,#3034);
#3033 = CARTESIAN_POINT('',(0.,7.835,59.99));
#3034 = VECTOR('',#3035,1.);
#3035 = DIRECTION('',(1.,0.,0.));
#3036 = PCURVE('',#318,#3037);
#3037 = DEFINITIONAL_REPRESENTATION('',(#3038),#3042);
#3038 = LINE('',#3039,#3040);
#3039 = CARTESIAN_POINT('',(1.5,0.));
#3040 = VECTOR('',#3041,1.);
#3041 = DIRECTION('',(0.,-1.));
#3042 = ( GEOMETRIC_REPRESENTATION_CONTEXT(2) 
PARAMETRIC_REPRESENTATION_CONTEXT() REPRESENTATION_CONTEXT('2D SPACE',''
  ) );
#3043 = PCURVE('',#3044,#3049);
#3044 = PLANE('',#3045);
#3045 = AXIS2_PLACEMENT_3D('',#3046,#3047,#3048);
#3046 = CARTESIAN_POINT('',(0.,7.835,59.99));
#3047 = DIRECTION('',(0.,-0.707106781187,0.707106781187));
#3048 = DIRECTION('',(0.,0.707106781187,0.707106781187));
#3049 = DEFINITIONAL_REPRESENTATION('',(#3050),#3054);
#3050 = LINE('',#3051,#3052);
#3051 = CARTESIAN_POINT('',(0.,0.));
#3052 = VECTOR('',#3053,1.);
#3053 = DIRECTION('',(0.,-1.));
#3054 = ( GEOMETRIC_REPRESENTATION_CONTEXT(2) 
PARAMETRIC_REPRESENTATION_CONTEXT() REPRESENTATION_CONTEXT('2D SPACE',''
  ) );
#3055 = ORIENTED_EDGE('',*,*,#3056,.F.);
#3056 = EDGE_CURVE('',#3057,#3029,#3059,.T.);
#3057 = VERTEX_POINT('',#3058);
#3058 = CARTESIAN_POINT('',(92.63,7.835,59.755));
#3059 = SURFACE_CURVE('',#3060,(#3064,#3070),.PCURVE_S1.);
#3060 = LINE('',#3061,#3062);
#3061 = CARTESIAN_POINT('',(92.63,7.835,59.1225));
#3062 = VECTOR('',#3063,1.);
#3063 = DIRECTION('',(-0.,0.,1.));
#3064 = PCURVE('',#318,#3065);
#3065 = DEFINITIONAL_REPRESENTATION('',(#3066),#3069);
#3066 = B_SPLINE_CURVE_WITH_KNOTS('',1,(#3067,#3068),.UNSPECIFIED.,.F.,
  .F.,(2,2),(0.6325,0.8675),.PIECEWISE_BEZIER_KNOTS.);
#3067 = CARTESIAN_POINT('',(1.265,-92.63));
#3068 = CARTESIAN_POINT('',(1.5,-92.63));
#3069 = ( GEOMETRIC_REPRESENTATION_CONTEXT(2) 
PARAMETRIC_REPRESENTATION_CONTEXT() REPRESENTATION_CONTEXT('2D SPACE',''
  ) );
#3070 = PCURVE('',#3071,#3076);
#3071 = PLANE('',#3072);
#3072 = AXIS2_PLACEMENT_3D('',#3073,#3074,#3075);
#3073 = CARTESIAN_POINT('',(92.63,-11.6,59.755));
#3074 = DIRECTION('',(1.,0.,0.));
#3075 = DIRECTION('',(0.,0.,1.));
#3076 = DEFINITIONAL_REPRESENTATION('',(#3077),#3080);
#3077 = B_SPLINE_CURVE_WITH_KNOTS('',1,(#3078,#3079),.UNSPECIFIED.,.F.,
  .F.,(2,2),(0.6325,0.8675),.PIECEWISE_BEZIER_KNOTS.);
#3078 = CARTESIAN_POINT('',(0.,-19.435));
#3079 = CARTESIAN_POINT('',(0.235,-19.435));
#3080 = ( GEOMETRIC_REPRESENTATION_CONTEXT(2) 
PARAMETRIC_REPRESENTATION_CONTEXT() REPRESENTATION_CONTEXT('2D SPACE',''
  ) );
#3081 = ORIENTED_EDGE('',*,*,#3082,.T.);
#3082 = EDGE_CURVE('',#3057,#3083,#3085,.T.);
#3083 = VERTEX_POINT('',#3084);
#3084 = CARTESIAN_POINT('',(87.4,7.835,59.755));
#3085 = SURFACE_CURVE('',#3086,(#3090,#3096),.PCURVE_S1.);
#3086 = LINE('',#3087,#3088);
#3087 = CARTESIAN_POINT('',(43.7,7.835,59.755));
#3088 = VECTOR('',#3089,1.);
#3089 = DIRECTION('',(-1.,0.,0.));
#3090 = PCURVE('',#318,#3091);
#3091 = DEFINITIONAL_REPRESENTATION('',(#3092),#3095);
#3092 = B_SPLINE_CURVE_WITH_KNOTS('',1,(#3093,#3094),.UNSPECIFIED.,.F.,
  .F.,(2,2),(-48.93,-43.7),.PIECEWISE_BEZIER_KNOTS.);
#3093 = CARTESIAN_POINT('',(1.265,-92.63));
#3094 = CARTESIAN_POINT('',(1.265,-87.4));
#3095 = ( GEOMETRIC_REPRESENTATION_CONTEXT(2) 
PARAMETRIC_REPRESENTATION_CONTEXT() REPRESENTATION_CONTEXT('2D SPACE',''
  ) );
#3096 = PCURVE('',#3097,#3102);
#3097 = PLANE('',#3098);
#3098 = AXIS2_PLACEMENT_3D('',#3099,#3100,#3101);
#3099 = CARTESIAN_POINT('',(87.4,-11.6,59.755));
#3100 = DIRECTION('',(0.,0.,1.));
#3101 = DIRECTION('',(1.,0.,0.));
#3102 = DEFINITIONAL_REPRESENTATION('',(#3103),#3106);
#3103 = B_SPLINE_CURVE_WITH_KNOTS('',1,(#3104,#3105),.UNSPECIFIED.,.F.,
  .F.,(2,2),(-48.93,-43.7),.PIECEWISE_BEZIER_KNOTS.);
#3104 = CARTESIAN_POINT('',(5.23,19.435));
#3105 = CARTESIAN_POINT('',(0.,19.435));
#3106 = ( GEOMETRIC_REPRESENTATION_CONTEXT(2) 
PARAMETRIC_REPRESENTATION_CONTEXT() REPRESENTATION_CONTEXT('2D SPACE',''
  ) );
#3107 = ORIENTED_EDGE('',*,*,#3108,.T.);
#3108 = EDGE_CURVE('',#3083,#3109,#3111,.T.);
#3109 = VERTEX_POINT('',#3110);
#3110 = CARTESIAN_POINT('',(87.4,7.835,59.99));
#3111 = SURFACE_CURVE('',#3112,(#3116,#3122),.PCURVE_S1.);
#3112 = LINE('',#3113,#3114);
#3113 = CARTESIAN_POINT('',(87.4,7.835,59.1225));
#3114 = VECTOR('',#3115,1.);
#3115 = DIRECTION('',(-0.,0.,1.));
#3116 = PCURVE('',#318,#3117);
#3117 = DEFINITIONAL_REPRESENTATION('',(#3118),#3121);
#3118 = B_SPLINE_CURVE_WITH_KNOTS('',1,(#3119,#3120),.UNSPECIFIED.,.F.,
  .F.,(2,2),(0.6325,0.8675),.PIECEWISE_BEZIER_KNOTS.);
#3119 = CARTESIAN_POINT('',(1.265,-87.4));
#3120 = CARTESIAN_POINT('',(1.5,-87.4));
#3121 = ( GEOMETRIC_REPRESENTATION_CONTEXT(2) 
PARAMETRIC_REPRESENTATION_CONTEXT() REPRESENTATION_CONTEXT('2D SPACE',''
  ) );
#3122 = PCURVE('',#3123,#3128);
#3123 = PLANE('',#3124);
#3124 = AXIS2_PLACEMENT_3D('',#3125,#3126,#3127);
#3125 = CARTESIAN_POINT('',(87.4,-11.6,59.755));
#3126 = DIRECTION('',(1.,0.,0.));
#3127 = DIRECTION('',(0.,0.,1.));
#3128 = DEFINITIONAL_REPRESENTATION('',(#3129),#3132);
#3129 = B_SPLINE_CURVE_WITH_KNOTS('',1,(#3130,#3131),.UNSPECIFIED.,.F.,
  .F.,(2,2),(0.6325,0.8675),.PIECEWISE_BEZIER_KNOTS.);
#3130 = CARTESIAN_POINT('',(0.,-19.435));
#3131 = CARTESIAN_POINT('',(0.235,-19.435));
#3132 = ( GEOMETRIC_REPRESENTATION_CONTEXT(2) 
PARAMETRIC_REPRESENTATION_CONTEXT() REPRESENTATION_CONTEXT('2D SPACE',''
  ) );
#3133 = ORIENTED_EDGE('',*,*,#3134,.F.);
#3134 = EDGE_CURVE('',#3135,#3109,#3137,.T.);
#3135 = VERTEX_POINT('',#3136);
#3136 = CARTESIAN_POINT('',(82.62,7.835,59.99));
#3137 = SURFACE_CURVE('',#3138,(#3142,#3149),.PCURVE_S1.);
#3138 = LINE('',#3139,#3140);
#3139 = CARTESIAN_POINT('',(0.,7.835,59.99));
#3140 = VECTOR('',#3141,1.);
#3141 = DIRECTION('',(1.,0.,0.));
#3142 = PCURVE('',#318,#3143);
#3143 = DEFINITIONAL_REPRESENTATION('',(#3144),#3148);
#3144 = LINE('',#3145,#3146);
#3145 = CARTESIAN_POINT('',(1.5,0.));
#3146 = VECTOR('',#3147,1.);
#3147 = DIRECTION('',(0.,-1.));
#3148 = ( GEOMETRIC_REPRESENTATION_CONTEXT(2) 
PARAMETRIC_REPRESENTATION_CONTEXT() REPRESENTATION_CONTEXT('2D SPACE',''
  ) );
#3149 = PCURVE('',#3150,#3155);
#3150 = PLANE('',#3151);
#3151 = AXIS2_PLACEMENT_3D('',#3152,#3153,#3154);
#3152 = CARTESIAN_POINT('',(0.,7.835,59.99));
#3153 = DIRECTION('',(0.,-0.707106781187,0.707106781187));
#3154 = DIRECTION('',(0.,0.707106781187,0.707106781187));
#3155 = DEFINITIONAL_REPRESENTATION('',(#3156),#3160);
#3156 = LINE('',#3157,#3158);
#3157 = CARTESIAN_POINT('',(0.,0.));
#3158 = VECTOR('',#3159,1.);
#3159 = DIRECTION('',(0.,-1.));
#3160 = ( GEOMETRIC_REPRESENTATION_CONTEXT(2) 
PARAMETRIC_REPRESENTATION_CONTEXT() REPRESENTATION_CONTEXT('2D SPACE',''
  ) );
#3161 = ORIENTED_EDGE('',*,*,#3162,.F.);
#3162 = EDGE_CURVE('',#3163,#3135,#3165,.T.);
#3163 = VERTEX_POINT('',#3164);
#3164 = CARTESIAN_POINT('',(82.62,7.835,59.755));
#3165 = SURFACE_CURVE('',#3166,(#3170,#3176),.PCURVE_S1.);
#3166 = LINE('',#3167,#3168);
#3167 = CARTESIAN_POINT('',(82.62,7.835,59.1225));
#3168 = VECTOR('',#3169,1.);
#3169 = DIRECTION('',(-0.,0.,1.));
#3170 = PCURVE('',#318,#3171);
#3171 = DEFINITIONAL_REPRESENTATION('',(#3172),#3175);
#3172 = B_SPLINE_CURVE_WITH_KNOTS('',1,(#3173,#3174),.UNSPECIFIED.,.F.,
  .F.,(2,2),(0.6325,0.8675),.PIECEWISE_BEZIER_KNOTS.);
#3173 = CARTESIAN_POINT('',(1.265,-82.62));
#3174 = CARTESIAN_POINT('',(1.5,-82.62));
#3175 = ( GEOMETRIC_REPRESENTATION_CONTEXT(2) 
PARAMETRIC_REPRESENTATION_CONTEXT() REPRESENTATION_CONTEXT('2D SPACE',''
  ) );
#3176 = PCURVE('',#3177,#3182);
#3177 = PLANE('',#3178);
#3178 = AXIS2_PLACEMENT_3D('',#3179,#3180,#3181);
#3179 = CARTESIAN_POINT('',(82.62,-11.6,59.755));
#3180 = DIRECTION('',(1.,0.,0.));
#3181 = DIRECTION('',(0.,0.,1.));
#3182 = DEFINITIONAL_REPRESENTATION('',(#3183),#3186);
#3183 = B_SPLINE_CURVE_WITH_KNOTS('',1,(#3184,#3185),.UNSPECIFIED.,.F.,
  .F.,(2,2),(0.6325,0.8675),.PIECEWISE_BEZIER_KNOTS.);
#3184 = CARTESIAN_POINT('',(0.,-19.435));
#3185 = CARTESIAN_POINT('',(0.235,-19.435));
#3186 = ( GEOMETRIC_REPRESENTATION_CONTEXT(2) 
PARAMETRIC_REPRESENTATION_CONTEXT() REPRESENTATION_CONTEXT('2D SPACE',''
  ) );
#3187 = ORIENTED_EDGE('',*,*,#3188,.T.);
#3188 = EDGE_CURVE('',#3163,#3189,#3191,.T.);
#3189 = VERTEX_POINT('',#3190);
#3190 = CARTESIAN_POINT('',(77.39,7.835,59.755));
#3191 = SURFACE_CURVE('',#3192,(#3196,#3202),.PCURVE_S1.);
#3192 = LINE('',#3193,#3194);
#3193 = CARTESIAN_POINT('',(38.695,7.835,59.755));
#3194 = VECTOR('',#3195,1.);
#3195 = DIRECTION('',(-1.,0.,0.));
#3196 = PCURVE('',#318,#3197);
#3197 = DEFINITIONAL_REPRESENTATION('',(#3198),#3201);
#3198 = B_SPLINE_CURVE_WITH_KNOTS('',1,(#3199,#3200),.UNSPECIFIED.,.F.,
  .F.,(2,2),(-43.925,-38.695),.PIECEWISE_BEZIER_KNOTS.);
#3199 = CARTESIAN_POINT('',(1.265,-82.62));
#3200 = CARTESIAN_POINT('',(1.265,-77.39));
#3201 = ( GEOMETRIC_REPRESENTATION_CONTEXT(2) 
PARAMETRIC_REPRESENTATION_CONTEXT() REPRESENTATION_CONTEXT('2D SPACE',''
  ) );
#3202 = PCURVE('',#3203,#3208);
#3203 = PLANE('',#3204);
#3204 = AXIS2_PLACEMENT_3D('',#3205,#3206,#3207);
#3205 = CARTESIAN_POINT('',(77.39,-11.6,59.755));
#3206 = DIRECTION('',(0.,0.,1.));
#3207 = DIRECTION('',(1.,0.,0.));
#3208 = DEFINITIONAL_REPRESENTATION('',(#3209),#3212);
#3209 = B_SPLINE_CURVE_WITH_KNOTS('',1,(#3210,#3211),.UNSPECIFIED.,.F.,
  .F.,(2,2),(-43.925,-38.695),.PIECEWISE_BEZIER_KNOTS.);
#3210 = CARTESIAN_POINT('',(5.23,19.435));
#3211 = CARTESIAN_POINT('',(0.,19.435));
#3212 = ( GEOMETRIC_REPRESENTATION_CONTEXT(2) 
PARAMETRIC_REPRESENTATION_CONTEXT() REPRESENTATION_CONTEXT('2D SPACE',''
  ) );
#3213 = ORIENTED_EDGE('',*,*,#3214,.T.);
#3214 = EDGE_CURVE('',#3189,#3215,#3217,.T.);
#3215 = VERTEX_POINT('',#3216);
#3216 = CARTESIAN_POINT('',(77.39,7.835,59.99));
#3217 = SURFACE_CURVE('',#3218,(#3222,#3228),.PCURVE_S1.);
#3218 = LINE('',#3219,#3220);
#3219 = CARTESIAN_POINT('',(77.39,7.835,59.1225));
#3220 = VECTOR('',#3221,1.);
#3221 = DIRECTION('',(-0.,0.,1.));
#3222 = PCURVE('',#318,#3223);
#3223 = DEFINITIONAL_REPRESENTATION('',(#3224),#3227);
#3224 = B_SPLINE_CURVE_WITH_KNOTS('',1,(#3225,#3226),.UNSPECIFIED.,.F.,
  .F.,(2,2),(0.6325,0.8675),.PIECEWISE_BEZIER_KNOTS.);
#3225 = CARTESIAN_POINT('',(1.265,-77.39));
#3226 = CARTESIAN_POINT('',(1.5,-77.39));
#3227 = ( GEOMETRIC_REPRESENTATION_CONTEXT(2) 
PARAMETRIC_REPRESENTATION_CONTEXT() REPRESENTATION_CONTEXT('2D SPACE',''
  ) );
#3228 = PCURVE('',#3229,#3234);
#3229 = PLANE('',#3230);
#3230 = AXIS2_PLACEMENT_3D('',#3231,#3232,#3233);
#3231 = CARTESIAN_POINT('',(77.39,-11.6,59.755));
#3232 = DIRECTION('',(1.,0.,0.));
#3233 = DIRECTION('',(0.,0.,1.));
#3234 = DEFINITIONAL_REPRESENTATION('',(#3235),#3238);
#3235 = B_SPLINE_CURVE_WITH_KNOTS('',1,(#3236,#3237),.UNSPECIFIED.,.F.,
  .F.,(2,2),(0.6325,0.8675),.PIECEWISE_BEZIER_KNOTS.);
#3236 = CARTESIAN_POINT('',(0.,-19.435));
#3237 = CARTESIAN_POINT('',(0.235,-19.435));
#3238 = ( GEOMETRIC_REPRESENTATION_CONTEXT(2) 
PARAMETRIC_REPRESENTATION_CONTEXT() REPRESENTATION_CONTEXT('2D SPACE',''
  ) );
#3239 = ORIENTED_EDGE('',*,*,#3240,.F.);
#3240 = EDGE_CURVE('',#3241,#3215,#3243,.T.);
#3241 = VERTEX_POINT('',#3242);
#3242 = CARTESIAN_POINT('',(72.61,7.835,59.99));
#3243 = SURFACE_CURVE('',#3244,(#3248,#3255),.PCURVE_S1.);
#3244 = LINE('',#3245,#3246);
#3245 = CARTESIAN_POINT('',(0.,7.835,59.99));
#3246 = VECTOR('',#3247,1.);
#3247 = DIRECTION('',(1.,0.,0.));
#3248 = PCURVE('',#318,#3249);
#3249 = DEFINITIONAL_REPRESENTATION('',(#3250),#3254);
#3250 = LINE('',#3251,#3252);
#3251 = CARTESIAN_POINT('',(1.5,0.));
#3252 = VECTOR('',#3253,1.);
#3253 = DIRECTION('',(0.,-1.));
#3254 = ( GEOMETRIC_REPRESENTATION_CONTEXT(2) 
PARAMETRIC_REPRESENTATION_CONTEXT() REPRESENTATION_CONTEXT('2D SPACE',''
  ) );
#3255 = PCURVE('',#3256,#3261);
#3256 = PLANE('',#3257);
#3257 = AXIS2_PLACEMENT_3D('',#3258,#3259,#3260);
#3258 = CARTESIAN_POINT('',(0.,7.835,59.99));
#3259 = DIRECTION('',(0.,-0.707106781187,0.707106781187));
#3260 = DIRECTION('',(0.,0.707106781187,0.707106781187));
#3261 = DEFINITIONAL_REPRESENTATION('',(#3262),#3266);
#3262 = LINE('',#3263,#3264);
#3263 = CARTESIAN_POINT('',(0.,0.));
#3264 = VECTOR('',#3265,1.);
#3265 = DIRECTION('',(0.,-1.));
#3266 = ( GEOMETRIC_REPRESENTATION_CONTEXT(2) 
PARAMETRIC_REPRESENTATION_CONTEXT() REPRESENTATION_CONTEXT('2D SPACE',''
  ) );
#3267 = ORIENTED_EDGE('',*,*,#3268,.F.);
#3268 = EDGE_CURVE('',#3269,#3241,#3271,.T.);
#3269 = VERTEX_POINT('',#3270);
#3270 = CARTESIAN_POINT('',(72.61,7.835,59.755));
#3271 = SURFACE_CURVE('',#3272,(#3276,#3282),.PCURVE_S1.);
#3272 = LINE('',#3273,#3274);
#3273 = CARTESIAN_POINT('',(72.61,7.835,59.1225));
#3274 = VECTOR('',#3275,1.);
#3275 = DIRECTION('',(-0.,0.,1.));
#3276 = PCURVE('',#318,#3277);
#3277 = DEFINITIONAL_REPRESENTATION('',(#3278),#3281);
#3278 = B_SPLINE_CURVE_WITH_KNOTS('',1,(#3279,#3280),.UNSPECIFIED.,.F.,
  .F.,(2,2),(0.6325,0.8675),.PIECEWISE_BEZIER_KNOTS.);
#3279 = CARTESIAN_POINT('',(1.265,-72.61));
#3280 = CARTESIAN_POINT('',(1.5,-72.61));
#3281 = ( GEOMETRIC_REPRESENTATION_CONTEXT(2) 
PARAMETRIC_REPRESENTATION_CONTEXT() REPRESENTATION_CONTEXT('2D SPACE',''
  ) );
#3282 = PCURVE('',#3283,#3288);
#3283 = PLANE('',#3284);
#3284 = AXIS2_PLACEMENT_3D('',#3285,#3286,#3287);
#3285 = CARTESIAN_POINT('',(72.61,-11.6,59.755));
#3286 = DIRECTION('',(1.,0.,0.));
#3287 = DIRECTION('',(0.,0.,1.));
#3288 = DEFINITIONAL_REPRESENTATION('',(#3289),#3292);
#3289 = B_SPLINE_CURVE_WITH_KNOTS('',1,(#3290,#3291),.UNSPECIFIED.,.F.,
  .F.,(2,2),(0.6325,0.8675),.PIECEWISE_BEZIER_KNOTS.);
#3290 = CARTESIAN_POINT('',(0.,-19.435));
#3291 = CARTESIAN_POINT('',(0.235,-19.435));
#3292 = ( GEOMETRIC_REPRESENTATION_CONTEXT(2) 
PARAMETRIC_REPRESENTATION_CONTEXT() REPRESENTATION_CONTEXT('2D SPACE',''
  ) );
#3293 = ORIENTED_EDGE('',*,*,#3294,.T.);
#3294 = EDGE_CURVE('',#3269,#3295,#3297,.T.);
#3295 = VERTEX_POINT('',#3296);
#3296 = CARTESIAN_POINT('',(67.38,7.835,59.755));
#3297 = SURFACE_CURVE('',#3298,(#3302,#3308),.PCURVE_S1.);
#3298 = LINE('',#3299,#3300);
#3299 = CARTESIAN_POINT('',(33.69,7.835,59.755));
#3300 = VECTOR('',#3301,1.);
#3301 = DIRECTION('',(-1.,0.,0.));
#3302 = PCURVE('',#318,#3303);
#3303 = DEFINITIONAL_REPRESENTATION('',(#3304),#3307);
#3304 = B_SPLINE_CURVE_WITH_KNOTS('',1,(#3305,#3306),.UNSPECIFIED.,.F.,
  .F.,(2,2),(-38.92,-33.69),.PIECEWISE_BEZIER_KNOTS.);
#3305 = CARTESIAN_POINT('',(1.265,-72.61));
#3306 = CARTESIAN_POINT('',(1.265,-67.38));
#3307 = ( GEOMETRIC_REPRESENTATION_CONTEXT(2) 
PARAMETRIC_REPRESENTATION_CONTEXT() REPRESENTATION_CONTEXT('2D SPACE',''
  ) );
#3308 = PCURVE('',#3309,#3314);
#3309 = PLANE('',#3310);
#3310 = AXIS2_PLACEMENT_3D('',#3311,#3312,#3313);
#3311 = CARTESIAN_POINT('',(67.38,-11.6,59.755));
#3312 = DIRECTION('',(0.,0.,1.));
#3313 = DIRECTION('',(1.,0.,0.));
#3314 = DEFINITIONAL_REPRESENTATION('',(#3315),#3318);
#3315 = B_SPLINE_CURVE_WITH_KNOTS('',1,(#3316,#3317),.UNSPECIFIED.,.F.,
  .F.,(2,2),(-38.92,-33.69),.PIECEWISE_BEZIER_KNOTS.);
#3316 = CARTESIAN_POINT('',(5.23,19.435));
#3317 = CARTESIAN_POINT('',(0.,19.435));
#3318 = ( GEOMETRIC_REPRESENTATION_CONTEXT(2) 
PARAMETRIC_REPRESENTATION_CONTEXT() REPRESENTATION_CONTEXT('2D SPACE',''
  ) );
#3319 = ORIENTED_EDGE('',*,*,#3320,.T.);
#3320 = EDGE_CURVE('',#3295,#3321,#3323,.T.);
#3321 = VERTEX_POINT('',#3322);
#3322 = CARTESIAN_POINT('',(67.38,7.835,59.99));
#3323 = SURFACE_CURVE('',#3324,(#3328,#3334),.PCURVE_S1.);
#3324 = LINE('',#3325,#3326);
#3325 = CARTESIAN_POINT('',(67.38,7.835,59.1225));
#3326 = VECTOR('',#3327,1.);
#3327 = DIRECTION('',(-0.,0.,1.));
#3328 = PCURVE('',#318,#3329);
#3329 = DEFINITIONAL_REPRESENTATION('',(#3330),#3333);
#3330 = B_SPLINE_CURVE_WITH_KNOTS('',1,(#3331,#3332),.UNSPECIFIED.,.F.,
  .F.,(2,2),(0.6325,0.8675),.PIECEWISE_BEZIER_KNOTS.);
#3331 = CARTESIAN_POINT('',(1.265,-67.38));
#3332 = CARTESIAN_POINT('',(1.5,-67.38));
#3333 = ( GEOMETRIC_REPRESENTATION_CONTEXT(2) 
PARAMETRIC_REPRESENTATION_CONTEXT() REPRESENTATION_CONTEXT('2D SPACE',''
  ) );
#3334 = PCURVE('',#3335,#3340);
#3335 = PLANE('',#3336);
#3336 = AXIS2_PLACEMENT_3D('',#3337,#3338,#3339);
#3337 = CARTESIAN_POINT('',(67.38,-11.6,59.755));
#3338 = DIRECTION('',(1.,0.,0.));
#3339 = DIRECTION('',(0.,0.,1.));
#3340 = DEFINITIONAL_REPRESENTATION('',(#3341),#3344);
#3341 = B_SPLINE_CURVE_WITH_KNOTS('',1,(#3342,#3343),.UNSPECIFIED.,.F.,
  .F.,(2,2),(0.6325,0.8675),.PIECEWISE_BEZIER_KNOTS.);
#3342 = CARTESIAN_POINT('',(0.,-19.435));
#3343 = CARTESIAN_POINT('',(0.235,-19.435));
#3344 = ( GEOMETRIC_REPRESENTATION_CONTEXT(2) 
PARAMETRIC_REPRESENTATION_CONTEXT() REPRESENTATION_CONTEXT('2D SPACE',''
  ) );
#3345 = ORIENTED_EDGE('',*,*,#3346,.F.);
#3346 = EDGE_CURVE('',#3347,#3321,#3349,.T.);
#3347 = VERTEX_POINT('',#3348);
#3348 = CARTESIAN_POINT('',(62.6,7.835,59.99));
#3349 = SURFACE_CURVE('',#3350,(#3354,#3361),.PCURVE_S1.);
#3350 = LINE('',#3351,#3352);
#3351 = CARTESIAN_POINT('',(0.,7.835,59.99));
#3352 = VECTOR('',#3353,1.);
#3353 = DIRECTION('',(1.,0.,0.));
#3354 = PCURVE('',#318,#3355);
#3355 = DEFINITIONAL_REPRESENTATION('',(#3356),#3360);
#3356 = LINE('',#3357,#3358);
#3357 = CARTESIAN_POINT('',(1.5,0.));
#3358 = VECTOR('',#3359,1.);
#3359 = DIRECTION('',(0.,-1.));
#3360 = ( GEOMETRIC_REPRESENTATION_CONTEXT(2) 
PARAMETRIC_REPRESENTATION_CONTEXT() REPRESENTATION_CONTEXT('2D SPACE',''
  ) );
#3361 = PCURVE('',#3362,#3367);
#3362 = PLANE('',#3363);
#3363 = AXIS2_PLACEMENT_3D('',#3364,#3365,#3366);
#3364 = CARTESIAN_POINT('',(0.,7.835,59.99));
#3365 = DIRECTION('',(0.,-0.707106781187,0.707106781187));
#3366 = DIRECTION('',(0.,0.707106781187,0.707106781187));
#3367 = DEFINITIONAL_REPRESENTATION('',(#3368),#3372);
#3368 = LINE('',#3369,#3370);
#3369 = CARTESIAN_POINT('',(0.,0.));
#3370 = VECTOR('',#3371,1.);
#3371 = DIRECTION('',(0.,-1.));
#3372 = ( GEOMETRIC_REPRESENTATION_CONTEXT(2) 
PARAMETRIC_REPRESENTATION_CONTEXT() REPRESENTATION_CONTEXT('2D SPACE',''
  ) );
#3373 = ORIENTED_EDGE('',*,*,#3374,.F.);
#3374 = EDGE_CURVE('',#3375,#3347,#3377,.T.);
#3375 = VERTEX_POINT('',#3376);
#3376 = CARTESIAN_POINT('',(62.6,7.835,59.755));
#3377 = SURFACE_CURVE('',#3378,(#3382,#3388),.PCURVE_S1.);
#3378 = LINE('',#3379,#3380);
#3379 = CARTESIAN_POINT('',(62.6,7.835,59.1225));
#3380 = VECTOR('',#3381,1.);
#3381 = DIRECTION('',(-0.,0.,1.));
#3382 = PCURVE('',#318,#3383);
#3383 = DEFINITIONAL_REPRESENTATION('',(#3384),#3387);
#3384 = B_SPLINE_CURVE_WITH_KNOTS('',1,(#3385,#3386),.UNSPECIFIED.,.F.,
  .F.,(2,2),(0.6325,0.8675),.PIECEWISE_BEZIER_KNOTS.);
#3385 = CARTESIAN_POINT('',(1.265,-62.6));
#3386 = CARTESIAN_POINT('',(1.5,-62.6));
#3387 = ( GEOMETRIC_REPRESENTATION_CONTEXT(2) 
PARAMETRIC_REPRESENTATION_CONTEXT() REPRESENTATION_CONTEXT('2D SPACE',''
  ) );
#3388 = PCURVE('',#3389,#3394);
#3389 = PLANE('',#3390);
#3390 = AXIS2_PLACEMENT_3D('',#3391,#3392,#3393);
#3391 = CARTESIAN_POINT('',(62.6,-11.6,59.755));
#3392 = DIRECTION('',(1.,0.,0.));
#3393 = DIRECTION('',(0.,0.,1.));
#3394 = DEFINITIONAL_REPRESENTATION('',(#3395),#3398);
#3395 = B_SPLINE_CURVE_WITH_KNOTS('',1,(#3396,#3397),.UNSPECIFIED.,.F.,
  .F.,(2,2),(0.6325,0.8675),.PIECEWISE_BEZIER_KNOTS.);
#3396 = CARTESIAN_POINT('',(0.,-19.435));
#3397 = CARTESIAN_POINT('',(0.235,-19.435));
#3398 = ( GEOMETRIC_REPRESENTATION_CONTEXT(2) 
PARAMETRIC_REPRESENTATION_CONTEXT() REPRESENTATION_CONTEXT('2D SPACE',''
  ) );
#3399 = ORIENTED_EDGE('',*,*,#3400,.T.);
#3400 = EDGE_CURVE('',#3375,#3401,#3403,.T.);
#3401 = VERTEX_POINT('',#3402);
#3402 = CARTESIAN_POINT('',(57.37,7.835,59.755));
#3403 = SURFACE_CURVE('',#3404,(#3408,#3414),.PCURVE_S1.);
#3404 = LINE('',#3405,#3406);
#3405 = CARTESIAN_POINT('',(28.685,7.835,59.755));
#3406 = VECTOR('',#3407,1.);
#3407 = DIRECTION('',(-1.,0.,0.));
#3408 = PCURVE('',#318,#3409);
#3409 = DEFINITIONAL_REPRESENTATION('',(#3410),#3413);
#3410 = B_SPLINE_CURVE_WITH_KNOTS('',1,(#3411,#3412),.UNSPECIFIED.,.F.,
  .F.,(2,2),(-33.915,-28.685),.PIECEWISE_BEZIER_KNOTS.);
#3411 = CARTESIAN_POINT('',(1.265,-62.6));
#3412 = CARTESIAN_POINT('',(1.265,-57.37));
#3413 = ( GEOMETRIC_REPRESENTATION_CONTEXT(2) 
PARAMETRIC_REPRESENTATION_CONTEXT() REPRESENTATION_CONTEXT('2D SPACE',''
  ) );
#3414 = PCURVE('',#3415,#3420);
#3415 = PLANE('',#3416);
#3416 = AXIS2_PLACEMENT_3D('',#3417,#3418,#3419);
#3417 = CARTESIAN_POINT('',(57.37,-11.6,59.755));
#3418 = DIRECTION('',(0.,0.,1.));
#3419 = DIRECTION('',(1.,0.,0.));
#3420 = DEFINITIONAL_REPRESENTATION('',(#3421),#3424);
#3421 = B_SPLINE_CURVE_WITH_KNOTS('',1,(#3422,#3423),.UNSPECIFIED.,.F.,
  .F.,(2,2),(-33.915,-28.685),.PIECEWISE_BEZIER_KNOTS.);
#3422 = CARTESIAN_POINT('',(5.23,19.435));
#3423 = CARTESIAN_POINT('',(0.,19.435));
#3424 = ( GEOMETRIC_REPRESENTATION_CONTEXT(2) 
PARAMETRIC_REPRESENTATION_CONTEXT() REPRESENTATION_CONTEXT('2D SPACE',''
  ) );
#3425 = ORIENTED_EDGE('',*,*,#3426,.T.);
#3426 = EDGE_CURVE('',#3401,#3427,#3429,.T.);
#3427 = VERTEX_POINT('',#3428);
#3428 = CARTESIAN_POINT('',(57.37,7.835,59.99));
#3429 = SURFACE_CURVE('',#3430,(#3434,#3440),.PCURVE_S1.);
#3430 = LINE('',#3431,#3432);
#3431 = CARTESIAN_POINT('',(57.37,7.835,59.1225));
#3432 = VECTOR('',#3433,1.);
#3433 = DIRECTION('',(-0.,0.,1.));
#3434 = PCURVE('',#318,#3435);
#3435 = DEFINITIONAL_REPRESENTATION('',(#3436),#3439);
#3436 = B_SPLINE_CURVE_WITH_KNOTS('',1,(#3437,#3438),.UNSPECIFIED.,.F.,
  .F.,(2,2),(0.6325,0.8675),.PIECEWISE_BEZIER_KNOTS.);
#3437 = CARTESIAN_POINT('',(1.265,-57.37));
#3438 = CARTESIAN_POINT('',(1.5,-57.37));
#3439 = ( GEOMETRIC_REPRESENTATION_CONTEXT(2) 
PARAMETRIC_REPRESENTATION_CONTEXT() REPRESENTATION_CONTEXT('2D SPACE',''
  ) );
#3440 = PCURVE('',#3441,#3446);
#3441 = PLANE('',#3442);
#3442 = AXIS2_PLACEMENT_3D('',#3443,#3444,#3445);
#3443 = CARTESIAN_POINT('',(57.37,-11.6,59.755));
#3444 = DIRECTION('',(1.,0.,0.));
#3445 = DIRECTION('',(0.,0.,1.));
#3446 = DEFINITIONAL_REPRESENTATION('',(#3447),#3450);
#3447 = B_SPLINE_CURVE_WITH_KNOTS('',1,(#3448,#3449),.UNSPECIFIED.,.F.,
  .F.,(2,2),(0.6325,0.8675),.PIECEWISE_BEZIER_KNOTS.);
#3448 = CARTESIAN_POINT('',(0.,-19.435));
#3449 = CARTESIAN_POINT('',(0.235,-19.435));
#3450 = ( GEOMETRIC_REPRESENTATION_CONTEXT(2) 
PARAMETRIC_REPRESENTATION_CONTEXT() REPRESENTATION_CONTEXT('2D SPACE',''
  ) );
#3451 = ORIENTED_EDGE('',*,*,#3452,.F.);
#3452 = EDGE_CURVE('',#3453,#3427,#3455,.T.);
#3453 = VERTEX_POINT('',#3454);
#3454 = CARTESIAN_POINT('',(52.59,7.835,59.99));
#3455 = SURFACE_CURVE('',#3456,(#3460,#3467),.PCURVE_S1.);
#3456 = LINE('',#3457,#3458);
#3457 = CARTESIAN_POINT('',(0.,7.835,59.99));
#3458 = VECTOR('',#3459,1.);
#3459 = DIRECTION('',(1.,0.,0.));
#3460 = PCURVE('',#318,#3461);
#3461 = DEFINITIONAL_REPRESENTATION('',(#3462),#3466);
#3462 = LINE('',#3463,#3464);
#3463 = CARTESIAN_POINT('',(1.5,0.));
#3464 = VECTOR('',#3465,1.);
#3465 = DIRECTION('',(0.,-1.));
#3466 = ( GEOMETRIC_REPRESENTATION_CONTEXT(2) 
PARAMETRIC_REPRESENTATION_CONTEXT() REPRESENTATION_CONTEXT('2D SPACE',''
  ) );
#3467 = PCURVE('',#3468,#3473);
#3468 = PLANE('',#3469);
#3469 = AXIS2_PLACEMENT_3D('',#3470,#3471,#3472);
#3470 = CARTESIAN_POINT('',(0.,7.835,59.99));
#3471 = DIRECTION('',(0.,-0.707106781187,0.707106781187));
#3472 = DIRECTION('',(0.,0.707106781187,0.707106781187));
#3473 = DEFINITIONAL_REPRESENTATION('',(#3474),#3478);
#3474 = LINE('',#3475,#3476);
#3475 = CARTESIAN_POINT('',(0.,0.));
#3476 = VECTOR('',#3477,1.);
#3477 = DIRECTION('',(0.,-1.));
#3478 = ( GEOMETRIC_REPRESENTATION_CONTEXT(2) 
PARAMETRIC_REPRESENTATION_CONTEXT() REPRESENTATION_CONTEXT('2D SPACE',''
  ) );
#3479 = ORIENTED_EDGE('',*,*,#3480,.F.);
#3480 = EDGE_CURVE('',#3481,#3453,#3483,.T.);
#3481 = VERTEX_POINT('',#3482);
#3482 = CARTESIAN_POINT('',(52.59,7.835,59.755));
#3483 = SURFACE_CURVE('',#3484,(#3488,#3494),.PCURVE_S1.);
#3484 = LINE('',#3485,#3486);
#3485 = CARTESIAN_POINT('',(52.59,7.835,59.1225));
#3486 = VECTOR('',#3487,1.);
#3487 = DIRECTION('',(-0.,0.,1.));
#3488 = PCURVE('',#318,#3489);
#3489 = DEFINITIONAL_REPRESENTATION('',(#3490),#3493);
#3490 = B_SPLINE_CURVE_WITH_KNOTS('',1,(#3491,#3492),.UNSPECIFIED.,.F.,
  .F.,(2,2),(0.6325,0.8675),.PIECEWISE_BEZIER_KNOTS.);
#3491 = CARTESIAN_POINT('',(1.265,-52.59));
#3492 = CARTESIAN_POINT('',(1.5,-52.59));
#3493 = ( GEOMETRIC_REPRESENTATION_CONTEXT(2) 
PARAMETRIC_REPRESENTATION_CONTEXT() REPRESENTATION_CONTEXT('2D SPACE',''
  ) );
#3494 = PCURVE('',#3495,#3500);
#3495 = PLANE('',#3496);
#3496 = AXIS2_PLACEMENT_3D('',#3497,#3498,#3499);
#3497 = CARTESIAN_POINT('',(52.59,-11.6,59.755));
#3498 = DIRECTION('',(1.,0.,0.));
#3499 = DIRECTION('',(0.,0.,1.));
#3500 = DEFINITIONAL_REPRESENTATION('',(#3501),#3504);
#3501 = B_SPLINE_CURVE_WITH_KNOTS('',1,(#3502,#3503),.UNSPECIFIED.,.F.,
  .F.,(2,2),(0.6325,0.8675),.PIECEWISE_BEZIER_KNOTS.);
#3502 = CARTESIAN_POINT('',(0.,-19.435));
#3503 = CARTESIAN_POINT('',(0.235,-19.435));
#3504 = ( GEOMETRIC_REPRESENTATION_CONTEXT(2) 
PARAMETRIC_REPRESENTATION_CONTEXT() REPRESENTATION_CONTEXT('2D SPACE',''
  ) );
#3505 = ORIENTED_EDGE('',*,*,#3506,.T.);
#3506 = EDGE_CURVE('',#3481,#3507,#3509,.T.);
#3507 = VERTEX_POINT('',#3508);
#3508 = CARTESIAN_POINT('',(47.36,7.835,59.755));
#3509 = SURFACE_CURVE('',#3510,(#3514,#3520),.PCURVE_S1.);
#3510 = LINE('',#3511,#3512);
#3511 = CARTESIAN_POINT('',(23.68,7.835,59.755));
#3512 = VECTOR('',#3513,1.);
#3513 = DIRECTION('',(-1.,0.,0.));
#3514 = PCURVE('',#318,#3515);
#3515 = DEFINITIONAL_REPRESENTATION('',(#3516),#3519);
#3516 = B_SPLINE_CURVE_WITH_KNOTS('',1,(#3517,#3518),.UNSPECIFIED.,.F.,
  .F.,(2,2),(-28.91,-23.68),.PIECEWISE_BEZIER_KNOTS.);
#3517 = CARTESIAN_POINT('',(1.265,-52.59));
#3518 = CARTESIAN_POINT('',(1.265,-47.36));
#3519 = ( GEOMETRIC_REPRESENTATION_CONTEXT(2) 
PARAMETRIC_REPRESENTATION_CONTEXT() REPRESENTATION_CONTEXT('2D SPACE',''
  ) );
#3520 = PCURVE('',#3521,#3526);
#3521 = PLANE('',#3522);
#3522 = AXIS2_PLACEMENT_3D('',#3523,#3524,#3525);
#3523 = CARTESIAN_POINT('',(47.36,-11.6,59.755));
#3524 = DIRECTION('',(0.,0.,1.));
#3525 = DIRECTION('',(1.,0.,0.));
#3526 = DEFINITIONAL_REPRESENTATION('',(#3527),#3530);
#3527 = B_SPLINE_CURVE_WITH_KNOTS('',1,(#3528,#3529),.UNSPECIFIED.,.F.,
  .F.,(2,2),(-28.91,-23.68),.PIECEWISE_BEZIER_KNOTS.);
#3528 = CARTESIAN_POINT('',(5.23,19.435));
#3529 = CARTESIAN_POINT('',(0.,19.435));
#3530 = ( GEOMETRIC_REPRESENTATION_CONTEXT(2) 
PARAMETRIC_REPRESENTATION_CONTEXT() REPRESENTATION_CONTEXT('2D SPACE',''
  ) );
#3531 = ORIENTED_EDGE('',*,*,#3532,.T.);
#3532 = EDGE_CURVE('',#3507,#3533,#3535,.T.);
#3533 = VERTEX_POINT('',#3534);
#3534 = CARTESIAN_POINT('',(47.36,7.835,59.99));
#3535 = SURFACE_CURVE('',#3536,(#3540,#3546),.PCURVE_S1.);
#3536 = LINE('',#3537,#3538);
#3537 = CARTESIAN_POINT('',(47.36,7.835,59.1225));
#3538 = VECTOR('',#3539,1.);
#3539 = DIRECTION('',(-0.,0.,1.));
#3540 = PCURVE('',#318,#3541);
#3541 = DEFINITIONAL_REPRESENTATION('',(#3542),#3545);
#3542 = B_SPLINE_CURVE_WITH_KNOTS('',1,(#3543,#3544),.UNSPECIFIED.,.F.,
  .F.,(2,2),(0.6325,0.8675),.PIECEWISE_BEZIER_KNOTS.);
#3543 = CARTESIAN_POINT('',(1.265,-47.36));
#3544 = CARTESIAN_POINT('',(1.5,-47.36));
#3545 = ( GEOMETRIC_REPRESENTATION_CONTEXT(2) 
PARAMETRIC_REPRESENTATION_CONTEXT() REPRESENTATION_CONTEXT('2D SPACE',''
  ) );
#3546 = PCURVE('',#3547,#3552);
#3547 = PLANE('',#3548);
#3548 = AXIS2_PLACEMENT_3D('',#3549,#3550,#3551);
#3549 = CARTESIAN_POINT('',(47.36,-11.6,59.755));
#3550 = DIRECTION('',(1.,0.,0.));
#3551 = DIRECTION('',(0.,0.,1.));
#3552 = DEFINITIONAL_REPRESENTATION('',(#3553),#3556);
#3553 = B_SPLINE_CURVE_WITH_KNOTS('',1,(#3554,#3555),.UNSPECIFIED.,.F.,
  .F.,(2,2),(0.6325,0.8675),.PIECEWISE_BEZIER_KNOTS.);
#3554 = CARTESIAN_POINT('',(0.,-19.435));
#3555 = CARTESIAN_POINT('',(0.235,-19.435));
#3556 = ( GEOMETRIC_REPRESENTATION_CONTEXT(2) 
PARAMETRIC_REPRESENTATION_CONTEXT() REPRESENTATION_CONTEXT('2D SPACE',''
  ) );
#3557 = ORIENTED_EDGE('',*,*,#3558,.F.);
#3558 = EDGE_CURVE('',#3559,#3533,#3561,.T.);
#3559 = VERTEX_POINT('',#3560);
#3560 = CARTESIAN_POINT('',(42.58,7.835,59.99));
#3561 = SURFACE_CURVE('',#3562,(#3566,#3573),.PCURVE_S1.);
#3562 = LINE('',#3563,#3564);
#3563 = CARTESIAN_POINT('',(0.,7.835,59.99));
#3564 = VECTOR('',#3565,1.);
#3565 = DIRECTION('',(1.,0.,0.));
#3566 = PCURVE('',#318,#3567);
#3567 = DEFINITIONAL_REPRESENTATION('',(#3568),#3572);
#3568 = LINE('',#3569,#3570);
#3569 = CARTESIAN_POINT('',(1.5,0.));
#3570 = VECTOR('',#3571,1.);
#3571 = DIRECTION('',(0.,-1.));
#3572 = ( GEOMETRIC_REPRESENTATION_CONTEXT(2) 
PARAMETRIC_REPRESENTATION_CONTEXT() REPRESENTATION_CONTEXT('2D SPACE',''
  ) );
#3573 = PCURVE('',#3574,#3579);
#3574 = PLANE('',#3575);
#3575 = AXIS2_PLACEMENT_3D('',#3576,#3577,#3578);
#3576 = CARTESIAN_POINT('',(0.,7.835,59.99));
#3577 = DIRECTION('',(0.,-0.707106781187,0.707106781187));
#3578 = DIRECTION('',(0.,0.707106781187,0.707106781187));
#3579 = DEFINITIONAL_REPRESENTATION('',(#3580),#3584);
#3580 = LINE('',#3581,#3582);
#3581 = CARTESIAN_POINT('',(0.,0.));
#3582 = VECTOR('',#3583,1.);
#3583 = DIRECTION('',(0.,-1.));
#3584 = ( GEOMETRIC_REPRESENTATION_CONTEXT(2) 
PARAMETRIC_REPRESENTATION_CONTEXT() REPRESENTATION_CONTEXT('2D SPACE',''
  ) );
#3585 = ORIENTED_EDGE('',*,*,#3586,.F.);
#3586 = EDGE_CURVE('',#3587,#3559,#3589,.T.);
#3587 = VERTEX_POINT('',#3588);
#3588 = CARTESIAN_POINT('',(42.58,7.835,59.755));
#3589 = SURFACE_CURVE('',#3590,(#3594,#3600),.PCURVE_S1.);
#3590 = LINE('',#3591,#3592);
#3591 = CARTESIAN_POINT('',(42.58,7.835,59.1225));
#3592 = VECTOR('',#3593,1.);
#3593 = DIRECTION('',(-0.,0.,1.));
#3594 = PCURVE('',#318,#3595);
#3595 = DEFINITIONAL_REPRESENTATION('',(#3596),#3599);
#3596 = B_SPLINE_CURVE_WITH_KNOTS('',1,(#3597,#3598),.UNSPECIFIED.,.F.,
  .F.,(2,2),(0.6325,0.8675),.PIECEWISE_BEZIER_KNOTS.);
#3597 = CARTESIAN_POINT('',(1.265,-42.58));
#3598 = CARTESIAN_POINT('',(1.5,-42.58));
#3599 = ( GEOMETRIC_REPRESENTATION_CONTEXT(2) 
PARAMETRIC_REPRESENTATION_CONTEXT() REPRESENTATION_CONTEXT('2D SPACE',''
  ) );
#3600 = PCURVE('',#3601,#3606);
#3601 = PLANE('',#3602);
#3602 = AXIS2_PLACEMENT_3D('',#3603,#3604,#3605);
#3603 = CARTESIAN_POINT('',(42.58,-11.6,59.755));
#3604 = DIRECTION('',(1.,0.,0.));
#3605 = DIRECTION('',(0.,0.,1.));
#3606 = DEFINITIONAL_REPRESENTATION('',(#3607),#3610);
#3607 = B_SPLINE_CURVE_WITH_KNOTS('',1,(#3608,#3609),.UNSPECIFIED.,.F.,
  .F.,(2,2),(0.6325,0.8675),.PIECEWISE_BEZIER_KNOTS.);
#3608 = CARTESIAN_POINT('',(0.,-19.435));
#3609 = CARTESIAN_POINT('',(0.235,-19.435));
#3610 = ( GEOMETRIC_REPRESENTATION_CONTEXT(2) 
PARAMETRIC_REPRESENTATION_CONTEXT() REPRESENTATION_CONTEXT('2D SPACE',''
  ) );
#3611 = ORIENTED_EDGE('',*,*,#3612,.T.);
#3612 = EDGE_CURVE('',#3587,#3613,#3615,.T.);
#3613 = VERTEX_POINT('',#3614);
#3614 = CARTESIAN_POINT('',(37.35,7.835,59.755));
#3615 = SURFACE_CURVE('',#3616,(#3620,#3626),.PCURVE_S1.);
#3616 = LINE('',#3617,#3618);
#3617 = CARTESIAN_POINT('',(18.675,7.835,59.755));
#3618 = VECTOR('',#3619,1.);
#3619 = DIRECTION('',(-1.,0.,0.));
#3620 = PCURVE('',#318,#3621);
#3621 = DEFINITIONAL_REPRESENTATION('',(#3622),#3625);
#3622 = B_SPLINE_CURVE_WITH_KNOTS('',1,(#3623,#3624),.UNSPECIFIED.,.F.,
  .F.,(2,2),(-23.905,-18.675),.PIECEWISE_BEZIER_KNOTS.);
#3623 = CARTESIAN_POINT('',(1.265,-42.58));
#3624 = CARTESIAN_POINT('',(1.265,-37.35));
#3625 = ( GEOMETRIC_REPRESENTATION_CONTEXT(2) 
PARAMETRIC_REPRESENTATION_CONTEXT() REPRESENTATION_CONTEXT('2D SPACE',''
  ) );
#3626 = PCURVE('',#3627,#3632);
#3627 = PLANE('',#3628);
#3628 = AXIS2_PLACEMENT_3D('',#3629,#3630,#3631);
#3629 = CARTESIAN_POINT('',(37.35,-11.6,59.755));
#3630 = DIRECTION('',(0.,0.,1.));
#3631 = DIRECTION('',(1.,0.,0.));
#3632 = DEFINITIONAL_REPRESENTATION('',(#3633),#3636);
#3633 = B_SPLINE_CURVE_WITH_KNOTS('',1,(#3634,#3635),.UNSPECIFIED.,.F.,
  .F.,(2,2),(-23.905,-18.675),.PIECEWISE_BEZIER_KNOTS.);
#3634 = CARTESIAN_POINT('',(5.23,19.435));
#3635 = CARTESIAN_POINT('',(0.,19.435));
#3636 = ( GEOMETRIC_REPRESENTATION_CONTEXT(2) 
PARAMETRIC_REPRESENTATION_CONTEXT() REPRESENTATION_CONTEXT('2D SPACE',''
  ) );
#3637 = ORIENTED_EDGE('',*,*,#3638,.T.);
#3638 = EDGE_CURVE('',#3613,#3639,#3641,.T.);
#3639 = VERTEX_POINT('',#3640);
#3640 = CARTESIAN_POINT('',(37.35,7.835,59.99));
#3641 = SURFACE_CURVE('',#3642,(#3646,#3652),.PCURVE_S1.);
#3642 = LINE('',#3643,#3644);
#3643 = CARTESIAN_POINT('',(37.35,7.835,59.1225));
#3644 = VECTOR('',#3645,1.);
#3645 = DIRECTION('',(-0.,0.,1.));
#3646 = PCURVE('',#318,#3647);
#3647 = DEFINITIONAL_REPRESENTATION('',(#3648),#3651);
#3648 = B_SPLINE_CURVE_WITH_KNOTS('',1,(#3649,#3650),.UNSPECIFIED.,.F.,
  .F.,(2,2),(0.6325,0.8675),.PIECEWISE_BEZIER_KNOTS.);
#3649 = CARTESIAN_POINT('',(1.265,-37.35));
#3650 = CARTESIAN_POINT('',(1.5,-37.35));
#3651 = ( GEOMETRIC_REPRESENTATION_CONTEXT(2) 
PARAMETRIC_REPRESENTATION_CONTEXT() REPRESENTATION_CONTEXT('2D SPACE',''
  ) );
#3652 = PCURVE('',#3653,#3658);
#3653 = PLANE('',#3654);
#3654 = AXIS2_PLACEMENT_3D('',#3655,#3656,#3657);
#3655 = CARTESIAN_POINT('',(37.35,-11.6,59.755));
#3656 = DIRECTION('',(1.,0.,0.));
#3657 = DIRECTION('',(0.,0.,1.));
#3658 = DEFINITIONAL_REPRESENTATION('',(#3659),#3662);
#3659 = B_SPLINE_CURVE_WITH_KNOTS('',1,(#3660,#3661),.UNSPECIFIED.,.F.,
  .F.,(2,2),(0.6325,0.8675),.PIECEWISE_BEZIER_KNOTS.);
#3660 = CARTESIAN_POINT('',(0.,-19.435));
#3661 = CARTESIAN_POINT('',(0.235,-19.435));
#3662 = ( GEOMETRIC_REPRESENTATION_CONTEXT(2) 
PARAMETRIC_REPRESENTATION_CONTEXT() REPRESENTATION_CONTEXT('2D SPACE',''
  ) );
#3663 = ORIENTED_EDGE('',*,*,#3664,.F.);
#3664 = EDGE_CURVE('',#3665,#3639,#3667,.T.);
#3665 = VERTEX_POINT('',#3666);
#3666 = CARTESIAN_POINT('',(32.57,7.835,59.99));
#3667 = SURFACE_CURVE('',#3668,(#3672,#3679),.PCURVE_S1.);
#3668 = LINE('',#3669,#3670);
#3669 = CARTESIAN_POINT('',(0.,7.835,59.99));
#3670 = VECTOR('',#3671,1.);
#3671 = DIRECTION('',(1.,0.,0.));
#3672 = PCURVE('',#318,#3673);
#3673 = DEFINITIONAL_REPRESENTATION('',(#3674),#3678);
#3674 = LINE('',#3675,#3676);
#3675 = CARTESIAN_POINT('',(1.5,0.));
#3676 = VECTOR('',#3677,1.);
#3677 = DIRECTION('',(0.,-1.));
#3678 = ( GEOMETRIC_REPRESENTATION_CONTEXT(2) 
PARAMETRIC_REPRESENTATION_CONTEXT() REPRESENTATION_CONTEXT('2D SPACE',''
  ) );
#3679 = PCURVE('',#3680,#3685);
#3680 = PLANE('',#3681);
#3681 = AXIS2_PLACEMENT_3D('',#3682,#3683,#3684);
#3682 = CARTESIAN_POINT('',(0.,7.835,59.99));
#3683 = DIRECTION('',(0.,-0.707106781187,0.707106781187));
#3684 = DIRECTION('',(0.,0.707106781187,0.707106781187));
#3685 = DEFINITIONAL_REPRESENTATION('',(#3686),#3690);
#3686 = LINE('',#3687,#3688);
#3687 = CARTESIAN_POINT('',(0.,0.));
#3688 = VECTOR('',#3689,1.);
#3689 = DIRECTION('',(0.,-1.));
#3690 = ( GEOMETRIC_REPRESENTATION_CONTEXT(2) 
PARAMETRIC_REPRESENTATION_CONTEXT() REPRESENTATION_CONTEXT('2D SPACE',''
  ) );
#3691 = ORIENTED_EDGE('',*,*,#3692,.F.);
#3692 = EDGE_CURVE('',#3693,#3665,#3695,.T.);
#3693 = VERTEX_POINT('',#3694);
#3694 = CARTESIAN_POINT('',(32.57,7.835,59.755));
#3695 = SURFACE_CURVE('',#3696,(#3700,#3706),.PCURVE_S1.);
#3696 = LINE('',#3697,#3698);
#3697 = CARTESIAN_POINT('',(32.57,7.835,59.1225));
#3698 = VECTOR('',#3699,1.);
#3699 = DIRECTION('',(-0.,0.,1.));
#3700 = PCURVE('',#318,#3701);
#3701 = DEFINITIONAL_REPRESENTATION('',(#3702),#3705);
#3702 = B_SPLINE_CURVE_WITH_KNOTS('',1,(#3703,#3704),.UNSPECIFIED.,.F.,
  .F.,(2,2),(0.6325,0.8675),.PIECEWISE_BEZIER_KNOTS.);
#3703 = CARTESIAN_POINT('',(1.265,-32.57));
#3704 = CARTESIAN_POINT('',(1.5,-32.57));
#3705 = ( GEOMETRIC_REPRESENTATION_CONTEXT(2) 
PARAMETRIC_REPRESENTATION_CONTEXT() REPRESENTATION_CONTEXT('2D SPACE',''
  ) );
#3706 = PCURVE('',#3707,#3712);
#3707 = PLANE('',#3708);
#3708 = AXIS2_PLACEMENT_3D('',#3709,#3710,#3711);
#3709 = CARTESIAN_POINT('',(32.57,-11.6,59.755));
#3710 = DIRECTION('',(1.,0.,0.));
#3711 = DIRECTION('',(0.,0.,1.));
#3712 = DEFINITIONAL_REPRESENTATION('',(#3713),#3716);
#3713 = B_SPLINE_CURVE_WITH_KNOTS('',1,(#3714,#3715),.UNSPECIFIED.,.F.,
  .F.,(2,2),(0.6325,0.8675),.PIECEWISE_BEZIER_KNOTS.);
#3714 = CARTESIAN_POINT('',(0.,-19.435));
#3715 = CARTESIAN_POINT('',(0.235,-19.435));
#3716 = ( GEOMETRIC_REPRESENTATION_CONTEXT(2) 
PARAMETRIC_REPRESENTATION_CONTEXT() REPRESENTATION_CONTEXT('2D SPACE',''
  ) );
#3717 = ORIENTED_EDGE('',*,*,#3718,.T.);
#3718 = EDGE_CURVE('',#3693,#3719,#3721,.T.);
#3719 = VERTEX_POINT('',#3720);
#3720 = CARTESIAN_POINT('',(27.34,7.835,59.755));
#3721 = SURFACE_CURVE('',#3722,(#3726,#3732),.PCURVE_S1.);
#3722 = LINE('',#3723,#3724);
#3723 = CARTESIAN_POINT('',(13.67,7.835,59.755));
#3724 = VECTOR('',#3725,1.);
#3725 = DIRECTION('',(-1.,0.,0.));
#3726 = PCURVE('',#318,#3727);
#3727 = DEFINITIONAL_REPRESENTATION('',(#3728),#3731);
#3728 = B_SPLINE_CURVE_WITH_KNOTS('',1,(#3729,#3730),.UNSPECIFIED.,.F.,
  .F.,(2,2),(-18.9,-13.67),.PIECEWISE_BEZIER_KNOTS.);
#3729 = CARTESIAN_POINT('',(1.265,-32.57));
#3730 = CARTESIAN_POINT('',(1.265,-27.34));
#3731 = ( GEOMETRIC_REPRESENTATION_CONTEXT(2) 
PARAMETRIC_REPRESENTATION_CONTEXT() REPRESENTATION_CONTEXT('2D SPACE',''
  ) );
#3732 = PCURVE('',#3733,#3738);
#3733 = PLANE('',#3734);
#3734 = AXIS2_PLACEMENT_3D('',#3735,#3736,#3737);
#3735 = CARTESIAN_POINT('',(27.34,-11.6,59.755));
#3736 = DIRECTION('',(0.,0.,1.));
#3737 = DIRECTION('',(1.,0.,0.));
#3738 = DEFINITIONAL_REPRESENTATION('',(#3739),#3742);
#3739 = B_SPLINE_CURVE_WITH_KNOTS('',1,(#3740,#3741),.UNSPECIFIED.,.F.,
  .F.,(2,2),(-18.9,-13.67),.PIECEWISE_BEZIER_KNOTS.);
#3740 = CARTESIAN_POINT('',(5.23,19.435));
#3741 = CARTESIAN_POINT('',(0.,19.435));
#3742 = ( GEOMETRIC_REPRESENTATION_CONTEXT(2) 
PARAMETRIC_REPRESENTATION_CONTEXT() REPRESENTATION_CONTEXT('2D SPACE',''
  ) );
#3743 = ORIENTED_EDGE('',*,*,#3744,.T.);
#3744 = EDGE_CURVE('',#3719,#3745,#3747,.T.);
#3745 = VERTEX_POINT('',#3746);
#3746 = CARTESIAN_POINT('',(27.34,7.835,59.99));
#3747 = SURFACE_CURVE('',#3748,(#3752,#3758),.PCURVE_S1.);
#3748 = LINE('',#3749,#3750);
#3749 = CARTESIAN_POINT('',(27.34,7.835,59.1225));
#3750 = VECTOR('',#3751,1.);
#3751 = DIRECTION('',(-0.,0.,1.));
#3752 = PCURVE('',#318,#3753);
#3753 = DEFINITIONAL_REPRESENTATION('',(#3754),#3757);
#3754 = B_SPLINE_CURVE_WITH_KNOTS('',1,(#3755,#3756),.UNSPECIFIED.,.F.,
  .F.,(2,2),(0.6325,0.8675),.PIECEWISE_BEZIER_KNOTS.);
#3755 = CARTESIAN_POINT('',(1.265,-27.34));
#3756 = CARTESIAN_POINT('',(1.5,-27.34));
#3757 = ( GEOMETRIC_REPRESENTATION_CONTEXT(2) 
PARAMETRIC_REPRESENTATION_CONTEXT() REPRESENTATION_CONTEXT('2D SPACE',''
  ) );
#3758 = PCURVE('',#3759,#3764);
#3759 = PLANE('',#3760);
#3760 = AXIS2_PLACEMENT_3D('',#3761,#3762,#3763);
#3761 = CARTESIAN_POINT('',(27.34,-11.6,59.755));
#3762 = DIRECTION('',(1.,0.,0.));
#3763 = DIRECTION('',(0.,0.,1.));
#3764 = DEFINITIONAL_REPRESENTATION('',(#3765),#3768);
#3765 = B_SPLINE_CURVE_WITH_KNOTS('',1,(#3766,#3767),.UNSPECIFIED.,.F.,
  .F.,(2,2),(0.6325,0.8675),.PIECEWISE_BEZIER_KNOTS.);
#3766 = CARTESIAN_POINT('',(0.,-19.435));
#3767 = CARTESIAN_POINT('',(0.235,-19.435));
#3768 = ( GEOMETRIC_REPRESENTATION_CONTEXT(2) 
PARAMETRIC_REPRESENTATION_CONTEXT() REPRESENTATION_CONTEXT('2D SPACE',''
  ) );
#3769 = ORIENTED_EDGE('',*,*,#3770,.F.);
#3770 = EDGE_CURVE('',#3771,#3745,#3773,.T.);
#3771 = VERTEX_POINT('',#3772);
#3772 = CARTESIAN_POINT('',(22.56,7.835,59.99));
#3773 = SURFACE_CURVE('',#3774,(#3778,#3785),.PCURVE_S1.);
#3774 = LINE('',#3775,#3776);
#3775 = CARTESIAN_POINT('',(0.,7.835,59.99));
#3776 = VECTOR('',#3777,1.);
#3777 = DIRECTION('',(1.,0.,0.));
#3778 = PCURVE('',#318,#3779);
#3779 = DEFINITIONAL_REPRESENTATION('',(#3780),#3784);
#3780 = LINE('',#3781,#3782);
#3781 = CARTESIAN_POINT('',(1.5,0.));
#3782 = VECTOR('',#3783,1.);
#3783 = DIRECTION('',(0.,-1.));
#3784 = ( GEOMETRIC_REPRESENTATION_CONTEXT(2) 
PARAMETRIC_REPRESENTATION_CONTEXT() REPRESENTATION_CONTEXT('2D SPACE',''
  ) );
#3785 = PCURVE('',#3786,#3791);
#3786 = PLANE('',#3787);
#3787 = AXIS2_PLACEMENT_3D('',#3788,#3789,#3790);
#3788 = CARTESIAN_POINT('',(0.,7.835,59.99));
#3789 = DIRECTION('',(0.,-0.707106781187,0.707106781187));
#3790 = DIRECTION('',(0.,0.707106781187,0.707106781187));
#3791 = DEFINITIONAL_REPRESENTATION('',(#3792),#3796);
#3792 = LINE('',#3793,#3794);
#3793 = CARTESIAN_POINT('',(0.,0.));
#3794 = VECTOR('',#3795,1.);
#3795 = DIRECTION('',(0.,-1.));
#3796 = ( GEOMETRIC_REPRESENTATION_CONTEXT(2) 
PARAMETRIC_REPRESENTATION_CONTEXT() REPRESENTATION_CONTEXT('2D SPACE',''
  ) );
#3797 = ORIENTED_EDGE('',*,*,#3798,.F.);
#3798 = EDGE_CURVE('',#3799,#3771,#3801,.T.);
#3799 = VERTEX_POINT('',#3800);
#3800 = CARTESIAN_POINT('',(22.56,7.835,59.755));
#3801 = SURFACE_CURVE('',#3802,(#3806,#3812),.PCURVE_S1.);
#3802 = LINE('',#3803,#3804);
#3803 = CARTESIAN_POINT('',(22.56,7.835,59.1225));
#3804 = VECTOR('',#3805,1.);
#3805 = DIRECTION('',(-0.,0.,1.));
#3806 = PCURVE('',#318,#3807);
#3807 = DEFINITIONAL_REPRESENTATION('',(#3808),#3811);
#3808 = B_SPLINE_CURVE_WITH_KNOTS('',1,(#3809,#3810),.UNSPECIFIED.,.F.,
  .F.,(2,2),(0.6325,0.8675),.PIECEWISE_BEZIER_KNOTS.);
#3809 = CARTESIAN_POINT('',(1.265,-22.56));
#3810 = CARTESIAN_POINT('',(1.5,-22.56));
#3811 = ( GEOMETRIC_REPRESENTATION_CONTEXT(2) 
PARAMETRIC_REPRESENTATION_CONTEXT() REPRESENTATION_CONTEXT('2D SPACE',''
  ) );
#3812 = PCURVE('',#3813,#3818);
#3813 = PLANE('',#3814);
#3814 = AXIS2_PLACEMENT_3D('',#3815,#3816,#3817);
#3815 = CARTESIAN_POINT('',(22.56,-11.6,59.755));
#3816 = DIRECTION('',(1.,0.,0.));
#3817 = DIRECTION('',(0.,0.,1.));
#3818 = DEFINITIONAL_REPRESENTATION('',(#3819),#3822);
#3819 = B_SPLINE_CURVE_WITH_KNOTS('',1,(#3820,#3821),.UNSPECIFIED.,.F.,
  .F.,(2,2),(0.6325,0.8675),.PIECEWISE_BEZIER_KNOTS.);
#3820 = CARTESIAN_POINT('',(0.,-19.435));
#3821 = CARTESIAN_POINT('',(0.235,-19.435));
#3822 = ( GEOMETRIC_REPRESENTATION_CONTEXT(2) 
PARAMETRIC_REPRESENTATION_CONTEXT() REPRESENTATION_CONTEXT('2D SPACE',''
  ) );
#3823 = ORIENTED_EDGE('',*,*,#3824,.T.);
#3824 = EDGE_CURVE('',#3799,#3825,#3827,.T.);
#3825 = VERTEX_POINT('',#3826);
#3826 = CARTESIAN_POINT('',(17.33,7.835,59.755));
#3827 = SURFACE_CURVE('',#3828,(#3832,#3838),.PCURVE_S1.);
#3828 = LINE('',#3829,#3830);
#3829 = CARTESIAN_POINT('',(8.665,7.835,59.755));
#3830 = VECTOR('',#3831,1.);
#3831 = DIRECTION('',(-1.,0.,0.));
#3832 = PCURVE('',#318,#3833);
#3833 = DEFINITIONAL_REPRESENTATION('',(#3834),#3837);
#3834 = B_SPLINE_CURVE_WITH_KNOTS('',1,(#3835,#3836),.UNSPECIFIED.,.F.,
  .F.,(2,2),(-13.895,-8.665),.PIECEWISE_BEZIER_KNOTS.);
#3835 = CARTESIAN_POINT('',(1.265,-22.56));
#3836 = CARTESIAN_POINT('',(1.265,-17.33));
#3837 = ( GEOMETRIC_REPRESENTATION_CONTEXT(2) 
PARAMETRIC_REPRESENTATION_CONTEXT() REPRESENTATION_CONTEXT('2D SPACE',''
  ) );
#3838 = PCURVE('',#3839,#3844);
#3839 = PLANE('',#3840);
#3840 = AXIS2_PLACEMENT_3D('',#3841,#3842,#3843);
#3841 = CARTESIAN_POINT('',(17.33,-11.6,59.755));
#3842 = DIRECTION('',(0.,0.,1.));
#3843 = DIRECTION('',(1.,0.,0.));
#3844 = DEFINITIONAL_REPRESENTATION('',(#3845),#3848);
#3845 = B_SPLINE_CURVE_WITH_KNOTS('',1,(#3846,#3847),.UNSPECIFIED.,.F.,
  .F.,(2,2),(-13.895,-8.665),.PIECEWISE_BEZIER_KNOTS.);
#3846 = CARTESIAN_POINT('',(5.23,19.435));
#3847 = CARTESIAN_POINT('',(0.,19.435));
#3848 = ( GEOMETRIC_REPRESENTATION_CONTEXT(2) 
PARAMETRIC_REPRESENTATION_CONTEXT() REPRESENTATION_CONTEXT('2D SPACE',''
  ) );
#3849 = ORIENTED_EDGE('',*,*,#3850,.T.);
#3850 = EDGE_CURVE('',#3825,#3851,#3853,.T.);
#3851 = VERTEX_POINT('',#3852);
#3852 = CARTESIAN_POINT('',(17.33,7.835,59.99));
#3853 = SURFACE_CURVE('',#3854,(#3858,#3864),.PCURVE_S1.);
#3854 = LINE('',#3855,#3856);
#3855 = CARTESIAN_POINT('',(17.33,7.835,59.1225));
#3856 = VECTOR('',#3857,1.);
#3857 = DIRECTION('',(-0.,0.,1.));
#3858 = PCURVE('',#318,#3859);
#3859 = DEFINITIONAL_REPRESENTATION('',(#3860),#3863);
#3860 = B_SPLINE_CURVE_WITH_KNOTS('',1,(#3861,#3862),.UNSPECIFIED.,.F.,
  .F.,(2,2),(0.6325,0.8675),.PIECEWISE_BEZIER_KNOTS.);
#3861 = CARTESIAN_POINT('',(1.265,-17.33));
#3862 = CARTESIAN_POINT('',(1.5,-17.33));
#3863 = ( GEOMETRIC_REPRESENTATION_CONTEXT(2) 
PARAMETRIC_REPRESENTATION_CONTEXT() REPRESENTATION_CONTEXT('2D SPACE',''
  ) );
#3864 = PCURVE('',#3865,#3870);
#3865 = PLANE('',#3866);
#3866 = AXIS2_PLACEMENT_3D('',#3867,#3868,#3869);
#3867 = CARTESIAN_POINT('',(17.33,-11.6,59.755));
#3868 = DIRECTION('',(1.,0.,0.));
#3869 = DIRECTION('',(0.,0.,1.));
#3870 = DEFINITIONAL_REPRESENTATION('',(#3871),#3874);
#3871 = B_SPLINE_CURVE_WITH_KNOTS('',1,(#3872,#3873),.UNSPECIFIED.,.F.,
  .F.,(2,2),(0.6325,0.8675),.PIECEWISE_BEZIER_KNOTS.);
#3872 = CARTESIAN_POINT('',(0.,-19.435));
#3873 = CARTESIAN_POINT('',(0.235,-19.435));
#3874 = ( GEOMETRIC_REPRESENTATION_CONTEXT(2) 
PARAMETRIC_REPRESENTATION_CONTEXT() REPRESENTATION_CONTEXT('2D SPACE',''
  ) );
#3875 = ORIENTED_EDGE('',*,*,#3876,.F.);
#3876 = EDGE_CURVE('',#3877,#3851,#3879,.T.);
#3877 = VERTEX_POINT('',#3878);
#3878 = CARTESIAN_POINT('',(12.55,7.835,59.99));
#3879 = SURFACE_CURVE('',#3880,(#3884,#3891),.PCURVE_S1.);
#3880 = LINE('',#3881,#3882);
#3881 = CARTESIAN_POINT('',(0.,7.835,59.99));
#3882 = VECTOR('',#3883,1.);
#3883 = DIRECTION('',(1.,0.,0.));
#3884 = PCURVE('',#318,#3885);
#3885 = DEFINITIONAL_REPRESENTATION('',(#3886),#3890);
#3886 = LINE('',#3887,#3888);
#3887 = CARTESIAN_POINT('',(1.5,0.));
#3888 = VECTOR('',#3889,1.);
#3889 = DIRECTION('',(0.,-1.));
#3890 = ( GEOMETRIC_REPRESENTATION_CONTEXT(2) 
PARAMETRIC_REPRESENTATION_CONTEXT() REPRESENTATION_CONTEXT('2D SPACE',''
  ) );
#3891 = PCURVE('',#3892,#3897);
#3892 = PLANE('',#3893);
#3893 = AXIS2_PLACEMENT_3D('',#3894,#3895,#3896);
#3894 = CARTESIAN_POINT('',(0.,7.835,59.99));
#3895 = DIRECTION('',(0.,-0.707106781187,0.707106781187));
#3896 = DIRECTION('',(0.,0.707106781187,0.707106781187));
#3897 = DEFINITIONAL_REPRESENTATION('',(#3898),#3902);
#3898 = LINE('',#3899,#3900);
#3899 = CARTESIAN_POINT('',(0.,0.));
#3900 = VECTOR('',#3901,1.);
#3901 = DIRECTION('',(0.,-1.));
#3902 = ( GEOMETRIC_REPRESENTATION_CONTEXT(2) 
PARAMETRIC_REPRESENTATION_CONTEXT() REPRESENTATION_CONTEXT('2D SPACE',''
  ) );
#3903 = ORIENTED_EDGE('',*,*,#3904,.F.);
#3904 = EDGE_CURVE('',#3905,#3877,#3907,.T.);
#3905 = VERTEX_POINT('',#3906);
#3906 = CARTESIAN_POINT('',(12.55,7.835,59.755));
#3907 = SURFACE_CURVE('',#3908,(#3912,#3918),.PCURVE_S1.);
#3908 = LINE('',#3909,#3910);
#3909 = CARTESIAN_POINT('',(12.55,7.835,59.1225));
#3910 = VECTOR('',#3911,1.);
#3911 = DIRECTION('',(-0.,0.,1.));
#3912 = PCURVE('',#318,#3913);
#3913 = DEFINITIONAL_REPRESENTATION('',(#3914),#3917);
#3914 = B_SPLINE_CURVE_WITH_KNOTS('',1,(#3915,#3916),.UNSPECIFIED.,.F.,
  .F.,(2,2),(0.6325,0.8675),.PIECEWISE_BEZIER_KNOTS.);
#3915 = CARTESIAN_POINT('',(1.265,-12.55));
#3916 = CARTESIAN_POINT('',(1.5,-12.55));
#3917 = ( GEOMETRIC_REPRESENTATION_CONTEXT(2) 
PARAMETRIC_REPRESENTATION_CONTEXT() REPRESENTATION_CONTEXT('2D SPACE',''
  ) );
#3918 = PCURVE('',#3919,#3924);
#3919 = PLANE('',#3920);
#3920 = AXIS2_PLACEMENT_3D('',#3921,#3922,#3923);
#3921 = CARTESIAN_POINT('',(12.55,-11.6,59.755));
#3922 = DIRECTION('',(1.,0.,0.));
#3923 = DIRECTION('',(0.,0.,1.));
#3924 = DEFINITIONAL_REPRESENTATION('',(#3925),#3928);
#3925 = B_SPLINE_CURVE_WITH_KNOTS('',1,(#3926,#3927),.UNSPECIFIED.,.F.,
  .F.,(2,2),(0.6325,0.8675),.PIECEWISE_BEZIER_KNOTS.);
#3926 = CARTESIAN_POINT('',(0.,-19.435));
#3927 = CARTESIAN_POINT('',(0.235,-19.435));
#3928 = ( GEOMETRIC_REPRESENTATION_CONTEXT(2) 
PARAMETRIC_REPRESENTATION_CONTEXT() REPRESENTATION_CONTEXT('2D SPACE',''
  ) );
#3929 = ORIENTED_EDGE('',*,*,#3930,.T.);
#3930 = EDGE_CURVE('',#3905,#3931,#3933,.T.);
#3931 = VERTEX_POINT('',#3932);
#3932 = CARTESIAN_POINT('',(7.32,7.835,59.755));
#3933 = SURFACE_CURVE('',#3934,(#3938,#3944),.PCURVE_S1.);
#3934 = LINE('',#3935,#3936);
#3935 = CARTESIAN_POINT('',(3.66,7.835,59.755));
#3936 = VECTOR('',#3937,1.);
#3937 = DIRECTION('',(-1.,0.,0.));
#3938 = PCURVE('',#318,#3939);
#3939 = DEFINITIONAL_REPRESENTATION('',(#3940),#3943);
#3940 = B_SPLINE_CURVE_WITH_KNOTS('',1,(#3941,#3942),.UNSPECIFIED.,.F.,
  .F.,(2,2),(-8.89,-3.66),.PIECEWISE_BEZIER_KNOTS.);
#3941 = CARTESIAN_POINT('',(1.265,-12.55));
#3942 = CARTESIAN_POINT('',(1.265,-7.32));
#3943 = ( GEOMETRIC_REPRESENTATION_CONTEXT(2) 
PARAMETRIC_REPRESENTATION_CONTEXT() REPRESENTATION_CONTEXT('2D SPACE',''
  ) );
#3944 = PCURVE('',#3945,#3950);
#3945 = PLANE('',#3946);
#3946 = AXIS2_PLACEMENT_3D('',#3947,#3948,#3949);
#3947 = CARTESIAN_POINT('',(7.32,-11.6,59.755));
#3948 = DIRECTION('',(0.,0.,1.));
#3949 = DIRECTION('',(1.,0.,0.));
#3950 = DEFINITIONAL_REPRESENTATION('',(#3951),#3954);
#3951 = B_SPLINE_CURVE_WITH_KNOTS('',1,(#3952,#3953),.UNSPECIFIED.,.F.,
  .F.,(2,2),(-8.89,-3.66),.PIECEWISE_BEZIER_KNOTS.);
#3952 = CARTESIAN_POINT('',(5.23,19.435));
#3953 = CARTESIAN_POINT('',(0.,19.435));
#3954 = ( GEOMETRIC_REPRESENTATION_CONTEXT(2) 
PARAMETRIC_REPRESENTATION_CONTEXT() REPRESENTATION_CONTEXT('2D SPACE',''
  ) );
#3955 = ORIENTED_EDGE('',*,*,#3956,.T.);
#3956 = EDGE_CURVE('',#3931,#3957,#3959,.T.);
#3957 = VERTEX_POINT('',#3958);
#3958 = CARTESIAN_POINT('',(7.32,7.835,59.99));
#3959 = SURFACE_CURVE('',#3960,(#3964,#3970),.PCURVE_S1.);
#3960 = LINE('',#3961,#3962);
#3961 = CARTESIAN_POINT('',(7.32,7.835,59.1225));
#3962 = VECTOR('',#3963,1.);
#3963 = DIRECTION('',(-0.,0.,1.));
#3964 = PCURVE('',#318,#3965);
#3965 = DEFINITIONAL_REPRESENTATION('',(#3966),#3969);
#3966 = B_SPLINE_CURVE_WITH_KNOTS('',1,(#3967,#3968),.UNSPECIFIED.,.F.,
  .F.,(2,2),(0.6325,0.8675),.PIECEWISE_BEZIER_KNOTS.);
#3967 = CARTESIAN_POINT('',(1.265,-7.32));
#3968 = CARTESIAN_POINT('',(1.5,-7.32));
#3969 = ( GEOMETRIC_REPRESENTATION_CONTEXT(2) 
PARAMETRIC_REPRESENTATION_CONTEXT() REPRESENTATION_CONTEXT('2D SPACE',''
  ) );
#3970 = PCURVE('',#3971,#3976);
#3971 = PLANE('',#3972);
#3972 = AXIS2_PLACEMENT_3D('',#3973,#3974,#3975);
#3973 = CARTESIAN_POINT('',(7.32,-11.6,59.755));
#3974 = DIRECTION('',(1.,0.,0.));
#3975 = DIRECTION('',(0.,0.,1.));
#3976 = DEFINITIONAL_REPRESENTATION('',(#3977),#3980);
#3977 = B_SPLINE_CURVE_WITH_KNOTS('',1,(#3978,#3979),.UNSPECIFIED.,.F.,
  .F.,(2,2),(0.6325,0.8675),.PIECEWISE_BEZIER_KNOTS.);
#3978 = CARTESIAN_POINT('',(0.,-19.435));
#3979 = CARTESIAN_POINT('',(0.235,-19.435));
#3980 = ( GEOMETRIC_REPRESENTATION_CONTEXT(2) 
PARAMETRIC_REPRESENTATION_CONTEXT() REPRESENTATION_CONTEXT('2D SPACE',''
  ) );
#3981 = ORIENTED_EDGE('',*,*,#3982,.F.);
#3982 = EDGE_CURVE('',#275,#3957,#3983,.T.);
#3983 = SURFACE_CURVE('',#3984,(#3988,#3995),.PCURVE_S1.);
#3984 = LINE('',#3985,#3986);
#3985 = CARTESIAN_POINT('',(0.,7.835,59.99));
#3986 = VECTOR('',#3987,1.);
#3987 = DIRECTION('',(1.,0.,0.));
#3988 = PCURVE('',#318,#3989);
#3989 = DEFINITIONAL_REPRESENTATION('',(#3990),#3994);
#3990 = LINE('',#3991,#3992);
#3991 = CARTESIAN_POINT('',(1.5,0.));
#3992 = VECTOR('',#3993,1.);
#3993 = DIRECTION('',(0.,-1.));
#3994 = ( GEOMETRIC_REPRESENTATION_CONTEXT(2) 
PARAMETRIC_REPRESENTATION_CONTEXT() REPRESENTATION_CONTEXT('2D SPACE',''
  ) );
#3995 = PCURVE('',#290,#3996);
#3996 = DEFINITIONAL_REPRESENTATION('',(#3997),#4001);
#3997 = LINE('',#3998,#3999);
#3998 = CARTESIAN_POINT('',(0.,0.));
#3999 = VECTOR('',#4000,1.);
#4000 = DIRECTION('',(0.,-1.));
#4001 = ( GEOMETRIC_REPRESENTATION_CONTEXT(2) 
PARAMETRIC_REPRESENTATION_CONTEXT() REPRESENTATION_CONTEXT('2D SPACE',''
  ) );
#4002 = ADVANCED_FACE('',(#4003),#290,.F.);
#4003 = FACE_BOUND('',#4004,.F.);
#4004 = EDGE_LOOP('',(#4005,#4006,#4007,#4028));
#4005 = ORIENTED_EDGE('',*,*,#274,.F.);
#4006 = ORIENTED_EDGE('',*,*,#3982,.T.);
#4007 = ORIENTED_EDGE('',*,*,#4008,.T.);
#4008 = EDGE_CURVE('',#3957,#4009,#4011,.T.);
#4009 = VERTEX_POINT('',#4010);
#4010 = CARTESIAN_POINT('',(7.32,10.6,62.755));
#4011 = SURFACE_CURVE('',#4012,(#4016,#4022),.PCURVE_S1.);
#4012 = LINE('',#4013,#4014);
#4013 = CARTESIAN_POINT('',(7.32,2.9175,55.0725));
#4014 = VECTOR('',#4015,1.);
#4015 = DIRECTION('',(-0.,0.707106781187,0.707106781187));
#4016 = PCURVE('',#290,#4017);
#4017 = DEFINITIONAL_REPRESENTATION('',(#4018),#4021);
#4018 = B_SPLINE_CURVE_WITH_KNOTS('',1,(#4019,#4020),.UNSPECIFIED.,.F.,
  .F.,(2,2),(6.95439519297,10.864695692931),.PIECEWISE_BEZIER_KNOTS.);
#4019 = CARTESIAN_POINT('',(0.,-7.32));
#4020 = CARTESIAN_POINT('',(3.910300499962,-7.32));
#4021 = ( GEOMETRIC_REPRESENTATION_CONTEXT(2) 
PARAMETRIC_REPRESENTATION_CONTEXT() REPRESENTATION_CONTEXT('2D SPACE',''
  ) );
#4022 = PCURVE('',#3971,#4023);
#4023 = DEFINITIONAL_REPRESENTATION('',(#4024),#4027);
#4024 = B_SPLINE_CURVE_WITH_KNOTS('',1,(#4025,#4026),.UNSPECIFIED.,.F.,
  .F.,(2,2),(6.95439519297,10.864695692931),.PIECEWISE_BEZIER_KNOTS.);
#4025 = CARTESIAN_POINT('',(0.235,-19.435));
#4026 = CARTESIAN_POINT('',(3.,-22.2));
#4027 = ( GEOMETRIC_REPRESENTATION_CONTEXT(2) 
PARAMETRIC_REPRESENTATION_CONTEXT() REPRESENTATION_CONTEXT('2D SPACE',''
  ) );
#4028 = ORIENTED_EDGE('',*,*,#4029,.F.);
#4029 = EDGE_CURVE('',#247,#4009,#4030,.T.);
#4030 = SURFACE_CURVE('',#4031,(#4035,#4042),.PCURVE_S1.);
#4031 = LINE('',#4032,#4033);
#4032 = CARTESIAN_POINT('',(0.,10.6,62.755));
#4033 = VECTOR('',#4034,1.);
#4034 = DIRECTION('',(1.,0.,0.));
#4035 = PCURVE('',#290,#4036);
#4036 = DEFINITIONAL_REPRESENTATION('',(#4037),#4041);
#4037 = LINE('',#4038,#4039);
#4038 = CARTESIAN_POINT('',(3.910300499962,0.));
#4039 = VECTOR('',#4040,1.);
#4040 = DIRECTION('',(0.,-1.));
#4041 = ( GEOMETRIC_REPRESENTATION_CONTEXT(2) 
PARAMETRIC_REPRESENTATION_CONTEXT() REPRESENTATION_CONTEXT('2D SPACE',''
  ) );
#4042 = PCURVE('',#262,#4043);
#4043 = DEFINITIONAL_REPRESENTATION('',(#4044),#4048);
#4044 = LINE('',#4045,#4046);
#4045 = CARTESIAN_POINT('',(0.,-0.));
#4046 = VECTOR('',#4047,1.);
#4047 = DIRECTION('',(0.,-1.));
#4048 = ( GEOMETRIC_REPRESENTATION_CONTEXT(2) 
PARAMETRIC_REPRESENTATION_CONTEXT() REPRESENTATION_CONTEXT('2D SPACE',''
  ) );
#4049 = ADVANCED_FACE('',(#4050),#262,.F.);
#4050 = FACE_BOUND('',#4051,.F.);
#4051 = EDGE_LOOP('',(#4052,#4053,#4054,#4075));
#4052 = ORIENTED_EDGE('',*,*,#246,.F.);
#4053 = ORIENTED_EDGE('',*,*,#4029,.T.);
#4054 = ORIENTED_EDGE('',*,*,#4055,.T.);
#4055 = EDGE_CURVE('',#4009,#4056,#4058,.T.);
#4056 = VERTEX_POINT('',#4057);
#4057 = CARTESIAN_POINT('',(7.32,-10.6,62.755));
#4058 = SURFACE_CURVE('',#4059,(#4063,#4069),.PCURVE_S1.);
#4059 = LINE('',#4060,#4061);
#4060 = CARTESIAN_POINT('',(7.32,-0.5,62.755));
#4061 = VECTOR('',#4062,1.);
#4062 = DIRECTION('',(0.,-1.,0.));
#4063 = PCURVE('',#262,#4064);
#4064 = DEFINITIONAL_REPRESENTATION('',(#4065),#4068);
#4065 = B_SPLINE_CURVE_WITH_KNOTS('',1,(#4066,#4067),.UNSPECIFIED.,.F.,
  .F.,(2,2),(-11.1,10.1),.PIECEWISE_BEZIER_KNOTS.);
#4066 = CARTESIAN_POINT('',(0.,-7.32));
#4067 = CARTESIAN_POINT('',(21.2,-7.32));
#4068 = ( GEOMETRIC_REPRESENTATION_CONTEXT(2) 
PARAMETRIC_REPRESENTATION_CONTEXT() REPRESENTATION_CONTEXT('2D SPACE',''
  ) );
#4069 = PCURVE('',#3971,#4070);
#4070 = DEFINITIONAL_REPRESENTATION('',(#4071),#4074);
#4071 = B_SPLINE_CURVE_WITH_KNOTS('',1,(#4072,#4073),.UNSPECIFIED.,.F.,
  .F.,(2,2),(-11.1,10.1),.PIECEWISE_BEZIER_KNOTS.);
#4072 = CARTESIAN_POINT('',(3.,-22.2));
#4073 = CARTESIAN_POINT('',(3.,-1.));
#4074 = ( GEOMETRIC_REPRESENTATION_CONTEXT(2) 
PARAMETRIC_REPRESENTATION_CONTEXT() REPRESENTATION_CONTEXT('2D SPACE',''
  ) );
#4075 = ORIENTED_EDGE('',*,*,#4076,.F.);
#4076 = EDGE_CURVE('',#219,#4056,#4077,.T.);
#4077 = SURFACE_CURVE('',#4078,(#4082,#4089),.PCURVE_S1.);
#4078 = LINE('',#4079,#4080);
#4079 = CARTESIAN_POINT('',(0.,-10.6,62.755));
#4080 = VECTOR('',#4081,1.);
#4081 = DIRECTION('',(1.,0.,0.));
#4082 = PCURVE('',#262,#4083);
#4083 = DEFINITIONAL_REPRESENTATION('',(#4084),#4088);
#4084 = LINE('',#4085,#4086);
#4085 = CARTESIAN_POINT('',(21.2,0.));
#4086 = VECTOR('',#4087,1.);
#4087 = DIRECTION('',(0.,-1.));
#4088 = ( GEOMETRIC_REPRESENTATION_CONTEXT(2) 
PARAMETRIC_REPRESENTATION_CONTEXT() REPRESENTATION_CONTEXT('2D SPACE',''
  ) );
#4089 = PCURVE('',#234,#4090);
#4090 = DEFINITIONAL_REPRESENTATION('',(#4091),#4095);
#4091 = LINE('',#4092,#4093);
#4092 = CARTESIAN_POINT('',(0.,0.));
#4093 = VECTOR('',#4094,1.);
#4094 = DIRECTION('',(0.,-1.));
#4095 = ( GEOMETRIC_REPRESENTATION_CONTEXT(2) 
PARAMETRIC_REPRESENTATION_CONTEXT() REPRESENTATION_CONTEXT('2D SPACE',''
  ) );
#4096 = ADVANCED_FACE('',(#4097),#234,.F.);
#4097 = FACE_BOUND('',#4098,.F.);
#4098 = EDGE_LOOP('',(#4099,#4100,#4101,#4122));
#4099 = ORIENTED_EDGE('',*,*,#218,.F.);
#4100 = ORIENTED_EDGE('',*,*,#4076,.T.);
#4101 = ORIENTED_EDGE('',*,*,#4102,.T.);
#4102 = EDGE_CURVE('',#4056,#4103,#4105,.T.);
#4103 = VERTEX_POINT('',#4104);
#4104 = CARTESIAN_POINT('',(7.32,-7.835,59.99));
#4105 = SURFACE_CURVE('',#4106,(#4110,#4116),.PCURVE_S1.);
#4106 = LINE('',#4107,#4108);
#4107 = CARTESIAN_POINT('',(7.32,-10.1,62.255));
#4108 = VECTOR('',#4109,1.);
#4109 = DIRECTION('',(0.,0.707106781187,-0.707106781187));
#4110 = PCURVE('',#234,#4111);
#4111 = DEFINITIONAL_REPRESENTATION('',(#4112),#4115);
#4112 = B_SPLINE_CURVE_WITH_KNOTS('',1,(#4113,#4114),.UNSPECIFIED.,.F.,
  .F.,(2,2),(-0.707106781187,3.203193718775),.PIECEWISE_BEZIER_KNOTS.);
#4113 = CARTESIAN_POINT('',(0.,-7.32));
#4114 = CARTESIAN_POINT('',(3.910300499962,-7.32));
#4115 = ( GEOMETRIC_REPRESENTATION_CONTEXT(2) 
PARAMETRIC_REPRESENTATION_CONTEXT() REPRESENTATION_CONTEXT('2D SPACE',''
  ) );
#4116 = PCURVE('',#3971,#4117);
#4117 = DEFINITIONAL_REPRESENTATION('',(#4118),#4121);
#4118 = B_SPLINE_CURVE_WITH_KNOTS('',1,(#4119,#4120),.UNSPECIFIED.,.F.,
  .F.,(2,2),(-0.707106781187,3.203193718775),.PIECEWISE_BEZIER_KNOTS.);
#4119 = CARTESIAN_POINT('',(3.,-1.));
#4120 = CARTESIAN_POINT('',(0.235,-3.765));
#4121 = ( GEOMETRIC_REPRESENTATION_CONTEXT(2) 
PARAMETRIC_REPRESENTATION_CONTEXT() REPRESENTATION_CONTEXT('2D SPACE',''
  ) );
#4122 = ORIENTED_EDGE('',*,*,#4123,.F.);
#4123 = EDGE_CURVE('',#191,#4103,#4124,.T.);
#4124 = SURFACE_CURVE('',#4125,(#4129,#4136),.PCURVE_S1.);
#4125 = LINE('',#4126,#4127);
#4126 = CARTESIAN_POINT('',(0.,-7.835,59.99));
#4127 = VECTOR('',#4128,1.);
#4128 = DIRECTION('',(1.,0.,0.));
#4129 = PCURVE('',#234,#4130);
#4130 = DEFINITIONAL_REPRESENTATION('',(#4131),#4135);
#4131 = LINE('',#4132,#4133);
#4132 = CARTESIAN_POINT('',(3.910300499962,0.));
#4133 = VECTOR('',#4134,1.);
#4134 = DIRECTION('',(0.,-1.));
#4135 = ( GEOMETRIC_REPRESENTATION_CONTEXT(2) 
PARAMETRIC_REPRESENTATION_CONTEXT() REPRESENTATION_CONTEXT('2D SPACE',''
  ) );
#4136 = PCURVE('',#206,#4137);
#4137 = DEFINITIONAL_REPRESENTATION('',(#4138),#4142);
#4138 = LINE('',#4139,#4140);
#4139 = CARTESIAN_POINT('',(0.,0.));
#4140 = VECTOR('',#4141,1.);
#4141 = DIRECTION('',(0.,-1.));
#4142 = ( GEOMETRIC_REPRESENTATION_CONTEXT(2) 
PARAMETRIC_REPRESENTATION_CONTEXT() REPRESENTATION_CONTEXT('2D SPACE',''
  ) );
#4143 = ADVANCED_FACE('',(#4144),#206,.F.);
#4144 = FACE_BOUND('',#4145,.F.);
#4145 = EDGE_LOOP('',(#4146,#4147,#4148,#4169,#4190,#4211,#4239,#4260,
    #4281,#4302,#4330,#4351,#4372,#4393,#4421,#4442,#4463,#4484,#4512,
    #4533,#4554,#4575,#4603,#4624,#4645,#4666,#4694,#4715,#4736,#4757,
    #4785,#4806,#4827,#4848,#4876,#4897,#4918,#4939,#4967,#4988,#5009,
    #5030,#5058,#5079,#5100,#5121,#5149,#5170,#5191,#5212,#5240,#5261,
    #5282,#5303,#5331,#5352,#5373,#5394,#5422,#5445));
#4146 = ORIENTED_EDGE('',*,*,#190,.F.);
#4147 = ORIENTED_EDGE('',*,*,#4123,.T.);
#4148 = ORIENTED_EDGE('',*,*,#4149,.T.);
#4149 = EDGE_CURVE('',#4103,#4150,#4152,.T.);
#4150 = VERTEX_POINT('',#4151);
#4151 = CARTESIAN_POINT('',(7.32,-7.835,59.755));
#4152 = SURFACE_CURVE('',#4153,(#4157,#4163),.PCURVE_S1.);
#4153 = LINE('',#4154,#4155);
#4154 = CARTESIAN_POINT('',(7.32,-7.835,59.8725));
#4155 = VECTOR('',#4156,1.);
#4156 = DIRECTION('',(0.,0.,-1.));
#4157 = PCURVE('',#206,#4158);
#4158 = DEFINITIONAL_REPRESENTATION('',(#4159),#4162);
#4159 = B_SPLINE_CURVE_WITH_KNOTS('',1,(#4160,#4161),.UNSPECIFIED.,.F.,
  .F.,(2,2),(-0.1175,0.1175),.PIECEWISE_BEZIER_KNOTS.);
#4160 = CARTESIAN_POINT('',(0.,-7.32));
#4161 = CARTESIAN_POINT('',(0.235,-7.32));
#4162 = ( GEOMETRIC_REPRESENTATION_CONTEXT(2) 
PARAMETRIC_REPRESENTATION_CONTEXT() REPRESENTATION_CONTEXT('2D SPACE',''
  ) );
#4163 = PCURVE('',#3971,#4164);
#4164 = DEFINITIONAL_REPRESENTATION('',(#4165),#4168);
#4165 = B_SPLINE_CURVE_WITH_KNOTS('',1,(#4166,#4167),.UNSPECIFIED.,.F.,
  .F.,(2,2),(-0.1175,0.1175),.PIECEWISE_BEZIER_KNOTS.);
#4166 = CARTESIAN_POINT('',(0.235,-3.765));
#4167 = CARTESIAN_POINT('',(0.,-3.765));
#4168 = ( GEOMETRIC_REPRESENTATION_CONTEXT(2) 
PARAMETRIC_REPRESENTATION_CONTEXT() REPRESENTATION_CONTEXT('2D SPACE',''
  ) );
#4169 = ORIENTED_EDGE('',*,*,#4170,.T.);
#4170 = EDGE_CURVE('',#4150,#4171,#4173,.T.);
#4171 = VERTEX_POINT('',#4172);
#4172 = CARTESIAN_POINT('',(12.55,-7.835,59.755));
#4173 = SURFACE_CURVE('',#4174,(#4178,#4184),.PCURVE_S1.);
#4174 = LINE('',#4175,#4176);
#4175 = CARTESIAN_POINT('',(3.66,-7.835,59.755));
#4176 = VECTOR('',#4177,1.);
#4177 = DIRECTION('',(1.,0.,-0.));
#4178 = PCURVE('',#206,#4179);
#4179 = DEFINITIONAL_REPRESENTATION('',(#4180),#4183);
#4180 = B_SPLINE_CURVE_WITH_KNOTS('',1,(#4181,#4182),.UNSPECIFIED.,.F.,
  .F.,(2,2),(3.66,8.89),.PIECEWISE_BEZIER_KNOTS.);
#4181 = CARTESIAN_POINT('',(0.235,-7.32));
#4182 = CARTESIAN_POINT('',(0.235,-12.55));
#4183 = ( GEOMETRIC_REPRESENTATION_CONTEXT(2) 
PARAMETRIC_REPRESENTATION_CONTEXT() REPRESENTATION_CONTEXT('2D SPACE',''
  ) );
#4184 = PCURVE('',#3945,#4185);
#4185 = DEFINITIONAL_REPRESENTATION('',(#4186),#4189);
#4186 = B_SPLINE_CURVE_WITH_KNOTS('',1,(#4187,#4188),.UNSPECIFIED.,.F.,
  .F.,(2,2),(3.66,8.89),.PIECEWISE_BEZIER_KNOTS.);
#4187 = CARTESIAN_POINT('',(0.,3.765));
#4188 = CARTESIAN_POINT('',(5.23,3.765));
#4189 = ( GEOMETRIC_REPRESENTATION_CONTEXT(2) 
PARAMETRIC_REPRESENTATION_CONTEXT() REPRESENTATION_CONTEXT('2D SPACE',''
  ) );
#4190 = ORIENTED_EDGE('',*,*,#4191,.F.);
#4191 = EDGE_CURVE('',#4192,#4171,#4194,.T.);
#4192 = VERTEX_POINT('',#4193);
#4193 = CARTESIAN_POINT('',(12.55,-7.835,59.99));
#4194 = SURFACE_CURVE('',#4195,(#4199,#4205),.PCURVE_S1.);
#4195 = LINE('',#4196,#4197);
#4196 = CARTESIAN_POINT('',(12.55,-7.835,59.8725));
#4197 = VECTOR('',#4198,1.);
#4198 = DIRECTION('',(0.,0.,-1.));
#4199 = PCURVE('',#206,#4200);
#4200 = DEFINITIONAL_REPRESENTATION('',(#4201),#4204);
#4201 = B_SPLINE_CURVE_WITH_KNOTS('',1,(#4202,#4203),.UNSPECIFIED.,.F.,
  .F.,(2,2),(-0.1175,0.1175),.PIECEWISE_BEZIER_KNOTS.);
#4202 = CARTESIAN_POINT('',(0.,-12.55));
#4203 = CARTESIAN_POINT('',(0.235,-12.55));
#4204 = ( GEOMETRIC_REPRESENTATION_CONTEXT(2) 
PARAMETRIC_REPRESENTATION_CONTEXT() REPRESENTATION_CONTEXT('2D SPACE',''
  ) );
#4205 = PCURVE('',#3919,#4206);
#4206 = DEFINITIONAL_REPRESENTATION('',(#4207),#4210);
#4207 = B_SPLINE_CURVE_WITH_KNOTS('',1,(#4208,#4209),.UNSPECIFIED.,.F.,
  .F.,(2,2),(-0.1175,0.1175),.PIECEWISE_BEZIER_KNOTS.);
#4208 = CARTESIAN_POINT('',(0.235,-3.765));
#4209 = CARTESIAN_POINT('',(0.,-3.765));
#4210 = ( GEOMETRIC_REPRESENTATION_CONTEXT(2) 
PARAMETRIC_REPRESENTATION_CONTEXT() REPRESENTATION_CONTEXT('2D SPACE',''
  ) );
#4211 = ORIENTED_EDGE('',*,*,#4212,.T.);
#4212 = EDGE_CURVE('',#4192,#4213,#4215,.T.);
#4213 = VERTEX_POINT('',#4214);
#4214 = CARTESIAN_POINT('',(17.33,-7.835,59.99));
#4215 = SURFACE_CURVE('',#4216,(#4220,#4227),.PCURVE_S1.);
#4216 = LINE('',#4217,#4218);
#4217 = CARTESIAN_POINT('',(0.,-7.835,59.99));
#4218 = VECTOR('',#4219,1.);
#4219 = DIRECTION('',(1.,0.,0.));
#4220 = PCURVE('',#206,#4221);
#4221 = DEFINITIONAL_REPRESENTATION('',(#4222),#4226);
#4222 = LINE('',#4223,#4224);
#4223 = CARTESIAN_POINT('',(0.,0.));
#4224 = VECTOR('',#4225,1.);
#4225 = DIRECTION('',(0.,-1.));
#4226 = ( GEOMETRIC_REPRESENTATION_CONTEXT(2) 
PARAMETRIC_REPRESENTATION_CONTEXT() REPRESENTATION_CONTEXT('2D SPACE',''
  ) );
#4227 = PCURVE('',#4228,#4233);
#4228 = PLANE('',#4229);
#4229 = AXIS2_PLACEMENT_3D('',#4230,#4231,#4232);
#4230 = CARTESIAN_POINT('',(0.,-10.6,62.755));
#4231 = DIRECTION('',(-0.,0.707106781187,0.707106781187));
#4232 = DIRECTION('',(0.,0.707106781187,-0.707106781187));
#4233 = DEFINITIONAL_REPRESENTATION('',(#4234),#4238);
#4234 = LINE('',#4235,#4236);
#4235 = CARTESIAN_POINT('',(3.910300499962,0.));
#4236 = VECTOR('',#4237,1.);
#4237 = DIRECTION('',(0.,-1.));
#4238 = ( GEOMETRIC_REPRESENTATION_CONTEXT(2) 
PARAMETRIC_REPRESENTATION_CONTEXT() REPRESENTATION_CONTEXT('2D SPACE',''
  ) );
#4239 = ORIENTED_EDGE('',*,*,#4240,.T.);
#4240 = EDGE_CURVE('',#4213,#4241,#4243,.T.);
#4241 = VERTEX_POINT('',#4242);
#4242 = CARTESIAN_POINT('',(17.33,-7.835,59.755));
#4243 = SURFACE_CURVE('',#4244,(#4248,#4254),.PCURVE_S1.);
#4244 = LINE('',#4245,#4246);
#4245 = CARTESIAN_POINT('',(17.33,-7.835,59.8725));
#4246 = VECTOR('',#4247,1.);
#4247 = DIRECTION('',(0.,0.,-1.));
#4248 = PCURVE('',#206,#4249);
#4249 = DEFINITIONAL_REPRESENTATION('',(#4250),#4253);
#4250 = B_SPLINE_CURVE_WITH_KNOTS('',1,(#4251,#4252),.UNSPECIFIED.,.F.,
  .F.,(2,2),(-0.1175,0.1175),.PIECEWISE_BEZIER_KNOTS.);
#4251 = CARTESIAN_POINT('',(0.,-17.33));
#4252 = CARTESIAN_POINT('',(0.235,-17.33));
#4253 = ( GEOMETRIC_REPRESENTATION_CONTEXT(2) 
PARAMETRIC_REPRESENTATION_CONTEXT() REPRESENTATION_CONTEXT('2D SPACE',''
  ) );
#4254 = PCURVE('',#3865,#4255);
#4255 = DEFINITIONAL_REPRESENTATION('',(#4256),#4259);
#4256 = B_SPLINE_CURVE_WITH_KNOTS('',1,(#4257,#4258),.UNSPECIFIED.,.F.,
  .F.,(2,2),(-0.1175,0.1175),.PIECEWISE_BEZIER_KNOTS.);
#4257 = CARTESIAN_POINT('',(0.235,-3.765));
#4258 = CARTESIAN_POINT('',(0.,-3.765));
#4259 = ( GEOMETRIC_REPRESENTATION_CONTEXT(2) 
PARAMETRIC_REPRESENTATION_CONTEXT() REPRESENTATION_CONTEXT('2D SPACE',''
  ) );
#4260 = ORIENTED_EDGE('',*,*,#4261,.T.);
#4261 = EDGE_CURVE('',#4241,#4262,#4264,.T.);
#4262 = VERTEX_POINT('',#4263);
#4263 = CARTESIAN_POINT('',(22.56,-7.835,59.755));
#4264 = SURFACE_CURVE('',#4265,(#4269,#4275),.PCURVE_S1.);
#4265 = LINE('',#4266,#4267);
#4266 = CARTESIAN_POINT('',(8.665,-7.835,59.755));
#4267 = VECTOR('',#4268,1.);
#4268 = DIRECTION('',(1.,0.,-0.));
#4269 = PCURVE('',#206,#4270);
#4270 = DEFINITIONAL_REPRESENTATION('',(#4271),#4274);
#4271 = B_SPLINE_CURVE_WITH_KNOTS('',1,(#4272,#4273),.UNSPECIFIED.,.F.,
  .F.,(2,2),(8.665,13.895),.PIECEWISE_BEZIER_KNOTS.);
#4272 = CARTESIAN_POINT('',(0.235,-17.33));
#4273 = CARTESIAN_POINT('',(0.235,-22.56));
#4274 = ( GEOMETRIC_REPRESENTATION_CONTEXT(2) 
PARAMETRIC_REPRESENTATION_CONTEXT() REPRESENTATION_CONTEXT('2D SPACE',''
  ) );
#4275 = PCURVE('',#3839,#4276);
#4276 = DEFINITIONAL_REPRESENTATION('',(#4277),#4280);
#4277 = B_SPLINE_CURVE_WITH_KNOTS('',1,(#4278,#4279),.UNSPECIFIED.,.F.,
  .F.,(2,2),(8.665,13.895),.PIECEWISE_BEZIER_KNOTS.);
#4278 = CARTESIAN_POINT('',(0.,3.765));
#4279 = CARTESIAN_POINT('',(5.23,3.765));
#4280 = ( GEOMETRIC_REPRESENTATION_CONTEXT(2) 
PARAMETRIC_REPRESENTATION_CONTEXT() REPRESENTATION_CONTEXT('2D SPACE',''
  ) );
#4281 = ORIENTED_EDGE('',*,*,#4282,.F.);
#4282 = EDGE_CURVE('',#4283,#4262,#4285,.T.);
#4283 = VERTEX_POINT('',#4284);
#4284 = CARTESIAN_POINT('',(22.56,-7.835,59.99));
#4285 = SURFACE_CURVE('',#4286,(#4290,#4296),.PCURVE_S1.);
#4286 = LINE('',#4287,#4288);
#4287 = CARTESIAN_POINT('',(22.56,-7.835,59.8725));
#4288 = VECTOR('',#4289,1.);
#4289 = DIRECTION('',(0.,0.,-1.));
#4290 = PCURVE('',#206,#4291);
#4291 = DEFINITIONAL_REPRESENTATION('',(#4292),#4295);
#4292 = B_SPLINE_CURVE_WITH_KNOTS('',1,(#4293,#4294),.UNSPECIFIED.,.F.,
  .F.,(2,2),(-0.1175,0.1175),.PIECEWISE_BEZIER_KNOTS.);
#4293 = CARTESIAN_POINT('',(0.,-22.56));
#4294 = CARTESIAN_POINT('',(0.235,-22.56));
#4295 = ( GEOMETRIC_REPRESENTATION_CONTEXT(2) 
PARAMETRIC_REPRESENTATION_CONTEXT() REPRESENTATION_CONTEXT('2D SPACE',''
  ) );
#4296 = PCURVE('',#3813,#4297);
#4297 = DEFINITIONAL_REPRESENTATION('',(#4298),#4301);
#4298 = B_SPLINE_CURVE_WITH_KNOTS('',1,(#4299,#4300),.UNSPECIFIED.,.F.,
  .F.,(2,2),(-0.1175,0.1175),.PIECEWISE_BEZIER_KNOTS.);
#4299 = CARTESIAN_POINT('',(0.235,-3.765));
#4300 = CARTESIAN_POINT('',(0.,-3.765));
#4301 = ( GEOMETRIC_REPRESENTATION_CONTEXT(2) 
PARAMETRIC_REPRESENTATION_CONTEXT() REPRESENTATION_CONTEXT('2D SPACE',''
  ) );
#4302 = ORIENTED_EDGE('',*,*,#4303,.T.);
#4303 = EDGE_CURVE('',#4283,#4304,#4306,.T.);
#4304 = VERTEX_POINT('',#4305);
#4305 = CARTESIAN_POINT('',(27.34,-7.835,59.99));
#4306 = SURFACE_CURVE('',#4307,(#4311,#4318),.PCURVE_S1.);
#4307 = LINE('',#4308,#4309);
#4308 = CARTESIAN_POINT('',(0.,-7.835,59.99));
#4309 = VECTOR('',#4310,1.);
#4310 = DIRECTION('',(1.,0.,0.));
#4311 = PCURVE('',#206,#4312);
#4312 = DEFINITIONAL_REPRESENTATION('',(#4313),#4317);
#4313 = LINE('',#4314,#4315);
#4314 = CARTESIAN_POINT('',(0.,0.));
#4315 = VECTOR('',#4316,1.);
#4316 = DIRECTION('',(0.,-1.));
#4317 = ( GEOMETRIC_REPRESENTATION_CONTEXT(2) 
PARAMETRIC_REPRESENTATION_CONTEXT() REPRESENTATION_CONTEXT('2D SPACE',''
  ) );
#4318 = PCURVE('',#4319,#4324);
#4319 = PLANE('',#4320);
#4320 = AXIS2_PLACEMENT_3D('',#4321,#4322,#4323);
#4321 = CARTESIAN_POINT('',(0.,-10.6,62.755));
#4322 = DIRECTION('',(-0.,0.707106781187,0.707106781187));
#4323 = DIRECTION('',(0.,0.707106781187,-0.707106781187));
#4324 = DEFINITIONAL_REPRESENTATION('',(#4325),#4329);
#4325 = LINE('',#4326,#4327);
#4326 = CARTESIAN_POINT('',(3.910300499962,0.));
#4327 = VECTOR('',#4328,1.);
#4328 = DIRECTION('',(0.,-1.));
#4329 = ( GEOMETRIC_REPRESENTATION_CONTEXT(2) 
PARAMETRIC_REPRESENTATION_CONTEXT() REPRESENTATION_CONTEXT('2D SPACE',''
  ) );
#4330 = ORIENTED_EDGE('',*,*,#4331,.T.);
#4331 = EDGE_CURVE('',#4304,#4332,#4334,.T.);
#4332 = VERTEX_POINT('',#4333);
#4333 = CARTESIAN_POINT('',(27.34,-7.835,59.755));
#4334 = SURFACE_CURVE('',#4335,(#4339,#4345),.PCURVE_S1.);
#4335 = LINE('',#4336,#4337);
#4336 = CARTESIAN_POINT('',(27.34,-7.835,59.8725));
#4337 = VECTOR('',#4338,1.);
#4338 = DIRECTION('',(0.,0.,-1.));
#4339 = PCURVE('',#206,#4340);
#4340 = DEFINITIONAL_REPRESENTATION('',(#4341),#4344);
#4341 = B_SPLINE_CURVE_WITH_KNOTS('',1,(#4342,#4343),.UNSPECIFIED.,.F.,
  .F.,(2,2),(-0.1175,0.1175),.PIECEWISE_BEZIER_KNOTS.);
#4342 = CARTESIAN_POINT('',(0.,-27.34));
#4343 = CARTESIAN_POINT('',(0.235,-27.34));
#4344 = ( GEOMETRIC_REPRESENTATION_CONTEXT(2) 
PARAMETRIC_REPRESENTATION_CONTEXT() REPRESENTATION_CONTEXT('2D SPACE',''
  ) );
#4345 = PCURVE('',#3759,#4346);
#4346 = DEFINITIONAL_REPRESENTATION('',(#4347),#4350);
#4347 = B_SPLINE_CURVE_WITH_KNOTS('',1,(#4348,#4349),.UNSPECIFIED.,.F.,
  .F.,(2,2),(-0.1175,0.1175),.PIECEWISE_BEZIER_KNOTS.);
#4348 = CARTESIAN_POINT('',(0.235,-3.765));
#4349 = CARTESIAN_POINT('',(0.,-3.765));
#4350 = ( GEOMETRIC_REPRESENTATION_CONTEXT(2) 
PARAMETRIC_REPRESENTATION_CONTEXT() REPRESENTATION_CONTEXT('2D SPACE',''
  ) );
#4351 = ORIENTED_EDGE('',*,*,#4352,.T.);
#4352 = EDGE_CURVE('',#4332,#4353,#4355,.T.);
#4353 = VERTEX_POINT('',#4354);
#4354 = CARTESIAN_POINT('',(32.57,-7.835,59.755));
#4355 = SURFACE_CURVE('',#4356,(#4360,#4366),.PCURVE_S1.);
#4356 = LINE('',#4357,#4358);
#4357 = CARTESIAN_POINT('',(13.67,-7.835,59.755));
#4358 = VECTOR('',#4359,1.);
#4359 = DIRECTION('',(1.,0.,-0.));
#4360 = PCURVE('',#206,#4361);
#4361 = DEFINITIONAL_REPRESENTATION('',(#4362),#4365);
#4362 = B_SPLINE_CURVE_WITH_KNOTS('',1,(#4363,#4364),.UNSPECIFIED.,.F.,
  .F.,(2,2),(13.67,18.9),.PIECEWISE_BEZIER_KNOTS.);
#4363 = CARTESIAN_POINT('',(0.235,-27.34));
#4364 = CARTESIAN_POINT('',(0.235,-32.57));
#4365 = ( GEOMETRIC_REPRESENTATION_CONTEXT(2) 
PARAMETRIC_REPRESENTATION_CONTEXT() REPRESENTATION_CONTEXT('2D SPACE',''
  ) );
#4366 = PCURVE('',#3733,#4367);
#4367 = DEFINITIONAL_REPRESENTATION('',(#4368),#4371);
#4368 = B_SPLINE_CURVE_WITH_KNOTS('',1,(#4369,#4370),.UNSPECIFIED.,.F.,
  .F.,(2,2),(13.67,18.9),.PIECEWISE_BEZIER_KNOTS.);
#4369 = CARTESIAN_POINT('',(0.,3.765));
#4370 = CARTESIAN_POINT('',(5.23,3.765));
#4371 = ( GEOMETRIC_REPRESENTATION_CONTEXT(2) 
PARAMETRIC_REPRESENTATION_CONTEXT() REPRESENTATION_CONTEXT('2D SPACE',''
  ) );
#4372 = ORIENTED_EDGE('',*,*,#4373,.F.);
#4373 = EDGE_CURVE('',#4374,#4353,#4376,.T.);
#4374 = VERTEX_POINT('',#4375);
#4375 = CARTESIAN_POINT('',(32.57,-7.835,59.99));
#4376 = SURFACE_CURVE('',#4377,(#4381,#4387),.PCURVE_S1.);
#4377 = LINE('',#4378,#4379);
#4378 = CARTESIAN_POINT('',(32.57,-7.835,59.8725));
#4379 = VECTOR('',#4380,1.);
#4380 = DIRECTION('',(0.,0.,-1.));
#4381 = PCURVE('',#206,#4382);
#4382 = DEFINITIONAL_REPRESENTATION('',(#4383),#4386);
#4383 = B_SPLINE_CURVE_WITH_KNOTS('',1,(#4384,#4385),.UNSPECIFIED.,.F.,
  .F.,(2,2),(-0.1175,0.1175),.PIECEWISE_BEZIER_KNOTS.);
#4384 = CARTESIAN_POINT('',(0.,-32.57));
#4385 = CARTESIAN_POINT('',(0.235,-32.57));
#4386 = ( GEOMETRIC_REPRESENTATION_CONTEXT(2) 
PARAMETRIC_REPRESENTATION_CONTEXT() REPRESENTATION_CONTEXT('2D SPACE',''
  ) );
#4387 = PCURVE('',#3707,#4388);
#4388 = DEFINITIONAL_REPRESENTATION('',(#4389),#4392);
#4389 = B_SPLINE_CURVE_WITH_KNOTS('',1,(#4390,#4391),.UNSPECIFIED.,.F.,
  .F.,(2,2),(-0.1175,0.1175),.PIECEWISE_BEZIER_KNOTS.);
#4390 = CARTESIAN_POINT('',(0.235,-3.765));
#4391 = CARTESIAN_POINT('',(0.,-3.765));
#4392 = ( GEOMETRIC_REPRESENTATION_CONTEXT(2) 
PARAMETRIC_REPRESENTATION_CONTEXT() REPRESENTATION_CONTEXT('2D SPACE',''
  ) );
#4393 = ORIENTED_EDGE('',*,*,#4394,.T.);
#4394 = EDGE_CURVE('',#4374,#4395,#4397,.T.);
#4395 = VERTEX_POINT('',#4396);
#4396 = CARTESIAN_POINT('',(37.35,-7.835,59.99));
#4397 = SURFACE_CURVE('',#4398,(#4402,#4409),.PCURVE_S1.);
#4398 = LINE('',#4399,#4400);
#4399 = CARTESIAN_POINT('',(0.,-7.835,59.99));
#4400 = VECTOR('',#4401,1.);
#4401 = DIRECTION('',(1.,0.,0.));
#4402 = PCURVE('',#206,#4403);
#4403 = DEFINITIONAL_REPRESENTATION('',(#4404),#4408);
#4404 = LINE('',#4405,#4406);
#4405 = CARTESIAN_POINT('',(0.,0.));
#4406 = VECTOR('',#4407,1.);
#4407 = DIRECTION('',(0.,-1.));
#4408 = ( GEOMETRIC_REPRESENTATION_CONTEXT(2) 
PARAMETRIC_REPRESENTATION_CONTEXT() REPRESENTATION_CONTEXT('2D SPACE',''
  ) );
#4409 = PCURVE('',#4410,#4415);
#4410 = PLANE('',#4411);
#4411 = AXIS2_PLACEMENT_3D('',#4412,#4413,#4414);
#4412 = CARTESIAN_POINT('',(0.,-10.6,62.755));
#4413 = DIRECTION('',(-0.,0.707106781187,0.707106781187));
#4414 = DIRECTION('',(0.,0.707106781187,-0.707106781187));
#4415 = DEFINITIONAL_REPRESENTATION('',(#4416),#4420);
#4416 = LINE('',#4417,#4418);
#4417 = CARTESIAN_POINT('',(3.910300499962,0.));
#4418 = VECTOR('',#4419,1.);
#4419 = DIRECTION('',(0.,-1.));
#4420 = ( GEOMETRIC_REPRESENTATION_CONTEXT(2) 
PARAMETRIC_REPRESENTATION_CONTEXT() REPRESENTATION_CONTEXT('2D SPACE',''
  ) );
#4421 = ORIENTED_EDGE('',*,*,#4422,.T.);
#4422 = EDGE_CURVE('',#4395,#4423,#4425,.T.);
#4423 = VERTEX_POINT('',#4424);
#4424 = CARTESIAN_POINT('',(37.35,-7.835,59.755));
#4425 = SURFACE_CURVE('',#4426,(#4430,#4436),.PCURVE_S1.);
#4426 = LINE('',#4427,#4428);
#4427 = CARTESIAN_POINT('',(37.35,-7.835,59.8725));
#4428 = VECTOR('',#4429,1.);
#4429 = DIRECTION('',(0.,0.,-1.));
#4430 = PCURVE('',#206,#4431);
#4431 = DEFINITIONAL_REPRESENTATION('',(#4432),#4435);
#4432 = B_SPLINE_CURVE_WITH_KNOTS('',1,(#4433,#4434),.UNSPECIFIED.,.F.,
  .F.,(2,2),(-0.1175,0.1175),.PIECEWISE_BEZIER_KNOTS.);
#4433 = CARTESIAN_POINT('',(0.,-37.35));
#4434 = CARTESIAN_POINT('',(0.235,-37.35));
#4435 = ( GEOMETRIC_REPRESENTATION_CONTEXT(2) 
PARAMETRIC_REPRESENTATION_CONTEXT() REPRESENTATION_CONTEXT('2D SPACE',''
  ) );
#4436 = PCURVE('',#3653,#4437);
#4437 = DEFINITIONAL_REPRESENTATION('',(#4438),#4441);
#4438 = B_SPLINE_CURVE_WITH_KNOTS('',1,(#4439,#4440),.UNSPECIFIED.,.F.,
  .F.,(2,2),(-0.1175,0.1175),.PIECEWISE_BEZIER_KNOTS.);
#4439 = CARTESIAN_POINT('',(0.235,-3.765));
#4440 = CARTESIAN_POINT('',(0.,-3.765));
#4441 = ( GEOMETRIC_REPRESENTATION_CONTEXT(2) 
PARAMETRIC_REPRESENTATION_CONTEXT() REPRESENTATION_CONTEXT('2D SPACE',''
  ) );
#4442 = ORIENTED_EDGE('',*,*,#4443,.T.);
#4443 = EDGE_CURVE('',#4423,#4444,#4446,.T.);
#4444 = VERTEX_POINT('',#4445);
#4445 = CARTESIAN_POINT('',(42.58,-7.835,59.755));
#4446 = SURFACE_CURVE('',#4447,(#4451,#4457),.PCURVE_S1.);
#4447 = LINE('',#4448,#4449);
#4448 = CARTESIAN_POINT('',(18.675,-7.835,59.755));
#4449 = VECTOR('',#4450,1.);
#4450 = DIRECTION('',(1.,0.,-0.));
#4451 = PCURVE('',#206,#4452);
#4452 = DEFINITIONAL_REPRESENTATION('',(#4453),#4456);
#4453 = B_SPLINE_CURVE_WITH_KNOTS('',1,(#4454,#4455),.UNSPECIFIED.,.F.,
  .F.,(2,2),(18.675,23.905),.PIECEWISE_BEZIER_KNOTS.);
#4454 = CARTESIAN_POINT('',(0.235,-37.35));
#4455 = CARTESIAN_POINT('',(0.235,-42.58));
#4456 = ( GEOMETRIC_REPRESENTATION_CONTEXT(2) 
PARAMETRIC_REPRESENTATION_CONTEXT() REPRESENTATION_CONTEXT('2D SPACE',''
  ) );
#4457 = PCURVE('',#3627,#4458);
#4458 = DEFINITIONAL_REPRESENTATION('',(#4459),#4462);
#4459 = B_SPLINE_CURVE_WITH_KNOTS('',1,(#4460,#4461),.UNSPECIFIED.,.F.,
  .F.,(2,2),(18.675,23.905),.PIECEWISE_BEZIER_KNOTS.);
#4460 = CARTESIAN_POINT('',(0.,3.765));
#4461 = CARTESIAN_POINT('',(5.23,3.765));
#4462 = ( GEOMETRIC_REPRESENTATION_CONTEXT(2) 
PARAMETRIC_REPRESENTATION_CONTEXT() REPRESENTATION_CONTEXT('2D SPACE',''
  ) );
#4463 = ORIENTED_EDGE('',*,*,#4464,.F.);
#4464 = EDGE_CURVE('',#4465,#4444,#4467,.T.);
#4465 = VERTEX_POINT('',#4466);
#4466 = CARTESIAN_POINT('',(42.58,-7.835,59.99));
#4467 = SURFACE_CURVE('',#4468,(#4472,#4478),.PCURVE_S1.);
#4468 = LINE('',#4469,#4470);
#4469 = CARTESIAN_POINT('',(42.58,-7.835,59.8725));
#4470 = VECTOR('',#4471,1.);
#4471 = DIRECTION('',(0.,0.,-1.));
#4472 = PCURVE('',#206,#4473);
#4473 = DEFINITIONAL_REPRESENTATION('',(#4474),#4477);
#4474 = B_SPLINE_CURVE_WITH_KNOTS('',1,(#4475,#4476),.UNSPECIFIED.,.F.,
  .F.,(2,2),(-0.1175,0.1175),.PIECEWISE_BEZIER_KNOTS.);
#4475 = CARTESIAN_POINT('',(0.,-42.58));
#4476 = CARTESIAN_POINT('',(0.235,-42.58));
#4477 = ( GEOMETRIC_REPRESENTATION_CONTEXT(2) 
PARAMETRIC_REPRESENTATION_CONTEXT() REPRESENTATION_CONTEXT('2D SPACE',''
  ) );
#4478 = PCURVE('',#3601,#4479);
#4479 = DEFINITIONAL_REPRESENTATION('',(#4480),#4483);
#4480 = B_SPLINE_CURVE_WITH_KNOTS('',1,(#4481,#4482),.UNSPECIFIED.,.F.,
  .F.,(2,2),(-0.1175,0.1175),.PIECEWISE_BEZIER_KNOTS.);
#4481 = CARTESIAN_POINT('',(0.235,-3.765));
#4482 = CARTESIAN_POINT('',(0.,-3.765));
#4483 = ( GEOMETRIC_REPRESENTATION_CONTEXT(2) 
PARAMETRIC_REPRESENTATION_CONTEXT() REPRESENTATION_CONTEXT('2D SPACE',''
  ) );
#4484 = ORIENTED_EDGE('',*,*,#4485,.T.);
#4485 = EDGE_CURVE('',#4465,#4486,#4488,.T.);
#4486 = VERTEX_POINT('',#4487);
#4487 = CARTESIAN_POINT('',(47.36,-7.835,59.99));
#4488 = SURFACE_CURVE('',#4489,(#4493,#4500),.PCURVE_S1.);
#4489 = LINE('',#4490,#4491);
#4490 = CARTESIAN_POINT('',(0.,-7.835,59.99));
#4491 = VECTOR('',#4492,1.);
#4492 = DIRECTION('',(1.,0.,0.));
#4493 = PCURVE('',#206,#4494);
#4494 = DEFINITIONAL_REPRESENTATION('',(#4495),#4499);
#4495 = LINE('',#4496,#4497);
#4496 = CARTESIAN_POINT('',(0.,0.));
#4497 = VECTOR('',#4498,1.);
#4498 = DIRECTION('',(0.,-1.));
#4499 = ( GEOMETRIC_REPRESENTATION_CONTEXT(2) 
PARAMETRIC_REPRESENTATION_CONTEXT() REPRESENTATION_CONTEXT('2D SPACE',''
  ) );
#4500 = PCURVE('',#4501,#4506);
#4501 = PLANE('',#4502);
#4502 = AXIS2_PLACEMENT_3D('',#4503,#4504,#4505);
#4503 = CARTESIAN_POINT('',(0.,-10.6,62.755));
#4504 = DIRECTION('',(-0.,0.707106781187,0.707106781187));
#4505 = DIRECTION('',(0.,0.707106781187,-0.707106781187));
#4506 = DEFINITIONAL_REPRESENTATION('',(#4507),#4511);
#4507 = LINE('',#4508,#4509);
#4508 = CARTESIAN_POINT('',(3.910300499962,0.));
#4509 = VECTOR('',#4510,1.);
#4510 = DIRECTION('',(0.,-1.));
#4511 = ( GEOMETRIC_REPRESENTATION_CONTEXT(2) 
PARAMETRIC_REPRESENTATION_CONTEXT() REPRESENTATION_CONTEXT('2D SPACE',''
  ) );
#4512 = ORIENTED_EDGE('',*,*,#4513,.T.);
#4513 = EDGE_CURVE('',#4486,#4514,#4516,.T.);
#4514 = VERTEX_POINT('',#4515);
#4515 = CARTESIAN_POINT('',(47.36,-7.835,59.755));
#4516 = SURFACE_CURVE('',#4517,(#4521,#4527),.PCURVE_S1.);
#4517 = LINE('',#4518,#4519);
#4518 = CARTESIAN_POINT('',(47.36,-7.835,59.8725));
#4519 = VECTOR('',#4520,1.);
#4520 = DIRECTION('',(0.,0.,-1.));
#4521 = PCURVE('',#206,#4522);
#4522 = DEFINITIONAL_REPRESENTATION('',(#4523),#4526);
#4523 = B_SPLINE_CURVE_WITH_KNOTS('',1,(#4524,#4525),.UNSPECIFIED.,.F.,
  .F.,(2,2),(-0.1175,0.1175),.PIECEWISE_BEZIER_KNOTS.);
#4524 = CARTESIAN_POINT('',(0.,-47.36));
#4525 = CARTESIAN_POINT('',(0.235,-47.36));
#4526 = ( GEOMETRIC_REPRESENTATION_CONTEXT(2) 
PARAMETRIC_REPRESENTATION_CONTEXT() REPRESENTATION_CONTEXT('2D SPACE',''
  ) );
#4527 = PCURVE('',#3547,#4528);
#4528 = DEFINITIONAL_REPRESENTATION('',(#4529),#4532);
#4529 = B_SPLINE_CURVE_WITH_KNOTS('',1,(#4530,#4531),.UNSPECIFIED.,.F.,
  .F.,(2,2),(-0.1175,0.1175),.PIECEWISE_BEZIER_KNOTS.);
#4530 = CARTESIAN_POINT('',(0.235,-3.765));
#4531 = CARTESIAN_POINT('',(0.,-3.765));
#4532 = ( GEOMETRIC_REPRESENTATION_CONTEXT(2) 
PARAMETRIC_REPRESENTATION_CONTEXT() REPRESENTATION_CONTEXT('2D SPACE',''
  ) );
#4533 = ORIENTED_EDGE('',*,*,#4534,.T.);
#4534 = EDGE_CURVE('',#4514,#4535,#4537,.T.);
#4535 = VERTEX_POINT('',#4536);
#4536 = CARTESIAN_POINT('',(52.59,-7.835,59.755));
#4537 = SURFACE_CURVE('',#4538,(#4542,#4548),.PCURVE_S1.);
#4538 = LINE('',#4539,#4540);
#4539 = CARTESIAN_POINT('',(23.68,-7.835,59.755));
#4540 = VECTOR('',#4541,1.);
#4541 = DIRECTION('',(1.,0.,-0.));
#4542 = PCURVE('',#206,#4543);
#4543 = DEFINITIONAL_REPRESENTATION('',(#4544),#4547);
#4544 = B_SPLINE_CURVE_WITH_KNOTS('',1,(#4545,#4546),.UNSPECIFIED.,.F.,
  .F.,(2,2),(23.68,28.91),.PIECEWISE_BEZIER_KNOTS.);
#4545 = CARTESIAN_POINT('',(0.235,-47.36));
#4546 = CARTESIAN_POINT('',(0.235,-52.59));
#4547 = ( GEOMETRIC_REPRESENTATION_CONTEXT(2) 
PARAMETRIC_REPRESENTATION_CONTEXT() REPRESENTATION_CONTEXT('2D SPACE',''
  ) );
#4548 = PCURVE('',#3521,#4549);
#4549 = DEFINITIONAL_REPRESENTATION('',(#4550),#4553);
#4550 = B_SPLINE_CURVE_WITH_KNOTS('',1,(#4551,#4552),.UNSPECIFIED.,.F.,
  .F.,(2,2),(23.68,28.91),.PIECEWISE_BEZIER_KNOTS.);
#4551 = CARTESIAN_POINT('',(0.,3.765));
#4552 = CARTESIAN_POINT('',(5.23,3.765));
#4553 = ( GEOMETRIC_REPRESENTATION_CONTEXT(2) 
PARAMETRIC_REPRESENTATION_CONTEXT() REPRESENTATION_CONTEXT('2D SPACE',''
  ) );
#4554 = ORIENTED_EDGE('',*,*,#4555,.F.);
#4555 = EDGE_CURVE('',#4556,#4535,#4558,.T.);
#4556 = VERTEX_POINT('',#4557);
#4557 = CARTESIAN_POINT('',(52.59,-7.835,59.99));
#4558 = SURFACE_CURVE('',#4559,(#4563,#4569),.PCURVE_S1.);
#4559 = LINE('',#4560,#4561);
#4560 = CARTESIAN_POINT('',(52.59,-7.835,59.8725));
#4561 = VECTOR('',#4562,1.);
#4562 = DIRECTION('',(0.,0.,-1.));
#4563 = PCURVE('',#206,#4564);
#4564 = DEFINITIONAL_REPRESENTATION('',(#4565),#4568);
#4565 = B_SPLINE_CURVE_WITH_KNOTS('',1,(#4566,#4567),.UNSPECIFIED.,.F.,
  .F.,(2,2),(-0.1175,0.1175),.PIECEWISE_BEZIER_KNOTS.);
#4566 = CARTESIAN_POINT('',(0.,-52.59));
#4567 = CARTESIAN_POINT('',(0.235,-52.59));
#4568 = ( GEOMETRIC_REPRESENTATION_CONTEXT(2) 
PARAMETRIC_REPRESENTATION_CONTEXT() REPRESENTATION_CONTEXT('2D SPACE',''
  ) );
#4569 = PCURVE('',#3495,#4570);
#4570 = DEFINITIONAL_REPRESENTATION('',(#4571),#4574);
#4571 = B_SPLINE_CURVE_WITH_KNOTS('',1,(#4572,#4573),.UNSPECIFIED.,.F.,
  .F.,(2,2),(-0.1175,0.1175),.PIECEWISE_BEZIER_KNOTS.);
#4572 = CARTESIAN_POINT('',(0.235,-3.765));
#4573 = CARTESIAN_POINT('',(0.,-3.765));
#4574 = ( GEOMETRIC_REPRESENTATION_CONTEXT(2) 
PARAMETRIC_REPRESENTATION_CONTEXT() REPRESENTATION_CONTEXT('2D SPACE',''
  ) );
#4575 = ORIENTED_EDGE('',*,*,#4576,.T.);
#4576 = EDGE_CURVE('',#4556,#4577,#4579,.T.);
#4577 = VERTEX_POINT('',#4578);
#4578 = CARTESIAN_POINT('',(57.37,-7.835,59.99));
#4579 = SURFACE_CURVE('',#4580,(#4584,#4591),.PCURVE_S1.);
#4580 = LINE('',#4581,#4582);
#4581 = CARTESIAN_POINT('',(0.,-7.835,59.99));
#4582 = VECTOR('',#4583,1.);
#4583 = DIRECTION('',(1.,0.,0.));
#4584 = PCURVE('',#206,#4585);
#4585 = DEFINITIONAL_REPRESENTATION('',(#4586),#4590);
#4586 = LINE('',#4587,#4588);
#4587 = CARTESIAN_POINT('',(0.,0.));
#4588 = VECTOR('',#4589,1.);
#4589 = DIRECTION('',(0.,-1.));
#4590 = ( GEOMETRIC_REPRESENTATION_CONTEXT(2) 
PARAMETRIC_REPRESENTATION_CONTEXT() REPRESENTATION_CONTEXT('2D SPACE',''
  ) );
#4591 = PCURVE('',#4592,#4597);
#4592 = PLANE('',#4593);
#4593 = AXIS2_PLACEMENT_3D('',#4594,#4595,#4596);
#4594 = CARTESIAN_POINT('',(0.,-10.6,62.755));
#4595 = DIRECTION('',(-0.,0.707106781187,0.707106781187));
#4596 = DIRECTION('',(0.,0.707106781187,-0.707106781187));
#4597 = DEFINITIONAL_REPRESENTATION('',(#4598),#4602);
#4598 = LINE('',#4599,#4600);
#4599 = CARTESIAN_POINT('',(3.910300499962,0.));
#4600 = VECTOR('',#4601,1.);
#4601 = DIRECTION('',(0.,-1.));
#4602 = ( GEOMETRIC_REPRESENTATION_CONTEXT(2) 
PARAMETRIC_REPRESENTATION_CONTEXT() REPRESENTATION_CONTEXT('2D SPACE',''
  ) );
#4603 = ORIENTED_EDGE('',*,*,#4604,.T.);
#4604 = EDGE_CURVE('',#4577,#4605,#4607,.T.);
#4605 = VERTEX_POINT('',#4606);
#4606 = CARTESIAN_POINT('',(57.37,-7.835,59.755));
#4607 = SURFACE_CURVE('',#4608,(#4612,#4618),.PCURVE_S1.);
#4608 = LINE('',#4609,#4610);
#4609 = CARTESIAN_POINT('',(57.37,-7.835,59.8725));
#4610 = VECTOR('',#4611,1.);
#4611 = DIRECTION('',(0.,0.,-1.));
#4612 = PCURVE('',#206,#4613);
#4613 = DEFINITIONAL_REPRESENTATION('',(#4614),#4617);
#4614 = B_SPLINE_CURVE_WITH_KNOTS('',1,(#4615,#4616),.UNSPECIFIED.,.F.,
  .F.,(2,2),(-0.1175,0.1175),.PIECEWISE_BEZIER_KNOTS.);
#4615 = CARTESIAN_POINT('',(0.,-57.37));
#4616 = CARTESIAN_POINT('',(0.235,-57.37));
#4617 = ( GEOMETRIC_REPRESENTATION_CONTEXT(2) 
PARAMETRIC_REPRESENTATION_CONTEXT() REPRESENTATION_CONTEXT('2D SPACE',''
  ) );
#4618 = PCURVE('',#3441,#4619);
#4619 = DEFINITIONAL_REPRESENTATION('',(#4620),#4623);
#4620 = B_SPLINE_CURVE_WITH_KNOTS('',1,(#4621,#4622),.UNSPECIFIED.,.F.,
  .F.,(2,2),(-0.1175,0.1175),.PIECEWISE_BEZIER_KNOTS.);
#4621 = CARTESIAN_POINT('',(0.235,-3.765));
#4622 = CARTESIAN_POINT('',(0.,-3.765));
#4623 = ( GEOMETRIC_REPRESENTATION_CONTEXT(2) 
PARAMETRIC_REPRESENTATION_CONTEXT() REPRESENTATION_CONTEXT('2D SPACE',''
  ) );
#4624 = ORIENTED_EDGE('',*,*,#4625,.T.);
#4625 = EDGE_CURVE('',#4605,#4626,#4628,.T.);
#4626 = VERTEX_POINT('',#4627);
#4627 = CARTESIAN_POINT('',(62.6,-7.835,59.755));
#4628 = SURFACE_CURVE('',#4629,(#4633,#4639),.PCURVE_S1.);
#4629 = LINE('',#4630,#4631);
#4630 = CARTESIAN_POINT('',(28.685,-7.835,59.755));
#4631 = VECTOR('',#4632,1.);
#4632 = DIRECTION('',(1.,0.,-0.));
#4633 = PCURVE('',#206,#4634);
#4634 = DEFINITIONAL_REPRESENTATION('',(#4635),#4638);
#4635 = B_SPLINE_CURVE_WITH_KNOTS('',1,(#4636,#4637),.UNSPECIFIED.,.F.,
  .F.,(2,2),(28.685,33.915),.PIECEWISE_BEZIER_KNOTS.);
#4636 = CARTESIAN_POINT('',(0.235,-57.37));
#4637 = CARTESIAN_POINT('',(0.235,-62.6));
#4638 = ( GEOMETRIC_REPRESENTATION_CONTEXT(2) 
PARAMETRIC_REPRESENTATION_CONTEXT() REPRESENTATION_CONTEXT('2D SPACE',''
  ) );
#4639 = PCURVE('',#3415,#4640);
#4640 = DEFINITIONAL_REPRESENTATION('',(#4641),#4644);
#4641 = B_SPLINE_CURVE_WITH_KNOTS('',1,(#4642,#4643),.UNSPECIFIED.,.F.,
  .F.,(2,2),(28.685,33.915),.PIECEWISE_BEZIER_KNOTS.);
#4642 = CARTESIAN_POINT('',(0.,3.765));
#4643 = CARTESIAN_POINT('',(5.23,3.765));
#4644 = ( GEOMETRIC_REPRESENTATION_CONTEXT(2) 
PARAMETRIC_REPRESENTATION_CONTEXT() REPRESENTATION_CONTEXT('2D SPACE',''
  ) );
#4645 = ORIENTED_EDGE('',*,*,#4646,.F.);
#4646 = EDGE_CURVE('',#4647,#4626,#4649,.T.);
#4647 = VERTEX_POINT('',#4648);
#4648 = CARTESIAN_POINT('',(62.6,-7.835,59.99));
#4649 = SURFACE_CURVE('',#4650,(#4654,#4660),.PCURVE_S1.);
#4650 = LINE('',#4651,#4652);
#4651 = CARTESIAN_POINT('',(62.6,-7.835,59.8725));
#4652 = VECTOR('',#4653,1.);
#4653 = DIRECTION('',(0.,0.,-1.));
#4654 = PCURVE('',#206,#4655);
#4655 = DEFINITIONAL_REPRESENTATION('',(#4656),#4659);
#4656 = B_SPLINE_CURVE_WITH_KNOTS('',1,(#4657,#4658),.UNSPECIFIED.,.F.,
  .F.,(2,2),(-0.1175,0.1175),.PIECEWISE_BEZIER_KNOTS.);
#4657 = CARTESIAN_POINT('',(0.,-62.6));
#4658 = CARTESIAN_POINT('',(0.235,-62.6));
#4659 = ( GEOMETRIC_REPRESENTATION_CONTEXT(2) 
PARAMETRIC_REPRESENTATION_CONTEXT() REPRESENTATION_CONTEXT('2D SPACE',''
  ) );
#4660 = PCURVE('',#3389,#4661);
#4661 = DEFINITIONAL_REPRESENTATION('',(#4662),#4665);
#4662 = B_SPLINE_CURVE_WITH_KNOTS('',1,(#4663,#4664),.UNSPECIFIED.,.F.,
  .F.,(2,2),(-0.1175,0.1175),.PIECEWISE_BEZIER_KNOTS.);
#4663 = CARTESIAN_POINT('',(0.235,-3.765));
#4664 = CARTESIAN_POINT('',(0.,-3.765));
#4665 = ( GEOMETRIC_REPRESENTATION_CONTEXT(2) 
PARAMETRIC_REPRESENTATION_CONTEXT() REPRESENTATION_CONTEXT('2D SPACE',''
  ) );
#4666 = ORIENTED_EDGE('',*,*,#4667,.T.);
#4667 = EDGE_CURVE('',#4647,#4668,#4670,.T.);
#4668 = VERTEX_POINT('',#4669);
#4669 = CARTESIAN_POINT('',(67.38,-7.835,59.99));
#4670 = SURFACE_CURVE('',#4671,(#4675,#4682),.PCURVE_S1.);
#4671 = LINE('',#4672,#4673);
#4672 = CARTESIAN_POINT('',(0.,-7.835,59.99));
#4673 = VECTOR('',#4674,1.);
#4674 = DIRECTION('',(1.,0.,0.));
#4675 = PCURVE('',#206,#4676);
#4676 = DEFINITIONAL_REPRESENTATION('',(#4677),#4681);
#4677 = LINE('',#4678,#4679);
#4678 = CARTESIAN_POINT('',(0.,0.));
#4679 = VECTOR('',#4680,1.);
#4680 = DIRECTION('',(0.,-1.));
#4681 = ( GEOMETRIC_REPRESENTATION_CONTEXT(2) 
PARAMETRIC_REPRESENTATION_CONTEXT() REPRESENTATION_CONTEXT('2D SPACE',''
  ) );
#4682 = PCURVE('',#4683,#4688);
#4683 = PLANE('',#4684);
#4684 = AXIS2_PLACEMENT_3D('',#4685,#4686,#4687);
#4685 = CARTESIAN_POINT('',(0.,-10.6,62.755));
#4686 = DIRECTION('',(-0.,0.707106781187,0.707106781187));
#4687 = DIRECTION('',(0.,0.707106781187,-0.707106781187));
#4688 = DEFINITIONAL_REPRESENTATION('',(#4689),#4693);
#4689 = LINE('',#4690,#4691);
#4690 = CARTESIAN_POINT('',(3.910300499962,0.));
#4691 = VECTOR('',#4692,1.);
#4692 = DIRECTION('',(0.,-1.));
#4693 = ( GEOMETRIC_REPRESENTATION_CONTEXT(2) 
PARAMETRIC_REPRESENTATION_CONTEXT() REPRESENTATION_CONTEXT('2D SPACE',''
  ) );
#4694 = ORIENTED_EDGE('',*,*,#4695,.T.);
#4695 = EDGE_CURVE('',#4668,#4696,#4698,.T.);
#4696 = VERTEX_POINT('',#4697);
#4697 = CARTESIAN_POINT('',(67.38,-7.835,59.755));
#4698 = SURFACE_CURVE('',#4699,(#4703,#4709),.PCURVE_S1.);
#4699 = LINE('',#4700,#4701);
#4700 = CARTESIAN_POINT('',(67.38,-7.835,59.8725));
#4701 = VECTOR('',#4702,1.);
#4702 = DIRECTION('',(0.,0.,-1.));
#4703 = PCURVE('',#206,#4704);
#4704 = DEFINITIONAL_REPRESENTATION('',(#4705),#4708);
#4705 = B_SPLINE_CURVE_WITH_KNOTS('',1,(#4706,#4707),.UNSPECIFIED.,.F.,
  .F.,(2,2),(-0.1175,0.1175),.PIECEWISE_BEZIER_KNOTS.);
#4706 = CARTESIAN_POINT('',(0.,-67.38));
#4707 = CARTESIAN_POINT('',(0.235,-67.38));
#4708 = ( GEOMETRIC_REPRESENTATION_CONTEXT(2) 
PARAMETRIC_REPRESENTATION_CONTEXT() REPRESENTATION_CONTEXT('2D SPACE',''
  ) );
#4709 = PCURVE('',#3335,#4710);
#4710 = DEFINITIONAL_REPRESENTATION('',(#4711),#4714);
#4711 = B_SPLINE_CURVE_WITH_KNOTS('',1,(#4712,#4713),.UNSPECIFIED.,.F.,
  .F.,(2,2),(-0.1175,0.1175),.PIECEWISE_BEZIER_KNOTS.);
#4712 = CARTESIAN_POINT('',(0.235,-3.765));
#4713 = CARTESIAN_POINT('',(0.,-3.765));
#4714 = ( GEOMETRIC_REPRESENTATION_CONTEXT(2) 
PARAMETRIC_REPRESENTATION_CONTEXT() REPRESENTATION_CONTEXT('2D SPACE',''
  ) );
#4715 = ORIENTED_EDGE('',*,*,#4716,.T.);
#4716 = EDGE_CURVE('',#4696,#4717,#4719,.T.);
#4717 = VERTEX_POINT('',#4718);
#4718 = CARTESIAN_POINT('',(72.61,-7.835,59.755));
#4719 = SURFACE_CURVE('',#4720,(#4724,#4730),.PCURVE_S1.);
#4720 = LINE('',#4721,#4722);
#4721 = CARTESIAN_POINT('',(33.69,-7.835,59.755));
#4722 = VECTOR('',#4723,1.);
#4723 = DIRECTION('',(1.,0.,-0.));
#4724 = PCURVE('',#206,#4725);
#4725 = DEFINITIONAL_REPRESENTATION('',(#4726),#4729);
#4726 = B_SPLINE_CURVE_WITH_KNOTS('',1,(#4727,#4728),.UNSPECIFIED.,.F.,
  .F.,(2,2),(33.69,38.92),.PIECEWISE_BEZIER_KNOTS.);
#4727 = CARTESIAN_POINT('',(0.235,-67.38));
#4728 = CARTESIAN_POINT('',(0.235,-72.61));
#4729 = ( GEOMETRIC_REPRESENTATION_CONTEXT(2) 
PARAMETRIC_REPRESENTATION_CONTEXT() REPRESENTATION_CONTEXT('2D SPACE',''
  ) );
#4730 = PCURVE('',#3309,#4731);
#4731 = DEFINITIONAL_REPRESENTATION('',(#4732),#4735);
#4732 = B_SPLINE_CURVE_WITH_KNOTS('',1,(#4733,#4734),.UNSPECIFIED.,.F.,
  .F.,(2,2),(33.69,38.92),.PIECEWISE_BEZIER_KNOTS.);
#4733 = CARTESIAN_POINT('',(0.,3.765));
#4734 = CARTESIAN_POINT('',(5.23,3.765));
#4735 = ( GEOMETRIC_REPRESENTATION_CONTEXT(2) 
PARAMETRIC_REPRESENTATION_CONTEXT() REPRESENTATION_CONTEXT('2D SPACE',''
  ) );
#4736 = ORIENTED_EDGE('',*,*,#4737,.F.);
#4737 = EDGE_CURVE('',#4738,#4717,#4740,.T.);
#4738 = VERTEX_POINT('',#4739);
#4739 = CARTESIAN_POINT('',(72.61,-7.835,59.99));
#4740 = SURFACE_CURVE('',#4741,(#4745,#4751),.PCURVE_S1.);
#4741 = LINE('',#4742,#4743);
#4742 = CARTESIAN_POINT('',(72.61,-7.835,59.8725));
#4743 = VECTOR('',#4744,1.);
#4744 = DIRECTION('',(0.,0.,-1.));
#4745 = PCURVE('',#206,#4746);
#4746 = DEFINITIONAL_REPRESENTATION('',(#4747),#4750);
#4747 = B_SPLINE_CURVE_WITH_KNOTS('',1,(#4748,#4749),.UNSPECIFIED.,.F.,
  .F.,(2,2),(-0.1175,0.1175),.PIECEWISE_BEZIER_KNOTS.);
#4748 = CARTESIAN_POINT('',(0.,-72.61));
#4749 = CARTESIAN_POINT('',(0.235,-72.61));
#4750 = ( GEOMETRIC_REPRESENTATION_CONTEXT(2) 
PARAMETRIC_REPRESENTATION_CONTEXT() REPRESENTATION_CONTEXT('2D SPACE',''
  ) );
#4751 = PCURVE('',#3283,#4752);
#4752 = DEFINITIONAL_REPRESENTATION('',(#4753),#4756);
#4753 = B_SPLINE_CURVE_WITH_KNOTS('',1,(#4754,#4755),.UNSPECIFIED.,.F.,
  .F.,(2,2),(-0.1175,0.1175),.PIECEWISE_BEZIER_KNOTS.);
#4754 = CARTESIAN_POINT('',(0.235,-3.765));
#4755 = CARTESIAN_POINT('',(0.,-3.765));
#4756 = ( GEOMETRIC_REPRESENTATION_CONTEXT(2) 
PARAMETRIC_REPRESENTATION_CONTEXT() REPRESENTATION_CONTEXT('2D SPACE',''
  ) );
#4757 = ORIENTED_EDGE('',*,*,#4758,.T.);
#4758 = EDGE_CURVE('',#4738,#4759,#4761,.T.);
#4759 = VERTEX_POINT('',#4760);
#4760 = CARTESIAN_POINT('',(77.39,-7.835,59.99));
#4761 = SURFACE_CURVE('',#4762,(#4766,#4773),.PCURVE_S1.);
#4762 = LINE('',#4763,#4764);
#4763 = CARTESIAN_POINT('',(0.,-7.835,59.99));
#4764 = VECTOR('',#4765,1.);
#4765 = DIRECTION('',(1.,0.,0.));
#4766 = PCURVE('',#206,#4767);
#4767 = DEFINITIONAL_REPRESENTATION('',(#4768),#4772);
#4768 = LINE('',#4769,#4770);
#4769 = CARTESIAN_POINT('',(0.,0.));
#4770 = VECTOR('',#4771,1.);
#4771 = DIRECTION('',(0.,-1.));
#4772 = ( GEOMETRIC_REPRESENTATION_CONTEXT(2) 
PARAMETRIC_REPRESENTATION_CONTEXT() REPRESENTATION_CONTEXT('2D SPACE',''
  ) );
#4773 = PCURVE('',#4774,#4779);
#4774 = PLANE('',#4775);
#4775 = AXIS2_PLACEMENT_3D('',#4776,#4777,#4778);
#4776 = CARTESIAN_POINT('',(0.,-10.6,62.755));
#4777 = DIRECTION('',(-0.,0.707106781187,0.707106781187));
#4778 = DIRECTION('',(0.,0.707106781187,-0.707106781187));
#4779 = DEFINITIONAL_REPRESENTATION('',(#4780),#4784);
#4780 = LINE('',#4781,#4782);
#4781 = CARTESIAN_POINT('',(3.910300499962,0.));
#4782 = VECTOR('',#4783,1.);
#4783 = DIRECTION('',(0.,-1.));
#4784 = ( GEOMETRIC_REPRESENTATION_CONTEXT(2) 
PARAMETRIC_REPRESENTATION_CONTEXT() REPRESENTATION_CONTEXT('2D SPACE',''
  ) );
#4785 = ORIENTED_EDGE('',*,*,#4786,.T.);
#4786 = EDGE_CURVE('',#4759,#4787,#4789,.T.);
#4787 = VERTEX_POINT('',#4788);
#4788 = CARTESIAN_POINT('',(77.39,-7.835,59.755));
#4789 = SURFACE_CURVE('',#4790,(#4794,#4800),.PCURVE_S1.);
#4790 = LINE('',#4791,#4792);
#4791 = CARTESIAN_POINT('',(77.39,-7.835,59.8725));
#4792 = VECTOR('',#4793,1.);
#4793 = DIRECTION('',(0.,0.,-1.));
#4794 = PCURVE('',#206,#4795);
#4795 = DEFINITIONAL_REPRESENTATION('',(#4796),#4799);
#4796 = B_SPLINE_CURVE_WITH_KNOTS('',1,(#4797,#4798),.UNSPECIFIED.,.F.,
  .F.,(2,2),(-0.1175,0.1175),.PIECEWISE_BEZIER_KNOTS.);
#4797 = CARTESIAN_POINT('',(0.,-77.39));
#4798 = CARTESIAN_POINT('',(0.235,-77.39));
#4799 = ( GEOMETRIC_REPRESENTATION_CONTEXT(2) 
PARAMETRIC_REPRESENTATION_CONTEXT() REPRESENTATION_CONTEXT('2D SPACE',''
  ) );
#4800 = PCURVE('',#3229,#4801);
#4801 = DEFINITIONAL_REPRESENTATION('',(#4802),#4805);
#4802 = B_SPLINE_CURVE_WITH_KNOTS('',1,(#4803,#4804),.UNSPECIFIED.,.F.,
  .F.,(2,2),(-0.1175,0.1175),.PIECEWISE_BEZIER_KNOTS.);
#4803 = CARTESIAN_POINT('',(0.235,-3.765));
#4804 = CARTESIAN_POINT('',(0.,-3.765));
#4805 = ( GEOMETRIC_REPRESENTATION_CONTEXT(2) 
PARAMETRIC_REPRESENTATION_CONTEXT() REPRESENTATION_CONTEXT('2D SPACE',''
  ) );
#4806 = ORIENTED_EDGE('',*,*,#4807,.T.);
#4807 = EDGE_CURVE('',#4787,#4808,#4810,.T.);
#4808 = VERTEX_POINT('',#4809);
#4809 = CARTESIAN_POINT('',(82.62,-7.835,59.755));
#4810 = SURFACE_CURVE('',#4811,(#4815,#4821),.PCURVE_S1.);
#4811 = LINE('',#4812,#4813);
#4812 = CARTESIAN_POINT('',(38.695,-7.835,59.755));
#4813 = VECTOR('',#4814,1.);
#4814 = DIRECTION('',(1.,0.,-0.));
#4815 = PCURVE('',#206,#4816);
#4816 = DEFINITIONAL_REPRESENTATION('',(#4817),#4820);
#4817 = B_SPLINE_CURVE_WITH_KNOTS('',1,(#4818,#4819),.UNSPECIFIED.,.F.,
  .F.,(2,2),(38.695,43.925),.PIECEWISE_BEZIER_KNOTS.);
#4818 = CARTESIAN_POINT('',(0.235,-77.39));
#4819 = CARTESIAN_POINT('',(0.235,-82.62));
#4820 = ( GEOMETRIC_REPRESENTATION_CONTEXT(2) 
PARAMETRIC_REPRESENTATION_CONTEXT() REPRESENTATION_CONTEXT('2D SPACE',''
  ) );
#4821 = PCURVE('',#3203,#4822);
#4822 = DEFINITIONAL_REPRESENTATION('',(#4823),#4826);
#4823 = B_SPLINE_CURVE_WITH_KNOTS('',1,(#4824,#4825),.UNSPECIFIED.,.F.,
  .F.,(2,2),(38.695,43.925),.PIECEWISE_BEZIER_KNOTS.);
#4824 = CARTESIAN_POINT('',(0.,3.765));
#4825 = CARTESIAN_POINT('',(5.23,3.765));
#4826 = ( GEOMETRIC_REPRESENTATION_CONTEXT(2) 
PARAMETRIC_REPRESENTATION_CONTEXT() REPRESENTATION_CONTEXT('2D SPACE',''
  ) );
#4827 = ORIENTED_EDGE('',*,*,#4828,.F.);
#4828 = EDGE_CURVE('',#4829,#4808,#4831,.T.);
#4829 = VERTEX_POINT('',#4830);
#4830 = CARTESIAN_POINT('',(82.62,-7.835,59.99));
#4831 = SURFACE_CURVE('',#4832,(#4836,#4842),.PCURVE_S1.);
#4832 = LINE('',#4833,#4834);
#4833 = CARTESIAN_POINT('',(82.62,-7.835,59.8725));
#4834 = VECTOR('',#4835,1.);
#4835 = DIRECTION('',(0.,0.,-1.));
#4836 = PCURVE('',#206,#4837);
#4837 = DEFINITIONAL_REPRESENTATION('',(#4838),#4841);
#4838 = B_SPLINE_CURVE_WITH_KNOTS('',1,(#4839,#4840),.UNSPECIFIED.,.F.,
  .F.,(2,2),(-0.1175,0.1175),.PIECEWISE_BEZIER_KNOTS.);
#4839 = CARTESIAN_POINT('',(0.,-82.62));
#4840 = CARTESIAN_POINT('',(0.235,-82.62));
#4841 = ( GEOMETRIC_REPRESENTATION_CONTEXT(2) 
PARAMETRIC_REPRESENTATION_CONTEXT() REPRESENTATION_CONTEXT('2D SPACE',''
  ) );
#4842 = PCURVE('',#3177,#4843);
#4843 = DEFINITIONAL_REPRESENTATION('',(#4844),#4847);
#4844 = B_SPLINE_CURVE_WITH_KNOTS('',1,(#4845,#4846),.UNSPECIFIED.,.F.,
  .F.,(2,2),(-0.1175,0.1175),.PIECEWISE_BEZIER_KNOTS.);
#4845 = CARTESIAN_POINT('',(0.235,-3.765));
#4846 = CARTESIAN_POINT('',(0.,-3.765));
#4847 = ( GEOMETRIC_REPRESENTATION_CONTEXT(2) 
PARAMETRIC_REPRESENTATION_CONTEXT() REPRESENTATION_CONTEXT('2D SPACE',''
  ) );
#4848 = ORIENTED_EDGE('',*,*,#4849,.T.);
#4849 = EDGE_CURVE('',#4829,#4850,#4852,.T.);
#4850 = VERTEX_POINT('',#4851);
#4851 = CARTESIAN_POINT('',(87.4,-7.835,59.99));
#4852 = SURFACE_CURVE('',#4853,(#4857,#4864),.PCURVE_S1.);
#4853 = LINE('',#4854,#4855);
#4854 = CARTESIAN_POINT('',(0.,-7.835,59.99));
#4855 = VECTOR('',#4856,1.);
#4856 = DIRECTION('',(1.,0.,0.));
#4857 = PCURVE('',#206,#4858);
#4858 = DEFINITIONAL_REPRESENTATION('',(#4859),#4863);
#4859 = LINE('',#4860,#4861);
#4860 = CARTESIAN_POINT('',(0.,0.));
#4861 = VECTOR('',#4862,1.);
#4862 = DIRECTION('',(0.,-1.));
#4863 = ( GEOMETRIC_REPRESENTATION_CONTEXT(2) 
PARAMETRIC_REPRESENTATION_CONTEXT() REPRESENTATION_CONTEXT('2D SPACE',''
  ) );
#4864 = PCURVE('',#4865,#4870);
#4865 = PLANE('',#4866);
#4866 = AXIS2_PLACEMENT_3D('',#4867,#4868,#4869);
#4867 = CARTESIAN_POINT('',(0.,-10.6,62.755));
#4868 = DIRECTION('',(-0.,0.707106781187,0.707106781187));
#4869 = DIRECTION('',(0.,0.707106781187,-0.707106781187));
#4870 = DEFINITIONAL_REPRESENTATION('',(#4871),#4875);
#4871 = LINE('',#4872,#4873);
#4872 = CARTESIAN_POINT('',(3.910300499962,0.));
#4873 = VECTOR('',#4874,1.);
#4874 = DIRECTION('',(0.,-1.));
#4875 = ( GEOMETRIC_REPRESENTATION_CONTEXT(2) 
PARAMETRIC_REPRESENTATION_CONTEXT() REPRESENTATION_CONTEXT('2D SPACE',''
  ) );
#4876 = ORIENTED_EDGE('',*,*,#4877,.T.);
#4877 = EDGE_CURVE('',#4850,#4878,#4880,.T.);
#4878 = VERTEX_POINT('',#4879);
#4879 = CARTESIAN_POINT('',(87.4,-7.835,59.755));
#4880 = SURFACE_CURVE('',#4881,(#4885,#4891),.PCURVE_S1.);
#4881 = LINE('',#4882,#4883);
#4882 = CARTESIAN_POINT('',(87.4,-7.835,59.8725));
#4883 = VECTOR('',#4884,1.);
#4884 = DIRECTION('',(0.,0.,-1.));
#4885 = PCURVE('',#206,#4886);
#4886 = DEFINITIONAL_REPRESENTATION('',(#4887),#4890);
#4887 = B_SPLINE_CURVE_WITH_KNOTS('',1,(#4888,#4889),.UNSPECIFIED.,.F.,
  .F.,(2,2),(-0.1175,0.1175),.PIECEWISE_BEZIER_KNOTS.);
#4888 = CARTESIAN_POINT('',(0.,-87.4));
#4889 = CARTESIAN_POINT('',(0.235,-87.4));
#4890 = ( GEOMETRIC_REPRESENTATION_CONTEXT(2) 
PARAMETRIC_REPRESENTATION_CONTEXT() REPRESENTATION_CONTEXT('2D SPACE',''
  ) );
#4891 = PCURVE('',#3123,#4892);
#4892 = DEFINITIONAL_REPRESENTATION('',(#4893),#4896);
#4893 = B_SPLINE_CURVE_WITH_KNOTS('',1,(#4894,#4895),.UNSPECIFIED.,.F.,
  .F.,(2,2),(-0.1175,0.1175),.PIECEWISE_BEZIER_KNOTS.);
#4894 = CARTESIAN_POINT('',(0.235,-3.765));
#4895 = CARTESIAN_POINT('',(0.,-3.765));
#4896 = ( GEOMETRIC_REPRESENTATION_CONTEXT(2) 
PARAMETRIC_REPRESENTATION_CONTEXT() REPRESENTATION_CONTEXT('2D SPACE',''
  ) );
#4897 = ORIENTED_EDGE('',*,*,#4898,.T.);
#4898 = EDGE_CURVE('',#4878,#4899,#4901,.T.);
#4899 = VERTEX_POINT('',#4900);
#4900 = CARTESIAN_POINT('',(92.63,-7.835,59.755));
#4901 = SURFACE_CURVE('',#4902,(#4906,#4912),.PCURVE_S1.);
#4902 = LINE('',#4903,#4904);
#4903 = CARTESIAN_POINT('',(43.7,-7.835,59.755));
#4904 = VECTOR('',#4905,1.);
#4905 = DIRECTION('',(1.,0.,-0.));
#4906 = PCURVE('',#206,#4907);
#4907 = DEFINITIONAL_REPRESENTATION('',(#4908),#4911);
#4908 = B_SPLINE_CURVE_WITH_KNOTS('',1,(#4909,#4910),.UNSPECIFIED.,.F.,
  .F.,(2,2),(43.7,48.93),.PIECEWISE_BEZIER_KNOTS.);
#4909 = CARTESIAN_POINT('',(0.235,-87.4));
#4910 = CARTESIAN_POINT('',(0.235,-92.63));
#4911 = ( GEOMETRIC_REPRESENTATION_CONTEXT(2) 
PARAMETRIC_REPRESENTATION_CONTEXT() REPRESENTATION_CONTEXT('2D SPACE',''
  ) );
#4912 = PCURVE('',#3097,#4913);
#4913 = DEFINITIONAL_REPRESENTATION('',(#4914),#4917);
#4914 = B_SPLINE_CURVE_WITH_KNOTS('',1,(#4915,#4916),.UNSPECIFIED.,.F.,
  .F.,(2,2),(43.7,48.93),.PIECEWISE_BEZIER_KNOTS.);
#4915 = CARTESIAN_POINT('',(0.,3.765));
#4916 = CARTESIAN_POINT('',(5.23,3.765));
#4917 = ( GEOMETRIC_REPRESENTATION_CONTEXT(2) 
PARAMETRIC_REPRESENTATION_CONTEXT() REPRESENTATION_CONTEXT('2D SPACE',''
  ) );
#4918 = ORIENTED_EDGE('',*,*,#4919,.F.);
#4919 = EDGE_CURVE('',#4920,#4899,#4922,.T.);
#4920 = VERTEX_POINT('',#4921);
#4921 = CARTESIAN_POINT('',(92.63,-7.835,59.99));
#4922 = SURFACE_CURVE('',#4923,(#4927,#4933),.PCURVE_S1.);
#4923 = LINE('',#4924,#4925);
#4924 = CARTESIAN_POINT('',(92.63,-7.835,59.8725));
#4925 = VECTOR('',#4926,1.);
#4926 = DIRECTION('',(0.,0.,-1.));
#4927 = PCURVE('',#206,#4928);
#4928 = DEFINITIONAL_REPRESENTATION('',(#4929),#4932);
#4929 = B_SPLINE_CURVE_WITH_KNOTS('',1,(#4930,#4931),.UNSPECIFIED.,.F.,
  .F.,(2,2),(-0.1175,0.1175),.PIECEWISE_BEZIER_KNOTS.);
#4930 = CARTESIAN_POINT('',(0.,-92.63));
#4931 = CARTESIAN_POINT('',(0.235,-92.63));
#4932 = ( GEOMETRIC_REPRESENTATION_CONTEXT(2) 
PARAMETRIC_REPRESENTATION_CONTEXT() REPRESENTATION_CONTEXT('2D SPACE',''
  ) );
#4933 = PCURVE('',#3071,#4934);
#4934 = DEFINITIONAL_REPRESENTATION('',(#4935),#4938);
#4935 = B_SPLINE_CURVE_WITH_KNOTS('',1,(#4936,#4937),.UNSPECIFIED.,.F.,
  .F.,(2,2),(-0.1175,0.1175),.PIECEWISE_BEZIER_KNOTS.);
#4936 = CARTESIAN_POINT('',(0.235,-3.765));
#4937 = CARTESIAN_POINT('',(0.,-3.765));
#4938 = ( GEOMETRIC_REPRESENTATION_CONTEXT(2) 
PARAMETRIC_REPRESENTATION_CONTEXT() REPRESENTATION_CONTEXT('2D SPACE',''
  ) );
#4939 = ORIENTED_EDGE('',*,*,#4940,.T.);
#4940 = EDGE_CURVE('',#4920,#4941,#4943,.T.);
#4941 = VERTEX_POINT('',#4942);
#4942 = CARTESIAN_POINT('',(97.41,-7.835,59.99));
#4943 = SURFACE_CURVE('',#4944,(#4948,#4955),.PCURVE_S1.);
#4944 = LINE('',#4945,#4946);
#4945 = CARTESIAN_POINT('',(0.,-7.835,59.99));
#4946 = VECTOR('',#4947,1.);
#4947 = DIRECTION('',(1.,0.,0.));
#4948 = PCURVE('',#206,#4949);
#4949 = DEFINITIONAL_REPRESENTATION('',(#4950),#4954);
#4950 = LINE('',#4951,#4952);
#4951 = CARTESIAN_POINT('',(0.,0.));
#4952 = VECTOR('',#4953,1.);
#4953 = DIRECTION('',(0.,-1.));
#4954 = ( GEOMETRIC_REPRESENTATION_CONTEXT(2) 
PARAMETRIC_REPRESENTATION_CONTEXT() REPRESENTATION_CONTEXT('2D SPACE',''
  ) );
#4955 = PCURVE('',#4956,#4961);
#4956 = PLANE('',#4957);
#4957 = AXIS2_PLACEMENT_3D('',#4958,#4959,#4960);
#4958 = CARTESIAN_POINT('',(0.,-10.6,62.755));
#4959 = DIRECTION('',(-0.,0.707106781187,0.707106781187));
#4960 = DIRECTION('',(0.,0.707106781187,-0.707106781187));
#4961 = DEFINITIONAL_REPRESENTATION('',(#4962),#4966);
#4962 = LINE('',#4963,#4964);
#4963 = CARTESIAN_POINT('',(3.910300499962,0.));
#4964 = VECTOR('',#4965,1.);
#4965 = DIRECTION('',(0.,-1.));
#4966 = ( GEOMETRIC_REPRESENTATION_CONTEXT(2) 
PARAMETRIC_REPRESENTATION_CONTEXT() REPRESENTATION_CONTEXT('2D SPACE',''
  ) );
#4967 = ORIENTED_EDGE('',*,*,#4968,.T.);
#4968 = EDGE_CURVE('',#4941,#4969,#4971,.T.);
#4969 = VERTEX_POINT('',#4970);
#4970 = CARTESIAN_POINT('',(97.41,-7.835,59.755));
#4971 = SURFACE_CURVE('',#4972,(#4976,#4982),.PCURVE_S1.);
#4972 = LINE('',#4973,#4974);
#4973 = CARTESIAN_POINT('',(97.41,-7.835,59.8725));
#4974 = VECTOR('',#4975,1.);
#4975 = DIRECTION('',(0.,0.,-1.));
#4976 = PCURVE('',#206,#4977);
#4977 = DEFINITIONAL_REPRESENTATION('',(#4978),#4981);
#4978 = B_SPLINE_CURVE_WITH_KNOTS('',1,(#4979,#4980),.UNSPECIFIED.,.F.,
  .F.,(2,2),(-0.1175,0.1175),.PIECEWISE_BEZIER_KNOTS.);
#4979 = CARTESIAN_POINT('',(0.,-97.41));
#4980 = CARTESIAN_POINT('',(0.235,-97.41));
#4981 = ( GEOMETRIC_REPRESENTATION_CONTEXT(2) 
PARAMETRIC_REPRESENTATION_CONTEXT() REPRESENTATION_CONTEXT('2D SPACE',''
  ) );
#4982 = PCURVE('',#3017,#4983);
#4983 = DEFINITIONAL_REPRESENTATION('',(#4984),#4987);
#4984 = B_SPLINE_CURVE_WITH_KNOTS('',1,(#4985,#4986),.UNSPECIFIED.,.F.,
  .F.,(2,2),(-0.1175,0.1175),.PIECEWISE_BEZIER_KNOTS.);
#4985 = CARTESIAN_POINT('',(0.235,-3.765));
#4986 = CARTESIAN_POINT('',(0.,-3.765));
#4987 = ( GEOMETRIC_REPRESENTATION_CONTEXT(2) 
PARAMETRIC_REPRESENTATION_CONTEXT() REPRESENTATION_CONTEXT('2D SPACE',''
  ) );
#4988 = ORIENTED_EDGE('',*,*,#4989,.T.);
#4989 = EDGE_CURVE('',#4969,#4990,#4992,.T.);
#4990 = VERTEX_POINT('',#4991);
#4991 = CARTESIAN_POINT('',(102.64,-7.835,59.755));
#4992 = SURFACE_CURVE('',#4993,(#4997,#5003),.PCURVE_S1.);
#4993 = LINE('',#4994,#4995);
#4994 = CARTESIAN_POINT('',(48.705,-7.835,59.755));
#4995 = VECTOR('',#4996,1.);
#4996 = DIRECTION('',(1.,0.,-0.));
#4997 = PCURVE('',#206,#4998);
#4998 = DEFINITIONAL_REPRESENTATION('',(#4999),#5002);
#4999 = B_SPLINE_CURVE_WITH_KNOTS('',1,(#5000,#5001),.UNSPECIFIED.,.F.,
  .F.,(2,2),(48.705,53.935),.PIECEWISE_BEZIER_KNOTS.);
#5000 = CARTESIAN_POINT('',(0.235,-97.41));
#5001 = CARTESIAN_POINT('',(0.235,-102.64));
#5002 = ( GEOMETRIC_REPRESENTATION_CONTEXT(2) 
PARAMETRIC_REPRESENTATION_CONTEXT() REPRESENTATION_CONTEXT('2D SPACE',''
  ) );
#5003 = PCURVE('',#2991,#5004);
#5004 = DEFINITIONAL_REPRESENTATION('',(#5005),#5008);
#5005 = B_SPLINE_CURVE_WITH_KNOTS('',1,(#5006,#5007),.UNSPECIFIED.,.F.,
  .F.,(2,2),(48.705,53.935),.PIECEWISE_BEZIER_KNOTS.);
#5006 = CARTESIAN_POINT('',(0.,3.765));
#5007 = CARTESIAN_POINT('',(5.23,3.765));
#5008 = ( GEOMETRIC_REPRESENTATION_CONTEXT(2) 
PARAMETRIC_REPRESENTATION_CONTEXT() REPRESENTATION_CONTEXT('2D SPACE',''
  ) );
#5009 = ORIENTED_EDGE('',*,*,#5010,.F.);
#5010 = EDGE_CURVE('',#5011,#4990,#5013,.T.);
#5011 = VERTEX_POINT('',#5012);
#5012 = CARTESIAN_POINT('',(102.64,-7.835,59.99));
#5013 = SURFACE_CURVE('',#5014,(#5018,#5024),.PCURVE_S1.);
#5014 = LINE('',#5015,#5016);
#5015 = CARTESIAN_POINT('',(102.64,-7.835,59.8725));
#5016 = VECTOR('',#5017,1.);
#5017 = DIRECTION('',(0.,0.,-1.));
#5018 = PCURVE('',#206,#5019);
#5019 = DEFINITIONAL_REPRESENTATION('',(#5020),#5023);
#5020 = B_SPLINE_CURVE_WITH_KNOTS('',1,(#5021,#5022),.UNSPECIFIED.,.F.,
  .F.,(2,2),(-0.1175,0.1175),.PIECEWISE_BEZIER_KNOTS.);
#5021 = CARTESIAN_POINT('',(0.,-102.64));
#5022 = CARTESIAN_POINT('',(0.235,-102.64));
#5023 = ( GEOMETRIC_REPRESENTATION_CONTEXT(2) 
PARAMETRIC_REPRESENTATION_CONTEXT() REPRESENTATION_CONTEXT('2D SPACE',''
  ) );
#5024 = PCURVE('',#2965,#5025);
#5025 = DEFINITIONAL_REPRESENTATION('',(#5026),#5029);
#5026 = B_SPLINE_CURVE_WITH_KNOTS('',1,(#5027,#5028),.UNSPECIFIED.,.F.,
  .F.,(2,2),(-0.1175,0.1175),.PIECEWISE_BEZIER_KNOTS.);
#5027 = CARTESIAN_POINT('',(0.235,-3.765));
#5028 = CARTESIAN_POINT('',(0.,-3.765));
#5029 = ( GEOMETRIC_REPRESENTATION_CONTEXT(2) 
PARAMETRIC_REPRESENTATION_CONTEXT() REPRESENTATION_CONTEXT('2D SPACE',''
  ) );
#5030 = ORIENTED_EDGE('',*,*,#5031,.T.);
#5031 = EDGE_CURVE('',#5011,#5032,#5034,.T.);
#5032 = VERTEX_POINT('',#5033);
#5033 = CARTESIAN_POINT('',(107.42,-7.835,59.99));
#5034 = SURFACE_CURVE('',#5035,(#5039,#5046),.PCURVE_S1.);
#5035 = LINE('',#5036,#5037);
#5036 = CARTESIAN_POINT('',(0.,-7.835,59.99));
#5037 = VECTOR('',#5038,1.);
#5038 = DIRECTION('',(1.,0.,0.));
#5039 = PCURVE('',#206,#5040);
#5040 = DEFINITIONAL_REPRESENTATION('',(#5041),#5045);
#5041 = LINE('',#5042,#5043);
#5042 = CARTESIAN_POINT('',(0.,0.));
#5043 = VECTOR('',#5044,1.);
#5044 = DIRECTION('',(0.,-1.));
#5045 = ( GEOMETRIC_REPRESENTATION_CONTEXT(2) 
PARAMETRIC_REPRESENTATION_CONTEXT() REPRESENTATION_CONTEXT('2D SPACE',''
  ) );
#5046 = PCURVE('',#5047,#5052);
#5047 = PLANE('',#5048);
#5048 = AXIS2_PLACEMENT_3D('',#5049,#5050,#5051);
#5049 = CARTESIAN_POINT('',(0.,-10.6,62.755));
#5050 = DIRECTION('',(-0.,0.707106781187,0.707106781187));
#5051 = DIRECTION('',(0.,0.707106781187,-0.707106781187));
#5052 = DEFINITIONAL_REPRESENTATION('',(#5053),#5057);
#5053 = LINE('',#5054,#5055);
#5054 = CARTESIAN_POINT('',(3.910300499962,0.));
#5055 = VECTOR('',#5056,1.);
#5056 = DIRECTION('',(0.,-1.));
#5057 = ( GEOMETRIC_REPRESENTATION_CONTEXT(2) 
PARAMETRIC_REPRESENTATION_CONTEXT() REPRESENTATION_CONTEXT('2D SPACE',''
  ) );
#5058 = ORIENTED_EDGE('',*,*,#5059,.T.);
#5059 = EDGE_CURVE('',#5032,#5060,#5062,.T.);
#5060 = VERTEX_POINT('',#5061);
#5061 = CARTESIAN_POINT('',(107.42,-7.835,59.755));
#5062 = SURFACE_CURVE('',#5063,(#5067,#5073),.PCURVE_S1.);
#5063 = LINE('',#5064,#5065);
#5064 = CARTESIAN_POINT('',(107.42,-7.835,59.8725));
#5065 = VECTOR('',#5066,1.);
#5066 = DIRECTION('',(0.,0.,-1.));
#5067 = PCURVE('',#206,#5068);
#5068 = DEFINITIONAL_REPRESENTATION('',(#5069),#5072);
#5069 = B_SPLINE_CURVE_WITH_KNOTS('',1,(#5070,#5071),.UNSPECIFIED.,.F.,
  .F.,(2,2),(-0.1175,0.1175),.PIECEWISE_BEZIER_KNOTS.);
#5070 = CARTESIAN_POINT('',(0.,-107.42));
#5071 = CARTESIAN_POINT('',(0.235,-107.42));
#5072 = ( GEOMETRIC_REPRESENTATION_CONTEXT(2) 
PARAMETRIC_REPRESENTATION_CONTEXT() REPRESENTATION_CONTEXT('2D SPACE',''
  ) );
#5073 = PCURVE('',#2911,#5074);
#5074 = DEFINITIONAL_REPRESENTATION('',(#5075),#5078);
#5075 = B_SPLINE_CURVE_WITH_KNOTS('',1,(#5076,#5077),.UNSPECIFIED.,.F.,
  .F.,(2,2),(-0.1175,0.1175),.PIECEWISE_BEZIER_KNOTS.);
#5076 = CARTESIAN_POINT('',(0.235,-3.765));
#5077 = CARTESIAN_POINT('',(0.,-3.765));
#5078 = ( GEOMETRIC_REPRESENTATION_CONTEXT(2) 
PARAMETRIC_REPRESENTATION_CONTEXT() REPRESENTATION_CONTEXT('2D SPACE',''
  ) );
#5079 = ORIENTED_EDGE('',*,*,#5080,.T.);
#5080 = EDGE_CURVE('',#5060,#5081,#5083,.T.);
#5081 = VERTEX_POINT('',#5082);
#5082 = CARTESIAN_POINT('',(112.65,-7.835,59.755));
#5083 = SURFACE_CURVE('',#5084,(#5088,#5094),.PCURVE_S1.);
#5084 = LINE('',#5085,#5086);
#5085 = CARTESIAN_POINT('',(53.71,-7.835,59.755));
#5086 = VECTOR('',#5087,1.);
#5087 = DIRECTION('',(1.,0.,-0.));
#5088 = PCURVE('',#206,#5089);
#5089 = DEFINITIONAL_REPRESENTATION('',(#5090),#5093);
#5090 = B_SPLINE_CURVE_WITH_KNOTS('',1,(#5091,#5092),.UNSPECIFIED.,.F.,
  .F.,(2,2),(53.71,58.94),.PIECEWISE_BEZIER_KNOTS.);
#5091 = CARTESIAN_POINT('',(0.235,-107.42));
#5092 = CARTESIAN_POINT('',(0.235,-112.65));
#5093 = ( GEOMETRIC_REPRESENTATION_CONTEXT(2) 
PARAMETRIC_REPRESENTATION_CONTEXT() REPRESENTATION_CONTEXT('2D SPACE',''
  ) );
#5094 = PCURVE('',#2885,#5095);
#5095 = DEFINITIONAL_REPRESENTATION('',(#5096),#5099);
#5096 = B_SPLINE_CURVE_WITH_KNOTS('',1,(#5097,#5098),.UNSPECIFIED.,.F.,
  .F.,(2,2),(53.71,58.94),.PIECEWISE_BEZIER_KNOTS.);
#5097 = CARTESIAN_POINT('',(0.,3.765));
#5098 = CARTESIAN_POINT('',(5.23,3.765));
#5099 = ( GEOMETRIC_REPRESENTATION_CONTEXT(2) 
PARAMETRIC_REPRESENTATION_CONTEXT() REPRESENTATION_CONTEXT('2D SPACE',''
  ) );
#5100 = ORIENTED_EDGE('',*,*,#5101,.F.);
#5101 = EDGE_CURVE('',#5102,#5081,#5104,.T.);
#5102 = VERTEX_POINT('',#5103);
#5103 = CARTESIAN_POINT('',(112.65,-7.835,59.99));
#5104 = SURFACE_CURVE('',#5105,(#5109,#5115),.PCURVE_S1.);
#5105 = LINE('',#5106,#5107);
#5106 = CARTESIAN_POINT('',(112.65,-7.835,59.8725));
#5107 = VECTOR('',#5108,1.);
#5108 = DIRECTION('',(0.,0.,-1.));
#5109 = PCURVE('',#206,#5110);
#5110 = DEFINITIONAL_REPRESENTATION('',(#5111),#5114);
#5111 = B_SPLINE_CURVE_WITH_KNOTS('',1,(#5112,#5113),.UNSPECIFIED.,.F.,
  .F.,(2,2),(-0.1175,0.1175),.PIECEWISE_BEZIER_KNOTS.);
#5112 = CARTESIAN_POINT('',(0.,-112.65));
#5113 = CARTESIAN_POINT('',(0.235,-112.65));
#5114 = ( GEOMETRIC_REPRESENTATION_CONTEXT(2) 
PARAMETRIC_REPRESENTATION_CONTEXT() REPRESENTATION_CONTEXT('2D SPACE',''
  ) );
#5115 = PCURVE('',#2859,#5116);
#5116 = DEFINITIONAL_REPRESENTATION('',(#5117),#5120);
#5117 = B_SPLINE_CURVE_WITH_KNOTS('',1,(#5118,#5119),.UNSPECIFIED.,.F.,
  .F.,(2,2),(-0.1175,0.1175),.PIECEWISE_BEZIER_KNOTS.);
#5118 = CARTESIAN_POINT('',(0.235,-3.765));
#5119 = CARTESIAN_POINT('',(0.,-3.765));
#5120 = ( GEOMETRIC_REPRESENTATION_CONTEXT(2) 
PARAMETRIC_REPRESENTATION_CONTEXT() REPRESENTATION_CONTEXT('2D SPACE',''
  ) );
#5121 = ORIENTED_EDGE('',*,*,#5122,.T.);
#5122 = EDGE_CURVE('',#5102,#5123,#5125,.T.);
#5123 = VERTEX_POINT('',#5124);
#5124 = CARTESIAN_POINT('',(117.43,-7.835,59.99));
#5125 = SURFACE_CURVE('',#5126,(#5130,#5137),.PCURVE_S1.);
#5126 = LINE('',#5127,#5128);
#5127 = CARTESIAN_POINT('',(0.,-7.835,59.99));
#5128 = VECTOR('',#5129,1.);
#5129 = DIRECTION('',(1.,0.,0.));
#5130 = PCURVE('',#206,#5131);
#5131 = DEFINITIONAL_REPRESENTATION('',(#5132),#5136);
#5132 = LINE('',#5133,#5134);
#5133 = CARTESIAN_POINT('',(0.,0.));
#5134 = VECTOR('',#5135,1.);
#5135 = DIRECTION('',(0.,-1.));
#5136 = ( GEOMETRIC_REPRESENTATION_CONTEXT(2) 
PARAMETRIC_REPRESENTATION_CONTEXT() REPRESENTATION_CONTEXT('2D SPACE',''
  ) );
#5137 = PCURVE('',#5138,#5143);
#5138 = PLANE('',#5139);
#5139 = AXIS2_PLACEMENT_3D('',#5140,#5141,#5142);
#5140 = CARTESIAN_POINT('',(0.,-10.6,62.755));
#5141 = DIRECTION('',(-0.,0.707106781187,0.707106781187));
#5142 = DIRECTION('',(0.,0.707106781187,-0.707106781187));
#5143 = DEFINITIONAL_REPRESENTATION('',(#5144),#5148);
#5144 = LINE('',#5145,#5146);
#5145 = CARTESIAN_POINT('',(3.910300499962,0.));
#5146 = VECTOR('',#5147,1.);
#5147 = DIRECTION('',(0.,-1.));
#5148 = ( GEOMETRIC_REPRESENTATION_CONTEXT(2) 
PARAMETRIC_REPRESENTATION_CONTEXT() REPRESENTATION_CONTEXT('2D SPACE',''
  ) );
#5149 = ORIENTED_EDGE('',*,*,#5150,.T.);
#5150 = EDGE_CURVE('',#5123,#5151,#5153,.T.);
#5151 = VERTEX_POINT('',#5152);
#5152 = CARTESIAN_POINT('',(117.43,-7.835,59.755));
#5153 = SURFACE_CURVE('',#5154,(#5158,#5164),.PCURVE_S1.);
#5154 = LINE('',#5155,#5156);
#5155 = CARTESIAN_POINT('',(117.43,-7.835,59.8725));
#5156 = VECTOR('',#5157,1.);
#5157 = DIRECTION('',(0.,0.,-1.));
#5158 = PCURVE('',#206,#5159);
#5159 = DEFINITIONAL_REPRESENTATION('',(#5160),#5163);
#5160 = B_SPLINE_CURVE_WITH_KNOTS('',1,(#5161,#5162),.UNSPECIFIED.,.F.,
  .F.,(2,2),(-0.1175,0.1175),.PIECEWISE_BEZIER_KNOTS.);
#5161 = CARTESIAN_POINT('',(0.,-117.43));
#5162 = CARTESIAN_POINT('',(0.235,-117.43));
#5163 = ( GEOMETRIC_REPRESENTATION_CONTEXT(2) 
PARAMETRIC_REPRESENTATION_CONTEXT() REPRESENTATION_CONTEXT('2D SPACE',''
  ) );
#5164 = PCURVE('',#2805,#5165);
#5165 = DEFINITIONAL_REPRESENTATION('',(#5166),#5169);
#5166 = B_SPLINE_CURVE_WITH_KNOTS('',1,(#5167,#5168),.UNSPECIFIED.,.F.,
  .F.,(2,2),(-0.1175,0.1175),.PIECEWISE_BEZIER_KNOTS.);
#5167 = CARTESIAN_POINT('',(0.235,-3.765));
#5168 = CARTESIAN_POINT('',(0.,-3.765));
#5169 = ( GEOMETRIC_REPRESENTATION_CONTEXT(2) 
PARAMETRIC_REPRESENTATION_CONTEXT() REPRESENTATION_CONTEXT('2D SPACE',''
  ) );
#5170 = ORIENTED_EDGE('',*,*,#5171,.T.);
#5171 = EDGE_CURVE('',#5151,#5172,#5174,.T.);
#5172 = VERTEX_POINT('',#5173);
#5173 = CARTESIAN_POINT('',(122.66,-7.835,59.755));
#5174 = SURFACE_CURVE('',#5175,(#5179,#5185),.PCURVE_S1.);
#5175 = LINE('',#5176,#5177);
#5176 = CARTESIAN_POINT('',(58.715,-7.835,59.755));
#5177 = VECTOR('',#5178,1.);
#5178 = DIRECTION('',(1.,0.,-0.));
#5179 = PCURVE('',#206,#5180);
#5180 = DEFINITIONAL_REPRESENTATION('',(#5181),#5184);
#5181 = B_SPLINE_CURVE_WITH_KNOTS('',1,(#5182,#5183),.UNSPECIFIED.,.F.,
  .F.,(2,2),(58.715,63.945),.PIECEWISE_BEZIER_KNOTS.);
#5182 = CARTESIAN_POINT('',(0.235,-117.43));
#5183 = CARTESIAN_POINT('',(0.235,-122.66));
#5184 = ( GEOMETRIC_REPRESENTATION_CONTEXT(2) 
PARAMETRIC_REPRESENTATION_CONTEXT() REPRESENTATION_CONTEXT('2D SPACE',''
  ) );
#5185 = PCURVE('',#2779,#5186);
#5186 = DEFINITIONAL_REPRESENTATION('',(#5187),#5190);
#5187 = B_SPLINE_CURVE_WITH_KNOTS('',1,(#5188,#5189),.UNSPECIFIED.,.F.,
  .F.,(2,2),(58.715,63.945),.PIECEWISE_BEZIER_KNOTS.);
#5188 = CARTESIAN_POINT('',(0.,3.765));
#5189 = CARTESIAN_POINT('',(5.23,3.765));
#5190 = ( GEOMETRIC_REPRESENTATION_CONTEXT(2) 
PARAMETRIC_REPRESENTATION_CONTEXT() REPRESENTATION_CONTEXT('2D SPACE',''
  ) );
#5191 = ORIENTED_EDGE('',*,*,#5192,.F.);
#5192 = EDGE_CURVE('',#5193,#5172,#5195,.T.);
#5193 = VERTEX_POINT('',#5194);
#5194 = CARTESIAN_POINT('',(122.66,-7.835,59.99));
#5195 = SURFACE_CURVE('',#5196,(#5200,#5206),.PCURVE_S1.);
#5196 = LINE('',#5197,#5198);
#5197 = CARTESIAN_POINT('',(122.66,-7.835,59.8725));
#5198 = VECTOR('',#5199,1.);
#5199 = DIRECTION('',(0.,0.,-1.));
#5200 = PCURVE('',#206,#5201);
#5201 = DEFINITIONAL_REPRESENTATION('',(#5202),#5205);
#5202 = B_SPLINE_CURVE_WITH_KNOTS('',1,(#5203,#5204),.UNSPECIFIED.,.F.,
  .F.,(2,2),(-0.1175,0.1175),.PIECEWISE_BEZIER_KNOTS.);
#5203 = CARTESIAN_POINT('',(0.,-122.66));
#5204 = CARTESIAN_POINT('',(0.235,-122.66));
#5205 = ( GEOMETRIC_REPRESENTATION_CONTEXT(2) 
PARAMETRIC_REPRESENTATION_CONTEXT() REPRESENTATION_CONTEXT('2D SPACE',''
  ) );
#5206 = PCURVE('',#2753,#5207);
#5207 = DEFINITIONAL_REPRESENTATION('',(#5208),#5211);
#5208 = B_SPLINE_CURVE_WITH_KNOTS('',1,(#5209,#5210),.UNSPECIFIED.,.F.,
  .F.,(2,2),(-0.1175,0.1175),.PIECEWISE_BEZIER_KNOTS.);
#5209 = CARTESIAN_POINT('',(0.235,-3.765));
#5210 = CARTESIAN_POINT('',(0.,-3.765));
#5211 = ( GEOMETRIC_REPRESENTATION_CONTEXT(2) 
PARAMETRIC_REPRESENTATION_CONTEXT() REPRESENTATION_CONTEXT('2D SPACE',''
  ) );
#5212 = ORIENTED_EDGE('',*,*,#5213,.T.);
#5213 = EDGE_CURVE('',#5193,#5214,#5216,.T.);
#5214 = VERTEX_POINT('',#5215);
#5215 = CARTESIAN_POINT('',(127.44,-7.835,59.99));
#5216 = SURFACE_CURVE('',#5217,(#5221,#5228),.PCURVE_S1.);
#5217 = LINE('',#5218,#5219);
#5218 = CARTESIAN_POINT('',(0.,-7.835,59.99));
#5219 = VECTOR('',#5220,1.);
#5220 = DIRECTION('',(1.,0.,0.));
#5221 = PCURVE('',#206,#5222);
#5222 = DEFINITIONAL_REPRESENTATION('',(#5223),#5227);
#5223 = LINE('',#5224,#5225);
#5224 = CARTESIAN_POINT('',(0.,0.));
#5225 = VECTOR('',#5226,1.);
#5226 = DIRECTION('',(0.,-1.));
#5227 = ( GEOMETRIC_REPRESENTATION_CONTEXT(2) 
PARAMETRIC_REPRESENTATION_CONTEXT() REPRESENTATION_CONTEXT('2D SPACE',''
  ) );
#5228 = PCURVE('',#5229,#5234);
#5229 = PLANE('',#5230);
#5230 = AXIS2_PLACEMENT_3D('',#5231,#5232,#5233);
#5231 = CARTESIAN_POINT('',(0.,-10.6,62.755));
#5232 = DIRECTION('',(-0.,0.707106781187,0.707106781187));
#5233 = DIRECTION('',(0.,0.707106781187,-0.707106781187));
#5234 = DEFINITIONAL_REPRESENTATION('',(#5235),#5239);
#5235 = LINE('',#5236,#5237);
#5236 = CARTESIAN_POINT('',(3.910300499962,0.));
#5237 = VECTOR('',#5238,1.);
#5238 = DIRECTION('',(0.,-1.));
#5239 = ( GEOMETRIC_REPRESENTATION_CONTEXT(2) 
PARAMETRIC_REPRESENTATION_CONTEXT() REPRESENTATION_CONTEXT('2D SPACE',''
  ) );
#5240 = ORIENTED_EDGE('',*,*,#5241,.T.);
#5241 = EDGE_CURVE('',#5214,#5242,#5244,.T.);
#5242 = VERTEX_POINT('',#5243);
#5243 = CARTESIAN_POINT('',(127.44,-7.835,59.755));
#5244 = SURFACE_CURVE('',#5245,(#5249,#5255),.PCURVE_S1.);
#5245 = LINE('',#5246,#5247);
#5246 = CARTESIAN_POINT('',(127.44,-7.835,59.8725));
#5247 = VECTOR('',#5248,1.);
#5248 = DIRECTION('',(0.,0.,-1.));
#5249 = PCURVE('',#206,#5250);
#5250 = DEFINITIONAL_REPRESENTATION('',(#5251),#5254);
#5251 = B_SPLINE_CURVE_WITH_KNOTS('',1,(#5252,#5253),.UNSPECIFIED.,.F.,
  .F.,(2,2),(-0.1175,0.1175),.PIECEWISE_BEZIER_KNOTS.);
#5252 = CARTESIAN_POINT('',(0.,-127.44));
#5253 = CARTESIAN_POINT('',(0.235,-127.44));
#5254 = ( GEOMETRIC_REPRESENTATION_CONTEXT(2) 
PARAMETRIC_REPRESENTATION_CONTEXT() REPRESENTATION_CONTEXT('2D SPACE',''
  ) );
#5255 = PCURVE('',#2699,#5256);
#5256 = DEFINITIONAL_REPRESENTATION('',(#5257),#5260);
#5257 = B_SPLINE_CURVE_WITH_KNOTS('',1,(#5258,#5259),.UNSPECIFIED.,.F.,
  .F.,(2,2),(-0.1175,0.1175),.PIECEWISE_BEZIER_KNOTS.);
#5258 = CARTESIAN_POINT('',(0.235,-3.765));
#5259 = CARTESIAN_POINT('',(0.,-3.765));
#5260 = ( GEOMETRIC_REPRESENTATION_CONTEXT(2) 
PARAMETRIC_REPRESENTATION_CONTEXT() REPRESENTATION_CONTEXT('2D SPACE',''
  ) );
#5261 = ORIENTED_EDGE('',*,*,#5262,.T.);
#5262 = EDGE_CURVE('',#5242,#5263,#5265,.T.);
#5263 = VERTEX_POINT('',#5264);
#5264 = CARTESIAN_POINT('',(132.67,-7.835,59.755));
#5265 = SURFACE_CURVE('',#5266,(#5270,#5276),.PCURVE_S1.);
#5266 = LINE('',#5267,#5268);
#5267 = CARTESIAN_POINT('',(63.72,-7.835,59.755));
#5268 = VECTOR('',#5269,1.);
#5269 = DIRECTION('',(1.,0.,-0.));
#5270 = PCURVE('',#206,#5271);
#5271 = DEFINITIONAL_REPRESENTATION('',(#5272),#5275);
#5272 = B_SPLINE_CURVE_WITH_KNOTS('',1,(#5273,#5274),.UNSPECIFIED.,.F.,
  .F.,(2,2),(63.72,68.95),.PIECEWISE_BEZIER_KNOTS.);
#5273 = CARTESIAN_POINT('',(0.235,-127.44));
#5274 = CARTESIAN_POINT('',(0.235,-132.67));
#5275 = ( GEOMETRIC_REPRESENTATION_CONTEXT(2) 
PARAMETRIC_REPRESENTATION_CONTEXT() REPRESENTATION_CONTEXT('2D SPACE',''
  ) );
#5276 = PCURVE('',#2673,#5277);
#5277 = DEFINITIONAL_REPRESENTATION('',(#5278),#5281);
#5278 = B_SPLINE_CURVE_WITH_KNOTS('',1,(#5279,#5280),.UNSPECIFIED.,.F.,
  .F.,(2,2),(63.72,68.95),.PIECEWISE_BEZIER_KNOTS.);
#5279 = CARTESIAN_POINT('',(0.,3.765));
#5280 = CARTESIAN_POINT('',(5.23,3.765));
#5281 = ( GEOMETRIC_REPRESENTATION_CONTEXT(2) 
PARAMETRIC_REPRESENTATION_CONTEXT() REPRESENTATION_CONTEXT('2D SPACE',''
  ) );
#5282 = ORIENTED_EDGE('',*,*,#5283,.F.);
#5283 = EDGE_CURVE('',#5284,#5263,#5286,.T.);
#5284 = VERTEX_POINT('',#5285);
#5285 = CARTESIAN_POINT('',(132.67,-7.835,59.99));
#5286 = SURFACE_CURVE('',#5287,(#5291,#5297),.PCURVE_S1.);
#5287 = LINE('',#5288,#5289);
#5288 = CARTESIAN_POINT('',(132.67,-7.835,59.8725));
#5289 = VECTOR('',#5290,1.);
#5290 = DIRECTION('',(0.,0.,-1.));
#5291 = PCURVE('',#206,#5292);
#5292 = DEFINITIONAL_REPRESENTATION('',(#5293),#5296);
#5293 = B_SPLINE_CURVE_WITH_KNOTS('',1,(#5294,#5295),.UNSPECIFIED.,.F.,
  .F.,(2,2),(-0.1175,0.1175),.PIECEWISE_BEZIER_KNOTS.);
#5294 = CARTESIAN_POINT('',(0.,-132.67));
#5295 = CARTESIAN_POINT('',(0.235,-132.67));
#5296 = ( GEOMETRIC_REPRESENTATION_CONTEXT(2) 
PARAMETRIC_REPRESENTATION_CONTEXT() REPRESENTATION_CONTEXT('2D SPACE',''
  ) );
#5297 = PCURVE('',#2647,#5298);
#5298 = DEFINITIONAL_REPRESENTATION('',(#5299),#5302);
#5299 = B_SPLINE_CURVE_WITH_KNOTS('',1,(#5300,#5301),.UNSPECIFIED.,.F.,
  .F.,(2,2),(-0.1175,0.1175),.PIECEWISE_BEZIER_KNOTS.);
#5300 = CARTESIAN_POINT('',(0.235,-3.765));
#5301 = CARTESIAN_POINT('',(0.,-3.765));
#5302 = ( GEOMETRIC_REPRESENTATION_CONTEXT(2) 
PARAMETRIC_REPRESENTATION_CONTEXT() REPRESENTATION_CONTEXT('2D SPACE',''
  ) );
#5303 = ORIENTED_EDGE('',*,*,#5304,.T.);
#5304 = EDGE_CURVE('',#5284,#5305,#5307,.T.);
#5305 = VERTEX_POINT('',#5306);
#5306 = CARTESIAN_POINT('',(137.45,-7.835,59.99));
#5307 = SURFACE_CURVE('',#5308,(#5312,#5319),.PCURVE_S1.);
#5308 = LINE('',#5309,#5310);
#5309 = CARTESIAN_POINT('',(0.,-7.835,59.99));
#5310 = VECTOR('',#5311,1.);
#5311 = DIRECTION('',(1.,0.,0.));
#5312 = PCURVE('',#206,#5313);
#5313 = DEFINITIONAL_REPRESENTATION('',(#5314),#5318);
#5314 = LINE('',#5315,#5316);
#5315 = CARTESIAN_POINT('',(0.,0.));
#5316 = VECTOR('',#5317,1.);
#5317 = DIRECTION('',(0.,-1.));
#5318 = ( GEOMETRIC_REPRESENTATION_CONTEXT(2) 
PARAMETRIC_REPRESENTATION_CONTEXT() REPRESENTATION_CONTEXT('2D SPACE',''
  ) );
#5319 = PCURVE('',#5320,#5325);
#5320 = PLANE('',#5321);
#5321 = AXIS2_PLACEMENT_3D('',#5322,#5323,#5324);
#5322 = CARTESIAN_POINT('',(0.,-10.6,62.755));
#5323 = DIRECTION('',(-0.,0.707106781187,0.707106781187));
#5324 = DIRECTION('',(0.,0.707106781187,-0.707106781187));
#5325 = DEFINITIONAL_REPRESENTATION('',(#5326),#5330);
#5326 = LINE('',#5327,#5328);
#5327 = CARTESIAN_POINT('',(3.910300499962,0.));
#5328 = VECTOR('',#5329,1.);
#5329 = DIRECTION('',(0.,-1.));
#5330 = ( GEOMETRIC_REPRESENTATION_CONTEXT(2) 
PARAMETRIC_REPRESENTATION_CONTEXT() REPRESENTATION_CONTEXT('2D SPACE',''
  ) );
#5331 = ORIENTED_EDGE('',*,*,#5332,.T.);
#5332 = EDGE_CURVE('',#5305,#5333,#5335,.T.);
#5333 = VERTEX_POINT('',#5334);
#5334 = CARTESIAN_POINT('',(137.45,-7.835,59.755));
#5335 = SURFACE_CURVE('',#5336,(#5340,#5346),.PCURVE_S1.);
#5336 = LINE('',#5337,#5338);
#5337 = CARTESIAN_POINT('',(137.45,-7.835,59.8725));
#5338 = VECTOR('',#5339,1.);
#5339 = DIRECTION('',(0.,0.,-1.));
#5340 = PCURVE('',#206,#5341);
#5341 = DEFINITIONAL_REPRESENTATION('',(#5342),#5345);
#5342 = B_SPLINE_CURVE_WITH_KNOTS('',1,(#5343,#5344),.UNSPECIFIED.,.F.,
  .F.,(2,2),(-0.1175,0.1175),.PIECEWISE_BEZIER_KNOTS.);
#5343 = CARTESIAN_POINT('',(0.,-137.45));
#5344 = CARTESIAN_POINT('',(0.235,-137.45));
#5345 = ( GEOMETRIC_REPRESENTATION_CONTEXT(2) 
PARAMETRIC_REPRESENTATION_CONTEXT() REPRESENTATION_CONTEXT('2D SPACE',''
  ) );
#5346 = PCURVE('',#2593,#5347);
#5347 = DEFINITIONAL_REPRESENTATION('',(#5348),#5351);
#5348 = B_SPLINE_CURVE_WITH_KNOTS('',1,(#5349,#5350),.UNSPECIFIED.,.F.,
  .F.,(2,2),(-0.1175,0.1175),.PIECEWISE_BEZIER_KNOTS.);
#5349 = CARTESIAN_POINT('',(0.235,-3.765));
#5350 = CARTESIAN_POINT('',(0.,-3.765));
#5351 = ( GEOMETRIC_REPRESENTATION_CONTEXT(2) 
PARAMETRIC_REPRESENTATION_CONTEXT() REPRESENTATION_CONTEXT('2D SPACE',''
  ) );
#5352 = ORIENTED_EDGE('',*,*,#5353,.T.);
#5353 = EDGE_CURVE('',#5333,#5354,#5356,.T.);
#5354 = VERTEX_POINT('',#5355);
#5355 = CARTESIAN_POINT('',(142.68,-7.835,59.755));
#5356 = SURFACE_CURVE('',#5357,(#5361,#5367),.PCURVE_S1.);
#5357 = LINE('',#5358,#5359);
#5358 = CARTESIAN_POINT('',(68.725,-7.835,59.755));
#5359 = VECTOR('',#5360,1.);
#5360 = DIRECTION('',(1.,0.,-0.));
#5361 = PCURVE('',#206,#5362);
#5362 = DEFINITIONAL_REPRESENTATION('',(#5363),#5366);
#5363 = B_SPLINE_CURVE_WITH_KNOTS('',1,(#5364,#5365),.UNSPECIFIED.,.F.,
  .F.,(2,2),(68.725,73.955),.PIECEWISE_BEZIER_KNOTS.);
#5364 = CARTESIAN_POINT('',(0.235,-137.45));
#5365 = CARTESIAN_POINT('',(0.235,-142.68));
#5366 = ( GEOMETRIC_REPRESENTATION_CONTEXT(2) 
PARAMETRIC_REPRESENTATION_CONTEXT() REPRESENTATION_CONTEXT('2D SPACE',''
  ) );
#5367 = PCURVE('',#2567,#5368);
#5368 = DEFINITIONAL_REPRESENTATION('',(#5369),#5372);
#5369 = B_SPLINE_CURVE_WITH_KNOTS('',1,(#5370,#5371),.UNSPECIFIED.,.F.,
  .F.,(2,2),(68.725,73.955),.PIECEWISE_BEZIER_KNOTS.);
#5370 = CARTESIAN_POINT('',(0.,3.765));
#5371 = CARTESIAN_POINT('',(5.23,3.765));
#5372 = ( GEOMETRIC_REPRESENTATION_CONTEXT(2) 
PARAMETRIC_REPRESENTATION_CONTEXT() REPRESENTATION_CONTEXT('2D SPACE',''
  ) );
#5373 = ORIENTED_EDGE('',*,*,#5374,.F.);
#5374 = EDGE_CURVE('',#5375,#5354,#5377,.T.);
#5375 = VERTEX_POINT('',#5376);
#5376 = CARTESIAN_POINT('',(142.68,-7.835,59.99));
#5377 = SURFACE_CURVE('',#5378,(#5382,#5388),.PCURVE_S1.);
#5378 = LINE('',#5379,#5380);
#5379 = CARTESIAN_POINT('',(142.68,-7.835,59.8725));
#5380 = VECTOR('',#5381,1.);
#5381 = DIRECTION('',(0.,0.,-1.));
#5382 = PCURVE('',#206,#5383);
#5383 = DEFINITIONAL_REPRESENTATION('',(#5384),#5387);
#5384 = B_SPLINE_CURVE_WITH_KNOTS('',1,(#5385,#5386),.UNSPECIFIED.,.F.,
  .F.,(2,2),(-0.1175,0.1175),.PIECEWISE_BEZIER_KNOTS.);
#5385 = CARTESIAN_POINT('',(0.,-142.68));
#5386 = CARTESIAN_POINT('',(0.235,-142.68));
#5387 = ( GEOMETRIC_REPRESENTATION_CONTEXT(2) 
PARAMETRIC_REPRESENTATION_CONTEXT() REPRESENTATION_CONTEXT('2D SPACE',''
  ) );
#5388 = PCURVE('',#2541,#5389);
#5389 = DEFINITIONAL_REPRESENTATION('',(#5390),#5393);
#5390 = B_SPLINE_CURVE_WITH_KNOTS('',1,(#5391,#5392),.UNSPECIFIED.,.F.,
  .F.,(2,2),(-0.1175,0.1175),.PIECEWISE_BEZIER_KNOTS.);
#5391 = CARTESIAN_POINT('',(0.235,-3.765));
#5392 = CARTESIAN_POINT('',(0.,-3.765));
#5393 = ( GEOMETRIC_REPRESENTATION_CONTEXT(2) 
PARAMETRIC_REPRESENTATION_CONTEXT() REPRESENTATION_CONTEXT('2D SPACE',''
  ) );
#5394 = ORIENTED_EDGE('',*,*,#5395,.T.);
#5395 = EDGE_CURVE('',#5375,#5396,#5398,.T.);
#5396 = VERTEX_POINT('',#5397);
#5397 = CARTESIAN_POINT('',(150.,-7.835,59.99));
#5398 = SURFACE_CURVE('',#5399,(#5403,#5410),.PCURVE_S1.);
#5399 = LINE('',#5400,#5401);
#5400 = CARTESIAN_POINT('',(0.,-7.835,59.99));
#5401 = VECTOR('',#5402,1.);
#5402 = DIRECTION('',(1.,0.,0.));
#5403 = PCURVE('',#206,#5404);
#5404 = DEFINITIONAL_REPRESENTATION('',(#5405),#5409);
#5405 = LINE('',#5406,#5407);
#5406 = CARTESIAN_POINT('',(0.,0.));
#5407 = VECTOR('',#5408,1.);
#5408 = DIRECTION('',(0.,-1.));
#5409 = ( GEOMETRIC_REPRESENTATION_CONTEXT(2) 
PARAMETRIC_REPRESENTATION_CONTEXT() REPRESENTATION_CONTEXT('2D SPACE',''
  ) );
#5410 = PCURVE('',#5411,#5416);
#5411 = PLANE('',#5412);
#5412 = AXIS2_PLACEMENT_3D('',#5413,#5414,#5415);
#5413 = CARTESIAN_POINT('',(0.,-10.6,62.755));
#5414 = DIRECTION('',(-0.,0.707106781187,0.707106781187));
#5415 = DIRECTION('',(0.,0.707106781187,-0.707106781187));
#5416 = DEFINITIONAL_REPRESENTATION('',(#5417),#5421);
#5417 = LINE('',#5418,#5419);
#5418 = CARTESIAN_POINT('',(3.910300499962,0.));
#5419 = VECTOR('',#5420,1.);
#5420 = DIRECTION('',(0.,-1.));
#5421 = ( GEOMETRIC_REPRESENTATION_CONTEXT(2) 
PARAMETRIC_REPRESENTATION_CONTEXT() REPRESENTATION_CONTEXT('2D SPACE',''
  ) );
#5422 = ORIENTED_EDGE('',*,*,#5423,.T.);
#5423 = EDGE_CURVE('',#5396,#5424,#5426,.T.);
#5424 = VERTEX_POINT('',#5425);
#5425 = CARTESIAN_POINT('',(150.,-7.835,58.5));
#5426 = SURFACE_CURVE('',#5427,(#5431,#5438),.PCURVE_S1.);
#5427 = LINE('',#5428,#5429);
#5428 = CARTESIAN_POINT('',(150.,-7.835,59.99));
#5429 = VECTOR('',#5430,1.);
#5430 = DIRECTION('',(0.,0.,-1.));
#5431 = PCURVE('',#206,#5432);
#5432 = DEFINITIONAL_REPRESENTATION('',(#5433),#5437);
#5433 = LINE('',#5434,#5435);
#5434 = CARTESIAN_POINT('',(0.,-150.));
#5435 = VECTOR('',#5436,1.);
#5436 = DIRECTION('',(1.,0.));
#5437 = ( GEOMETRIC_REPRESENTATION_CONTEXT(2) 
PARAMETRIC_REPRESENTATION_CONTEXT() REPRESENTATION_CONTEXT('2D SPACE',''
  ) );
#5438 = PCURVE('',#2293,#5439);
#5439 = DEFINITIONAL_REPRESENTATION('',(#5440),#5444);
#5440 = LINE('',#5441,#5442);
#5441 = CARTESIAN_POINT('',(-27.15455376016,-7.687602792997));
#5442 = VECTOR('',#5443,1.);
#5443 = DIRECTION('',(1.,0.));
#5444 = ( GEOMETRIC_REPRESENTATION_CONTEXT(2) 
PARAMETRIC_REPRESENTATION_CONTEXT() REPRESENTATION_CONTEXT('2D SPACE',''
  ) );
#5445 = ORIENTED_EDGE('',*,*,#5446,.T.);
#5446 = EDGE_CURVE('',#5424,#163,#5447,.T.);
#5447 = SURFACE_CURVE('',#5448,(#5452,#5458),.PCURVE_S1.);
#5448 = LINE('',#5449,#5450);
#5449 = CARTESIAN_POINT('',(0.,-7.835,58.5));
#5450 = VECTOR('',#5451,1.);
#5451 = DIRECTION('',(-1.,-0.,0.));
#5452 = PCURVE('',#206,#5453);
#5453 = DEFINITIONAL_REPRESENTATION('',(#5454),#5457);
#5454 = B_SPLINE_CURVE_WITH_KNOTS('',1,(#5455,#5456),.UNSPECIFIED.,.F.,
  .F.,(2,2),(-150.,0.),.PIECEWISE_BEZIER_KNOTS.);
#5455 = CARTESIAN_POINT('',(1.49,-150.));
#5456 = CARTESIAN_POINT('',(1.49,0.));
#5457 = ( GEOMETRIC_REPRESENTATION_CONTEXT(2) 
PARAMETRIC_REPRESENTATION_CONTEXT() REPRESENTATION_CONTEXT('2D SPACE',''
  ) );
#5458 = PCURVE('',#178,#5459);
#5459 = DEFINITIONAL_REPRESENTATION('',(#5460),#5463);
#5460 = B_SPLINE_CURVE_WITH_KNOTS('',1,(#5461,#5462),.UNSPECIFIED.,.F.,
  .F.,(2,2),(-150.,0.),.PIECEWISE_BEZIER_KNOTS.);
#5461 = CARTESIAN_POINT('',(10.165,-150.));
#5462 = CARTESIAN_POINT('',(10.165,0.));
#5463 = ( GEOMETRIC_REPRESENTATION_CONTEXT(2) 
PARAMETRIC_REPRESENTATION_CONTEXT() REPRESENTATION_CONTEXT('2D SPACE',''
  ) );
#5464 = ADVANCED_FACE('',(#5465),#178,.T.);
#5465 = FACE_BOUND('',#5466,.T.);
#5466 = EDGE_LOOP('',(#5467,#5468,#5491,#5512));
#5467 = ORIENTED_EDGE('',*,*,#162,.F.);
#5468 = ORIENTED_EDGE('',*,*,#5469,.T.);
#5469 = EDGE_CURVE('',#135,#5470,#5472,.T.);
#5470 = VERTEX_POINT('',#5471);
#5471 = CARTESIAN_POINT('',(150.,-18.,58.5));
#5472 = SURFACE_CURVE('',#5473,(#5477,#5484),.PCURVE_S1.);
#5473 = LINE('',#5474,#5475);
#5474 = CARTESIAN_POINT('',(0.,-18.,58.5));
#5475 = VECTOR('',#5476,1.);
#5476 = DIRECTION('',(1.,0.,0.));
#5477 = PCURVE('',#178,#5478);
#5478 = DEFINITIONAL_REPRESENTATION('',(#5479),#5483);
#5479 = LINE('',#5480,#5481);
#5480 = CARTESIAN_POINT('',(0.,0.));
#5481 = VECTOR('',#5482,1.);
#5482 = DIRECTION('',(0.,-1.));
#5483 = ( GEOMETRIC_REPRESENTATION_CONTEXT(2) 
PARAMETRIC_REPRESENTATION_CONTEXT() REPRESENTATION_CONTEXT('2D SPACE',''
  ) );
#5484 = PCURVE('',#150,#5485);
#5485 = DEFINITIONAL_REPRESENTATION('',(#5486),#5490);
#5486 = LINE('',#5487,#5488);
#5487 = CARTESIAN_POINT('',(23.264780248264,0.));
#5488 = VECTOR('',#5489,1.);
#5489 = DIRECTION('',(0.,-1.));
#5490 = ( GEOMETRIC_REPRESENTATION_CONTEXT(2) 
PARAMETRIC_REPRESENTATION_CONTEXT() REPRESENTATION_CONTEXT('2D SPACE',''
  ) );
#5491 = ORIENTED_EDGE('',*,*,#5492,.T.);
#5492 = EDGE_CURVE('',#5470,#5424,#5493,.T.);
#5493 = SURFACE_CURVE('',#5494,(#5498,#5505),.PCURVE_S1.);
#5494 = LINE('',#5495,#5496);
#5495 = CARTESIAN_POINT('',(150.,-18.,58.5));
#5496 = VECTOR('',#5497,1.);
#5497 = DIRECTION('',(0.,1.,0.));
#5498 = PCURVE('',#178,#5499);
#5499 = DEFINITIONAL_REPRESENTATION('',(#5500),#5504);
#5500 = LINE('',#5501,#5502);
#5501 = CARTESIAN_POINT('',(0.,-150.));
#5502 = VECTOR('',#5503,1.);
#5503 = DIRECTION('',(1.,0.));
#5504 = ( GEOMETRIC_REPRESENTATION_CONTEXT(2) 
PARAMETRIC_REPRESENTATION_CONTEXT() REPRESENTATION_CONTEXT('2D SPACE',''
  ) );
#5505 = PCURVE('',#2293,#5506);
#5506 = DEFINITIONAL_REPRESENTATION('',(#5507),#5511);
#5507 = LINE('',#5508,#5509);
#5508 = CARTESIAN_POINT('',(-25.66455376016,2.477397207003));
#5509 = VECTOR('',#5510,1.);
#5510 = DIRECTION('',(0.,-1.));
#5511 = ( GEOMETRIC_REPRESENTATION_CONTEXT(2) 
PARAMETRIC_REPRESENTATION_CONTEXT() REPRESENTATION_CONTEXT('2D SPACE',''
  ) );
#5512 = ORIENTED_EDGE('',*,*,#5446,.T.);
#5513 = ADVANCED_FACE('',(#5514,#5583,#5608,#5633,#5658,#5683,#5708,
    #5733,#5758,#5783,#5808,#5833),#150,.T.);
#5514 = FACE_BOUND('',#5515,.T.);
#5515 = EDGE_LOOP('',(#5516,#5517,#5540,#5561,#5582));
#5516 = ORIENTED_EDGE('',*,*,#134,.F.);
#5517 = ORIENTED_EDGE('',*,*,#5518,.T.);
#5518 = EDGE_CURVE('',#107,#5519,#5521,.T.);
#5519 = VERTEX_POINT('',#5520);
#5520 = CARTESIAN_POINT('',(145.15827338129,-29.,38.));
#5521 = SURFACE_CURVE('',#5522,(#5526,#5533),.PCURVE_S1.);
#5522 = LINE('',#5523,#5524);
#5523 = CARTESIAN_POINT('',(0.,-29.,38.));
#5524 = VECTOR('',#5525,1.);
#5525 = DIRECTION('',(1.,0.,0.));
#5526 = PCURVE('',#150,#5527);
#5527 = DEFINITIONAL_REPRESENTATION('',(#5528),#5532);
#5528 = LINE('',#5529,#5530);
#5529 = CARTESIAN_POINT('',(0.,0.));
#5530 = VECTOR('',#5531,1.);
#5531 = DIRECTION('',(0.,-1.));
#5532 = ( GEOMETRIC_REPRESENTATION_CONTEXT(2) 
PARAMETRIC_REPRESENTATION_CONTEXT() REPRESENTATION_CONTEXT('2D SPACE',''
  ) );
#5533 = PCURVE('',#122,#5534);
#5534 = DEFINITIONAL_REPRESENTATION('',(#5535),#5539);
#5535 = LINE('',#5536,#5537);
#5536 = CARTESIAN_POINT('',(44.5,0.));
#5537 = VECTOR('',#5538,1.);
#5538 = DIRECTION('',(0.,-1.));
#5539 = ( GEOMETRIC_REPRESENTATION_CONTEXT(2) 
PARAMETRIC_REPRESENTATION_CONTEXT() REPRESENTATION_CONTEXT('2D SPACE',''
  ) );
#5540 = ORIENTED_EDGE('',*,*,#5541,.T.);
#5541 = EDGE_CURVE('',#5519,#5542,#5544,.T.);
#5542 = VERTEX_POINT('',#5543);
#5543 = CARTESIAN_POINT('',(150.,-22.77375946173,49.603448275862));
#5544 = SURFACE_CURVE('',#5545,(#5549,#5555),.PCURVE_S1.);
#5545 = LINE('',#5546,#5547);
#5546 = CARTESIAN_POINT('',(141.08116230926,-34.24297967126,
    28.228992430828));
#5547 = VECTOR('',#5548,1.);
#5548 = DIRECTION('',(0.345091545594,0.443772054848,0.82702973858));
#5549 = PCURVE('',#150,#5550);
#5550 = DEFINITIONAL_REPRESENTATION('',(#5551),#5554);
#5551 = B_SPLINE_CURVE_WITH_KNOTS('',1,(#5552,#5553),.UNSPECIFIED.,.F.,
  .F.,(2,2),(11.814578259242,25.844845533291),.PIECEWISE_BEZIER_KNOTS.);
#5552 = CARTESIAN_POINT('',(7.105427357601E-15,-145.1582733812));
#5553 = CARTESIAN_POINT('',(13.168374354147,-150.));
#5554 = ( GEOMETRIC_REPRESENTATION_CONTEXT(2) 
PARAMETRIC_REPRESENTATION_CONTEXT() REPRESENTATION_CONTEXT('2D SPACE',''
  ) );
#5555 = PCURVE('',#646,#5556);
#5556 = DEFINITIONAL_REPRESENTATION('',(#5557),#5560);
#5557 = B_SPLINE_CURVE_WITH_KNOTS('',1,(#5558,#5559),.UNSPECIFIED.,.F.,
  .F.,(2,2),(11.814578259242,25.844845533291),.PIECEWISE_BEZIER_KNOTS.);
#5558 = CARTESIAN_POINT('',(15.169896831808,-29.));
#5559 = CARTESIAN_POINT('',(2.596817314805,-22.77375946173));
#5560 = ( GEOMETRIC_REPRESENTATION_CONTEXT(2) 
PARAMETRIC_REPRESENTATION_CONTEXT() REPRESENTATION_CONTEXT('2D SPACE',''
  ) );
#5561 = ORIENTED_EDGE('',*,*,#5562,.T.);
#5562 = EDGE_CURVE('',#5542,#5470,#5563,.T.);
#5563 = SURFACE_CURVE('',#5564,(#5568,#5575),.PCURVE_S1.);
#5564 = LINE('',#5565,#5566);
#5565 = CARTESIAN_POINT('',(150.,-29.,38.));
#5566 = VECTOR('',#5567,1.);
#5567 = DIRECTION('',(0.,0.472817704815,0.881160268064));
#5568 = PCURVE('',#150,#5569);
#5569 = DEFINITIONAL_REPRESENTATION('',(#5570),#5574);
#5570 = LINE('',#5571,#5572);
#5571 = CARTESIAN_POINT('',(0.,-150.));
#5572 = VECTOR('',#5573,1.);
#5573 = DIRECTION('',(1.,0.));
#5574 = ( GEOMETRIC_REPRESENTATION_CONTEXT(2) 
PARAMETRIC_REPRESENTATION_CONTEXT() REPRESENTATION_CONTEXT('2D SPACE',''
  ) );
#5575 = PCURVE('',#2293,#5576);
#5576 = DEFINITIONAL_REPRESENTATION('',(#5577),#5581);
#5577 = LINE('',#5578,#5579);
#5578 = CARTESIAN_POINT('',(-5.164553760167,13.477397207003));
#5579 = VECTOR('',#5580,1.);
#5580 = DIRECTION('',(-0.881160268064,-0.472817704815));
#5581 = ( GEOMETRIC_REPRESENTATION_CONTEXT(2) 
PARAMETRIC_REPRESENTATION_CONTEXT() REPRESENTATION_CONTEXT('2D SPACE',''
  ) );
#5582 = ORIENTED_EDGE('',*,*,#5469,.F.);
#5583 = FACE_BOUND('',#5584,.T.);
#5584 = EDGE_LOOP('',(#5585));
#5585 = ORIENTED_EDGE('',*,*,#5586,.F.);
#5586 = EDGE_CURVE('',#5587,#5587,#5589,.T.);
#5587 = VERTEX_POINT('',#5588);
#5588 = CARTESIAN_POINT('',(121.05,-23.5,48.25));
#5589 = SURFACE_CURVE('',#5590,(#5595,#5602),.PCURVE_S1.);
#5590 = CIRCLE('',#5591,3.);
#5591 = AXIS2_PLACEMENT_3D('',#5592,#5593,#5594);
#5592 = CARTESIAN_POINT('',(118.05,-23.5,48.25));
#5593 = DIRECTION('',(0.,-0.881160268064,0.472817704815));
#5594 = DIRECTION('',(1.,0.,0.));
#5595 = PCURVE('',#150,#5596);
#5596 = DEFINITIONAL_REPRESENTATION('',(#5597),#5601);
#5597 = CIRCLE('',#5598,3.);
#5598 = AXIS2_PLACEMENT_2D('',#5599,#5600);
#5599 = CARTESIAN_POINT('',(11.632390124132,-118.05));
#5600 = DIRECTION('',(0.,-1.));
#5601 = ( GEOMETRIC_REPRESENTATION_CONTEXT(2) 
PARAMETRIC_REPRESENTATION_CONTEXT() REPRESENTATION_CONTEXT('2D SPACE',''
  ) );
#5602 = PCURVE('',#1383,#5603);
#5603 = DEFINITIONAL_REPRESENTATION('',(#5604),#5607);
#5604 = B_SPLINE_CURVE_WITH_KNOTS('',1,(#5605,#5606),.UNSPECIFIED.,.F.,
  .F.,(2,2),(0.,6.28318530718),.PIECEWISE_BEZIER_KNOTS.);
#5605 = CARTESIAN_POINT('',(0.,0.));
#5606 = CARTESIAN_POINT('',(6.28318530718,0.));
#5607 = ( GEOMETRIC_REPRESENTATION_CONTEXT(2) 
PARAMETRIC_REPRESENTATION_CONTEXT() REPRESENTATION_CONTEXT('2D SPACE',''
  ) );
#5608 = FACE_BOUND('',#5609,.T.);
#5609 = EDGE_LOOP('',(#5610));
#5610 = ORIENTED_EDGE('',*,*,#5611,.F.);
#5611 = EDGE_CURVE('',#5612,#5612,#5614,.T.);
#5612 = VERTEX_POINT('',#5613);
#5613 = CARTESIAN_POINT('',(111.04,-23.5,48.25));
#5614 = SURFACE_CURVE('',#5615,(#5620,#5627),.PCURVE_S1.);
#5615 = CIRCLE('',#5616,3.);
#5616 = AXIS2_PLACEMENT_3D('',#5617,#5618,#5619);
#5617 = CARTESIAN_POINT('',(108.04,-23.5,48.25));
#5618 = DIRECTION('',(0.,-0.881160268064,0.472817704815));
#5619 = DIRECTION('',(1.,0.,0.));
#5620 = PCURVE('',#150,#5621);
#5621 = DEFINITIONAL_REPRESENTATION('',(#5622),#5626);
#5622 = CIRCLE('',#5623,3.);
#5623 = AXIS2_PLACEMENT_2D('',#5624,#5625);
#5624 = CARTESIAN_POINT('',(11.632390124132,-108.04));
#5625 = DIRECTION('',(0.,-1.));
#5626 = ( GEOMETRIC_REPRESENTATION_CONTEXT(2) 
PARAMETRIC_REPRESENTATION_CONTEXT() REPRESENTATION_CONTEXT('2D SPACE',''
  ) );
#5627 = PCURVE('',#1444,#5628);
#5628 = DEFINITIONAL_REPRESENTATION('',(#5629),#5632);
#5629 = B_SPLINE_CURVE_WITH_KNOTS('',1,(#5630,#5631),.UNSPECIFIED.,.F.,
  .F.,(2,2),(0.,6.28318530718),.PIECEWISE_BEZIER_KNOTS.);
#5630 = CARTESIAN_POINT('',(0.,0.));
#5631 = CARTESIAN_POINT('',(6.28318530718,0.));
#5632 = ( GEOMETRIC_REPRESENTATION_CONTEXT(2) 
PARAMETRIC_REPRESENTATION_CONTEXT() REPRESENTATION_CONTEXT('2D SPACE',''
  ) );
#5633 = FACE_BOUND('',#5634,.T.);
#5634 = EDGE_LOOP('',(#5635));
#5635 = ORIENTED_EDGE('',*,*,#5636,.F.);
#5636 = EDGE_CURVE('',#5637,#5637,#5639,.T.);
#5637 = VERTEX_POINT('',#5638);
#5638 = CARTESIAN_POINT('',(101.03,-23.5,48.25));
#5639 = SURFACE_CURVE('',#5640,(#5645,#5652),.PCURVE_S1.);
#5640 = CIRCLE('',#5641,3.);
#5641 = AXIS2_PLACEMENT_3D('',#5642,#5643,#5644);
#5642 = CARTESIAN_POINT('',(98.03,-23.5,48.25));
#5643 = DIRECTION('',(0.,-0.881160268064,0.472817704815));
#5644 = DIRECTION('',(1.,0.,0.));
#5645 = PCURVE('',#150,#5646);
#5646 = DEFINITIONAL_REPRESENTATION('',(#5647),#5651);
#5647 = CIRCLE('',#5648,3.);
#5648 = AXIS2_PLACEMENT_2D('',#5649,#5650);
#5649 = CARTESIAN_POINT('',(11.632390124132,-98.03));
#5650 = DIRECTION('',(0.,-1.));
#5651 = ( GEOMETRIC_REPRESENTATION_CONTEXT(2) 
PARAMETRIC_REPRESENTATION_CONTEXT() REPRESENTATION_CONTEXT('2D SPACE',''
  ) );
#5652 = PCURVE('',#1505,#5653);
#5653 = DEFINITIONAL_REPRESENTATION('',(#5654),#5657);
#5654 = B_SPLINE_CURVE_WITH_KNOTS('',1,(#5655,#5656),.UNSPECIFIED.,.F.,
  .F.,(2,2),(0.,6.28318530718),.PIECEWISE_BEZIER_KNOTS.);
#5655 = CARTESIAN_POINT('',(0.,0.));
#5656 = CARTESIAN_POINT('',(6.28318530718,0.));
#5657 = ( GEOMETRIC_REPRESENTATION_CONTEXT(2) 
PARAMETRIC_REPRESENTATION_CONTEXT() REPRESENTATION_CONTEXT('2D SPACE',''
  ) );
#5658 = FACE_BOUND('',#5659,.T.);
#5659 = EDGE_LOOP('',(#5660));
#5660 = ORIENTED_EDGE('',*,*,#5661,.F.);
#5661 = EDGE_CURVE('',#5662,#5662,#5664,.T.);
#5662 = VERTEX_POINT('',#5663);
#5663 = CARTESIAN_POINT('',(91.02,-23.5,48.25));
#5664 = SURFACE_CURVE('',#5665,(#5670,#5677),.PCURVE_S1.);
#5665 = CIRCLE('',#5666,3.);
#5666 = AXIS2_PLACEMENT_3D('',#5667,#5668,#5669);
#5667 = CARTESIAN_POINT('',(88.02,-23.5,48.25));
#5668 = DIRECTION('',(0.,-0.881160268064,0.472817704815));
#5669 = DIRECTION('',(1.,0.,0.));
#5670 = PCURVE('',#150,#5671);
#5671 = DEFINITIONAL_REPRESENTATION('',(#5672),#5676);
#5672 = CIRCLE('',#5673,3.);
#5673 = AXIS2_PLACEMENT_2D('',#5674,#5675);
#5674 = CARTESIAN_POINT('',(11.632390124132,-88.02));
#5675 = DIRECTION('',(0.,-1.));
#5676 = ( GEOMETRIC_REPRESENTATION_CONTEXT(2) 
PARAMETRIC_REPRESENTATION_CONTEXT() REPRESENTATION_CONTEXT('2D SPACE',''
  ) );
#5677 = PCURVE('',#1566,#5678);
#5678 = DEFINITIONAL_REPRESENTATION('',(#5679),#5682);
#5679 = B_SPLINE_CURVE_WITH_KNOTS('',1,(#5680,#5681),.UNSPECIFIED.,.F.,
  .F.,(2,2),(0.,6.28318530718),.PIECEWISE_BEZIER_KNOTS.);
#5680 = CARTESIAN_POINT('',(0.,0.));
#5681 = CARTESIAN_POINT('',(6.28318530718,0.));
#5682 = ( GEOMETRIC_REPRESENTATION_CONTEXT(2) 
PARAMETRIC_REPRESENTATION_CONTEXT() REPRESENTATION_CONTEXT('2D SPACE',''
  ) );
#5683 = FACE_BOUND('',#5684,.T.);
#5684 = EDGE_LOOP('',(#5685));
#5685 = ORIENTED_EDGE('',*,*,#5686,.F.);
#5686 = EDGE_CURVE('',#5687,#5687,#5689,.T.);
#5687 = VERTEX_POINT('',#5688);
#5688 = CARTESIAN_POINT('',(81.01,-23.5,48.25));
#5689 = SURFACE_CURVE('',#5690,(#5695,#5702),.PCURVE_S1.);
#5690 = CIRCLE('',#5691,3.);
#5691 = AXIS2_PLACEMENT_3D('',#5692,#5693,#5694);
#5692 = CARTESIAN_POINT('',(78.01,-23.5,48.25));
#5693 = DIRECTION('',(0.,-0.881160268064,0.472817704815));
#5694 = DIRECTION('',(1.,0.,0.));
#5695 = PCURVE('',#150,#5696);
#5696 = DEFINITIONAL_REPRESENTATION('',(#5697),#5701);
#5697 = CIRCLE('',#5698,3.);
#5698 = AXIS2_PLACEMENT_2D('',#5699,#5700);
#5699 = CARTESIAN_POINT('',(11.632390124132,-78.01));
#5700 = DIRECTION('',(0.,-1.));
#5701 = ( GEOMETRIC_REPRESENTATION_CONTEXT(2) 
PARAMETRIC_REPRESENTATION_CONTEXT() REPRESENTATION_CONTEXT('2D SPACE',''
  ) );
#5702 = PCURVE('',#1627,#5703);
#5703 = DEFINITIONAL_REPRESENTATION('',(#5704),#5707);
#5704 = B_SPLINE_CURVE_WITH_KNOTS('',1,(#5705,#5706),.UNSPECIFIED.,.F.,
  .F.,(2,2),(0.,6.28318530718),.PIECEWISE_BEZIER_KNOTS.);
#5705 = CARTESIAN_POINT('',(0.,0.));
#5706 = CARTESIAN_POINT('',(6.28318530718,0.));
#5707 = ( GEOMETRIC_REPRESENTATION_CONTEXT(2) 
PARAMETRIC_REPRESENTATION_CONTEXT() REPRESENTATION_CONTEXT('2D SPACE',''
  ) );
#5708 = FACE_BOUND('',#5709,.T.);
#5709 = EDGE_LOOP('',(#5710));
#5710 = ORIENTED_EDGE('',*,*,#5711,.F.);
#5711 = EDGE_CURVE('',#5712,#5712,#5714,.T.);
#5712 = VERTEX_POINT('',#5713);
#5713 = CARTESIAN_POINT('',(71.,-23.5,48.25));
#5714 = SURFACE_CURVE('',#5715,(#5720,#5727),.PCURVE_S1.);
#5715 = CIRCLE('',#5716,3.);
#5716 = AXIS2_PLACEMENT_3D('',#5717,#5718,#5719);
#5717 = CARTESIAN_POINT('',(68.,-23.5,48.25));
#5718 = DIRECTION('',(0.,-0.881160268064,0.472817704815));
#5719 = DIRECTION('',(1.,0.,0.));
#5720 = PCURVE('',#150,#5721);
#5721 = DEFINITIONAL_REPRESENTATION('',(#5722),#5726);
#5722 = CIRCLE('',#5723,3.);
#5723 = AXIS2_PLACEMENT_2D('',#5724,#5725);
#5724 = CARTESIAN_POINT('',(11.632390124132,-68.));
#5725 = DIRECTION('',(0.,-1.));
#5726 = ( GEOMETRIC_REPRESENTATION_CONTEXT(2) 
PARAMETRIC_REPRESENTATION_CONTEXT() REPRESENTATION_CONTEXT('2D SPACE',''
  ) );
#5727 = PCURVE('',#1843,#5728);
#5728 = DEFINITIONAL_REPRESENTATION('',(#5729),#5732);
#5729 = B_SPLINE_CURVE_WITH_KNOTS('',1,(#5730,#5731),.UNSPECIFIED.,.F.,
  .F.,(2,2),(0.,6.28318530718),.PIECEWISE_BEZIER_KNOTS.);
#5730 = CARTESIAN_POINT('',(0.,0.));
#5731 = CARTESIAN_POINT('',(6.28318530718,0.));
#5732 = ( GEOMETRIC_REPRESENTATION_CONTEXT(2) 
PARAMETRIC_REPRESENTATION_CONTEXT() REPRESENTATION_CONTEXT('2D SPACE',''
  ) );
#5733 = FACE_BOUND('',#5734,.T.);
#5734 = EDGE_LOOP('',(#5735));
#5735 = ORIENTED_EDGE('',*,*,#5736,.F.);
#5736 = EDGE_CURVE('',#5737,#5737,#5739,.T.);
#5737 = VERTEX_POINT('',#5738);
#5738 = CARTESIAN_POINT('',(60.99,-23.5,48.25));
#5739 = SURFACE_CURVE('',#5740,(#5745,#5752),.PCURVE_S1.);
#5740 = CIRCLE('',#5741,3.);
#5741 = AXIS2_PLACEMENT_3D('',#5742,#5743,#5744);
#5742 = CARTESIAN_POINT('',(57.99,-23.5,48.25));
#5743 = DIRECTION('',(0.,-0.881160268064,0.472817704815));
#5744 = DIRECTION('',(1.,0.,0.));
#5745 = PCURVE('',#150,#5746);
#5746 = DEFINITIONAL_REPRESENTATION('',(#5747),#5751);
#5747 = CIRCLE('',#5748,3.);
#5748 = AXIS2_PLACEMENT_2D('',#5749,#5750);
#5749 = CARTESIAN_POINT('',(11.632390124132,-57.99));
#5750 = DIRECTION('',(0.,-1.));
#5751 = ( GEOMETRIC_REPRESENTATION_CONTEXT(2) 
PARAMETRIC_REPRESENTATION_CONTEXT() REPRESENTATION_CONTEXT('2D SPACE',''
  ) );
#5752 = PCURVE('',#1904,#5753);
#5753 = DEFINITIONAL_REPRESENTATION('',(#5754),#5757);
#5754 = B_SPLINE_CURVE_WITH_KNOTS('',1,(#5755,#5756),.UNSPECIFIED.,.F.,
  .F.,(2,2),(0.,6.28318530718),.PIECEWISE_BEZIER_KNOTS.);
#5755 = CARTESIAN_POINT('',(0.,0.));
#5756 = CARTESIAN_POINT('',(6.28318530718,0.));
#5757 = ( GEOMETRIC_REPRESENTATION_CONTEXT(2) 
PARAMETRIC_REPRESENTATION_CONTEXT() REPRESENTATION_CONTEXT('2D SPACE',''
  ) );
#5758 = FACE_BOUND('',#5759,.T.);
#5759 = EDGE_LOOP('',(#5760));
#5760 = ORIENTED_EDGE('',*,*,#5761,.F.);
#5761 = EDGE_CURVE('',#5762,#5762,#5764,.T.);
#5762 = VERTEX_POINT('',#5763);
#5763 = CARTESIAN_POINT('',(50.98,-23.5,48.25));
#5764 = SURFACE_CURVE('',#5765,(#5770,#5777),.PCURVE_S1.);
#5765 = CIRCLE('',#5766,3.);
#5766 = AXIS2_PLACEMENT_3D('',#5767,#5768,#5769);
#5767 = CARTESIAN_POINT('',(47.98,-23.5,48.25));
#5768 = DIRECTION('',(0.,-0.881160268064,0.472817704815));
#5769 = DIRECTION('',(1.,0.,0.));
#5770 = PCURVE('',#150,#5771);
#5771 = DEFINITIONAL_REPRESENTATION('',(#5772),#5776);
#5772 = CIRCLE('',#5773,3.);
#5773 = AXIS2_PLACEMENT_2D('',#5774,#5775);
#5774 = CARTESIAN_POINT('',(11.632390124132,-47.98));
#5775 = DIRECTION('',(0.,-1.));
#5776 = ( GEOMETRIC_REPRESENTATION_CONTEXT(2) 
PARAMETRIC_REPRESENTATION_CONTEXT() REPRESENTATION_CONTEXT('2D SPACE',''
  ) );
#5777 = PCURVE('',#1965,#5778);
#5778 = DEFINITIONAL_REPRESENTATION('',(#5779),#5782);
#5779 = B_SPLINE_CURVE_WITH_KNOTS('',1,(#5780,#5781),.UNSPECIFIED.,.F.,
  .F.,(2,2),(0.,6.28318530718),.PIECEWISE_BEZIER_KNOTS.);
#5780 = CARTESIAN_POINT('',(0.,0.));
#5781 = CARTESIAN_POINT('',(6.28318530718,0.));
#5782 = ( GEOMETRIC_REPRESENTATION_CONTEXT(2) 
PARAMETRIC_REPRESENTATION_CONTEXT() REPRESENTATION_CONTEXT('2D SPACE',''
  ) );
#5783 = FACE_BOUND('',#5784,.T.);
#5784 = EDGE_LOOP('',(#5785));
#5785 = ORIENTED_EDGE('',*,*,#5786,.F.);
#5786 = EDGE_CURVE('',#5787,#5787,#5789,.T.);
#5787 = VERTEX_POINT('',#5788);
#5788 = CARTESIAN_POINT('',(40.97,-23.5,48.25));
#5789 = SURFACE_CURVE('',#5790,(#5795,#5802),.PCURVE_S1.);
#5790 = CIRCLE('',#5791,3.);
#5791 = AXIS2_PLACEMENT_3D('',#5792,#5793,#5794);
#5792 = CARTESIAN_POINT('',(37.97,-23.5,48.25));
#5793 = DIRECTION('',(0.,-0.881160268064,0.472817704815));
#5794 = DIRECTION('',(1.,0.,0.));
#5795 = PCURVE('',#150,#5796);
#5796 = DEFINITIONAL_REPRESENTATION('',(#5797),#5801);
#5797 = CIRCLE('',#5798,3.);
#5798 = AXIS2_PLACEMENT_2D('',#5799,#5800);
#5799 = CARTESIAN_POINT('',(11.632390124132,-37.97));
#5800 = DIRECTION('',(0.,-1.));
#5801 = ( GEOMETRIC_REPRESENTATION_CONTEXT(2) 
PARAMETRIC_REPRESENTATION_CONTEXT() REPRESENTATION_CONTEXT('2D SPACE',''
  ) );
#5802 = PCURVE('',#2026,#5803);
#5803 = DEFINITIONAL_REPRESENTATION('',(#5804),#5807);
#5804 = B_SPLINE_CURVE_WITH_KNOTS('',1,(#5805,#5806),.UNSPECIFIED.,.F.,
  .F.,(2,2),(0.,6.28318530718),.PIECEWISE_BEZIER_KNOTS.);
#5805 = CARTESIAN_POINT('',(0.,0.));
#5806 = CARTESIAN_POINT('',(6.28318530718,0.));
#5807 = ( GEOMETRIC_REPRESENTATION_CONTEXT(2) 
PARAMETRIC_REPRESENTATION_CONTEXT() REPRESENTATION_CONTEXT('2D SPACE',''
  ) );
#5808 = FACE_BOUND('',#5809,.T.);
#5809 = EDGE_LOOP('',(#5810));
#5810 = ORIENTED_EDGE('',*,*,#5811,.F.);
#5811 = EDGE_CURVE('',#5812,#5812,#5814,.T.);
#5812 = VERTEX_POINT('',#5813);
#5813 = CARTESIAN_POINT('',(30.96,-23.5,48.25));
#5814 = SURFACE_CURVE('',#5815,(#5820,#5827),.PCURVE_S1.);
#5815 = CIRCLE('',#5816,3.);
#5816 = AXIS2_PLACEMENT_3D('',#5817,#5818,#5819);
#5817 = CARTESIAN_POINT('',(27.96,-23.5,48.25));
#5818 = DIRECTION('',(0.,-0.881160268064,0.472817704815));
#5819 = DIRECTION('',(1.,0.,0.));
#5820 = PCURVE('',#150,#5821);
#5821 = DEFINITIONAL_REPRESENTATION('',(#5822),#5826);
#5822 = CIRCLE('',#5823,3.);
#5823 = AXIS2_PLACEMENT_2D('',#5824,#5825);
#5824 = CARTESIAN_POINT('',(11.632390124132,-27.96));
#5825 = DIRECTION('',(0.,-1.));
#5826 = ( GEOMETRIC_REPRESENTATION_CONTEXT(2) 
PARAMETRIC_REPRESENTATION_CONTEXT() REPRESENTATION_CONTEXT('2D SPACE',''
  ) );
#5827 = PCURVE('',#2087,#5828);
#5828 = DEFINITIONAL_REPRESENTATION('',(#5829),#5832);
#5829 = B_SPLINE_CURVE_WITH_KNOTS('',1,(#5830,#5831),.UNSPECIFIED.,.F.,
  .F.,(2,2),(0.,6.28318530718),.PIECEWISE_BEZIER_KNOTS.);
#5830 = CARTESIAN_POINT('',(0.,0.));
#5831 = CARTESIAN_POINT('',(6.28318530718,0.));
#5832 = ( GEOMETRIC_REPRESENTATION_CONTEXT(2) 
PARAMETRIC_REPRESENTATION_CONTEXT() REPRESENTATION_CONTEXT('2D SPACE',''
  ) );
#5833 = FACE_BOUND('',#5834,.T.);
#5834 = EDGE_LOOP('',(#5835));
#5835 = ORIENTED_EDGE('',*,*,#5836,.F.);
#5836 = EDGE_CURVE('',#5837,#5837,#5839,.T.);
#5837 = VERTEX_POINT('',#5838);
#5838 = CARTESIAN_POINT('',(20.95,-23.5,48.25));
#5839 = SURFACE_CURVE('',#5840,(#5845,#5852),.PCURVE_S1.);
#5840 = CIRCLE('',#5841,3.);
#5841 = AXIS2_PLACEMENT_3D('',#5842,#5843,#5844);
#5842 = CARTESIAN_POINT('',(17.95,-23.5,48.25));
#5843 = DIRECTION('',(0.,-0.881160268064,0.472817704815));
#5844 = DIRECTION('',(1.,0.,0.));
#5845 = PCURVE('',#150,#5846);
#5846 = DEFINITIONAL_REPRESENTATION('',(#5847),#5851);
#5847 = CIRCLE('',#5848,3.);
#5848 = AXIS2_PLACEMENT_2D('',#5849,#5850);
#5849 = CARTESIAN_POINT('',(11.632390124132,-17.95));
#5850 = DIRECTION('',(0.,-1.));
#5851 = ( GEOMETRIC_REPRESENTATION_CONTEXT(2) 
PARAMETRIC_REPRESENTATION_CONTEXT() REPRESENTATION_CONTEXT('2D SPACE',''
  ) );
#5852 = PCURVE('',#2148,#5853);
#5853 = DEFINITIONAL_REPRESENTATION('',(#5854),#5857);
#5854 = B_SPLINE_CURVE_WITH_KNOTS('',1,(#5855,#5856),.UNSPECIFIED.,.F.,
  .F.,(2,2),(0.,6.28318530718),.PIECEWISE_BEZIER_KNOTS.);
#5855 = CARTESIAN_POINT('',(0.,0.));
#5856 = CARTESIAN_POINT('',(6.28318530718,0.));
#5857 = ( GEOMETRIC_REPRESENTATION_CONTEXT(2) 
PARAMETRIC_REPRESENTATION_CONTEXT() REPRESENTATION_CONTEXT('2D SPACE',''
  ) );
#5858 = ADVANCED_FACE('',(#5859,#5903),#122,.T.);
#5859 = FACE_BOUND('',#5860,.T.);
#5860 = EDGE_LOOP('',(#5861,#5862,#5883,#5902));
#5861 = ORIENTED_EDGE('',*,*,#106,.F.);
#5862 = ORIENTED_EDGE('',*,*,#5863,.F.);
#5863 = EDGE_CURVE('',#5864,#79,#5866,.T.);
#5864 = VERTEX_POINT('',#5865);
#5865 = CARTESIAN_POINT('',(130.92949640287,-29.,3.9));
#5866 = SURFACE_CURVE('',#5867,(#5871,#5877),.PCURVE_S1.);
#5867 = LINE('',#5868,#5869);
#5868 = CARTESIAN_POINT('',(0.,-29.,3.9));
#5869 = VECTOR('',#5870,1.);
#5870 = DIRECTION('',(-1.,0.,0.));
#5871 = PCURVE('',#122,#5872);
#5872 = DEFINITIONAL_REPRESENTATION('',(#5873),#5876);
#5873 = B_SPLINE_CURVE_WITH_KNOTS('',1,(#5874,#5875),.UNSPECIFIED.,.F.,
  .F.,(2,2),(-150.,0.),.PIECEWISE_BEZIER_KNOTS.);
#5874 = CARTESIAN_POINT('',(10.4,-150.));
#5875 = CARTESIAN_POINT('',(10.4,0.));
#5876 = ( GEOMETRIC_REPRESENTATION_CONTEXT(2) 
PARAMETRIC_REPRESENTATION_CONTEXT() REPRESENTATION_CONTEXT('2D SPACE',''
  ) );
#5877 = PCURVE('',#94,#5878);
#5878 = DEFINITIONAL_REPRESENTATION('',(#5879),#5882);
#5879 = B_SPLINE_CURVE_WITH_KNOTS('',1,(#5880,#5881),.UNSPECIFIED.,.F.,
  .F.,(2,2),(-150.,0.),.PIECEWISE_BEZIER_KNOTS.);
#5880 = CARTESIAN_POINT('',(150.,5.5));
#5881 = CARTESIAN_POINT('',(0.,5.5));
#5882 = ( GEOMETRIC_REPRESENTATION_CONTEXT(2) 
PARAMETRIC_REPRESENTATION_CONTEXT() REPRESENTATION_CONTEXT('2D SPACE',''
  ) );
#5883 = ORIENTED_EDGE('',*,*,#5884,.T.);
#5884 = EDGE_CURVE('',#5864,#5519,#5885,.T.);
#5885 = SURFACE_CURVE('',#5886,(#5890,#5896),.PCURVE_S1.);
#5886 = LINE('',#5887,#5888);
#5887 = CARTESIAN_POINT('',(129.40883843949,-29.,0.255664536037));
#5888 = VECTOR('',#5889,1.);
#5889 = DIRECTION('',(0.385086773066,0.,0.922880369934));
#5890 = PCURVE('',#122,#5891);
#5891 = DEFINITIONAL_REPRESENTATION('',(#5892),#5895);
#5892 = B_SPLINE_CURVE_WITH_KNOTS('',1,(#5893,#5894),.UNSPECIFIED.,.F.,
  .F.,(2,2),(3.948870929201,40.898405355247),.PIECEWISE_BEZIER_KNOTS.);
#5893 = CARTESIAN_POINT('',(10.4,-130.9294964028));
#5894 = CARTESIAN_POINT('',(44.5,-145.1582733812));
#5895 = ( GEOMETRIC_REPRESENTATION_CONTEXT(2) 
PARAMETRIC_REPRESENTATION_CONTEXT() REPRESENTATION_CONTEXT('2D SPACE',''
  ) );
#5896 = PCURVE('',#646,#5897);
#5897 = DEFINITIONAL_REPRESENTATION('',(#5898),#5901);
#5898 = B_SPLINE_CURVE_WITH_KNOTS('',1,(#5899,#5900),.UNSPECIFIED.,.F.,
  .F.,(2,2),(3.948870929201,40.898405355247),.PIECEWISE_BEZIER_KNOTS.);
#5899 = CARTESIAN_POINT('',(52.119431257853,-29.));
#5900 = CARTESIAN_POINT('',(15.169896831808,-29.));
#5901 = ( GEOMETRIC_REPRESENTATION_CONTEXT(2) 
PARAMETRIC_REPRESENTATION_CONTEXT() REPRESENTATION_CONTEXT('2D SPACE',''
  ) );
#5902 = ORIENTED_EDGE('',*,*,#5518,.F.);
#5903 = FACE_BOUND('',#5904,.T.);
#5904 = EDGE_LOOP('',(#5905,#5933,#5959,#5985));
#5905 = ORIENTED_EDGE('',*,*,#5906,.F.);
#5906 = EDGE_CURVE('',#5907,#5909,#5911,.T.);
#5907 = VERTEX_POINT('',#5908);
#5908 = CARTESIAN_POINT('',(125.,-29.,17.165));
#5909 = VERTEX_POINT('',#5910);
#5910 = CARTESIAN_POINT('',(125.,-29.,32.835));
#5911 = SURFACE_CURVE('',#5912,(#5916,#5922),.PCURVE_S1.);
#5912 = LINE('',#5913,#5914);
#5913 = CARTESIAN_POINT('',(125.,-29.,9.25));
#5914 = VECTOR('',#5915,1.);
#5915 = DIRECTION('',(-0.,0.,1.));
#5916 = PCURVE('',#122,#5917);
#5917 = DEFINITIONAL_REPRESENTATION('',(#5918),#5921);
#5918 = B_SPLINE_CURVE_WITH_KNOTS('',1,(#5919,#5920),.UNSPECIFIED.,.F.,
  .F.,(2,2),(5.15,26.35),.PIECEWISE_BEZIER_KNOTS.);
#5919 = CARTESIAN_POINT('',(20.9,-125.));
#5920 = CARTESIAN_POINT('',(42.1,-125.));
#5921 = ( GEOMETRIC_REPRESENTATION_CONTEXT(2) 
PARAMETRIC_REPRESENTATION_CONTEXT() REPRESENTATION_CONTEXT('2D SPACE',''
  ) );
#5922 = PCURVE('',#5923,#5928);
#5923 = PLANE('',#5924);
#5924 = AXIS2_PLACEMENT_3D('',#5925,#5926,#5927);
#5925 = CARTESIAN_POINT('',(125.,-31.40579850047,25.));
#5926 = DIRECTION('',(1.,0.,0.));
#5927 = DIRECTION('',(-0.,0.,1.));
#5928 = DEFINITIONAL_REPRESENTATION('',(#5929),#5932);
#5929 = B_SPLINE_CURVE_WITH_KNOTS('',1,(#5930,#5931),.UNSPECIFIED.,.F.,
  .F.,(2,2),(5.15,26.35),.PIECEWISE_BEZIER_KNOTS.);
#5930 = CARTESIAN_POINT('',(-10.6,-2.405798500473));
#5931 = CARTESIAN_POINT('',(10.6,-2.405798500473));
#5932 = ( GEOMETRIC_REPRESENTATION_CONTEXT(2) 
PARAMETRIC_REPRESENTATION_CONTEXT() REPRESENTATION_CONTEXT('2D SPACE',''
  ) );
#5933 = ORIENTED_EDGE('',*,*,#5934,.T.);
#5934 = EDGE_CURVE('',#5907,#5935,#5937,.T.);
#5935 = VERTEX_POINT('',#5936);
#5936 = CARTESIAN_POINT('',(40.,-29.,17.165));
#5937 = SURFACE_CURVE('',#5938,(#5942,#5948),.PCURVE_S1.);
#5938 = LINE('',#5939,#5940);
#5939 = CARTESIAN_POINT('',(20.,-29.,17.165));
#5940 = VECTOR('',#5941,1.);
#5941 = DIRECTION('',(-1.,0.,0.));
#5942 = PCURVE('',#122,#5943);
#5943 = DEFINITIONAL_REPRESENTATION('',(#5944),#5947);
#5944 = B_SPLINE_CURVE_WITH_KNOTS('',1,(#5945,#5946),.UNSPECIFIED.,.F.,
  .F.,(2,2),(-105.,-20.),.PIECEWISE_BEZIER_KNOTS.);
#5945 = CARTESIAN_POINT('',(23.665,-125.));
#5946 = CARTESIAN_POINT('',(23.665,-40.));
#5947 = ( GEOMETRIC_REPRESENTATION_CONTEXT(2) 
PARAMETRIC_REPRESENTATION_CONTEXT() REPRESENTATION_CONTEXT('2D SPACE',''
  ) );
#5948 = PCURVE('',#5949,#5954);
#5949 = PLANE('',#5950);
#5950 = AXIS2_PLACEMENT_3D('',#5951,#5952,#5953);
#5951 = CARTESIAN_POINT('',(40.,-30.49,17.165));
#5952 = DIRECTION('',(0.,0.,1.));
#5953 = DIRECTION('',(0.,1.,0.));
#5954 = DEFINITIONAL_REPRESENTATION('',(#5955),#5958);
#5955 = B_SPLINE_CURVE_WITH_KNOTS('',1,(#5956,#5957),.UNSPECIFIED.,.F.,
  .F.,(2,2),(-105.,-20.),.PIECEWISE_BEZIER_KNOTS.);
#5956 = CARTESIAN_POINT('',(1.49,-85.));
#5957 = CARTESIAN_POINT('',(1.49,0.));
#5958 = ( GEOMETRIC_REPRESENTATION_CONTEXT(2) 
PARAMETRIC_REPRESENTATION_CONTEXT() REPRESENTATION_CONTEXT('2D SPACE',''
  ) );
#5959 = ORIENTED_EDGE('',*,*,#5960,.T.);
#5960 = EDGE_CURVE('',#5935,#5961,#5963,.T.);
#5961 = VERTEX_POINT('',#5962);
#5962 = CARTESIAN_POINT('',(40.,-29.,32.835));
#5963 = SURFACE_CURVE('',#5964,(#5968,#5974),.PCURVE_S1.);
#5964 = LINE('',#5965,#5966);
#5965 = CARTESIAN_POINT('',(40.,-29.,9.25));
#5966 = VECTOR('',#5967,1.);
#5967 = DIRECTION('',(-0.,0.,1.));
#5968 = PCURVE('',#122,#5969);
#5969 = DEFINITIONAL_REPRESENTATION('',(#5970),#5973);
#5970 = B_SPLINE_CURVE_WITH_KNOTS('',1,(#5971,#5972),.UNSPECIFIED.,.F.,
  .F.,(2,2),(5.15,26.35),.PIECEWISE_BEZIER_KNOTS.);
#5971 = CARTESIAN_POINT('',(20.9,-40.));
#5972 = CARTESIAN_POINT('',(42.1,-40.));
#5973 = ( GEOMETRIC_REPRESENTATION_CONTEXT(2) 
PARAMETRIC_REPRESENTATION_CONTEXT() REPRESENTATION_CONTEXT('2D SPACE',''
  ) );
#5974 = PCURVE('',#5975,#5980);
#5975 = PLANE('',#5976);
#5976 = AXIS2_PLACEMENT_3D('',#5977,#5978,#5979);
#5977 = CARTESIAN_POINT('',(40.,-31.40579850047,25.));
#5978 = DIRECTION('',(1.,0.,0.));
#5979 = DIRECTION('',(-0.,0.,1.));
#5980 = DEFINITIONAL_REPRESENTATION('',(#5981),#5984);
#5981 = B_SPLINE_CURVE_WITH_KNOTS('',1,(#5982,#5983),.UNSPECIFIED.,.F.,
  .F.,(2,2),(5.15,26.35),.PIECEWISE_BEZIER_KNOTS.);
#5982 = CARTESIAN_POINT('',(-10.6,-2.405798500473));
#5983 = CARTESIAN_POINT('',(10.6,-2.405798500473));
#5984 = ( GEOMETRIC_REPRESENTATION_CONTEXT(2) 
PARAMETRIC_REPRESENTATION_CONTEXT() REPRESENTATION_CONTEXT('2D SPACE',''
  ) );
#5985 = ORIENTED_EDGE('',*,*,#5986,.T.);
#5986 = EDGE_CURVE('',#5961,#5909,#5987,.T.);
#5987 = SURFACE_CURVE('',#5988,(#5992,#5998),.PCURVE_S1.);
#5988 = LINE('',#5989,#5990);
#5989 = CARTESIAN_POINT('',(20.,-29.,32.835));
#5990 = VECTOR('',#5991,1.);
#5991 = DIRECTION('',(1.,0.,0.));
#5992 = PCURVE('',#122,#5993);
#5993 = DEFINITIONAL_REPRESENTATION('',(#5994),#5997);
#5994 = B_SPLINE_CURVE_WITH_KNOTS('',1,(#5995,#5996),.UNSPECIFIED.,.F.,
  .F.,(2,2),(20.,105.),.PIECEWISE_BEZIER_KNOTS.);
#5995 = CARTESIAN_POINT('',(39.335,-40.));
#5996 = CARTESIAN_POINT('',(39.335,-125.));
#5997 = ( GEOMETRIC_REPRESENTATION_CONTEXT(2) 
PARAMETRIC_REPRESENTATION_CONTEXT() REPRESENTATION_CONTEXT('2D SPACE',''
  ) );
#5998 = PCURVE('',#5999,#6004);
#5999 = PLANE('',#6000);
#6000 = AXIS2_PLACEMENT_3D('',#6001,#6002,#6003);
#6001 = CARTESIAN_POINT('',(40.,-28.99,32.835));
#6002 = DIRECTION('',(0.,0.,-1.));
#6003 = DIRECTION('',(0.,-1.,0.));
#6004 = DEFINITIONAL_REPRESENTATION('',(#6005),#6008);
#6005 = B_SPLINE_CURVE_WITH_KNOTS('',1,(#6006,#6007),.UNSPECIFIED.,.F.,
  .F.,(2,2),(20.,105.),.PIECEWISE_BEZIER_KNOTS.);
#6006 = CARTESIAN_POINT('',(1.E-02,0.));
#6007 = CARTESIAN_POINT('',(1.E-02,-85.));
#6008 = ( GEOMETRIC_REPRESENTATION_CONTEXT(2) 
PARAMETRIC_REPRESENTATION_CONTEXT() REPRESENTATION_CONTEXT('2D SPACE',''
  ) );
#6009 = ADVANCED_FACE('',(#6010),#94,.T.);
#6010 = FACE_BOUND('',#6011,.T.);
#6011 = EDGE_LOOP('',(#6012,#6013,#6014,#6033));
#6012 = ORIENTED_EDGE('',*,*,#78,.F.);
#6013 = ORIENTED_EDGE('',*,*,#608,.T.);
#6014 = ORIENTED_EDGE('',*,*,#6015,.T.);
#6015 = EDGE_CURVE('',#609,#5864,#6016,.T.);
#6016 = SURFACE_CURVE('',#6017,(#6021,#6027),.PCURVE_S1.);
#6017 = LINE('',#6018,#6019);
#6018 = CARTESIAN_POINT('',(130.92949640287,-17.25,3.9));
#6019 = VECTOR('',#6020,1.);
#6020 = DIRECTION('',(-0.,1.,0.));
#6021 = PCURVE('',#94,#6022);
#6022 = DEFINITIONAL_REPRESENTATION('',(#6023),#6026);
#6023 = B_SPLINE_CURVE_WITH_KNOTS('',1,(#6024,#6025),.UNSPECIFIED.,.F.,
  .F.,(2,2),(-17.25,-11.75),.PIECEWISE_BEZIER_KNOTS.);
#6024 = CARTESIAN_POINT('',(130.92949640287,0.));
#6025 = CARTESIAN_POINT('',(130.92949640287,5.5));
#6026 = ( GEOMETRIC_REPRESENTATION_CONTEXT(2) 
PARAMETRIC_REPRESENTATION_CONTEXT() REPRESENTATION_CONTEXT('2D SPACE',''
  ) );
#6027 = PCURVE('',#646,#6028);
#6028 = DEFINITIONAL_REPRESENTATION('',(#6029),#6032);
#6029 = B_SPLINE_CURVE_WITH_KNOTS('',1,(#6030,#6031),.UNSPECIFIED.,.F.,
  .F.,(2,2),(-17.25,-11.75),.PIECEWISE_BEZIER_KNOTS.);
#6030 = CARTESIAN_POINT('',(52.119431257853,-34.5));
#6031 = CARTESIAN_POINT('',(52.119431257853,-29.));
#6032 = ( GEOMETRIC_REPRESENTATION_CONTEXT(2) 
PARAMETRIC_REPRESENTATION_CONTEXT() REPRESENTATION_CONTEXT('2D SPACE',''
  ) );
#6033 = ORIENTED_EDGE('',*,*,#5863,.T.);
#6034 = ADVANCED_FACE('',(#6035),#696,.T.);
#6035 = FACE_BOUND('',#6036,.T.);
#6036 = EDGE_LOOP('',(#6037,#6038,#6039,#6040));
#6037 = ORIENTED_EDGE('',*,*,#680,.F.);
#6038 = ORIENTED_EDGE('',*,*,#977,.T.);
#6039 = ORIENTED_EDGE('',*,*,#1024,.T.);
#6040 = ORIENTED_EDGE('',*,*,#1139,.T.);
#6041 = ADVANCED_FACE('',(#6042),#646,.T.);
#6042 = FACE_BOUND('',#6043,.T.);
#6043 = EDGE_LOOP('',(#6044,#6045,#6046,#6047,#6048,#6049,#6050,#6051,
    #6070,#6071));
#6044 = ORIENTED_EDGE('',*,*,#6015,.F.);
#6045 = ORIENTED_EDGE('',*,*,#631,.T.);
#6046 = ORIENTED_EDGE('',*,*,#1119,.F.);
#6047 = ORIENTED_EDGE('',*,*,#1248,.T.);
#6048 = ORIENTED_EDGE('',*,*,#1295,.T.);
#6049 = ORIENTED_EDGE('',*,*,#1342,.F.);
#6050 = ORIENTED_EDGE('',*,*,#2305,.F.);
#6051 = ORIENTED_EDGE('',*,*,#6052,.T.);
#6052 = EDGE_CURVE('',#2278,#5542,#6053,.T.);
#6053 = SURFACE_CURVE('',#6054,(#6058,#6064),.PCURVE_S1.);
#6054 = LINE('',#6055,#6056);
#6055 = CARTESIAN_POINT('',(150.,-7.761301396499,49.603448275862));
#6056 = VECTOR('',#6057,1.);
#6057 = DIRECTION('',(0.,-1.,0.));
#6058 = PCURVE('',#646,#6059);
#6059 = DEFINITIONAL_REPRESENTATION('',(#6060),#6063);
#6060 = B_SPLINE_CURVE_WITH_KNOTS('',1,(#6061,#6062),.UNSPECIFIED.,.F.,
  .F.,(2,2),(-20.36130139649,26.738698603501),.PIECEWISE_BEZIER_KNOTS.);
#6061 = CARTESIAN_POINT('',(2.596817314804,12.6));
#6062 = CARTESIAN_POINT('',(2.596817314804,-34.5));
#6063 = ( GEOMETRIC_REPRESENTATION_CONTEXT(2) 
PARAMETRIC_REPRESENTATION_CONTEXT() REPRESENTATION_CONTEXT('2D SPACE',''
  ) );
#6064 = PCURVE('',#2293,#6065);
#6065 = DEFINITIONAL_REPRESENTATION('',(#6066),#6069);
#6066 = B_SPLINE_CURVE_WITH_KNOTS('',1,(#6067,#6068),.UNSPECIFIED.,.F.,
  .F.,(2,2),(-20.36130139649,26.738698603501),.PIECEWISE_BEZIER_KNOTS.);
#6067 = CARTESIAN_POINT('',(-16.76800203602,-28.12260279299));
#6068 = CARTESIAN_POINT('',(-16.76800203602,18.977397207003));
#6069 = ( GEOMETRIC_REPRESENTATION_CONTEXT(2) 
PARAMETRIC_REPRESENTATION_CONTEXT() REPRESENTATION_CONTEXT('2D SPACE',''
  ) );
#6070 = ORIENTED_EDGE('',*,*,#5541,.F.);
#6071 = ORIENTED_EDGE('',*,*,#5884,.F.);
#6072 = ADVANCED_FACE('',(#6073),#748,.F.);
#6073 = FACE_BOUND('',#6074,.T.);
#6074 = EDGE_LOOP('',(#6075,#6076,#6097,#6098));
#6075 = ORIENTED_EDGE('',*,*,#1070,.T.);
#6076 = ORIENTED_EDGE('',*,*,#6077,.T.);
#6077 = EDGE_CURVE('',#1071,#732,#6078,.T.);
#6078 = SEAM_CURVE('',#6079,(#6083,#6090),.PCURVE_S1.);
#6079 = LINE('',#6080,#6081);
#6080 = CARTESIAN_POINT('',(8.5,0.,-11.5));
#6081 = VECTOR('',#6082,1.);
#6082 = DIRECTION('',(0.,-1.,0.));
#6083 = PCURVE('',#748,#6084);
#6084 = DEFINITIONAL_REPRESENTATION('',(#6085),#6089);
#6085 = LINE('',#6086,#6087);
#6086 = CARTESIAN_POINT('',(-6.28318530718,0.));
#6087 = VECTOR('',#6088,1.);
#6088 = DIRECTION('',(-0.,-1.));
#6089 = ( GEOMETRIC_REPRESENTATION_CONTEXT(2) 
PARAMETRIC_REPRESENTATION_CONTEXT() REPRESENTATION_CONTEXT('2D SPACE',''
  ) );
#6090 = PCURVE('',#748,#6091);
#6091 = DEFINITIONAL_REPRESENTATION('',(#6092),#6096);
#6092 = LINE('',#6093,#6094);
#6093 = CARTESIAN_POINT('',(-0.,0.));
#6094 = VECTOR('',#6095,1.);
#6095 = DIRECTION('',(-0.,-1.));
#6096 = ( GEOMETRIC_REPRESENTATION_CONTEXT(2) 
PARAMETRIC_REPRESENTATION_CONTEXT() REPRESENTATION_CONTEXT('2D SPACE',''
  ) );
#6097 = ORIENTED_EDGE('',*,*,#731,.F.);
#6098 = ORIENTED_EDGE('',*,*,#6077,.F.);
#6099 = ADVANCED_FACE('',(#6100,#6175),#779,.F.);
#6100 = FACE_BOUND('',#6101,.F.);
#6101 = EDGE_LOOP('',(#6102,#6125,#6126,#6149));
#6102 = ORIENTED_EDGE('',*,*,#6103,.F.);
#6103 = EDGE_CURVE('',#763,#6104,#6106,.T.);
#6104 = VERTEX_POINT('',#6105);
#6105 = CARTESIAN_POINT('',(43.4,-25.34307806183,1.4));
#6106 = SURFACE_CURVE('',#6107,(#6111,#6118),.PCURVE_S1.);
#6107 = LINE('',#6108,#6109);
#6108 = CARTESIAN_POINT('',(43.4,-35.5,1.4));
#6109 = VECTOR('',#6110,1.);
#6110 = DIRECTION('',(0.,1.,0.));
#6111 = PCURVE('',#779,#6112);
#6112 = DEFINITIONAL_REPRESENTATION('',(#6113),#6117);
#6113 = LINE('',#6114,#6115);
#6114 = CARTESIAN_POINT('',(0.,0.));
#6115 = VECTOR('',#6116,1.);
#6116 = DIRECTION('',(0.,1.));
#6117 = ( GEOMETRIC_REPRESENTATION_CONTEXT(2) 
PARAMETRIC_REPRESENTATION_CONTEXT() REPRESENTATION_CONTEXT('2D SPACE',''
  ) );
#6118 = PCURVE('',#805,#6119);
#6119 = DEFINITIONAL_REPRESENTATION('',(#6120),#6124);
#6120 = LINE('',#6121,#6122);
#6121 = CARTESIAN_POINT('',(3.4,0.));
#6122 = VECTOR('',#6123,1.);
#6123 = DIRECTION('',(0.,-1.));
#6124 = ( GEOMETRIC_REPRESENTATION_CONTEXT(2) 
PARAMETRIC_REPRESENTATION_CONTEXT() REPRESENTATION_CONTEXT('2D SPACE',''
  ) );
#6125 = ORIENTED_EDGE('',*,*,#762,.T.);
#6126 = ORIENTED_EDGE('',*,*,#6127,.T.);
#6127 = EDGE_CURVE('',#765,#6128,#6130,.T.);
#6128 = VERTEX_POINT('',#6129);
#6129 = CARTESIAN_POINT('',(50.6,-25.34307806183,1.4));
#6130 = SURFACE_CURVE('',#6131,(#6135,#6142),.PCURVE_S1.);
#6131 = LINE('',#6132,#6133);
#6132 = CARTESIAN_POINT('',(50.6,-35.5,1.4));
#6133 = VECTOR('',#6134,1.);
#6134 = DIRECTION('',(0.,1.,0.));
#6135 = PCURVE('',#779,#6136);
#6136 = DEFINITIONAL_REPRESENTATION('',(#6137),#6141);
#6137 = LINE('',#6138,#6139);
#6138 = CARTESIAN_POINT('',(7.2,0.));
#6139 = VECTOR('',#6140,1.);
#6140 = DIRECTION('',(0.,1.));
#6141 = ( GEOMETRIC_REPRESENTATION_CONTEXT(2) 
PARAMETRIC_REPRESENTATION_CONTEXT() REPRESENTATION_CONTEXT('2D SPACE',''
  ) );
#6142 = PCURVE('',#855,#6143);
#6143 = DEFINITIONAL_REPRESENTATION('',(#6144),#6148);
#6144 = LINE('',#6145,#6146);
#6145 = CARTESIAN_POINT('',(3.4,0.));
#6146 = VECTOR('',#6147,1.);
#6147 = DIRECTION('',(0.,-1.));
#6148 = ( GEOMETRIC_REPRESENTATION_CONTEXT(2) 
PARAMETRIC_REPRESENTATION_CONTEXT() REPRESENTATION_CONTEXT('2D SPACE',''
  ) );
#6149 = ORIENTED_EDGE('',*,*,#6150,.F.);
#6150 = EDGE_CURVE('',#6104,#6128,#6151,.T.);
#6151 = SURFACE_CURVE('',#6152,(#6156,#6163),.PCURVE_S1.);
#6152 = LINE('',#6153,#6154);
#6153 = CARTESIAN_POINT('',(43.4,-25.34307806183,1.4));
#6154 = VECTOR('',#6155,1.);
#6155 = DIRECTION('',(1.,0.,0.));
#6156 = PCURVE('',#779,#6157);
#6157 = DEFINITIONAL_REPRESENTATION('',(#6158),#6162);
#6158 = LINE('',#6159,#6160);
#6159 = CARTESIAN_POINT('',(0.,10.156921938165));
#6160 = VECTOR('',#6161,1.);
#6161 = DIRECTION('',(1.,0.));
#6162 = ( GEOMETRIC_REPRESENTATION_CONTEXT(2) 
PARAMETRIC_REPRESENTATION_CONTEXT() REPRESENTATION_CONTEXT('2D SPACE',''
  ) );
#6163 = PCURVE('',#6164,#6169);
#6164 = PLANE('',#6165);
#6165 = AXIS2_PLACEMENT_3D('',#6166,#6167,#6168);
#6166 = CARTESIAN_POINT('',(43.4,-25.34307806183,-2.));
#6167 = DIRECTION('',(0.,1.,0.));
#6168 = DIRECTION('',(0.,0.,1.));
#6169 = DEFINITIONAL_REPRESENTATION('',(#6170),#6174);
#6170 = LINE('',#6171,#6172);
#6171 = CARTESIAN_POINT('',(3.4,0.));
#6172 = VECTOR('',#6173,1.);
#6173 = DIRECTION('',(0.,1.));
#6174 = ( GEOMETRIC_REPRESENTATION_CONTEXT(2) 
PARAMETRIC_REPRESENTATION_CONTEXT() REPRESENTATION_CONTEXT('2D SPACE',''
  ) );
#6175 = FACE_BOUND('',#6176,.F.);
#6176 = EDGE_LOOP('',(#6177));
#6177 = ORIENTED_EDGE('',*,*,#6178,.T.);
#6178 = EDGE_CURVE('',#6179,#6179,#6181,.T.);
#6179 = VERTEX_POINT('',#6180);
#6180 = CARTESIAN_POINT('',(49.2,-29.5,1.4));
#6181 = SURFACE_CURVE('',#6182,(#6187,#6198),.PCURVE_S1.);
#6182 = CIRCLE('',#6183,2.2);
#6183 = AXIS2_PLACEMENT_3D('',#6184,#6185,#6186);
#6184 = CARTESIAN_POINT('',(47.,-29.5,1.4));
#6185 = DIRECTION('',(0.,0.,-1.));
#6186 = DIRECTION('',(1.,0.,0.));
#6187 = PCURVE('',#779,#6188);
#6188 = DEFINITIONAL_REPRESENTATION('',(#6189),#6197);
#6189 = ( BOUNDED_CURVE() B_SPLINE_CURVE(2,(#6190,#6191,#6192,#6193,
#6194,#6195,#6196),.UNSPECIFIED.,.T.,.F.) B_SPLINE_CURVE_WITH_KNOTS((1,2
    ,2,2,2,1),(-2.094395102393,0.,2.094395102393,4.188790204786,
6.28318530718,8.377580409573),.UNSPECIFIED.) CURVE() 
GEOMETRIC_REPRESENTATION_ITEM() RATIONAL_B_SPLINE_CURVE((1.,0.5,1.,0.5,
1.,0.5,1.)) REPRESENTATION_ITEM('') );
#6190 = CARTESIAN_POINT('',(5.8,6.));
#6191 = CARTESIAN_POINT('',(5.8,2.189488223348));
#6192 = CARTESIAN_POINT('',(2.5,4.094744111674));
#6193 = CARTESIAN_POINT('',(-0.8,6.));
#6194 = CARTESIAN_POINT('',(2.5,7.905255888326));
#6195 = CARTESIAN_POINT('',(5.8,9.810511776652));
#6196 = CARTESIAN_POINT('',(5.8,6.));
#6197 = ( GEOMETRIC_REPRESENTATION_CONTEXT(2) 
PARAMETRIC_REPRESENTATION_CONTEXT() REPRESENTATION_CONTEXT('2D SPACE',''
  ) );
#6198 = PCURVE('',#6199,#6204);
#6199 = CYLINDRICAL_SURFACE('',#6200,2.2);
#6200 = AXIS2_PLACEMENT_3D('',#6201,#6202,#6203);
#6201 = CARTESIAN_POINT('',(47.,-29.5,-7.5));
#6202 = DIRECTION('',(-0.,-0.,-1.));
#6203 = DIRECTION('',(1.,0.,0.));
#6204 = DEFINITIONAL_REPRESENTATION('',(#6205),#6209);
#6205 = LINE('',#6206,#6207);
#6206 = CARTESIAN_POINT('',(-6.28318530718,-8.9));
#6207 = VECTOR('',#6208,1.);
#6208 = DIRECTION('',(1.,-0.));
#6209 = ( GEOMETRIC_REPRESENTATION_CONTEXT(2) 
PARAMETRIC_REPRESENTATION_CONTEXT() REPRESENTATION_CONTEXT('2D SPACE',''
  ) );
#6210 = ADVANCED_FACE('',(#6211),#805,.T.);
#6211 = FACE_BOUND('',#6212,.T.);
#6212 = EDGE_LOOP('',(#6213,#6214,#6215,#6238));
#6213 = ORIENTED_EDGE('',*,*,#6103,.F.);
#6214 = ORIENTED_EDGE('',*,*,#790,.T.);
#6215 = ORIENTED_EDGE('',*,*,#6216,.T.);
#6216 = EDGE_CURVE('',#791,#6217,#6219,.T.);
#6217 = VERTEX_POINT('',#6218);
#6218 = CARTESIAN_POINT('',(43.4,-25.34307806183,-2.));
#6219 = SURFACE_CURVE('',#6220,(#6224,#6231),.PCURVE_S1.);
#6220 = LINE('',#6221,#6222);
#6221 = CARTESIAN_POINT('',(43.4,-35.5,-2.));
#6222 = VECTOR('',#6223,1.);
#6223 = DIRECTION('',(0.,1.,0.));
#6224 = PCURVE('',#805,#6225);
#6225 = DEFINITIONAL_REPRESENTATION('',(#6226),#6230);
#6226 = LINE('',#6227,#6228);
#6227 = CARTESIAN_POINT('',(0.,0.));
#6228 = VECTOR('',#6229,1.);
#6229 = DIRECTION('',(0.,-1.));
#6230 = ( GEOMETRIC_REPRESENTATION_CONTEXT(2) 
PARAMETRIC_REPRESENTATION_CONTEXT() REPRESENTATION_CONTEXT('2D SPACE',''
  ) );
#6231 = PCURVE('',#831,#6232);
#6232 = DEFINITIONAL_REPRESENTATION('',(#6233),#6237);
#6233 = LINE('',#6234,#6235);
#6234 = CARTESIAN_POINT('',(0.,0.));
#6235 = VECTOR('',#6236,1.);
#6236 = DIRECTION('',(0.,1.));
#6237 = ( GEOMETRIC_REPRESENTATION_CONTEXT(2) 
PARAMETRIC_REPRESENTATION_CONTEXT() REPRESENTATION_CONTEXT('2D SPACE',''
  ) );
#6238 = ORIENTED_EDGE('',*,*,#6239,.T.);
#6239 = EDGE_CURVE('',#6217,#6104,#6240,.T.);
#6240 = SURFACE_CURVE('',#6241,(#6245,#6252),.PCURVE_S1.);
#6241 = LINE('',#6242,#6243);
#6242 = CARTESIAN_POINT('',(43.4,-25.34307806183,-2.));
#6243 = VECTOR('',#6244,1.);
#6244 = DIRECTION('',(0.,0.,1.));
#6245 = PCURVE('',#805,#6246);
#6246 = DEFINITIONAL_REPRESENTATION('',(#6247),#6251);
#6247 = LINE('',#6248,#6249);
#6248 = CARTESIAN_POINT('',(0.,-10.15692193816));
#6249 = VECTOR('',#6250,1.);
#6250 = DIRECTION('',(1.,0.));
#6251 = ( GEOMETRIC_REPRESENTATION_CONTEXT(2) 
PARAMETRIC_REPRESENTATION_CONTEXT() REPRESENTATION_CONTEXT('2D SPACE',''
  ) );
#6252 = PCURVE('',#6164,#6253);
#6253 = DEFINITIONAL_REPRESENTATION('',(#6254),#6258);
#6254 = LINE('',#6255,#6256);
#6255 = CARTESIAN_POINT('',(0.,0.));
#6256 = VECTOR('',#6257,1.);
#6257 = DIRECTION('',(1.,0.));
#6258 = ( GEOMETRIC_REPRESENTATION_CONTEXT(2) 
PARAMETRIC_REPRESENTATION_CONTEXT() REPRESENTATION_CONTEXT('2D SPACE',''
  ) );
#6259 = ADVANCED_FACE('',(#6260),#855,.F.);
#6260 = FACE_BOUND('',#6261,.F.);
#6261 = EDGE_LOOP('',(#6262,#6263,#6264,#6287));
#6262 = ORIENTED_EDGE('',*,*,#6127,.F.);
#6263 = ORIENTED_EDGE('',*,*,#842,.T.);
#6264 = ORIENTED_EDGE('',*,*,#6265,.T.);
#6265 = EDGE_CURVE('',#817,#6266,#6268,.T.);
#6266 = VERTEX_POINT('',#6267);
#6267 = CARTESIAN_POINT('',(50.6,-25.34307806183,-2.));
#6268 = SURFACE_CURVE('',#6269,(#6273,#6280),.PCURVE_S1.);
#6269 = LINE('',#6270,#6271);
#6270 = CARTESIAN_POINT('',(50.6,-35.5,-2.));
#6271 = VECTOR('',#6272,1.);
#6272 = DIRECTION('',(0.,1.,0.));
#6273 = PCURVE('',#855,#6274);
#6274 = DEFINITIONAL_REPRESENTATION('',(#6275),#6279);
#6275 = LINE('',#6276,#6277);
#6276 = CARTESIAN_POINT('',(0.,0.));
#6277 = VECTOR('',#6278,1.);
#6278 = DIRECTION('',(0.,-1.));
#6279 = ( GEOMETRIC_REPRESENTATION_CONTEXT(2) 
PARAMETRIC_REPRESENTATION_CONTEXT() REPRESENTATION_CONTEXT('2D SPACE',''
  ) );
#6280 = PCURVE('',#831,#6281);
#6281 = DEFINITIONAL_REPRESENTATION('',(#6282),#6286);
#6282 = LINE('',#6283,#6284);
#6283 = CARTESIAN_POINT('',(7.2,0.));
#6284 = VECTOR('',#6285,1.);
#6285 = DIRECTION('',(0.,1.));
#6286 = ( GEOMETRIC_REPRESENTATION_CONTEXT(2) 
PARAMETRIC_REPRESENTATION_CONTEXT() REPRESENTATION_CONTEXT('2D SPACE',''
  ) );
#6287 = ORIENTED_EDGE('',*,*,#6288,.T.);
#6288 = EDGE_CURVE('',#6266,#6128,#6289,.T.);
#6289 = SURFACE_CURVE('',#6290,(#6294,#6301),.PCURVE_S1.);
#6290 = LINE('',#6291,#6292);
#6291 = CARTESIAN_POINT('',(50.6,-25.34307806183,-2.));
#6292 = VECTOR('',#6293,1.);
#6293 = DIRECTION('',(0.,0.,1.));
#6294 = PCURVE('',#855,#6295);
#6295 = DEFINITIONAL_REPRESENTATION('',(#6296),#6300);
#6296 = LINE('',#6297,#6298);
#6297 = CARTESIAN_POINT('',(0.,-10.15692193816));
#6298 = VECTOR('',#6299,1.);
#6299 = DIRECTION('',(1.,0.));
#6300 = ( GEOMETRIC_REPRESENTATION_CONTEXT(2) 
PARAMETRIC_REPRESENTATION_CONTEXT() REPRESENTATION_CONTEXT('2D SPACE',''
  ) );
#6301 = PCURVE('',#6164,#6302);
#6302 = DEFINITIONAL_REPRESENTATION('',(#6303),#6307);
#6303 = LINE('',#6304,#6305);
#6304 = CARTESIAN_POINT('',(0.,7.2));
#6305 = VECTOR('',#6306,1.);
#6306 = DIRECTION('',(1.,0.));
#6307 = ( GEOMETRIC_REPRESENTATION_CONTEXT(2) 
PARAMETRIC_REPRESENTATION_CONTEXT() REPRESENTATION_CONTEXT('2D SPACE',''
  ) );
#6308 = ADVANCED_FACE('',(#6309,#6335),#831,.T.);
#6309 = FACE_BOUND('',#6310,.T.);
#6310 = EDGE_LOOP('',(#6311,#6312,#6313,#6314));
#6311 = ORIENTED_EDGE('',*,*,#6216,.F.);
#6312 = ORIENTED_EDGE('',*,*,#816,.T.);
#6313 = ORIENTED_EDGE('',*,*,#6265,.T.);
#6314 = ORIENTED_EDGE('',*,*,#6315,.F.);
#6315 = EDGE_CURVE('',#6217,#6266,#6316,.T.);
#6316 = SURFACE_CURVE('',#6317,(#6321,#6328),.PCURVE_S1.);
#6317 = LINE('',#6318,#6319);
#6318 = CARTESIAN_POINT('',(43.4,-25.34307806183,-2.));
#6319 = VECTOR('',#6320,1.);
#6320 = DIRECTION('',(1.,0.,0.));
#6321 = PCURVE('',#831,#6322);
#6322 = DEFINITIONAL_REPRESENTATION('',(#6323),#6327);
#6323 = LINE('',#6324,#6325);
#6324 = CARTESIAN_POINT('',(0.,10.156921938165));
#6325 = VECTOR('',#6326,1.);
#6326 = DIRECTION('',(1.,0.));
#6327 = ( GEOMETRIC_REPRESENTATION_CONTEXT(2) 
PARAMETRIC_REPRESENTATION_CONTEXT() REPRESENTATION_CONTEXT('2D SPACE',''
  ) );
#6328 = PCURVE('',#6164,#6329);
#6329 = DEFINITIONAL_REPRESENTATION('',(#6330),#6334);
#6330 = LINE('',#6331,#6332);
#6331 = CARTESIAN_POINT('',(0.,0.));
#6332 = VECTOR('',#6333,1.);
#6333 = DIRECTION('',(0.,1.));
#6334 = ( GEOMETRIC_REPRESENTATION_CONTEXT(2) 
PARAMETRIC_REPRESENTATION_CONTEXT() REPRESENTATION_CONTEXT('2D SPACE',''
  ) );
#6335 = FACE_BOUND('',#6336,.T.);
#6336 = EDGE_LOOP('',(#6337));
#6337 = ORIENTED_EDGE('',*,*,#6338,.T.);
#6338 = EDGE_CURVE('',#6339,#6339,#6341,.T.);
#6339 = VERTEX_POINT('',#6340);
#6340 = CARTESIAN_POINT('',(49.2,-29.5,-2.));
#6341 = SURFACE_CURVE('',#6342,(#6347,#6358),.PCURVE_S1.);
#6342 = CIRCLE('',#6343,2.2);
#6343 = AXIS2_PLACEMENT_3D('',#6344,#6345,#6346);
#6344 = CARTESIAN_POINT('',(47.,-29.5,-2.));
#6345 = DIRECTION('',(0.,0.,-1.));
#6346 = DIRECTION('',(1.,0.,0.));
#6347 = PCURVE('',#831,#6348);
#6348 = DEFINITIONAL_REPRESENTATION('',(#6349),#6357);
#6349 = ( BOUNDED_CURVE() B_SPLINE_CURVE(2,(#6350,#6351,#6352,#6353,
#6354,#6355,#6356),.UNSPECIFIED.,.T.,.F.) B_SPLINE_CURVE_WITH_KNOTS((1,2
    ,2,2,2,1),(-2.094395102393,0.,2.094395102393,4.188790204786,
6.28318530718,8.377580409573),.UNSPECIFIED.) CURVE() 
GEOMETRIC_REPRESENTATION_ITEM() RATIONAL_B_SPLINE_CURVE((1.,0.5,1.,0.5,
1.,0.5,1.)) REPRESENTATION_ITEM('') );
#6350 = CARTESIAN_POINT('',(5.8,6.));
#6351 = CARTESIAN_POINT('',(5.8,2.189488223348));
#6352 = CARTESIAN_POINT('',(2.5,4.094744111674));
#6353 = CARTESIAN_POINT('',(-0.8,6.));
#6354 = CARTESIAN_POINT('',(2.5,7.905255888326));
#6355 = CARTESIAN_POINT('',(5.8,9.810511776652));
#6356 = CARTESIAN_POINT('',(5.8,6.));
#6357 = ( GEOMETRIC_REPRESENTATION_CONTEXT(2) 
PARAMETRIC_REPRESENTATION_CONTEXT() REPRESENTATION_CONTEXT('2D SPACE',''
  ) );
#6358 = PCURVE('',#1209,#6359);
#6359 = DEFINITIONAL_REPRESENTATION('',(#6360),#6364);
#6360 = LINE('',#6361,#6362);
#6361 = CARTESIAN_POINT('',(-6.28318530718,-5.5));
#6362 = VECTOR('',#6363,1.);
#6363 = DIRECTION('',(1.,-0.));
#6364 = ( GEOMETRIC_REPRESENTATION_CONTEXT(2) 
PARAMETRIC_REPRESENTATION_CONTEXT() REPRESENTATION_CONTEXT('2D SPACE',''
  ) );
#6365 = ADVANCED_FACE('',(#6366,#6441),#885,.F.);
#6366 = FACE_BOUND('',#6367,.F.);
#6367 = EDGE_LOOP('',(#6368,#6391,#6392,#6415));
#6368 = ORIENTED_EDGE('',*,*,#6369,.F.);
#6369 = EDGE_CURVE('',#869,#6370,#6372,.T.);
#6370 = VERTEX_POINT('',#6371);
#6371 = CARTESIAN_POINT('',(69.4,-25.34307806183,1.4));
#6372 = SURFACE_CURVE('',#6373,(#6377,#6384),.PCURVE_S1.);
#6373 = LINE('',#6374,#6375);
#6374 = CARTESIAN_POINT('',(69.4,-35.5,1.4));
#6375 = VECTOR('',#6376,1.);
#6376 = DIRECTION('',(0.,1.,0.));
#6377 = PCURVE('',#885,#6378);
#6378 = DEFINITIONAL_REPRESENTATION('',(#6379),#6383);
#6379 = LINE('',#6380,#6381);
#6380 = CARTESIAN_POINT('',(0.,0.));
#6381 = VECTOR('',#6382,1.);
#6382 = DIRECTION('',(0.,1.));
#6383 = ( GEOMETRIC_REPRESENTATION_CONTEXT(2) 
PARAMETRIC_REPRESENTATION_CONTEXT() REPRESENTATION_CONTEXT('2D SPACE',''
  ) );
#6384 = PCURVE('',#911,#6385);
#6385 = DEFINITIONAL_REPRESENTATION('',(#6386),#6390);
#6386 = LINE('',#6387,#6388);
#6387 = CARTESIAN_POINT('',(3.4,0.));
#6388 = VECTOR('',#6389,1.);
#6389 = DIRECTION('',(0.,-1.));
#6390 = ( GEOMETRIC_REPRESENTATION_CONTEXT(2) 
PARAMETRIC_REPRESENTATION_CONTEXT() REPRESENTATION_CONTEXT('2D SPACE',''
  ) );
#6391 = ORIENTED_EDGE('',*,*,#868,.T.);
#6392 = ORIENTED_EDGE('',*,*,#6393,.T.);
#6393 = EDGE_CURVE('',#871,#6394,#6396,.T.);
#6394 = VERTEX_POINT('',#6395);
#6395 = CARTESIAN_POINT('',(76.6,-25.34307806183,1.4));
#6396 = SURFACE_CURVE('',#6397,(#6401,#6408),.PCURVE_S1.);
#6397 = LINE('',#6398,#6399);
#6398 = CARTESIAN_POINT('',(76.6,-35.5,1.4));
#6399 = VECTOR('',#6400,1.);
#6400 = DIRECTION('',(0.,1.,0.));
#6401 = PCURVE('',#885,#6402);
#6402 = DEFINITIONAL_REPRESENTATION('',(#6403),#6407);
#6403 = LINE('',#6404,#6405);
#6404 = CARTESIAN_POINT('',(7.2,0.));
#6405 = VECTOR('',#6406,1.);
#6406 = DIRECTION('',(0.,1.));
#6407 = ( GEOMETRIC_REPRESENTATION_CONTEXT(2) 
PARAMETRIC_REPRESENTATION_CONTEXT() REPRESENTATION_CONTEXT('2D SPACE',''
  ) );
#6408 = PCURVE('',#961,#6409);
#6409 = DEFINITIONAL_REPRESENTATION('',(#6410),#6414);
#6410 = LINE('',#6411,#6412);
#6411 = CARTESIAN_POINT('',(3.4,0.));
#6412 = VECTOR('',#6413,1.);
#6413 = DIRECTION('',(0.,-1.));
#6414 = ( GEOMETRIC_REPRESENTATION_CONTEXT(2) 
PARAMETRIC_REPRESENTATION_CONTEXT() REPRESENTATION_CONTEXT('2D SPACE',''
  ) );
#6415 = ORIENTED_EDGE('',*,*,#6416,.F.);
#6416 = EDGE_CURVE('',#6370,#6394,#6417,.T.);
#6417 = SURFACE_CURVE('',#6418,(#6422,#6429),.PCURVE_S1.);
#6418 = LINE('',#6419,#6420);
#6419 = CARTESIAN_POINT('',(69.4,-25.34307806183,1.4));
#6420 = VECTOR('',#6421,1.);
#6421 = DIRECTION('',(1.,0.,0.));
#6422 = PCURVE('',#885,#6423);
#6423 = DEFINITIONAL_REPRESENTATION('',(#6424),#6428);
#6424 = LINE('',#6425,#6426);
#6425 = CARTESIAN_POINT('',(0.,10.156921938165));
#6426 = VECTOR('',#6427,1.);
#6427 = DIRECTION('',(1.,0.));
#6428 = ( GEOMETRIC_REPRESENTATION_CONTEXT(2) 
PARAMETRIC_REPRESENTATION_CONTEXT() REPRESENTATION_CONTEXT('2D SPACE',''
  ) );
#6429 = PCURVE('',#6430,#6435);
#6430 = PLANE('',#6431);
#6431 = AXIS2_PLACEMENT_3D('',#6432,#6433,#6434);
#6432 = CARTESIAN_POINT('',(69.4,-25.34307806183,-2.));
#6433 = DIRECTION('',(0.,1.,0.));
#6434 = DIRECTION('',(0.,0.,1.));
#6435 = DEFINITIONAL_REPRESENTATION('',(#6436),#6440);
#6436 = LINE('',#6437,#6438);
#6437 = CARTESIAN_POINT('',(3.4,0.));
#6438 = VECTOR('',#6439,1.);
#6439 = DIRECTION('',(0.,1.));
#6440 = ( GEOMETRIC_REPRESENTATION_CONTEXT(2) 
PARAMETRIC_REPRESENTATION_CONTEXT() REPRESENTATION_CONTEXT('2D SPACE',''
  ) );
#6441 = FACE_BOUND('',#6442,.F.);
#6442 = EDGE_LOOP('',(#6443));
#6443 = ORIENTED_EDGE('',*,*,#6444,.T.);
#6444 = EDGE_CURVE('',#6445,#6445,#6447,.T.);
#6445 = VERTEX_POINT('',#6446);
#6446 = CARTESIAN_POINT('',(75.2,-29.5,1.4));
#6447 = SURFACE_CURVE('',#6448,(#6453,#6464),.PCURVE_S1.);
#6448 = CIRCLE('',#6449,2.2);
#6449 = AXIS2_PLACEMENT_3D('',#6450,#6451,#6452);
#6450 = CARTESIAN_POINT('',(73.,-29.5,1.4));
#6451 = DIRECTION('',(0.,0.,-1.));
#6452 = DIRECTION('',(1.,0.,0.));
#6453 = PCURVE('',#885,#6454);
#6454 = DEFINITIONAL_REPRESENTATION('',(#6455),#6463);
#6455 = ( BOUNDED_CURVE() B_SPLINE_CURVE(2,(#6456,#6457,#6458,#6459,
#6460,#6461,#6462),.UNSPECIFIED.,.T.,.F.) B_SPLINE_CURVE_WITH_KNOTS((1,2
    ,2,2,2,1),(-2.094395102393,0.,2.094395102393,4.188790204786,
6.28318530718,8.377580409573),.UNSPECIFIED.) CURVE() 
GEOMETRIC_REPRESENTATION_ITEM() RATIONAL_B_SPLINE_CURVE((1.,0.5,1.,0.5,
1.,0.5,1.)) REPRESENTATION_ITEM('') );
#6456 = CARTESIAN_POINT('',(5.8,6.));
#6457 = CARTESIAN_POINT('',(5.8,2.189488223348));
#6458 = CARTESIAN_POINT('',(2.5,4.094744111674));
#6459 = CARTESIAN_POINT('',(-0.8,6.));
#6460 = CARTESIAN_POINT('',(2.5,7.905255888326));
#6461 = CARTESIAN_POINT('',(5.8,9.810511776652));
#6462 = CARTESIAN_POINT('',(5.8,6.));
#6463 = ( GEOMETRIC_REPRESENTATION_CONTEXT(2) 
PARAMETRIC_REPRESENTATION_CONTEXT() REPRESENTATION_CONTEXT('2D SPACE',''
  ) );
#6464 = PCURVE('',#6465,#6470);
#6465 = CYLINDRICAL_SURFACE('',#6466,2.2);
#6466 = AXIS2_PLACEMENT_3D('',#6467,#6468,#6469);
#6467 = CARTESIAN_POINT('',(73.,-29.5,-7.5));
#6468 = DIRECTION('',(-0.,-0.,-1.));
#6469 = DIRECTION('',(1.,0.,0.));
#6470 = DEFINITIONAL_REPRESENTATION('',(#6471),#6475);
#6471 = LINE('',#6472,#6473);
#6472 = CARTESIAN_POINT('',(-6.28318530718,-8.9));
#6473 = VECTOR('',#6474,1.);
#6474 = DIRECTION('',(1.,-0.));
#6475 = ( GEOMETRIC_REPRESENTATION_CONTEXT(2) 
PARAMETRIC_REPRESENTATION_CONTEXT() REPRESENTATION_CONTEXT('2D SPACE',''
  ) );
#6476 = ADVANCED_FACE('',(#6477),#961,.F.);
#6477 = FACE_BOUND('',#6478,.F.);
#6478 = EDGE_LOOP('',(#6479,#6480,#6481,#6504));
#6479 = ORIENTED_EDGE('',*,*,#6393,.F.);
#6480 = ORIENTED_EDGE('',*,*,#948,.T.);
#6481 = ORIENTED_EDGE('',*,*,#6482,.T.);
#6482 = EDGE_CURVE('',#923,#6483,#6485,.T.);
#6483 = VERTEX_POINT('',#6484);
#6484 = CARTESIAN_POINT('',(76.6,-25.34307806183,-2.));
#6485 = SURFACE_CURVE('',#6486,(#6490,#6497),.PCURVE_S1.);
#6486 = LINE('',#6487,#6488);
#6487 = CARTESIAN_POINT('',(76.6,-35.5,-2.));
#6488 = VECTOR('',#6489,1.);
#6489 = DIRECTION('',(0.,1.,0.));
#6490 = PCURVE('',#961,#6491);
#6491 = DEFINITIONAL_REPRESENTATION('',(#6492),#6496);
#6492 = LINE('',#6493,#6494);
#6493 = CARTESIAN_POINT('',(0.,0.));
#6494 = VECTOR('',#6495,1.);
#6495 = DIRECTION('',(0.,-1.));
#6496 = ( GEOMETRIC_REPRESENTATION_CONTEXT(2) 
PARAMETRIC_REPRESENTATION_CONTEXT() REPRESENTATION_CONTEXT('2D SPACE',''
  ) );
#6497 = PCURVE('',#937,#6498);
#6498 = DEFINITIONAL_REPRESENTATION('',(#6499),#6503);
#6499 = LINE('',#6500,#6501);
#6500 = CARTESIAN_POINT('',(7.2,0.));
#6501 = VECTOR('',#6502,1.);
#6502 = DIRECTION('',(0.,1.));
#6503 = ( GEOMETRIC_REPRESENTATION_CONTEXT(2) 
PARAMETRIC_REPRESENTATION_CONTEXT() REPRESENTATION_CONTEXT('2D SPACE',''
  ) );
#6504 = ORIENTED_EDGE('',*,*,#6505,.T.);
#6505 = EDGE_CURVE('',#6483,#6394,#6506,.T.);
#6506 = SURFACE_CURVE('',#6507,(#6511,#6518),.PCURVE_S1.);
#6507 = LINE('',#6508,#6509);
#6508 = CARTESIAN_POINT('',(76.6,-25.34307806183,-2.));
#6509 = VECTOR('',#6510,1.);
#6510 = DIRECTION('',(0.,0.,1.));
#6511 = PCURVE('',#961,#6512);
#6512 = DEFINITIONAL_REPRESENTATION('',(#6513),#6517);
#6513 = LINE('',#6514,#6515);
#6514 = CARTESIAN_POINT('',(0.,-10.15692193816));
#6515 = VECTOR('',#6516,1.);
#6516 = DIRECTION('',(1.,0.));
#6517 = ( GEOMETRIC_REPRESENTATION_CONTEXT(2) 
PARAMETRIC_REPRESENTATION_CONTEXT() REPRESENTATION_CONTEXT('2D SPACE',''
  ) );
#6518 = PCURVE('',#6430,#6519);
#6519 = DEFINITIONAL_REPRESENTATION('',(#6520),#6524);
#6520 = LINE('',#6521,#6522);
#6521 = CARTESIAN_POINT('',(0.,7.2));
#6522 = VECTOR('',#6523,1.);
#6523 = DIRECTION('',(1.,0.));
#6524 = ( GEOMETRIC_REPRESENTATION_CONTEXT(2) 
PARAMETRIC_REPRESENTATION_CONTEXT() REPRESENTATION_CONTEXT('2D SPACE',''
  ) );
#6525 = ADVANCED_FACE('',(#6526,#6574),#937,.T.);
#6526 = FACE_BOUND('',#6527,.T.);
#6527 = EDGE_LOOP('',(#6528,#6551,#6552,#6553));
#6528 = ORIENTED_EDGE('',*,*,#6529,.F.);
#6529 = EDGE_CURVE('',#897,#6530,#6532,.T.);
#6530 = VERTEX_POINT('',#6531);
#6531 = CARTESIAN_POINT('',(69.4,-25.34307806183,-2.));
#6532 = SURFACE_CURVE('',#6533,(#6537,#6544),.PCURVE_S1.);
#6533 = LINE('',#6534,#6535);
#6534 = CARTESIAN_POINT('',(69.4,-35.5,-2.));
#6535 = VECTOR('',#6536,1.);
#6536 = DIRECTION('',(0.,1.,0.));
#6537 = PCURVE('',#937,#6538);
#6538 = DEFINITIONAL_REPRESENTATION('',(#6539),#6543);
#6539 = LINE('',#6540,#6541);
#6540 = CARTESIAN_POINT('',(0.,0.));
#6541 = VECTOR('',#6542,1.);
#6542 = DIRECTION('',(0.,1.));
#6543 = ( GEOMETRIC_REPRESENTATION_CONTEXT(2) 
PARAMETRIC_REPRESENTATION_CONTEXT() REPRESENTATION_CONTEXT('2D SPACE',''
  ) );
#6544 = PCURVE('',#911,#6545);
#6545 = DEFINITIONAL_REPRESENTATION('',(#6546),#6550);
#6546 = LINE('',#6547,#6548);
#6547 = CARTESIAN_POINT('',(0.,0.));
#6548 = VECTOR('',#6549,1.);
#6549 = DIRECTION('',(0.,-1.));
#6550 = ( GEOMETRIC_REPRESENTATION_CONTEXT(2) 
PARAMETRIC_REPRESENTATION_CONTEXT() REPRESENTATION_CONTEXT('2D SPACE',''
  ) );
#6551 = ORIENTED_EDGE('',*,*,#922,.T.);
#6552 = ORIENTED_EDGE('',*,*,#6482,.T.);
#6553 = ORIENTED_EDGE('',*,*,#6554,.F.);
#6554 = EDGE_CURVE('',#6530,#6483,#6555,.T.);
#6555 = SURFACE_CURVE('',#6556,(#6560,#6567),.PCURVE_S1.);
#6556 = LINE('',#6557,#6558);
#6557 = CARTESIAN_POINT('',(69.4,-25.34307806183,-2.));
#6558 = VECTOR('',#6559,1.);
#6559 = DIRECTION('',(1.,0.,0.));
#6560 = PCURVE('',#937,#6561);
#6561 = DEFINITIONAL_REPRESENTATION('',(#6562),#6566);
#6562 = LINE('',#6563,#6564);
#6563 = CARTESIAN_POINT('',(0.,10.156921938165));
#6564 = VECTOR('',#6565,1.);
#6565 = DIRECTION('',(1.,0.));
#6566 = ( GEOMETRIC_REPRESENTATION_CONTEXT(2) 
PARAMETRIC_REPRESENTATION_CONTEXT() REPRESENTATION_CONTEXT('2D SPACE',''
  ) );
#6567 = PCURVE('',#6430,#6568);
#6568 = DEFINITIONAL_REPRESENTATION('',(#6569),#6573);
#6569 = LINE('',#6570,#6571);
#6570 = CARTESIAN_POINT('',(0.,0.));
#6571 = VECTOR('',#6572,1.);
#6572 = DIRECTION('',(0.,1.));
#6573 = ( GEOMETRIC_REPRESENTATION_CONTEXT(2) 
PARAMETRIC_REPRESENTATION_CONTEXT() REPRESENTATION_CONTEXT('2D SPACE',''
  ) );
#6574 = FACE_BOUND('',#6575,.T.);
#6575 = EDGE_LOOP('',(#6576));
#6576 = ORIENTED_EDGE('',*,*,#6577,.T.);
#6577 = EDGE_CURVE('',#6578,#6578,#6580,.T.);
#6578 = VERTEX_POINT('',#6579);
#6579 = CARTESIAN_POINT('',(75.2,-29.5,-2.));
#6580 = SURFACE_CURVE('',#6581,(#6586,#6597),.PCURVE_S1.);
#6581 = CIRCLE('',#6582,2.2);
#6582 = AXIS2_PLACEMENT_3D('',#6583,#6584,#6585);
#6583 = CARTESIAN_POINT('',(73.,-29.5,-2.));
#6584 = DIRECTION('',(0.,0.,-1.));
#6585 = DIRECTION('',(1.,0.,0.));
#6586 = PCURVE('',#937,#6587);
#6587 = DEFINITIONAL_REPRESENTATION('',(#6588),#6596);
#6588 = ( BOUNDED_CURVE() B_SPLINE_CURVE(2,(#6589,#6590,#6591,#6592,
#6593,#6594,#6595),.UNSPECIFIED.,.T.,.F.) B_SPLINE_CURVE_WITH_KNOTS((1,2
    ,2,2,2,1),(-2.094395102393,0.,2.094395102393,4.188790204786,
6.28318530718,8.377580409573),.UNSPECIFIED.) CURVE() 
GEOMETRIC_REPRESENTATION_ITEM() RATIONAL_B_SPLINE_CURVE((1.,0.5,1.,0.5,
1.,0.5,1.)) REPRESENTATION_ITEM('') );
#6589 = CARTESIAN_POINT('',(5.8,6.));
#6590 = CARTESIAN_POINT('',(5.8,2.189488223348));
#6591 = CARTESIAN_POINT('',(2.5,4.094744111674));
#6592 = CARTESIAN_POINT('',(-0.8,6.));
#6593 = CARTESIAN_POINT('',(2.5,7.905255888326));
#6594 = CARTESIAN_POINT('',(5.8,9.810511776652));
#6595 = CARTESIAN_POINT('',(5.8,6.));
#6596 = ( GEOMETRIC_REPRESENTATION_CONTEXT(2) 
PARAMETRIC_REPRESENTATION_CONTEXT() REPRESENTATION_CONTEXT('2D SPACE',''
  ) );
#6597 = PCURVE('',#1178,#6598);
#6598 = DEFINITIONAL_REPRESENTATION('',(#6599),#6603);
#6599 = LINE('',#6600,#6601);
#6600 = CARTESIAN_POINT('',(-6.28318530718,-5.5));
#6601 = VECTOR('',#6602,1.);
#6602 = DIRECTION('',(1.,-0.));
#6603 = ( GEOMETRIC_REPRESENTATION_CONTEXT(2) 
PARAMETRIC_REPRESENTATION_CONTEXT() REPRESENTATION_CONTEXT('2D SPACE',''
  ) );
#6604 = ADVANCED_FACE('',(#6605),#911,.T.);
#6605 = FACE_BOUND('',#6606,.T.);
#6606 = EDGE_LOOP('',(#6607,#6608,#6609,#6610));
#6607 = ORIENTED_EDGE('',*,*,#6369,.F.);
#6608 = ORIENTED_EDGE('',*,*,#896,.T.);
#6609 = ORIENTED_EDGE('',*,*,#6529,.T.);
#6610 = ORIENTED_EDGE('',*,*,#6611,.T.);
#6611 = EDGE_CURVE('',#6530,#6370,#6612,.T.);
#6612 = SURFACE_CURVE('',#6613,(#6617,#6624),.PCURVE_S1.);
#6613 = LINE('',#6614,#6615);
#6614 = CARTESIAN_POINT('',(69.4,-25.34307806183,-2.));
#6615 = VECTOR('',#6616,1.);
#6616 = DIRECTION('',(0.,0.,1.));
#6617 = PCURVE('',#911,#6618);
#6618 = DEFINITIONAL_REPRESENTATION('',(#6619),#6623);
#6619 = LINE('',#6620,#6621);
#6620 = CARTESIAN_POINT('',(0.,-10.15692193816));
#6621 = VECTOR('',#6622,1.);
#6622 = DIRECTION('',(1.,0.));
#6623 = ( GEOMETRIC_REPRESENTATION_CONTEXT(2) 
PARAMETRIC_REPRESENTATION_CONTEXT() REPRESENTATION_CONTEXT('2D SPACE',''
  ) );
#6624 = PCURVE('',#6430,#6625);
#6625 = DEFINITIONAL_REPRESENTATION('',(#6626),#6630);
#6626 = LINE('',#6627,#6628);
#6627 = CARTESIAN_POINT('',(0.,0.));
#6628 = VECTOR('',#6629,1.);
#6629 = DIRECTION('',(1.,0.));
#6630 = ( GEOMETRIC_REPRESENTATION_CONTEXT(2) 
PARAMETRIC_REPRESENTATION_CONTEXT() REPRESENTATION_CONTEXT('2D SPACE',''
  ) );
#6631 = ADVANCED_FACE('',(#6632),#1178,.F.);
#6632 = FACE_BOUND('',#6633,.T.);
#6633 = EDGE_LOOP('',(#6634,#6655,#6656,#6657));
#6634 = ORIENTED_EDGE('',*,*,#6635,.F.);
#6635 = EDGE_CURVE('',#1162,#6578,#6636,.T.);
#6636 = SEAM_CURVE('',#6637,(#6641,#6648),.PCURVE_S1.);
#6637 = LINE('',#6638,#6639);
#6638 = CARTESIAN_POINT('',(75.2,-29.5,-7.5));
#6639 = VECTOR('',#6640,1.);
#6640 = DIRECTION('',(0.,0.,1.));
#6641 = PCURVE('',#1178,#6642);
#6642 = DEFINITIONAL_REPRESENTATION('',(#6643),#6647);
#6643 = LINE('',#6644,#6645);
#6644 = CARTESIAN_POINT('',(-6.28318530718,0.));
#6645 = VECTOR('',#6646,1.);
#6646 = DIRECTION('',(-0.,-1.));
#6647 = ( GEOMETRIC_REPRESENTATION_CONTEXT(2) 
PARAMETRIC_REPRESENTATION_CONTEXT() REPRESENTATION_CONTEXT('2D SPACE',''
  ) );
#6648 = PCURVE('',#1178,#6649);
#6649 = DEFINITIONAL_REPRESENTATION('',(#6650),#6654);
#6650 = LINE('',#6651,#6652);
#6651 = CARTESIAN_POINT('',(-0.,0.));
#6652 = VECTOR('',#6653,1.);
#6653 = DIRECTION('',(-0.,-1.));
#6654 = ( GEOMETRIC_REPRESENTATION_CONTEXT(2) 
PARAMETRIC_REPRESENTATION_CONTEXT() REPRESENTATION_CONTEXT('2D SPACE',''
  ) );
#6655 = ORIENTED_EDGE('',*,*,#1161,.T.);
#6656 = ORIENTED_EDGE('',*,*,#6635,.T.);
#6657 = ORIENTED_EDGE('',*,*,#6577,.F.);
#6658 = ADVANCED_FACE('',(#6659),#1209,.F.);
#6659 = FACE_BOUND('',#6660,.T.);
#6660 = EDGE_LOOP('',(#6661,#6682,#6683,#6684));
#6661 = ORIENTED_EDGE('',*,*,#6662,.F.);
#6662 = EDGE_CURVE('',#1193,#6339,#6663,.T.);
#6663 = SEAM_CURVE('',#6664,(#6668,#6675),.PCURVE_S1.);
#6664 = LINE('',#6665,#6666);
#6665 = CARTESIAN_POINT('',(49.2,-29.5,-7.5));
#6666 = VECTOR('',#6667,1.);
#6667 = DIRECTION('',(0.,0.,1.));
#6668 = PCURVE('',#1209,#6669);
#6669 = DEFINITIONAL_REPRESENTATION('',(#6670),#6674);
#6670 = LINE('',#6671,#6672);
#6671 = CARTESIAN_POINT('',(-6.28318530718,0.));
#6672 = VECTOR('',#6673,1.);
#6673 = DIRECTION('',(-0.,-1.));
#6674 = ( GEOMETRIC_REPRESENTATION_CONTEXT(2) 
PARAMETRIC_REPRESENTATION_CONTEXT() REPRESENTATION_CONTEXT('2D SPACE',''
  ) );
#6675 = PCURVE('',#1209,#6676);
#6676 = DEFINITIONAL_REPRESENTATION('',(#6677),#6681);
#6677 = LINE('',#6678,#6679);
#6678 = CARTESIAN_POINT('',(-0.,0.));
#6679 = VECTOR('',#6680,1.);
#6680 = DIRECTION('',(-0.,-1.));
#6681 = ( GEOMETRIC_REPRESENTATION_CONTEXT(2) 
PARAMETRIC_REPRESENTATION_CONTEXT() REPRESENTATION_CONTEXT('2D SPACE',''
  ) );
#6682 = ORIENTED_EDGE('',*,*,#1192,.T.);
#6683 = ORIENTED_EDGE('',*,*,#6662,.T.);
#6684 = ORIENTED_EDGE('',*,*,#6338,.F.);
#6685 = ADVANCED_FACE('',(#6686),#1383,.F.);
#6686 = FACE_BOUND('',#6687,.F.);
#6687 = EDGE_LOOP('',(#6688,#6689,#6712,#6734,#6735,#6757));
#6688 = ORIENTED_EDGE('',*,*,#5586,.F.);
#6689 = ORIENTED_EDGE('',*,*,#6690,.T.);
#6690 = EDGE_CURVE('',#5587,#6691,#6693,.T.);
#6691 = VERTEX_POINT('',#6692);
#6692 = CARTESIAN_POINT('',(121.05,-18.21303839161,45.413093771112));
#6693 = SEAM_CURVE('',#6694,(#6698,#6705),.PCURVE_S1.);
#6694 = LINE('',#6695,#6696);
#6695 = CARTESIAN_POINT('',(121.05,-23.5,48.25));
#6696 = VECTOR('',#6697,1.);
#6697 = DIRECTION('',(-0.,0.881160268064,-0.472817704815));
#6698 = PCURVE('',#1383,#6699);
#6699 = DEFINITIONAL_REPRESENTATION('',(#6700),#6704);
#6700 = LINE('',#6701,#6702);
#6701 = CARTESIAN_POINT('',(6.28318530718,0.));
#6702 = VECTOR('',#6703,1.);
#6703 = DIRECTION('',(0.,-1.));
#6704 = ( GEOMETRIC_REPRESENTATION_CONTEXT(2) 
PARAMETRIC_REPRESENTATION_CONTEXT() REPRESENTATION_CONTEXT('2D SPACE',''
  ) );
#6705 = PCURVE('',#1383,#6706);
#6706 = DEFINITIONAL_REPRESENTATION('',(#6707),#6711);
#6707 = LINE('',#6708,#6709);
#6708 = CARTESIAN_POINT('',(0.,0.));
#6709 = VECTOR('',#6710,1.);
#6710 = DIRECTION('',(0.,-1.));
#6711 = ( GEOMETRIC_REPRESENTATION_CONTEXT(2) 
PARAMETRIC_REPRESENTATION_CONTEXT() REPRESENTATION_CONTEXT('2D SPACE',''
  ) );
#6712 = ORIENTED_EDGE('',*,*,#6713,.T.);
#6713 = EDGE_CURVE('',#6691,#1367,#6714,.T.);
#6714 = SURFACE_CURVE('',#6715,(#6720,#6727),.PCURVE_S1.);
#6715 = CIRCLE('',#6716,3.);
#6716 = AXIS2_PLACEMENT_3D('',#6717,#6718,#6719);
#6717 = CARTESIAN_POINT('',(118.05,-18.21303839161,45.413093771112));
#6718 = DIRECTION('',(0.,-0.881160268064,0.472817704815));
#6719 = DIRECTION('',(1.,0.,0.));
#6720 = PCURVE('',#1383,#6721);
#6721 = DEFINITIONAL_REPRESENTATION('',(#6722),#6726);
#6722 = LINE('',#6723,#6724);
#6723 = CARTESIAN_POINT('',(0.,-6.));
#6724 = VECTOR('',#6725,1.);
#6725 = DIRECTION('',(1.,0.));
#6726 = ( GEOMETRIC_REPRESENTATION_CONTEXT(2) 
PARAMETRIC_REPRESENTATION_CONTEXT() REPRESENTATION_CONTEXT('2D SPACE',''
  ) );
#6727 = PCURVE('',#1412,#6728);
#6728 = DEFINITIONAL_REPRESENTATION('',(#6729),#6733);
#6729 = CIRCLE('',#6730,3.);
#6730 = AXIS2_PLACEMENT_2D('',#6731,#6732);
#6731 = CARTESIAN_POINT('',(-7.940806202604E-15,0.));
#6732 = DIRECTION('',(0.,1.));
#6733 = ( GEOMETRIC_REPRESENTATION_CONTEXT(2) 
PARAMETRIC_REPRESENTATION_CONTEXT() REPRESENTATION_CONTEXT('2D SPACE',''
  ) );
#6734 = ORIENTED_EDGE('',*,*,#1364,.F.);
#6735 = ORIENTED_EDGE('',*,*,#6736,.T.);
#6736 = EDGE_CURVE('',#1365,#6691,#6737,.T.);
#6737 = SURFACE_CURVE('',#6738,(#6743,#6750),.PCURVE_S1.);
#6738 = CIRCLE('',#6739,3.);
#6739 = AXIS2_PLACEMENT_3D('',#6740,#6741,#6742);
#6740 = CARTESIAN_POINT('',(118.05,-18.21303839161,45.413093771112));
#6741 = DIRECTION('',(0.,-0.881160268064,0.472817704815));
#6742 = DIRECTION('',(1.,0.,0.));
#6743 = PCURVE('',#1383,#6744);
#6744 = DEFINITIONAL_REPRESENTATION('',(#6745),#6749);
#6745 = LINE('',#6746,#6747);
#6746 = CARTESIAN_POINT('',(0.,-6.));
#6747 = VECTOR('',#6748,1.);
#6748 = DIRECTION('',(1.,0.));
#6749 = ( GEOMETRIC_REPRESENTATION_CONTEXT(2) 
PARAMETRIC_REPRESENTATION_CONTEXT() REPRESENTATION_CONTEXT('2D SPACE',''
  ) );
#6750 = PCURVE('',#1412,#6751);
#6751 = DEFINITIONAL_REPRESENTATION('',(#6752),#6756);
#6752 = CIRCLE('',#6753,3.);
#6753 = AXIS2_PLACEMENT_2D('',#6754,#6755);
#6754 = CARTESIAN_POINT('',(-7.940806202604E-15,0.));
#6755 = DIRECTION('',(0.,1.));
#6756 = ( GEOMETRIC_REPRESENTATION_CONTEXT(2) 
PARAMETRIC_REPRESENTATION_CONTEXT() REPRESENTATION_CONTEXT('2D SPACE',''
  ) );
#6757 = ORIENTED_EDGE('',*,*,#6690,.F.);
#6758 = ADVANCED_FACE('',(#6759),#1412,.T.);
#6759 = FACE_BOUND('',#6760,.T.);
#6760 = EDGE_LOOP('',(#6761,#6762,#6763));
#6761 = ORIENTED_EDGE('',*,*,#6736,.T.);
#6762 = ORIENTED_EDGE('',*,*,#6713,.T.);
#6763 = ORIENTED_EDGE('',*,*,#1399,.F.);
#6764 = ADVANCED_FACE('',(#6765),#1444,.F.);
#6765 = FACE_BOUND('',#6766,.F.);
#6766 = EDGE_LOOP('',(#6767,#6768,#6791,#6813,#6814,#6836));
#6767 = ORIENTED_EDGE('',*,*,#5611,.F.);
#6768 = ORIENTED_EDGE('',*,*,#6769,.T.);
#6769 = EDGE_CURVE('',#5612,#6770,#6772,.T.);
#6770 = VERTEX_POINT('',#6771);
#6771 = CARTESIAN_POINT('',(111.04,-18.21303839161,45.413093771112));
#6772 = SEAM_CURVE('',#6773,(#6777,#6784),.PCURVE_S1.);
#6773 = LINE('',#6774,#6775);
#6774 = CARTESIAN_POINT('',(111.04,-23.5,48.25));
#6775 = VECTOR('',#6776,1.);
#6776 = DIRECTION('',(-0.,0.881160268064,-0.472817704815));
#6777 = PCURVE('',#1444,#6778);
#6778 = DEFINITIONAL_REPRESENTATION('',(#6779),#6783);
#6779 = LINE('',#6780,#6781);
#6780 = CARTESIAN_POINT('',(6.28318530718,0.));
#6781 = VECTOR('',#6782,1.);
#6782 = DIRECTION('',(0.,-1.));
#6783 = ( GEOMETRIC_REPRESENTATION_CONTEXT(2) 
PARAMETRIC_REPRESENTATION_CONTEXT() REPRESENTATION_CONTEXT('2D SPACE',''
  ) );
#6784 = PCURVE('',#1444,#6785);
#6785 = DEFINITIONAL_REPRESENTATION('',(#6786),#6790);
#6786 = LINE('',#6787,#6788);
#6787 = CARTESIAN_POINT('',(0.,0.));
#6788 = VECTOR('',#6789,1.);
#6789 = DIRECTION('',(0.,-1.));
#6790 = ( GEOMETRIC_REPRESENTATION_CONTEXT(2) 
PARAMETRIC_REPRESENTATION_CONTEXT() REPRESENTATION_CONTEXT('2D SPACE',''
  ) );
#6791 = ORIENTED_EDGE('',*,*,#6792,.T.);
#6792 = EDGE_CURVE('',#6770,#1428,#6793,.T.);
#6793 = SURFACE_CURVE('',#6794,(#6799,#6806),.PCURVE_S1.);
#6794 = CIRCLE('',#6795,3.);
#6795 = AXIS2_PLACEMENT_3D('',#6796,#6797,#6798);
#6796 = CARTESIAN_POINT('',(108.04,-18.21303839161,45.413093771112));
#6797 = DIRECTION('',(0.,-0.881160268064,0.472817704815));
#6798 = DIRECTION('',(1.,0.,0.));
#6799 = PCURVE('',#1444,#6800);
#6800 = DEFINITIONAL_REPRESENTATION('',(#6801),#6805);
#6801 = LINE('',#6802,#6803);
#6802 = CARTESIAN_POINT('',(0.,-6.));
#6803 = VECTOR('',#6804,1.);
#6804 = DIRECTION('',(1.,0.));
#6805 = ( GEOMETRIC_REPRESENTATION_CONTEXT(2) 
PARAMETRIC_REPRESENTATION_CONTEXT() REPRESENTATION_CONTEXT('2D SPACE',''
  ) );
#6806 = PCURVE('',#1473,#6807);
#6807 = DEFINITIONAL_REPRESENTATION('',(#6808),#6812);
#6808 = CIRCLE('',#6809,3.);
#6809 = AXIS2_PLACEMENT_2D('',#6810,#6811);
#6810 = CARTESIAN_POINT('',(-7.940806202604E-15,1.42108547152E-14));
#6811 = DIRECTION('',(0.,1.));
#6812 = ( GEOMETRIC_REPRESENTATION_CONTEXT(2) 
PARAMETRIC_REPRESENTATION_CONTEXT() REPRESENTATION_CONTEXT('2D SPACE',''
  ) );
#6813 = ORIENTED_EDGE('',*,*,#1425,.F.);
#6814 = ORIENTED_EDGE('',*,*,#6815,.T.);
#6815 = EDGE_CURVE('',#1426,#6770,#6816,.T.);
#6816 = SURFACE_CURVE('',#6817,(#6822,#6829),.PCURVE_S1.);
#6817 = CIRCLE('',#6818,3.);
#6818 = AXIS2_PLACEMENT_3D('',#6819,#6820,#6821);
#6819 = CARTESIAN_POINT('',(108.04,-18.21303839161,45.413093771112));
#6820 = DIRECTION('',(0.,-0.881160268064,0.472817704815));
#6821 = DIRECTION('',(1.,0.,0.));
#6822 = PCURVE('',#1444,#6823);
#6823 = DEFINITIONAL_REPRESENTATION('',(#6824),#6828);
#6824 = LINE('',#6825,#6826);
#6825 = CARTESIAN_POINT('',(0.,-6.));
#6826 = VECTOR('',#6827,1.);
#6827 = DIRECTION('',(1.,0.));
#6828 = ( GEOMETRIC_REPRESENTATION_CONTEXT(2) 
PARAMETRIC_REPRESENTATION_CONTEXT() REPRESENTATION_CONTEXT('2D SPACE',''
  ) );
#6829 = PCURVE('',#1473,#6830);
#6830 = DEFINITIONAL_REPRESENTATION('',(#6831),#6835);
#6831 = CIRCLE('',#6832,3.);
#6832 = AXIS2_PLACEMENT_2D('',#6833,#6834);
#6833 = CARTESIAN_POINT('',(-7.940806202604E-15,1.42108547152E-14));
#6834 = DIRECTION('',(0.,1.));
#6835 = ( GEOMETRIC_REPRESENTATION_CONTEXT(2) 
PARAMETRIC_REPRESENTATION_CONTEXT() REPRESENTATION_CONTEXT('2D SPACE',''
  ) );
#6836 = ORIENTED_EDGE('',*,*,#6769,.F.);
#6837 = ADVANCED_FACE('',(#6838),#1473,.T.);
#6838 = FACE_BOUND('',#6839,.T.);
#6839 = EDGE_LOOP('',(#6840,#6841,#6842));
#6840 = ORIENTED_EDGE('',*,*,#6815,.T.);
#6841 = ORIENTED_EDGE('',*,*,#6792,.T.);
#6842 = ORIENTED_EDGE('',*,*,#1460,.F.);
#6843 = ADVANCED_FACE('',(#6844),#1505,.F.);
#6844 = FACE_BOUND('',#6845,.F.);
#6845 = EDGE_LOOP('',(#6846,#6847,#6870,#6892,#6893,#6915));
#6846 = ORIENTED_EDGE('',*,*,#5636,.F.);
#6847 = ORIENTED_EDGE('',*,*,#6848,.T.);
#6848 = EDGE_CURVE('',#5637,#6849,#6851,.T.);
#6849 = VERTEX_POINT('',#6850);
#6850 = CARTESIAN_POINT('',(101.03,-18.21303839161,45.413093771112));
#6851 = SEAM_CURVE('',#6852,(#6856,#6863),.PCURVE_S1.);
#6852 = LINE('',#6853,#6854);
#6853 = CARTESIAN_POINT('',(101.03,-23.5,48.25));
#6854 = VECTOR('',#6855,1.);
#6855 = DIRECTION('',(-0.,0.881160268064,-0.472817704815));
#6856 = PCURVE('',#1505,#6857);
#6857 = DEFINITIONAL_REPRESENTATION('',(#6858),#6862);
#6858 = LINE('',#6859,#6860);
#6859 = CARTESIAN_POINT('',(6.28318530718,0.));
#6860 = VECTOR('',#6861,1.);
#6861 = DIRECTION('',(0.,-1.));
#6862 = ( GEOMETRIC_REPRESENTATION_CONTEXT(2) 
PARAMETRIC_REPRESENTATION_CONTEXT() REPRESENTATION_CONTEXT('2D SPACE',''
  ) );
#6863 = PCURVE('',#1505,#6864);
#6864 = DEFINITIONAL_REPRESENTATION('',(#6865),#6869);
#6865 = LINE('',#6866,#6867);
#6866 = CARTESIAN_POINT('',(0.,0.));
#6867 = VECTOR('',#6868,1.);
#6868 = DIRECTION('',(0.,-1.));
#6869 = ( GEOMETRIC_REPRESENTATION_CONTEXT(2) 
PARAMETRIC_REPRESENTATION_CONTEXT() REPRESENTATION_CONTEXT('2D SPACE',''
  ) );
#6870 = ORIENTED_EDGE('',*,*,#6871,.T.);
#6871 = EDGE_CURVE('',#6849,#1489,#6872,.T.);
#6872 = SURFACE_CURVE('',#6873,(#6878,#6885),.PCURVE_S1.);
#6873 = CIRCLE('',#6874,3.);
#6874 = AXIS2_PLACEMENT_3D('',#6875,#6876,#6877);
#6875 = CARTESIAN_POINT('',(98.03,-18.21303839161,45.413093771112));
#6876 = DIRECTION('',(0.,-0.881160268064,0.472817704815));
#6877 = DIRECTION('',(1.,0.,0.));
#6878 = PCURVE('',#1505,#6879);
#6879 = DEFINITIONAL_REPRESENTATION('',(#6880),#6884);
#6880 = LINE('',#6881,#6882);
#6881 = CARTESIAN_POINT('',(0.,-6.));
#6882 = VECTOR('',#6883,1.);
#6883 = DIRECTION('',(1.,0.));
#6884 = ( GEOMETRIC_REPRESENTATION_CONTEXT(2) 
PARAMETRIC_REPRESENTATION_CONTEXT() REPRESENTATION_CONTEXT('2D SPACE',''
  ) );
#6885 = PCURVE('',#1534,#6886);
#6886 = DEFINITIONAL_REPRESENTATION('',(#6887),#6891);
#6887 = CIRCLE('',#6888,3.);
#6888 = AXIS2_PLACEMENT_2D('',#6889,#6890);
#6889 = CARTESIAN_POINT('',(-7.940806202604E-15,1.42108547152E-14));
#6890 = DIRECTION('',(0.,1.));
#6891 = ( GEOMETRIC_REPRESENTATION_CONTEXT(2) 
PARAMETRIC_REPRESENTATION_CONTEXT() REPRESENTATION_CONTEXT('2D SPACE',''
  ) );
#6892 = ORIENTED_EDGE('',*,*,#1486,.F.);
#6893 = ORIENTED_EDGE('',*,*,#6894,.T.);
#6894 = EDGE_CURVE('',#1487,#6849,#6895,.T.);
#6895 = SURFACE_CURVE('',#6896,(#6901,#6908),.PCURVE_S1.);
#6896 = CIRCLE('',#6897,3.);
#6897 = AXIS2_PLACEMENT_3D('',#6898,#6899,#6900);
#6898 = CARTESIAN_POINT('',(98.03,-18.21303839161,45.413093771112));
#6899 = DIRECTION('',(0.,-0.881160268064,0.472817704815));
#6900 = DIRECTION('',(1.,0.,0.));
#6901 = PCURVE('',#1505,#6902);
#6902 = DEFINITIONAL_REPRESENTATION('',(#6903),#6907);
#6903 = LINE('',#6904,#6905);
#6904 = CARTESIAN_POINT('',(0.,-6.));
#6905 = VECTOR('',#6906,1.);
#6906 = DIRECTION('',(1.,0.));
#6907 = ( GEOMETRIC_REPRESENTATION_CONTEXT(2) 
PARAMETRIC_REPRESENTATION_CONTEXT() REPRESENTATION_CONTEXT('2D SPACE',''
  ) );
#6908 = PCURVE('',#1534,#6909);
#6909 = DEFINITIONAL_REPRESENTATION('',(#6910),#6914);
#6910 = CIRCLE('',#6911,3.);
#6911 = AXIS2_PLACEMENT_2D('',#6912,#6913);
#6912 = CARTESIAN_POINT('',(-7.940806202604E-15,1.42108547152E-14));
#6913 = DIRECTION('',(0.,1.));
#6914 = ( GEOMETRIC_REPRESENTATION_CONTEXT(2) 
PARAMETRIC_REPRESENTATION_CONTEXT() REPRESENTATION_CONTEXT('2D SPACE',''
  ) );
#6915 = ORIENTED_EDGE('',*,*,#6848,.F.);
#6916 = ADVANCED_FACE('',(#6917),#1534,.T.);
#6917 = FACE_BOUND('',#6918,.T.);
#6918 = EDGE_LOOP('',(#6919,#6920,#6921));
#6919 = ORIENTED_EDGE('',*,*,#6894,.T.);
#6920 = ORIENTED_EDGE('',*,*,#6871,.T.);
#6921 = ORIENTED_EDGE('',*,*,#1521,.F.);
#6922 = ADVANCED_FACE('',(#6923),#1566,.F.);
#6923 = FACE_BOUND('',#6924,.F.);
#6924 = EDGE_LOOP('',(#6925,#6926,#6949,#6971,#6972,#6994));
#6925 = ORIENTED_EDGE('',*,*,#5661,.F.);
#6926 = ORIENTED_EDGE('',*,*,#6927,.T.);
#6927 = EDGE_CURVE('',#5662,#6928,#6930,.T.);
#6928 = VERTEX_POINT('',#6929);
#6929 = CARTESIAN_POINT('',(91.02,-18.21303839161,45.413093771112));
#6930 = SEAM_CURVE('',#6931,(#6935,#6942),.PCURVE_S1.);
#6931 = LINE('',#6932,#6933);
#6932 = CARTESIAN_POINT('',(91.02,-23.5,48.25));
#6933 = VECTOR('',#6934,1.);
#6934 = DIRECTION('',(-0.,0.881160268064,-0.472817704815));
#6935 = PCURVE('',#1566,#6936);
#6936 = DEFINITIONAL_REPRESENTATION('',(#6937),#6941);
#6937 = LINE('',#6938,#6939);
#6938 = CARTESIAN_POINT('',(6.28318530718,0.));
#6939 = VECTOR('',#6940,1.);
#6940 = DIRECTION('',(0.,-1.));
#6941 = ( GEOMETRIC_REPRESENTATION_CONTEXT(2) 
PARAMETRIC_REPRESENTATION_CONTEXT() REPRESENTATION_CONTEXT('2D SPACE',''
  ) );
#6942 = PCURVE('',#1566,#6943);
#6943 = DEFINITIONAL_REPRESENTATION('',(#6944),#6948);
#6944 = LINE('',#6945,#6946);
#6945 = CARTESIAN_POINT('',(0.,0.));
#6946 = VECTOR('',#6947,1.);
#6947 = DIRECTION('',(0.,-1.));
#6948 = ( GEOMETRIC_REPRESENTATION_CONTEXT(2) 
PARAMETRIC_REPRESENTATION_CONTEXT() REPRESENTATION_CONTEXT('2D SPACE',''
  ) );
#6949 = ORIENTED_EDGE('',*,*,#6950,.T.);
#6950 = EDGE_CURVE('',#6928,#1550,#6951,.T.);
#6951 = SURFACE_CURVE('',#6952,(#6957,#6964),.PCURVE_S1.);
#6952 = CIRCLE('',#6953,3.);
#6953 = AXIS2_PLACEMENT_3D('',#6954,#6955,#6956);
#6954 = CARTESIAN_POINT('',(88.02,-18.21303839161,45.413093771112));
#6955 = DIRECTION('',(0.,-0.881160268064,0.472817704815));
#6956 = DIRECTION('',(1.,0.,0.));
#6957 = PCURVE('',#1566,#6958);
#6958 = DEFINITIONAL_REPRESENTATION('',(#6959),#6963);
#6959 = LINE('',#6960,#6961);
#6960 = CARTESIAN_POINT('',(0.,-6.));
#6961 = VECTOR('',#6962,1.);
#6962 = DIRECTION('',(1.,0.));
#6963 = ( GEOMETRIC_REPRESENTATION_CONTEXT(2) 
PARAMETRIC_REPRESENTATION_CONTEXT() REPRESENTATION_CONTEXT('2D SPACE',''
  ) );
#6964 = PCURVE('',#1595,#6965);
#6965 = DEFINITIONAL_REPRESENTATION('',(#6966),#6970);
#6966 = CIRCLE('',#6967,3.);
#6967 = AXIS2_PLACEMENT_2D('',#6968,#6969);
#6968 = CARTESIAN_POINT('',(-7.940806202604E-15,1.42108547152E-14));
#6969 = DIRECTION('',(0.,1.));
#6970 = ( GEOMETRIC_REPRESENTATION_CONTEXT(2) 
PARAMETRIC_REPRESENTATION_CONTEXT() REPRESENTATION_CONTEXT('2D SPACE',''
  ) );
#6971 = ORIENTED_EDGE('',*,*,#1547,.F.);
#6972 = ORIENTED_EDGE('',*,*,#6973,.T.);
#6973 = EDGE_CURVE('',#1548,#6928,#6974,.T.);
#6974 = SURFACE_CURVE('',#6975,(#6980,#6987),.PCURVE_S1.);
#6975 = CIRCLE('',#6976,3.);
#6976 = AXIS2_PLACEMENT_3D('',#6977,#6978,#6979);
#6977 = CARTESIAN_POINT('',(88.02,-18.21303839161,45.413093771112));
#6978 = DIRECTION('',(0.,-0.881160268064,0.472817704815));
#6979 = DIRECTION('',(1.,0.,0.));
#6980 = PCURVE('',#1566,#6981);
#6981 = DEFINITIONAL_REPRESENTATION('',(#6982),#6986);
#6982 = LINE('',#6983,#6984);
#6983 = CARTESIAN_POINT('',(0.,-6.));
#6984 = VECTOR('',#6985,1.);
#6985 = DIRECTION('',(1.,0.));
#6986 = ( GEOMETRIC_REPRESENTATION_CONTEXT(2) 
PARAMETRIC_REPRESENTATION_CONTEXT() REPRESENTATION_CONTEXT('2D SPACE',''
  ) );
#6987 = PCURVE('',#1595,#6988);
#6988 = DEFINITIONAL_REPRESENTATION('',(#6989),#6993);
#6989 = CIRCLE('',#6990,3.);
#6990 = AXIS2_PLACEMENT_2D('',#6991,#6992);
#6991 = CARTESIAN_POINT('',(-7.940806202604E-15,1.42108547152E-14));
#6992 = DIRECTION('',(0.,1.));
#6993 = ( GEOMETRIC_REPRESENTATION_CONTEXT(2) 
PARAMETRIC_REPRESENTATION_CONTEXT() REPRESENTATION_CONTEXT('2D SPACE',''
  ) );
#6994 = ORIENTED_EDGE('',*,*,#6927,.F.);
#6995 = ADVANCED_FACE('',(#6996),#1595,.T.);
#6996 = FACE_BOUND('',#6997,.T.);
#6997 = EDGE_LOOP('',(#6998,#6999,#7000));
#6998 = ORIENTED_EDGE('',*,*,#6973,.T.);
#6999 = ORIENTED_EDGE('',*,*,#6950,.T.);
#7000 = ORIENTED_EDGE('',*,*,#1582,.F.);
#7001 = ADVANCED_FACE('',(#7002),#1627,.F.);
#7002 = FACE_BOUND('',#7003,.F.);
#7003 = EDGE_LOOP('',(#7004,#7005,#7028,#7050,#7051,#7073));
#7004 = ORIENTED_EDGE('',*,*,#5686,.F.);
#7005 = ORIENTED_EDGE('',*,*,#7006,.T.);
#7006 = EDGE_CURVE('',#5687,#7007,#7009,.T.);
#7007 = VERTEX_POINT('',#7008);
#7008 = CARTESIAN_POINT('',(81.01,-18.21303839161,45.413093771112));
#7009 = SEAM_CURVE('',#7010,(#7014,#7021),.PCURVE_S1.);
#7010 = LINE('',#7011,#7012);
#7011 = CARTESIAN_POINT('',(81.01,-23.5,48.25));
#7012 = VECTOR('',#7013,1.);
#7013 = DIRECTION('',(-0.,0.881160268064,-0.472817704815));
#7014 = PCURVE('',#1627,#7015);
#7015 = DEFINITIONAL_REPRESENTATION('',(#7016),#7020);
#7016 = LINE('',#7017,#7018);
#7017 = CARTESIAN_POINT('',(6.28318530718,0.));
#7018 = VECTOR('',#7019,1.);
#7019 = DIRECTION('',(0.,-1.));
#7020 = ( GEOMETRIC_REPRESENTATION_CONTEXT(2) 
PARAMETRIC_REPRESENTATION_CONTEXT() REPRESENTATION_CONTEXT('2D SPACE',''
  ) );
#7021 = PCURVE('',#1627,#7022);
#7022 = DEFINITIONAL_REPRESENTATION('',(#7023),#7027);
#7023 = LINE('',#7024,#7025);
#7024 = CARTESIAN_POINT('',(0.,0.));
#7025 = VECTOR('',#7026,1.);
#7026 = DIRECTION('',(0.,-1.));
#7027 = ( GEOMETRIC_REPRESENTATION_CONTEXT(2) 
PARAMETRIC_REPRESENTATION_CONTEXT() REPRESENTATION_CONTEXT('2D SPACE',''
  ) );
#7028 = ORIENTED_EDGE('',*,*,#7029,.T.);
#7029 = EDGE_CURVE('',#7007,#1611,#7030,.T.);
#7030 = SURFACE_CURVE('',#7031,(#7036,#7043),.PCURVE_S1.);
#7031 = CIRCLE('',#7032,3.);
#7032 = AXIS2_PLACEMENT_3D('',#7033,#7034,#7035);
#7033 = CARTESIAN_POINT('',(78.01,-18.21303839161,45.413093771112));
#7034 = DIRECTION('',(0.,-0.881160268064,0.472817704815));
#7035 = DIRECTION('',(1.,0.,0.));
#7036 = PCURVE('',#1627,#7037);
#7037 = DEFINITIONAL_REPRESENTATION('',(#7038),#7042);
#7038 = LINE('',#7039,#7040);
#7039 = CARTESIAN_POINT('',(0.,-6.));
#7040 = VECTOR('',#7041,1.);
#7041 = DIRECTION('',(1.,0.));
#7042 = ( GEOMETRIC_REPRESENTATION_CONTEXT(2) 
PARAMETRIC_REPRESENTATION_CONTEXT() REPRESENTATION_CONTEXT('2D SPACE',''
  ) );
#7043 = PCURVE('',#1656,#7044);
#7044 = DEFINITIONAL_REPRESENTATION('',(#7045),#7049);
#7045 = CIRCLE('',#7046,3.);
#7046 = AXIS2_PLACEMENT_2D('',#7047,#7048);
#7047 = CARTESIAN_POINT('',(-7.940806202604E-15,1.42108547152E-14));
#7048 = DIRECTION('',(0.,1.));
#7049 = ( GEOMETRIC_REPRESENTATION_CONTEXT(2) 
PARAMETRIC_REPRESENTATION_CONTEXT() REPRESENTATION_CONTEXT('2D SPACE',''
  ) );
#7050 = ORIENTED_EDGE('',*,*,#1608,.F.);
#7051 = ORIENTED_EDGE('',*,*,#7052,.T.);
#7052 = EDGE_CURVE('',#1609,#7007,#7053,.T.);
#7053 = SURFACE_CURVE('',#7054,(#7059,#7066),.PCURVE_S1.);
#7054 = CIRCLE('',#7055,3.);
#7055 = AXIS2_PLACEMENT_3D('',#7056,#7057,#7058);
#7056 = CARTESIAN_POINT('',(78.01,-18.21303839161,45.413093771112));
#7057 = DIRECTION('',(0.,-0.881160268064,0.472817704815));
#7058 = DIRECTION('',(1.,0.,0.));
#7059 = PCURVE('',#1627,#7060);
#7060 = DEFINITIONAL_REPRESENTATION('',(#7061),#7065);
#7061 = LINE('',#7062,#7063);
#7062 = CARTESIAN_POINT('',(0.,-6.));
#7063 = VECTOR('',#7064,1.);
#7064 = DIRECTION('',(1.,0.));
#7065 = ( GEOMETRIC_REPRESENTATION_CONTEXT(2) 
PARAMETRIC_REPRESENTATION_CONTEXT() REPRESENTATION_CONTEXT('2D SPACE',''
  ) );
#7066 = PCURVE('',#1656,#7067);
#7067 = DEFINITIONAL_REPRESENTATION('',(#7068),#7072);
#7068 = CIRCLE('',#7069,3.);
#7069 = AXIS2_PLACEMENT_2D('',#7070,#7071);
#7070 = CARTESIAN_POINT('',(-7.940806202604E-15,1.42108547152E-14));
#7071 = DIRECTION('',(0.,1.));
#7072 = ( GEOMETRIC_REPRESENTATION_CONTEXT(2) 
PARAMETRIC_REPRESENTATION_CONTEXT() REPRESENTATION_CONTEXT('2D SPACE',''
  ) );
#7073 = ORIENTED_EDGE('',*,*,#7006,.F.);
#7074 = ADVANCED_FACE('',(#7075),#1656,.T.);
#7075 = FACE_BOUND('',#7076,.T.);
#7076 = EDGE_LOOP('',(#7077,#7078,#7079));
#7077 = ORIENTED_EDGE('',*,*,#7052,.T.);
#7078 = ORIENTED_EDGE('',*,*,#7029,.T.);
#7079 = ORIENTED_EDGE('',*,*,#1643,.F.);
#7080 = ADVANCED_FACE('',(#7081),#1686,.F.);
#7081 = FACE_BOUND('',#7082,.T.);
#7082 = EDGE_LOOP('',(#7083,#7084,#7107,#7136,#7162,#7191,#7217,#7246,
    #7272,#7301,#7327,#7349));
#7083 = ORIENTED_EDGE('',*,*,#1669,.T.);
#7084 = ORIENTED_EDGE('',*,*,#7085,.T.);
#7085 = EDGE_CURVE('',#1670,#7086,#7088,.T.);
#7086 = VERTEX_POINT('',#7087);
#7087 = CARTESIAN_POINT('',(115.53,-30.255,25.));
#7088 = SEAM_CURVE('',#7089,(#7093,#7100),.PCURVE_S1.);
#7089 = LINE('',#7090,#7091);
#7090 = CARTESIAN_POINT('',(115.53,0.,25.));
#7091 = VECTOR('',#7092,1.);
#7092 = DIRECTION('',(0.,-1.,0.));
#7093 = PCURVE('',#1686,#7094);
#7094 = DEFINITIONAL_REPRESENTATION('',(#7095),#7099);
#7095 = LINE('',#7096,#7097);
#7096 = CARTESIAN_POINT('',(-6.28318530718,0.));
#7097 = VECTOR('',#7098,1.);
#7098 = DIRECTION('',(-0.,-1.));
#7099 = ( GEOMETRIC_REPRESENTATION_CONTEXT(2) 
PARAMETRIC_REPRESENTATION_CONTEXT() REPRESENTATION_CONTEXT('2D SPACE',''
  ) );
#7100 = PCURVE('',#1686,#7101);
#7101 = DEFINITIONAL_REPRESENTATION('',(#7102),#7106);
#7102 = LINE('',#7103,#7104);
#7103 = CARTESIAN_POINT('',(-0.,0.));
#7104 = VECTOR('',#7105,1.);
#7105 = DIRECTION('',(-0.,-1.));
#7106 = ( GEOMETRIC_REPRESENTATION_CONTEXT(2) 
PARAMETRIC_REPRESENTATION_CONTEXT() REPRESENTATION_CONTEXT('2D SPACE',''
  ) );
#7107 = ORIENTED_EDGE('',*,*,#7108,.F.);
#7108 = EDGE_CURVE('',#7109,#7086,#7111,.T.);
#7109 = VERTEX_POINT('',#7110);
#7110 = CARTESIAN_POINT('',(114.92,-30.255,26.813256738577));
#7111 = SURFACE_CURVE('',#7112,(#7117,#7124),.PCURVE_S1.);
#7112 = CIRCLE('',#7113,3.);
#7113 = AXIS2_PLACEMENT_3D('',#7114,#7115,#7116);
#7114 = CARTESIAN_POINT('',(112.53,-30.255,25.));
#7115 = DIRECTION('',(-0.,1.,0.));
#7116 = DIRECTION('',(1.,0.,0.));
#7117 = PCURVE('',#1686,#7118);
#7118 = DEFINITIONAL_REPRESENTATION('',(#7119),#7123);
#7119 = LINE('',#7120,#7121);
#7120 = CARTESIAN_POINT('',(-6.28318530718,-30.255));
#7121 = VECTOR('',#7122,1.);
#7122 = DIRECTION('',(1.,-0.));
#7123 = ( GEOMETRIC_REPRESENTATION_CONTEXT(2) 
PARAMETRIC_REPRESENTATION_CONTEXT() REPRESENTATION_CONTEXT('2D SPACE',''
  ) );
#7124 = PCURVE('',#7125,#7130);
#7125 = PLANE('',#7126);
#7126 = AXIS2_PLACEMENT_3D('',#7127,#7128,#7129);
#7127 = CARTESIAN_POINT('',(114.92,-30.255,13.4));
#7128 = DIRECTION('',(0.,1.,0.));
#7129 = DIRECTION('',(0.,0.,1.));
#7130 = DEFINITIONAL_REPRESENTATION('',(#7131),#7135);
#7131 = CIRCLE('',#7132,3.);
#7132 = AXIS2_PLACEMENT_2D('',#7133,#7134);
#7133 = CARTESIAN_POINT('',(11.6,-2.39));
#7134 = DIRECTION('',(0.,1.));
#7135 = ( GEOMETRIC_REPRESENTATION_CONTEXT(2) 
PARAMETRIC_REPRESENTATION_CONTEXT() REPRESENTATION_CONTEXT('2D SPACE',''
  ) );
#7136 = ORIENTED_EDGE('',*,*,#7137,.F.);
#7137 = EDGE_CURVE('',#7138,#7109,#7140,.T.);
#7138 = VERTEX_POINT('',#7139);
#7139 = CARTESIAN_POINT('',(114.92,-33.255,26.813256738577));
#7140 = SURFACE_CURVE('',#7141,(#7145,#7151),.PCURVE_S1.);
#7141 = LINE('',#7142,#7143);
#7142 = CARTESIAN_POINT('',(114.92,0.,26.813256738578));
#7143 = VECTOR('',#7144,1.);
#7144 = DIRECTION('',(-0.,1.,-0.));
#7145 = PCURVE('',#1686,#7146);
#7146 = DEFINITIONAL_REPRESENTATION('',(#7147),#7150);
#7147 = B_SPLINE_CURVE_WITH_KNOTS('',1,(#7148,#7149),.UNSPECIFIED.,.F.,
  .F.,(2,2),(-33.555,-29.955),.PIECEWISE_BEZIER_KNOTS.);
#7148 = CARTESIAN_POINT('',(-0.649036267345,-33.555));
#7149 = CARTESIAN_POINT('',(-0.649036267345,-29.955));
#7150 = ( GEOMETRIC_REPRESENTATION_CONTEXT(2) 
PARAMETRIC_REPRESENTATION_CONTEXT() REPRESENTATION_CONTEXT('2D SPACE',''
  ) );
#7151 = PCURVE('',#7152,#7157);
#7152 = PLANE('',#7153);
#7153 = AXIS2_PLACEMENT_3D('',#7154,#7155,#7156);
#7154 = CARTESIAN_POINT('',(114.92,-34.255,13.4));
#7155 = DIRECTION('',(1.,0.,0.));
#7156 = DIRECTION('',(0.,0.,1.));
#7157 = DEFINITIONAL_REPRESENTATION('',(#7158),#7161);
#7158 = B_SPLINE_CURVE_WITH_KNOTS('',1,(#7159,#7160),.UNSPECIFIED.,.F.,
  .F.,(2,2),(-33.555,-29.955),.PIECEWISE_BEZIER_KNOTS.);
#7159 = CARTESIAN_POINT('',(13.413256738578,-0.7));
#7160 = CARTESIAN_POINT('',(13.413256738578,-4.3));
#7161 = ( GEOMETRIC_REPRESENTATION_CONTEXT(2) 
PARAMETRIC_REPRESENTATION_CONTEXT() REPRESENTATION_CONTEXT('2D SPACE',''
  ) );
#7162 = ORIENTED_EDGE('',*,*,#7163,.F.);
#7163 = EDGE_CURVE('',#7164,#7138,#7166,.T.);
#7164 = VERTEX_POINT('',#7165);
#7165 = CARTESIAN_POINT('',(110.14,-33.255,26.813256738578));
#7166 = SURFACE_CURVE('',#7167,(#7172,#7179),.PCURVE_S1.);
#7167 = CIRCLE('',#7168,3.);
#7168 = AXIS2_PLACEMENT_3D('',#7169,#7170,#7171);
#7169 = CARTESIAN_POINT('',(112.53,-33.255,25.));
#7170 = DIRECTION('',(-0.,1.,0.));
#7171 = DIRECTION('',(1.,0.,0.));
#7172 = PCURVE('',#1686,#7173);
#7173 = DEFINITIONAL_REPRESENTATION('',(#7174),#7178);
#7174 = LINE('',#7175,#7176);
#7175 = CARTESIAN_POINT('',(-6.28318530718,-33.255));
#7176 = VECTOR('',#7177,1.);
#7177 = DIRECTION('',(1.,-0.));
#7178 = ( GEOMETRIC_REPRESENTATION_CONTEXT(2) 
PARAMETRIC_REPRESENTATION_CONTEXT() REPRESENTATION_CONTEXT('2D SPACE',''
  ) );
#7179 = PCURVE('',#7180,#7185);
#7180 = PLANE('',#7181);
#7181 = AXIS2_PLACEMENT_3D('',#7182,#7183,#7184);
#7182 = CARTESIAN_POINT('',(40.,-33.255,35.6));
#7183 = DIRECTION('',(-0.,1.,0.));
#7184 = DIRECTION('',(0.,0.,-1.));
#7185 = DEFINITIONAL_REPRESENTATION('',(#7186),#7190);
#7186 = CIRCLE('',#7187,3.);
#7187 = AXIS2_PLACEMENT_2D('',#7188,#7189);
#7188 = CARTESIAN_POINT('',(10.6,-72.53));
#7189 = DIRECTION('',(0.,-1.));
#7190 = ( GEOMETRIC_REPRESENTATION_CONTEXT(2) 
PARAMETRIC_REPRESENTATION_CONTEXT() REPRESENTATION_CONTEXT('2D SPACE',''
  ) );
#7191 = ORIENTED_EDGE('',*,*,#7192,.T.);
#7192 = EDGE_CURVE('',#7164,#7193,#7195,.T.);
#7193 = VERTEX_POINT('',#7194);
#7194 = CARTESIAN_POINT('',(110.14,-30.255,26.813256738578));
#7195 = SURFACE_CURVE('',#7196,(#7200,#7206),.PCURVE_S1.);
#7196 = LINE('',#7197,#7198);
#7197 = CARTESIAN_POINT('',(110.14,0.,26.813256738578));
#7198 = VECTOR('',#7199,1.);
#7199 = DIRECTION('',(-0.,1.,-0.));
#7200 = PCURVE('',#1686,#7201);
#7201 = DEFINITIONAL_REPRESENTATION('',(#7202),#7205);
#7202 = B_SPLINE_CURVE_WITH_KNOTS('',1,(#7203,#7204),.UNSPECIFIED.,.F.,
  .F.,(2,2),(-33.555,-29.955),.PIECEWISE_BEZIER_KNOTS.);
#7203 = CARTESIAN_POINT('',(-2.492556386245,-33.555));
#7204 = CARTESIAN_POINT('',(-2.492556386245,-29.955));
#7205 = ( GEOMETRIC_REPRESENTATION_CONTEXT(2) 
PARAMETRIC_REPRESENTATION_CONTEXT() REPRESENTATION_CONTEXT('2D SPACE',''
  ) );
#7206 = PCURVE('',#7207,#7212);
#7207 = PLANE('',#7208);
#7208 = AXIS2_PLACEMENT_3D('',#7209,#7210,#7211);
#7209 = CARTESIAN_POINT('',(110.14,-34.255,13.4));
#7210 = DIRECTION('',(1.,0.,0.));
#7211 = DIRECTION('',(0.,0.,1.));
#7212 = DEFINITIONAL_REPRESENTATION('',(#7213),#7216);
#7213 = B_SPLINE_CURVE_WITH_KNOTS('',1,(#7214,#7215),.UNSPECIFIED.,.F.,
  .F.,(2,2),(-33.555,-29.955),.PIECEWISE_BEZIER_KNOTS.);
#7214 = CARTESIAN_POINT('',(13.413256738578,-0.7));
#7215 = CARTESIAN_POINT('',(13.413256738578,-4.3));
#7216 = ( GEOMETRIC_REPRESENTATION_CONTEXT(2) 
PARAMETRIC_REPRESENTATION_CONTEXT() REPRESENTATION_CONTEXT('2D SPACE',''
  ) );
#7217 = ORIENTED_EDGE('',*,*,#7218,.F.);
#7218 = EDGE_CURVE('',#7219,#7193,#7221,.T.);
#7219 = VERTEX_POINT('',#7220);
#7220 = CARTESIAN_POINT('',(110.14,-30.255,23.186743261422));
#7221 = SURFACE_CURVE('',#7222,(#7227,#7234),.PCURVE_S1.);
#7222 = CIRCLE('',#7223,3.);
#7223 = AXIS2_PLACEMENT_3D('',#7224,#7225,#7226);
#7224 = CARTESIAN_POINT('',(112.53,-30.255,25.));
#7225 = DIRECTION('',(-0.,1.,0.));
#7226 = DIRECTION('',(1.,0.,0.));
#7227 = PCURVE('',#1686,#7228);
#7228 = DEFINITIONAL_REPRESENTATION('',(#7229),#7233);
#7229 = LINE('',#7230,#7231);
#7230 = CARTESIAN_POINT('',(-6.28318530718,-30.255));
#7231 = VECTOR('',#7232,1.);
#7232 = DIRECTION('',(1.,-0.));
#7233 = ( GEOMETRIC_REPRESENTATION_CONTEXT(2) 
PARAMETRIC_REPRESENTATION_CONTEXT() REPRESENTATION_CONTEXT('2D SPACE',''
  ) );
#7234 = PCURVE('',#7235,#7240);
#7235 = PLANE('',#7236);
#7236 = AXIS2_PLACEMENT_3D('',#7237,#7238,#7239);
#7237 = CARTESIAN_POINT('',(104.91,-30.255,13.4));
#7238 = DIRECTION('',(0.,1.,0.));
#7239 = DIRECTION('',(0.,0.,1.));
#7240 = DEFINITIONAL_REPRESENTATION('',(#7241),#7245);
#7241 = CIRCLE('',#7242,3.);
#7242 = AXIS2_PLACEMENT_2D('',#7243,#7244);
#7243 = CARTESIAN_POINT('',(11.6,7.62));
#7244 = DIRECTION('',(0.,1.));
#7245 = ( GEOMETRIC_REPRESENTATION_CONTEXT(2) 
PARAMETRIC_REPRESENTATION_CONTEXT() REPRESENTATION_CONTEXT('2D SPACE',''
  ) );
#7246 = ORIENTED_EDGE('',*,*,#7247,.F.);
#7247 = EDGE_CURVE('',#7248,#7219,#7250,.T.);
#7248 = VERTEX_POINT('',#7249);
#7249 = CARTESIAN_POINT('',(110.14,-33.255,23.186743261422));
#7250 = SURFACE_CURVE('',#7251,(#7255,#7261),.PCURVE_S1.);
#7251 = LINE('',#7252,#7253);
#7252 = CARTESIAN_POINT('',(110.14,0.,23.186743261422));
#7253 = VECTOR('',#7254,1.);
#7254 = DIRECTION('',(-0.,1.,-0.));
#7255 = PCURVE('',#1686,#7256);
#7256 = DEFINITIONAL_REPRESENTATION('',(#7257),#7260);
#7257 = B_SPLINE_CURVE_WITH_KNOTS('',1,(#7258,#7259),.UNSPECIFIED.,.F.,
  .F.,(2,2),(-33.555,-29.955),.PIECEWISE_BEZIER_KNOTS.);
#7258 = CARTESIAN_POINT('',(-3.790628920935,-33.555));
#7259 = CARTESIAN_POINT('',(-3.790628920935,-29.955));
#7260 = ( GEOMETRIC_REPRESENTATION_CONTEXT(2) 
PARAMETRIC_REPRESENTATION_CONTEXT() REPRESENTATION_CONTEXT('2D SPACE',''
  ) );
#7261 = PCURVE('',#7262,#7267);
#7262 = PLANE('',#7263);
#7263 = AXIS2_PLACEMENT_3D('',#7264,#7265,#7266);
#7264 = CARTESIAN_POINT('',(110.14,-34.255,13.4));
#7265 = DIRECTION('',(1.,0.,0.));
#7266 = DIRECTION('',(0.,0.,1.));
#7267 = DEFINITIONAL_REPRESENTATION('',(#7268),#7271);
#7268 = B_SPLINE_CURVE_WITH_KNOTS('',1,(#7269,#7270),.UNSPECIFIED.,.F.,
  .F.,(2,2),(-33.555,-29.955),.PIECEWISE_BEZIER_KNOTS.);
#7269 = CARTESIAN_POINT('',(9.786743261422,-0.7));
#7270 = CARTESIAN_POINT('',(9.786743261422,-4.3));
#7271 = ( GEOMETRIC_REPRESENTATION_CONTEXT(2) 
PARAMETRIC_REPRESENTATION_CONTEXT() REPRESENTATION_CONTEXT('2D SPACE',''
  ) );
#7272 = ORIENTED_EDGE('',*,*,#7273,.F.);
#7273 = EDGE_CURVE('',#7274,#7248,#7276,.T.);
#7274 = VERTEX_POINT('',#7275);
#7275 = CARTESIAN_POINT('',(114.92,-33.255,23.186743261423));
#7276 = SURFACE_CURVE('',#7277,(#7282,#7289),.PCURVE_S1.);
#7277 = CIRCLE('',#7278,3.);
#7278 = AXIS2_PLACEMENT_3D('',#7279,#7280,#7281);
#7279 = CARTESIAN_POINT('',(112.53,-33.255,25.));
#7280 = DIRECTION('',(-0.,1.,0.));
#7281 = DIRECTION('',(1.,0.,0.));
#7282 = PCURVE('',#1686,#7283);
#7283 = DEFINITIONAL_REPRESENTATION('',(#7284),#7288);
#7284 = LINE('',#7285,#7286);
#7285 = CARTESIAN_POINT('',(-6.28318530718,-33.255));
#7286 = VECTOR('',#7287,1.);
#7287 = DIRECTION('',(1.,-0.));
#7288 = ( GEOMETRIC_REPRESENTATION_CONTEXT(2) 
PARAMETRIC_REPRESENTATION_CONTEXT() REPRESENTATION_CONTEXT('2D SPACE',''
  ) );
#7289 = PCURVE('',#7290,#7295);
#7290 = PLANE('',#7291);
#7291 = AXIS2_PLACEMENT_3D('',#7292,#7293,#7294);
#7292 = CARTESIAN_POINT('',(40.,-33.255,35.6));
#7293 = DIRECTION('',(-0.,1.,0.));
#7294 = DIRECTION('',(0.,0.,-1.));
#7295 = DEFINITIONAL_REPRESENTATION('',(#7296),#7300);
#7296 = CIRCLE('',#7297,3.);
#7297 = AXIS2_PLACEMENT_2D('',#7298,#7299);
#7298 = CARTESIAN_POINT('',(10.6,-72.53));
#7299 = DIRECTION('',(0.,-1.));
#7300 = ( GEOMETRIC_REPRESENTATION_CONTEXT(2) 
PARAMETRIC_REPRESENTATION_CONTEXT() REPRESENTATION_CONTEXT('2D SPACE',''
  ) );
#7301 = ORIENTED_EDGE('',*,*,#7302,.T.);
#7302 = EDGE_CURVE('',#7274,#7303,#7305,.T.);
#7303 = VERTEX_POINT('',#7304);
#7304 = CARTESIAN_POINT('',(114.92,-30.255,23.186743261423));
#7305 = SURFACE_CURVE('',#7306,(#7310,#7316),.PCURVE_S1.);
#7306 = LINE('',#7307,#7308);
#7307 = CARTESIAN_POINT('',(114.92,0.,23.186743261422));
#7308 = VECTOR('',#7309,1.);
#7309 = DIRECTION('',(-0.,1.,-0.));
#7310 = PCURVE('',#1686,#7311);
#7311 = DEFINITIONAL_REPRESENTATION('',(#7312),#7315);
#7312 = B_SPLINE_CURVE_WITH_KNOTS('',1,(#7313,#7314),.UNSPECIFIED.,.F.,
  .F.,(2,2),(-33.555,-29.955),.PIECEWISE_BEZIER_KNOTS.);
#7313 = CARTESIAN_POINT('',(-5.634149039834,-33.555));
#7314 = CARTESIAN_POINT('',(-5.634149039834,-29.955));
#7315 = ( GEOMETRIC_REPRESENTATION_CONTEXT(2) 
PARAMETRIC_REPRESENTATION_CONTEXT() REPRESENTATION_CONTEXT('2D SPACE',''
  ) );
#7316 = PCURVE('',#7317,#7322);
#7317 = PLANE('',#7318);
#7318 = AXIS2_PLACEMENT_3D('',#7319,#7320,#7321);
#7319 = CARTESIAN_POINT('',(114.92,-34.255,13.4));
#7320 = DIRECTION('',(1.,0.,0.));
#7321 = DIRECTION('',(0.,0.,1.));
#7322 = DEFINITIONAL_REPRESENTATION('',(#7323),#7326);
#7323 = B_SPLINE_CURVE_WITH_KNOTS('',1,(#7324,#7325),.UNSPECIFIED.,.F.,
  .F.,(2,2),(-33.555,-29.955),.PIECEWISE_BEZIER_KNOTS.);
#7324 = CARTESIAN_POINT('',(9.786743261422,-0.7));
#7325 = CARTESIAN_POINT('',(9.786743261422,-4.3));
#7326 = ( GEOMETRIC_REPRESENTATION_CONTEXT(2) 
PARAMETRIC_REPRESENTATION_CONTEXT() REPRESENTATION_CONTEXT('2D SPACE',''
  ) );
#7327 = ORIENTED_EDGE('',*,*,#7328,.F.);
#7328 = EDGE_CURVE('',#7086,#7303,#7329,.T.);
#7329 = SURFACE_CURVE('',#7330,(#7335,#7342),.PCURVE_S1.);
#7330 = CIRCLE('',#7331,3.);
#7331 = AXIS2_PLACEMENT_3D('',#7332,#7333,#7334);
#7332 = CARTESIAN_POINT('',(112.53,-30.255,25.));
#7333 = DIRECTION('',(-0.,1.,0.));
#7334 = DIRECTION('',(1.,0.,0.));
#7335 = PCURVE('',#1686,#7336);
#7336 = DEFINITIONAL_REPRESENTATION('',(#7337),#7341);
#7337 = LINE('',#7338,#7339);
#7338 = CARTESIAN_POINT('',(-6.28318530718,-30.255));
#7339 = VECTOR('',#7340,1.);
#7340 = DIRECTION('',(1.,-0.));
#7341 = ( GEOMETRIC_REPRESENTATION_CONTEXT(2) 
PARAMETRIC_REPRESENTATION_CONTEXT() REPRESENTATION_CONTEXT('2D SPACE',''
  ) );
#7342 = PCURVE('',#7125,#7343);
#7343 = DEFINITIONAL_REPRESENTATION('',(#7344),#7348);
#7344 = CIRCLE('',#7345,3.);
#7345 = AXIS2_PLACEMENT_2D('',#7346,#7347);
#7346 = CARTESIAN_POINT('',(11.6,-2.39));
#7347 = DIRECTION('',(0.,1.));
#7348 = ( GEOMETRIC_REPRESENTATION_CONTEXT(2) 
PARAMETRIC_REPRESENTATION_CONTEXT() REPRESENTATION_CONTEXT('2D SPACE',''
  ) );
#7349 = ORIENTED_EDGE('',*,*,#7085,.F.);
#7350 = ADVANCED_FACE('',(#7351),#1717,.F.);
#7351 = FACE_BOUND('',#7352,.T.);
#7352 = EDGE_LOOP('',(#7353,#7354,#7377,#7401,#7427,#7456,#7482,#7511,
    #7537,#7566,#7592,#7614));
#7353 = ORIENTED_EDGE('',*,*,#1700,.T.);
#7354 = ORIENTED_EDGE('',*,*,#7355,.T.);
#7355 = EDGE_CURVE('',#1701,#7356,#7358,.T.);
#7356 = VERTEX_POINT('',#7357);
#7357 = CARTESIAN_POINT('',(105.52,-30.255,25.));
#7358 = SEAM_CURVE('',#7359,(#7363,#7370),.PCURVE_S1.);
#7359 = LINE('',#7360,#7361);
#7360 = CARTESIAN_POINT('',(105.52,0.,25.));
#7361 = VECTOR('',#7362,1.);
#7362 = DIRECTION('',(0.,-1.,0.));
#7363 = PCURVE('',#1717,#7364);
#7364 = DEFINITIONAL_REPRESENTATION('',(#7365),#7369);
#7365 = LINE('',#7366,#7367);
#7366 = CARTESIAN_POINT('',(-6.28318530718,0.));
#7367 = VECTOR('',#7368,1.);
#7368 = DIRECTION('',(-0.,-1.));
#7369 = ( GEOMETRIC_REPRESENTATION_CONTEXT(2) 
PARAMETRIC_REPRESENTATION_CONTEXT() REPRESENTATION_CONTEXT('2D SPACE',''
  ) );
#7370 = PCURVE('',#1717,#7371);
#7371 = DEFINITIONAL_REPRESENTATION('',(#7372),#7376);
#7372 = LINE('',#7373,#7374);
#7373 = CARTESIAN_POINT('',(-0.,0.));
#7374 = VECTOR('',#7375,1.);
#7375 = DIRECTION('',(-0.,-1.));
#7376 = ( GEOMETRIC_REPRESENTATION_CONTEXT(2) 
PARAMETRIC_REPRESENTATION_CONTEXT() REPRESENTATION_CONTEXT('2D SPACE',''
  ) );
#7377 = ORIENTED_EDGE('',*,*,#7378,.F.);
#7378 = EDGE_CURVE('',#7379,#7356,#7381,.T.);
#7379 = VERTEX_POINT('',#7380);
#7380 = CARTESIAN_POINT('',(104.91,-30.255,26.813256738578));
#7381 = SURFACE_CURVE('',#7382,(#7387,#7394),.PCURVE_S1.);
#7382 = CIRCLE('',#7383,3.);
#7383 = AXIS2_PLACEMENT_3D('',#7384,#7385,#7386);
#7384 = CARTESIAN_POINT('',(102.52,-30.255,25.));
#7385 = DIRECTION('',(-0.,1.,0.));
#7386 = DIRECTION('',(1.,0.,0.));
#7387 = PCURVE('',#1717,#7388);
#7388 = DEFINITIONAL_REPRESENTATION('',(#7389),#7393);
#7389 = LINE('',#7390,#7391);
#7390 = CARTESIAN_POINT('',(-6.28318530718,-30.255));
#7391 = VECTOR('',#7392,1.);
#7392 = DIRECTION('',(1.,-0.));
#7393 = ( GEOMETRIC_REPRESENTATION_CONTEXT(2) 
PARAMETRIC_REPRESENTATION_CONTEXT() REPRESENTATION_CONTEXT('2D SPACE',''
  ) );
#7394 = PCURVE('',#7235,#7395);
#7395 = DEFINITIONAL_REPRESENTATION('',(#7396),#7400);
#7396 = CIRCLE('',#7397,3.);
#7397 = AXIS2_PLACEMENT_2D('',#7398,#7399);
#7398 = CARTESIAN_POINT('',(11.6,-2.39));
#7399 = DIRECTION('',(0.,1.));
#7400 = ( GEOMETRIC_REPRESENTATION_CONTEXT(2) 
PARAMETRIC_REPRESENTATION_CONTEXT() REPRESENTATION_CONTEXT('2D SPACE',''
  ) );
#7401 = ORIENTED_EDGE('',*,*,#7402,.F.);
#7402 = EDGE_CURVE('',#7403,#7379,#7405,.T.);
#7403 = VERTEX_POINT('',#7404);
#7404 = CARTESIAN_POINT('',(104.91,-33.255,26.813256738578));
#7405 = SURFACE_CURVE('',#7406,(#7410,#7416),.PCURVE_S1.);
#7406 = LINE('',#7407,#7408);
#7407 = CARTESIAN_POINT('',(104.91,0.,26.813256738578));
#7408 = VECTOR('',#7409,1.);
#7409 = DIRECTION('',(-0.,1.,-0.));
#7410 = PCURVE('',#1717,#7411);
#7411 = DEFINITIONAL_REPRESENTATION('',(#7412),#7415);
#7412 = B_SPLINE_CURVE_WITH_KNOTS('',1,(#7413,#7414),.UNSPECIFIED.,.F.,
  .F.,(2,2),(-33.555,-29.955),.PIECEWISE_BEZIER_KNOTS.);
#7413 = CARTESIAN_POINT('',(-0.649036267345,-33.555));
#7414 = CARTESIAN_POINT('',(-0.649036267345,-29.955));
#7415 = ( GEOMETRIC_REPRESENTATION_CONTEXT(2) 
PARAMETRIC_REPRESENTATION_CONTEXT() REPRESENTATION_CONTEXT('2D SPACE',''
  ) );
#7416 = PCURVE('',#7417,#7422);
#7417 = PLANE('',#7418);
#7418 = AXIS2_PLACEMENT_3D('',#7419,#7420,#7421);
#7419 = CARTESIAN_POINT('',(104.91,-34.255,13.4));
#7420 = DIRECTION('',(1.,0.,0.));
#7421 = DIRECTION('',(0.,0.,1.));
#7422 = DEFINITIONAL_REPRESENTATION('',(#7423),#7426);
#7423 = B_SPLINE_CURVE_WITH_KNOTS('',1,(#7424,#7425),.UNSPECIFIED.,.F.,
  .F.,(2,2),(-33.555,-29.955),.PIECEWISE_BEZIER_KNOTS.);
#7424 = CARTESIAN_POINT('',(13.413256738578,-0.7));
#7425 = CARTESIAN_POINT('',(13.413256738578,-4.3));
#7426 = ( GEOMETRIC_REPRESENTATION_CONTEXT(2) 
PARAMETRIC_REPRESENTATION_CONTEXT() REPRESENTATION_CONTEXT('2D SPACE',''
  ) );
#7427 = ORIENTED_EDGE('',*,*,#7428,.F.);
#7428 = EDGE_CURVE('',#7429,#7403,#7431,.T.);
#7429 = VERTEX_POINT('',#7430);
#7430 = CARTESIAN_POINT('',(100.13,-33.255,26.813256738578));
#7431 = SURFACE_CURVE('',#7432,(#7437,#7444),.PCURVE_S1.);
#7432 = CIRCLE('',#7433,3.);
#7433 = AXIS2_PLACEMENT_3D('',#7434,#7435,#7436);
#7434 = CARTESIAN_POINT('',(102.52,-33.255,25.));
#7435 = DIRECTION('',(-0.,1.,0.));
#7436 = DIRECTION('',(1.,0.,0.));
#7437 = PCURVE('',#1717,#7438);
#7438 = DEFINITIONAL_REPRESENTATION('',(#7439),#7443);
#7439 = LINE('',#7440,#7441);
#7440 = CARTESIAN_POINT('',(-6.28318530718,-33.255));
#7441 = VECTOR('',#7442,1.);
#7442 = DIRECTION('',(1.,-0.));
#7443 = ( GEOMETRIC_REPRESENTATION_CONTEXT(2) 
PARAMETRIC_REPRESENTATION_CONTEXT() REPRESENTATION_CONTEXT('2D SPACE',''
  ) );
#7444 = PCURVE('',#7445,#7450);
#7445 = PLANE('',#7446);
#7446 = AXIS2_PLACEMENT_3D('',#7447,#7448,#7449);
#7447 = CARTESIAN_POINT('',(40.,-33.255,35.6));
#7448 = DIRECTION('',(-0.,1.,0.));
#7449 = DIRECTION('',(0.,0.,-1.));
#7450 = DEFINITIONAL_REPRESENTATION('',(#7451),#7455);
#7451 = CIRCLE('',#7452,3.);
#7452 = AXIS2_PLACEMENT_2D('',#7453,#7454);
#7453 = CARTESIAN_POINT('',(10.6,-62.52));
#7454 = DIRECTION('',(0.,-1.));
#7455 = ( GEOMETRIC_REPRESENTATION_CONTEXT(2) 
PARAMETRIC_REPRESENTATION_CONTEXT() REPRESENTATION_CONTEXT('2D SPACE',''
  ) );
#7456 = ORIENTED_EDGE('',*,*,#7457,.T.);
#7457 = EDGE_CURVE('',#7429,#7458,#7460,.T.);
#7458 = VERTEX_POINT('',#7459);
#7459 = CARTESIAN_POINT('',(100.13,-30.255,26.813256738578));
#7460 = SURFACE_CURVE('',#7461,(#7465,#7471),.PCURVE_S1.);
#7461 = LINE('',#7462,#7463);
#7462 = CARTESIAN_POINT('',(100.13,0.,26.813256738578));
#7463 = VECTOR('',#7464,1.);
#7464 = DIRECTION('',(-0.,1.,-0.));
#7465 = PCURVE('',#1717,#7466);
#7466 = DEFINITIONAL_REPRESENTATION('',(#7467),#7470);
#7467 = B_SPLINE_CURVE_WITH_KNOTS('',1,(#7468,#7469),.UNSPECIFIED.,.F.,
  .F.,(2,2),(-33.555,-29.955),.PIECEWISE_BEZIER_KNOTS.);
#7468 = CARTESIAN_POINT('',(-2.492556386245,-33.555));
#7469 = CARTESIAN_POINT('',(-2.492556386245,-29.955));
#7470 = ( GEOMETRIC_REPRESENTATION_CONTEXT(2) 
PARAMETRIC_REPRESENTATION_CONTEXT() REPRESENTATION_CONTEXT('2D SPACE',''
  ) );
#7471 = PCURVE('',#7472,#7477);
#7472 = PLANE('',#7473);
#7473 = AXIS2_PLACEMENT_3D('',#7474,#7475,#7476);
#7474 = CARTESIAN_POINT('',(100.13,-34.255,13.4));
#7475 = DIRECTION('',(1.,0.,0.));
#7476 = DIRECTION('',(0.,0.,1.));
#7477 = DEFINITIONAL_REPRESENTATION('',(#7478),#7481);
#7478 = B_SPLINE_CURVE_WITH_KNOTS('',1,(#7479,#7480),.UNSPECIFIED.,.F.,
  .F.,(2,2),(-33.555,-29.955),.PIECEWISE_BEZIER_KNOTS.);
#7479 = CARTESIAN_POINT('',(13.413256738578,-0.7));
#7480 = CARTESIAN_POINT('',(13.413256738578,-4.3));
#7481 = ( GEOMETRIC_REPRESENTATION_CONTEXT(2) 
PARAMETRIC_REPRESENTATION_CONTEXT() REPRESENTATION_CONTEXT('2D SPACE',''
  ) );
#7482 = ORIENTED_EDGE('',*,*,#7483,.F.);
#7483 = EDGE_CURVE('',#7484,#7458,#7486,.T.);
#7484 = VERTEX_POINT('',#7485);
#7485 = CARTESIAN_POINT('',(100.13,-30.255,23.186743261422));
#7486 = SURFACE_CURVE('',#7487,(#7492,#7499),.PCURVE_S1.);
#7487 = CIRCLE('',#7488,3.);
#7488 = AXIS2_PLACEMENT_3D('',#7489,#7490,#7491);
#7489 = CARTESIAN_POINT('',(102.52,-30.255,25.));
#7490 = DIRECTION('',(-0.,1.,0.));
#7491 = DIRECTION('',(1.,0.,0.));
#7492 = PCURVE('',#1717,#7493);
#7493 = DEFINITIONAL_REPRESENTATION('',(#7494),#7498);
#7494 = LINE('',#7495,#7496);
#7495 = CARTESIAN_POINT('',(-6.28318530718,-30.255));
#7496 = VECTOR('',#7497,1.);
#7497 = DIRECTION('',(1.,-0.));
#7498 = ( GEOMETRIC_REPRESENTATION_CONTEXT(2) 
PARAMETRIC_REPRESENTATION_CONTEXT() REPRESENTATION_CONTEXT('2D SPACE',''
  ) );
#7499 = PCURVE('',#7500,#7505);
#7500 = PLANE('',#7501);
#7501 = AXIS2_PLACEMENT_3D('',#7502,#7503,#7504);
#7502 = CARTESIAN_POINT('',(94.9,-30.255,13.4));
#7503 = DIRECTION('',(0.,1.,0.));
#7504 = DIRECTION('',(0.,0.,1.));
#7505 = DEFINITIONAL_REPRESENTATION('',(#7506),#7510);
#7506 = CIRCLE('',#7507,3.);
#7507 = AXIS2_PLACEMENT_2D('',#7508,#7509);
#7508 = CARTESIAN_POINT('',(11.6,7.62));
#7509 = DIRECTION('',(0.,1.));
#7510 = ( GEOMETRIC_REPRESENTATION_CONTEXT(2) 
PARAMETRIC_REPRESENTATION_CONTEXT() REPRESENTATION_CONTEXT('2D SPACE',''
  ) );
#7511 = ORIENTED_EDGE('',*,*,#7512,.F.);
#7512 = EDGE_CURVE('',#7513,#7484,#7515,.T.);
#7513 = VERTEX_POINT('',#7514);
#7514 = CARTESIAN_POINT('',(100.13,-33.255,23.186743261422));
#7515 = SURFACE_CURVE('',#7516,(#7520,#7526),.PCURVE_S1.);
#7516 = LINE('',#7517,#7518);
#7517 = CARTESIAN_POINT('',(100.13,0.,23.186743261422));
#7518 = VECTOR('',#7519,1.);
#7519 = DIRECTION('',(-0.,1.,-0.));
#7520 = PCURVE('',#1717,#7521);
#7521 = DEFINITIONAL_REPRESENTATION('',(#7522),#7525);
#7522 = B_SPLINE_CURVE_WITH_KNOTS('',1,(#7523,#7524),.UNSPECIFIED.,.F.,
  .F.,(2,2),(-33.555,-29.955),.PIECEWISE_BEZIER_KNOTS.);
#7523 = CARTESIAN_POINT('',(-3.790628920935,-33.555));
#7524 = CARTESIAN_POINT('',(-3.790628920935,-29.955));
#7525 = ( GEOMETRIC_REPRESENTATION_CONTEXT(2) 
PARAMETRIC_REPRESENTATION_CONTEXT() REPRESENTATION_CONTEXT('2D SPACE',''
  ) );
#7526 = PCURVE('',#7527,#7532);
#7527 = PLANE('',#7528);
#7528 = AXIS2_PLACEMENT_3D('',#7529,#7530,#7531);
#7529 = CARTESIAN_POINT('',(100.13,-34.255,13.4));
#7530 = DIRECTION('',(1.,0.,0.));
#7531 = DIRECTION('',(0.,0.,1.));
#7532 = DEFINITIONAL_REPRESENTATION('',(#7533),#7536);
#7533 = B_SPLINE_CURVE_WITH_KNOTS('',1,(#7534,#7535),.UNSPECIFIED.,.F.,
  .F.,(2,2),(-33.555,-29.955),.PIECEWISE_BEZIER_KNOTS.);
#7534 = CARTESIAN_POINT('',(9.786743261422,-0.7));
#7535 = CARTESIAN_POINT('',(9.786743261422,-4.3));
#7536 = ( GEOMETRIC_REPRESENTATION_CONTEXT(2) 
PARAMETRIC_REPRESENTATION_CONTEXT() REPRESENTATION_CONTEXT('2D SPACE',''
  ) );
#7537 = ORIENTED_EDGE('',*,*,#7538,.F.);
#7538 = EDGE_CURVE('',#7539,#7513,#7541,.T.);
#7539 = VERTEX_POINT('',#7540);
#7540 = CARTESIAN_POINT('',(104.91,-33.255,23.186743261422));
#7541 = SURFACE_CURVE('',#7542,(#7547,#7554),.PCURVE_S1.);
#7542 = CIRCLE('',#7543,3.);
#7543 = AXIS2_PLACEMENT_3D('',#7544,#7545,#7546);
#7544 = CARTESIAN_POINT('',(102.52,-33.255,25.));
#7545 = DIRECTION('',(-0.,1.,0.));
#7546 = DIRECTION('',(1.,0.,0.));
#7547 = PCURVE('',#1717,#7548);
#7548 = DEFINITIONAL_REPRESENTATION('',(#7549),#7553);
#7549 = LINE('',#7550,#7551);
#7550 = CARTESIAN_POINT('',(-6.28318530718,-33.255));
#7551 = VECTOR('',#7552,1.);
#7552 = DIRECTION('',(1.,-0.));
#7553 = ( GEOMETRIC_REPRESENTATION_CONTEXT(2) 
PARAMETRIC_REPRESENTATION_CONTEXT() REPRESENTATION_CONTEXT('2D SPACE',''
  ) );
#7554 = PCURVE('',#7555,#7560);
#7555 = PLANE('',#7556);
#7556 = AXIS2_PLACEMENT_3D('',#7557,#7558,#7559);
#7557 = CARTESIAN_POINT('',(40.,-33.255,35.6));
#7558 = DIRECTION('',(-0.,1.,0.));
#7559 = DIRECTION('',(0.,0.,-1.));
#7560 = DEFINITIONAL_REPRESENTATION('',(#7561),#7565);
#7561 = CIRCLE('',#7562,3.);
#7562 = AXIS2_PLACEMENT_2D('',#7563,#7564);
#7563 = CARTESIAN_POINT('',(10.6,-62.52));
#7564 = DIRECTION('',(0.,-1.));
#7565 = ( GEOMETRIC_REPRESENTATION_CONTEXT(2) 
PARAMETRIC_REPRESENTATION_CONTEXT() REPRESENTATION_CONTEXT('2D SPACE',''
  ) );
#7566 = ORIENTED_EDGE('',*,*,#7567,.T.);
#7567 = EDGE_CURVE('',#7539,#7568,#7570,.T.);
#7568 = VERTEX_POINT('',#7569);
#7569 = CARTESIAN_POINT('',(104.91,-30.255,23.186743261422));
#7570 = SURFACE_CURVE('',#7571,(#7575,#7581),.PCURVE_S1.);
#7571 = LINE('',#7572,#7573);
#7572 = CARTESIAN_POINT('',(104.91,0.,23.186743261422));
#7573 = VECTOR('',#7574,1.);
#7574 = DIRECTION('',(-0.,1.,-0.));
#7575 = PCURVE('',#1717,#7576);
#7576 = DEFINITIONAL_REPRESENTATION('',(#7577),#7580);
#7577 = B_SPLINE_CURVE_WITH_KNOTS('',1,(#7578,#7579),.UNSPECIFIED.,.F.,
  .F.,(2,2),(-33.555,-29.955),.PIECEWISE_BEZIER_KNOTS.);
#7578 = CARTESIAN_POINT('',(-5.634149039834,-33.555));
#7579 = CARTESIAN_POINT('',(-5.634149039834,-29.955));
#7580 = ( GEOMETRIC_REPRESENTATION_CONTEXT(2) 
PARAMETRIC_REPRESENTATION_CONTEXT() REPRESENTATION_CONTEXT('2D SPACE',''
  ) );
#7581 = PCURVE('',#7582,#7587);
#7582 = PLANE('',#7583);
#7583 = AXIS2_PLACEMENT_3D('',#7584,#7585,#7586);
#7584 = CARTESIAN_POINT('',(104.91,-34.255,13.4));
#7585 = DIRECTION('',(1.,0.,0.));
#7586 = DIRECTION('',(0.,0.,1.));
#7587 = DEFINITIONAL_REPRESENTATION('',(#7588),#7591);
#7588 = B_SPLINE_CURVE_WITH_KNOTS('',1,(#7589,#7590),.UNSPECIFIED.,.F.,
  .F.,(2,2),(-33.555,-29.955),.PIECEWISE_BEZIER_KNOTS.);
#7589 = CARTESIAN_POINT('',(9.786743261422,-0.7));
#7590 = CARTESIAN_POINT('',(9.786743261422,-4.3));
#7591 = ( GEOMETRIC_REPRESENTATION_CONTEXT(2) 
PARAMETRIC_REPRESENTATION_CONTEXT() REPRESENTATION_CONTEXT('2D SPACE',''
  ) );
#7592 = ORIENTED_EDGE('',*,*,#7593,.F.);
#7593 = EDGE_CURVE('',#7356,#7568,#7594,.T.);
#7594 = SURFACE_CURVE('',#7595,(#7600,#7607),.PCURVE_S1.);
#7595 = CIRCLE('',#7596,3.);
#7596 = AXIS2_PLACEMENT_3D('',#7597,#7598,#7599);
#7597 = CARTESIAN_POINT('',(102.52,-30.255,25.));
#7598 = DIRECTION('',(-0.,1.,0.));
#7599 = DIRECTION('',(1.,0.,0.));
#7600 = PCURVE('',#1717,#7601);
#7601 = DEFINITIONAL_REPRESENTATION('',(#7602),#7606);
#7602 = LINE('',#7603,#7604);
#7603 = CARTESIAN_POINT('',(-6.28318530718,-30.255));
#7604 = VECTOR('',#7605,1.);
#7605 = DIRECTION('',(1.,-0.));
#7606 = ( GEOMETRIC_REPRESENTATION_CONTEXT(2) 
PARAMETRIC_REPRESENTATION_CONTEXT() REPRESENTATION_CONTEXT('2D SPACE',''
  ) );
#7607 = PCURVE('',#7235,#7608);
#7608 = DEFINITIONAL_REPRESENTATION('',(#7609),#7613);
#7609 = CIRCLE('',#7610,3.);
#7610 = AXIS2_PLACEMENT_2D('',#7611,#7612);
#7611 = CARTESIAN_POINT('',(11.6,-2.39));
#7612 = DIRECTION('',(0.,1.));
#7613 = ( GEOMETRIC_REPRESENTATION_CONTEXT(2) 
PARAMETRIC_REPRESENTATION_CONTEXT() REPRESENTATION_CONTEXT('2D SPACE',''
  ) );
#7614 = ORIENTED_EDGE('',*,*,#7355,.F.);
#7615 = ADVANCED_FACE('',(#7616),#1748,.F.);
#7616 = FACE_BOUND('',#7617,.T.);
#7617 = EDGE_LOOP('',(#7618,#7619,#7642,#7666,#7692,#7721,#7747,#7776,
    #7802,#7831,#7857,#7879));
#7618 = ORIENTED_EDGE('',*,*,#1731,.T.);
#7619 = ORIENTED_EDGE('',*,*,#7620,.T.);
#7620 = EDGE_CURVE('',#1732,#7621,#7623,.T.);
#7621 = VERTEX_POINT('',#7622);
#7622 = CARTESIAN_POINT('',(95.51,-30.255,25.));
#7623 = SEAM_CURVE('',#7624,(#7628,#7635),.PCURVE_S1.);
#7624 = LINE('',#7625,#7626);
#7625 = CARTESIAN_POINT('',(95.51,0.,25.));
#7626 = VECTOR('',#7627,1.);
#7627 = DIRECTION('',(0.,-1.,0.));
#7628 = PCURVE('',#1748,#7629);
#7629 = DEFINITIONAL_REPRESENTATION('',(#7630),#7634);
#7630 = LINE('',#7631,#7632);
#7631 = CARTESIAN_POINT('',(-6.28318530718,0.));
#7632 = VECTOR('',#7633,1.);
#7633 = DIRECTION('',(-0.,-1.));
#7634 = ( GEOMETRIC_REPRESENTATION_CONTEXT(2) 
PARAMETRIC_REPRESENTATION_CONTEXT() REPRESENTATION_CONTEXT('2D SPACE',''
  ) );
#7635 = PCURVE('',#1748,#7636);
#7636 = DEFINITIONAL_REPRESENTATION('',(#7637),#7641);
#7637 = LINE('',#7638,#7639);
#7638 = CARTESIAN_POINT('',(-0.,0.));
#7639 = VECTOR('',#7640,1.);
#7640 = DIRECTION('',(-0.,-1.));
#7641 = ( GEOMETRIC_REPRESENTATION_CONTEXT(2) 
PARAMETRIC_REPRESENTATION_CONTEXT() REPRESENTATION_CONTEXT('2D SPACE',''
  ) );
#7642 = ORIENTED_EDGE('',*,*,#7643,.F.);
#7643 = EDGE_CURVE('',#7644,#7621,#7646,.T.);
#7644 = VERTEX_POINT('',#7645);
#7645 = CARTESIAN_POINT('',(94.9,-30.255,26.813256738579));
#7646 = SURFACE_CURVE('',#7647,(#7652,#7659),.PCURVE_S1.);
#7647 = CIRCLE('',#7648,3.);
#7648 = AXIS2_PLACEMENT_3D('',#7649,#7650,#7651);
#7649 = CARTESIAN_POINT('',(92.51,-30.255,25.));
#7650 = DIRECTION('',(-0.,1.,0.));
#7651 = DIRECTION('',(1.,0.,0.));
#7652 = PCURVE('',#1748,#7653);
#7653 = DEFINITIONAL_REPRESENTATION('',(#7654),#7658);
#7654 = LINE('',#7655,#7656);
#7655 = CARTESIAN_POINT('',(-6.28318530718,-30.255));
#7656 = VECTOR('',#7657,1.);
#7657 = DIRECTION('',(1.,-0.));
#7658 = ( GEOMETRIC_REPRESENTATION_CONTEXT(2) 
PARAMETRIC_REPRESENTATION_CONTEXT() REPRESENTATION_CONTEXT('2D SPACE',''
  ) );
#7659 = PCURVE('',#7500,#7660);
#7660 = DEFINITIONAL_REPRESENTATION('',(#7661),#7665);
#7661 = CIRCLE('',#7662,3.);
#7662 = AXIS2_PLACEMENT_2D('',#7663,#7664);
#7663 = CARTESIAN_POINT('',(11.6,-2.39));
#7664 = DIRECTION('',(0.,1.));
#7665 = ( GEOMETRIC_REPRESENTATION_CONTEXT(2) 
PARAMETRIC_REPRESENTATION_CONTEXT() REPRESENTATION_CONTEXT('2D SPACE',''
  ) );
#7666 = ORIENTED_EDGE('',*,*,#7667,.F.);
#7667 = EDGE_CURVE('',#7668,#7644,#7670,.T.);
#7668 = VERTEX_POINT('',#7669);
#7669 = CARTESIAN_POINT('',(94.9,-33.255,26.813256738579));
#7670 = SURFACE_CURVE('',#7671,(#7675,#7681),.PCURVE_S1.);
#7671 = LINE('',#7672,#7673);
#7672 = CARTESIAN_POINT('',(94.9,0.,26.813256738578));
#7673 = VECTOR('',#7674,1.);
#7674 = DIRECTION('',(-0.,1.,-0.));
#7675 = PCURVE('',#1748,#7676);
#7676 = DEFINITIONAL_REPRESENTATION('',(#7677),#7680);
#7677 = B_SPLINE_CURVE_WITH_KNOTS('',1,(#7678,#7679),.UNSPECIFIED.,.F.,
  .F.,(2,2),(-33.555,-29.955),.PIECEWISE_BEZIER_KNOTS.);
#7678 = CARTESIAN_POINT('',(-0.649036267345,-33.555));
#7679 = CARTESIAN_POINT('',(-0.649036267345,-29.955));
#7680 = ( GEOMETRIC_REPRESENTATION_CONTEXT(2) 
PARAMETRIC_REPRESENTATION_CONTEXT() REPRESENTATION_CONTEXT('2D SPACE',''
  ) );
#7681 = PCURVE('',#7682,#7687);
#7682 = PLANE('',#7683);
#7683 = AXIS2_PLACEMENT_3D('',#7684,#7685,#7686);
#7684 = CARTESIAN_POINT('',(94.9,-34.255,13.4));
#7685 = DIRECTION('',(1.,0.,0.));
#7686 = DIRECTION('',(0.,0.,1.));
#7687 = DEFINITIONAL_REPRESENTATION('',(#7688),#7691);
#7688 = B_SPLINE_CURVE_WITH_KNOTS('',1,(#7689,#7690),.UNSPECIFIED.,.F.,
  .F.,(2,2),(-33.555,-29.955),.PIECEWISE_BEZIER_KNOTS.);
#7689 = CARTESIAN_POINT('',(13.413256738578,-0.7));
#7690 = CARTESIAN_POINT('',(13.413256738578,-4.3));
#7691 = ( GEOMETRIC_REPRESENTATION_CONTEXT(2) 
PARAMETRIC_REPRESENTATION_CONTEXT() REPRESENTATION_CONTEXT('2D SPACE',''
  ) );
#7692 = ORIENTED_EDGE('',*,*,#7693,.F.);
#7693 = EDGE_CURVE('',#7694,#7668,#7696,.T.);
#7694 = VERTEX_POINT('',#7695);
#7695 = CARTESIAN_POINT('',(90.12,-33.255,26.813256738579));
#7696 = SURFACE_CURVE('',#7697,(#7702,#7709),.PCURVE_S1.);
#7697 = CIRCLE('',#7698,3.);
#7698 = AXIS2_PLACEMENT_3D('',#7699,#7700,#7701);
#7699 = CARTESIAN_POINT('',(92.51,-33.255,25.));
#7700 = DIRECTION('',(-0.,1.,0.));
#7701 = DIRECTION('',(1.,0.,0.));
#7702 = PCURVE('',#1748,#7703);
#7703 = DEFINITIONAL_REPRESENTATION('',(#7704),#7708);
#7704 = LINE('',#7705,#7706);
#7705 = CARTESIAN_POINT('',(-6.28318530718,-33.255));
#7706 = VECTOR('',#7707,1.);
#7707 = DIRECTION('',(1.,-0.));
#7708 = ( GEOMETRIC_REPRESENTATION_CONTEXT(2) 
PARAMETRIC_REPRESENTATION_CONTEXT() REPRESENTATION_CONTEXT('2D SPACE',''
  ) );
#7709 = PCURVE('',#7710,#7715);
#7710 = PLANE('',#7711);
#7711 = AXIS2_PLACEMENT_3D('',#7712,#7713,#7714);
#7712 = CARTESIAN_POINT('',(40.,-33.255,35.6));
#7713 = DIRECTION('',(-0.,1.,0.));
#7714 = DIRECTION('',(0.,0.,-1.));
#7715 = DEFINITIONAL_REPRESENTATION('',(#7716),#7720);
#7716 = CIRCLE('',#7717,3.);
#7717 = AXIS2_PLACEMENT_2D('',#7718,#7719);
#7718 = CARTESIAN_POINT('',(10.6,-52.51));
#7719 = DIRECTION('',(0.,-1.));
#7720 = ( GEOMETRIC_REPRESENTATION_CONTEXT(2) 
PARAMETRIC_REPRESENTATION_CONTEXT() REPRESENTATION_CONTEXT('2D SPACE',''
  ) );
#7721 = ORIENTED_EDGE('',*,*,#7722,.T.);
#7722 = EDGE_CURVE('',#7694,#7723,#7725,.T.);
#7723 = VERTEX_POINT('',#7724);
#7724 = CARTESIAN_POINT('',(90.12,-30.255,26.813256738579));
#7725 = SURFACE_CURVE('',#7726,(#7730,#7736),.PCURVE_S1.);
#7726 = LINE('',#7727,#7728);
#7727 = CARTESIAN_POINT('',(90.12,0.,26.813256738578));
#7728 = VECTOR('',#7729,1.);
#7729 = DIRECTION('',(-0.,1.,-0.));
#7730 = PCURVE('',#1748,#7731);
#7731 = DEFINITIONAL_REPRESENTATION('',(#7732),#7735);
#7732 = B_SPLINE_CURVE_WITH_KNOTS('',1,(#7733,#7734),.UNSPECIFIED.,.F.,
  .F.,(2,2),(-33.555,-29.955),.PIECEWISE_BEZIER_KNOTS.);
#7733 = CARTESIAN_POINT('',(-2.492556386245,-33.555));
#7734 = CARTESIAN_POINT('',(-2.492556386245,-29.955));
#7735 = ( GEOMETRIC_REPRESENTATION_CONTEXT(2) 
PARAMETRIC_REPRESENTATION_CONTEXT() REPRESENTATION_CONTEXT('2D SPACE',''
  ) );
#7736 = PCURVE('',#7737,#7742);
#7737 = PLANE('',#7738);
#7738 = AXIS2_PLACEMENT_3D('',#7739,#7740,#7741);
#7739 = CARTESIAN_POINT('',(90.12,-34.255,13.4));
#7740 = DIRECTION('',(1.,0.,0.));
#7741 = DIRECTION('',(0.,0.,1.));
#7742 = DEFINITIONAL_REPRESENTATION('',(#7743),#7746);
#7743 = B_SPLINE_CURVE_WITH_KNOTS('',1,(#7744,#7745),.UNSPECIFIED.,.F.,
  .F.,(2,2),(-33.555,-29.955),.PIECEWISE_BEZIER_KNOTS.);
#7744 = CARTESIAN_POINT('',(13.413256738578,-0.7));
#7745 = CARTESIAN_POINT('',(13.413256738578,-4.3));
#7746 = ( GEOMETRIC_REPRESENTATION_CONTEXT(2) 
PARAMETRIC_REPRESENTATION_CONTEXT() REPRESENTATION_CONTEXT('2D SPACE',''
  ) );
#7747 = ORIENTED_EDGE('',*,*,#7748,.F.);
#7748 = EDGE_CURVE('',#7749,#7723,#7751,.T.);
#7749 = VERTEX_POINT('',#7750);
#7750 = CARTESIAN_POINT('',(90.12,-30.255,23.186743261421));
#7751 = SURFACE_CURVE('',#7752,(#7757,#7764),.PCURVE_S1.);
#7752 = CIRCLE('',#7753,3.);
#7753 = AXIS2_PLACEMENT_3D('',#7754,#7755,#7756);
#7754 = CARTESIAN_POINT('',(92.51,-30.255,25.));
#7755 = DIRECTION('',(-0.,1.,0.));
#7756 = DIRECTION('',(1.,0.,0.));
#7757 = PCURVE('',#1748,#7758);
#7758 = DEFINITIONAL_REPRESENTATION('',(#7759),#7763);
#7759 = LINE('',#7760,#7761);
#7760 = CARTESIAN_POINT('',(-6.28318530718,-30.255));
#7761 = VECTOR('',#7762,1.);
#7762 = DIRECTION('',(1.,-0.));
#7763 = ( GEOMETRIC_REPRESENTATION_CONTEXT(2) 
PARAMETRIC_REPRESENTATION_CONTEXT() REPRESENTATION_CONTEXT('2D SPACE',''
  ) );
#7764 = PCURVE('',#7765,#7770);
#7765 = PLANE('',#7766);
#7766 = AXIS2_PLACEMENT_3D('',#7767,#7768,#7769);
#7767 = CARTESIAN_POINT('',(84.89,-30.255,13.4));
#7768 = DIRECTION('',(0.,1.,0.));
#7769 = DIRECTION('',(0.,0.,1.));
#7770 = DEFINITIONAL_REPRESENTATION('',(#7771),#7775);
#7771 = CIRCLE('',#7772,3.);
#7772 = AXIS2_PLACEMENT_2D('',#7773,#7774);
#7773 = CARTESIAN_POINT('',(11.6,7.62));
#7774 = DIRECTION('',(0.,1.));
#7775 = ( GEOMETRIC_REPRESENTATION_CONTEXT(2) 
PARAMETRIC_REPRESENTATION_CONTEXT() REPRESENTATION_CONTEXT('2D SPACE',''
  ) );
#7776 = ORIENTED_EDGE('',*,*,#7777,.F.);
#7777 = EDGE_CURVE('',#7778,#7749,#7780,.T.);
#7778 = VERTEX_POINT('',#7779);
#7779 = CARTESIAN_POINT('',(90.12,-33.255,23.186743261421));
#7780 = SURFACE_CURVE('',#7781,(#7785,#7791),.PCURVE_S1.);
#7781 = LINE('',#7782,#7783);
#7782 = CARTESIAN_POINT('',(90.12,0.,23.186743261422));
#7783 = VECTOR('',#7784,1.);
#7784 = DIRECTION('',(-0.,1.,-0.));
#7785 = PCURVE('',#1748,#7786);
#7786 = DEFINITIONAL_REPRESENTATION('',(#7787),#7790);
#7787 = B_SPLINE_CURVE_WITH_KNOTS('',1,(#7788,#7789),.UNSPECIFIED.,.F.,
  .F.,(2,2),(-33.555,-29.955),.PIECEWISE_BEZIER_KNOTS.);
#7788 = CARTESIAN_POINT('',(-3.790628920935,-33.555));
#7789 = CARTESIAN_POINT('',(-3.790628920935,-29.955));
#7790 = ( GEOMETRIC_REPRESENTATION_CONTEXT(2) 
PARAMETRIC_REPRESENTATION_CONTEXT() REPRESENTATION_CONTEXT('2D SPACE',''
  ) );
#7791 = PCURVE('',#7792,#7797);
#7792 = PLANE('',#7793);
#7793 = AXIS2_PLACEMENT_3D('',#7794,#7795,#7796);
#7794 = CARTESIAN_POINT('',(90.12,-34.255,13.4));
#7795 = DIRECTION('',(1.,0.,0.));
#7796 = DIRECTION('',(0.,0.,1.));
#7797 = DEFINITIONAL_REPRESENTATION('',(#7798),#7801);
#7798 = B_SPLINE_CURVE_WITH_KNOTS('',1,(#7799,#7800),.UNSPECIFIED.,.F.,
  .F.,(2,2),(-33.555,-29.955),.PIECEWISE_BEZIER_KNOTS.);
#7799 = CARTESIAN_POINT('',(9.786743261422,-0.7));
#7800 = CARTESIAN_POINT('',(9.786743261422,-4.3));
#7801 = ( GEOMETRIC_REPRESENTATION_CONTEXT(2) 
PARAMETRIC_REPRESENTATION_CONTEXT() REPRESENTATION_CONTEXT('2D SPACE',''
  ) );
#7802 = ORIENTED_EDGE('',*,*,#7803,.F.);
#7803 = EDGE_CURVE('',#7804,#7778,#7806,.T.);
#7804 = VERTEX_POINT('',#7805);
#7805 = CARTESIAN_POINT('',(94.9,-33.255,23.186743261421));
#7806 = SURFACE_CURVE('',#7807,(#7812,#7819),.PCURVE_S1.);
#7807 = CIRCLE('',#7808,3.);
#7808 = AXIS2_PLACEMENT_3D('',#7809,#7810,#7811);
#7809 = CARTESIAN_POINT('',(92.51,-33.255,25.));
#7810 = DIRECTION('',(-0.,1.,0.));
#7811 = DIRECTION('',(1.,0.,0.));
#7812 = PCURVE('',#1748,#7813);
#7813 = DEFINITIONAL_REPRESENTATION('',(#7814),#7818);
#7814 = LINE('',#7815,#7816);
#7815 = CARTESIAN_POINT('',(-6.28318530718,-33.255));
#7816 = VECTOR('',#7817,1.);
#7817 = DIRECTION('',(1.,-0.));
#7818 = ( GEOMETRIC_REPRESENTATION_CONTEXT(2) 
PARAMETRIC_REPRESENTATION_CONTEXT() REPRESENTATION_CONTEXT('2D SPACE',''
  ) );
#7819 = PCURVE('',#7820,#7825);
#7820 = PLANE('',#7821);
#7821 = AXIS2_PLACEMENT_3D('',#7822,#7823,#7824);
#7822 = CARTESIAN_POINT('',(40.,-33.255,35.6));
#7823 = DIRECTION('',(-0.,1.,0.));
#7824 = DIRECTION('',(0.,0.,-1.));
#7825 = DEFINITIONAL_REPRESENTATION('',(#7826),#7830);
#7826 = CIRCLE('',#7827,3.);
#7827 = AXIS2_PLACEMENT_2D('',#7828,#7829);
#7828 = CARTESIAN_POINT('',(10.6,-52.51));
#7829 = DIRECTION('',(0.,-1.));
#7830 = ( GEOMETRIC_REPRESENTATION_CONTEXT(2) 
PARAMETRIC_REPRESENTATION_CONTEXT() REPRESENTATION_CONTEXT('2D SPACE',''
  ) );
#7831 = ORIENTED_EDGE('',*,*,#7832,.T.);
#7832 = EDGE_CURVE('',#7804,#7833,#7835,.T.);
#7833 = VERTEX_POINT('',#7834);
#7834 = CARTESIAN_POINT('',(94.9,-30.255,23.186743261421));
#7835 = SURFACE_CURVE('',#7836,(#7840,#7846),.PCURVE_S1.);
#7836 = LINE('',#7837,#7838);
#7837 = CARTESIAN_POINT('',(94.9,0.,23.186743261422));
#7838 = VECTOR('',#7839,1.);
#7839 = DIRECTION('',(-0.,1.,-0.));
#7840 = PCURVE('',#1748,#7841);
#7841 = DEFINITIONAL_REPRESENTATION('',(#7842),#7845);
#7842 = B_SPLINE_CURVE_WITH_KNOTS('',1,(#7843,#7844),.UNSPECIFIED.,.F.,
  .F.,(2,2),(-33.555,-29.955),.PIECEWISE_BEZIER_KNOTS.);
#7843 = CARTESIAN_POINT('',(-5.634149039834,-33.555));
#7844 = CARTESIAN_POINT('',(-5.634149039834,-29.955));
#7845 = ( GEOMETRIC_REPRESENTATION_CONTEXT(2) 
PARAMETRIC_REPRESENTATION_CONTEXT() REPRESENTATION_CONTEXT('2D SPACE',''
  ) );
#7846 = PCURVE('',#7847,#7852);
#7847 = PLANE('',#7848);
#7848 = AXIS2_PLACEMENT_3D('',#7849,#7850,#7851);
#7849 = CARTESIAN_POINT('',(94.9,-34.255,13.4));
#7850 = DIRECTION('',(1.,0.,0.));
#7851 = DIRECTION('',(0.,0.,1.));
#7852 = DEFINITIONAL_REPRESENTATION('',(#7853),#7856);
#7853 = B_SPLINE_CURVE_WITH_KNOTS('',1,(#7854,#7855),.UNSPECIFIED.,.F.,
  .F.,(2,2),(-33.555,-29.955),.PIECEWISE_BEZIER_KNOTS.);
#7854 = CARTESIAN_POINT('',(9.786743261422,-0.7));
#7855 = CARTESIAN_POINT('',(9.786743261422,-4.3));
#7856 = ( GEOMETRIC_REPRESENTATION_CONTEXT(2) 
PARAMETRIC_REPRESENTATION_CONTEXT() REPRESENTATION_CONTEXT('2D SPACE',''
  ) );
#7857 = ORIENTED_EDGE('',*,*,#7858,.F.);
#7858 = EDGE_CURVE('',#7621,#7833,#7859,.T.);
#7859 = SURFACE_CURVE('',#7860,(#7865,#7872),.PCURVE_S1.);
#7860 = CIRCLE('',#7861,3.);
#7861 = AXIS2_PLACEMENT_3D('',#7862,#7863,#7864);
#7862 = CARTESIAN_POINT('',(92.51,-30.255,25.));
#7863 = DIRECTION('',(-0.,1.,0.));
#7864 = DIRECTION('',(1.,0.,0.));
#7865 = PCURVE('',#1748,#7866);
#7866 = DEFINITIONAL_REPRESENTATION('',(#7867),#7871);
#7867 = LINE('',#7868,#7869);
#7868 = CARTESIAN_POINT('',(-6.28318530718,-30.255));
#7869 = VECTOR('',#7870,1.);
#7870 = DIRECTION('',(1.,-0.));
#7871 = ( GEOMETRIC_REPRESENTATION_CONTEXT(2) 
PARAMETRIC_REPRESENTATION_CONTEXT() REPRESENTATION_CONTEXT('2D SPACE',''
  ) );
#7872 = PCURVE('',#7500,#7873);
#7873 = DEFINITIONAL_REPRESENTATION('',(#7874),#7878);
#7874 = CIRCLE('',#7875,3.);
#7875 = AXIS2_PLACEMENT_2D('',#7876,#7877);
#7876 = CARTESIAN_POINT('',(11.6,-2.39));
#7877 = DIRECTION('',(0.,1.));
#7878 = ( GEOMETRIC_REPRESENTATION_CONTEXT(2) 
PARAMETRIC_REPRESENTATION_CONTEXT() REPRESENTATION_CONTEXT('2D SPACE',''
  ) );
#7879 = ORIENTED_EDGE('',*,*,#7620,.F.);
#7880 = ADVANCED_FACE('',(#7881),#1779,.F.);
#7881 = FACE_BOUND('',#7882,.T.);
#7882 = EDGE_LOOP('',(#7883,#7884,#7907,#7931,#7957,#7986,#8012,#8041,
    #8067,#8096,#8122,#8144));
#7883 = ORIENTED_EDGE('',*,*,#1762,.T.);
#7884 = ORIENTED_EDGE('',*,*,#7885,.T.);
#7885 = EDGE_CURVE('',#1763,#7886,#7888,.T.);
#7886 = VERTEX_POINT('',#7887);
#7887 = CARTESIAN_POINT('',(85.5,-30.255,25.));
#7888 = SEAM_CURVE('',#7889,(#7893,#7900),.PCURVE_S1.);
#7889 = LINE('',#7890,#7891);
#7890 = CARTESIAN_POINT('',(85.5,0.,25.));
#7891 = VECTOR('',#7892,1.);
#7892 = DIRECTION('',(0.,-1.,0.));
#7893 = PCURVE('',#1779,#7894);
#7894 = DEFINITIONAL_REPRESENTATION('',(#7895),#7899);
#7895 = LINE('',#7896,#7897);
#7896 = CARTESIAN_POINT('',(-6.28318530718,0.));
#7897 = VECTOR('',#7898,1.);
#7898 = DIRECTION('',(-0.,-1.));
#7899 = ( GEOMETRIC_REPRESENTATION_CONTEXT(2) 
PARAMETRIC_REPRESENTATION_CONTEXT() REPRESENTATION_CONTEXT('2D SPACE',''
  ) );
#7900 = PCURVE('',#1779,#7901);
#7901 = DEFINITIONAL_REPRESENTATION('',(#7902),#7906);
#7902 = LINE('',#7903,#7904);
#7903 = CARTESIAN_POINT('',(-0.,0.));
#7904 = VECTOR('',#7905,1.);
#7905 = DIRECTION('',(-0.,-1.));
#7906 = ( GEOMETRIC_REPRESENTATION_CONTEXT(2) 
PARAMETRIC_REPRESENTATION_CONTEXT() REPRESENTATION_CONTEXT('2D SPACE',''
  ) );
#7907 = ORIENTED_EDGE('',*,*,#7908,.F.);
#7908 = EDGE_CURVE('',#7909,#7886,#7911,.T.);
#7909 = VERTEX_POINT('',#7910);
#7910 = CARTESIAN_POINT('',(84.89,-30.255,26.813256738579));
#7911 = SURFACE_CURVE('',#7912,(#7917,#7924),.PCURVE_S1.);
#7912 = CIRCLE('',#7913,3.);
#7913 = AXIS2_PLACEMENT_3D('',#7914,#7915,#7916);
#7914 = CARTESIAN_POINT('',(82.5,-30.255,25.));
#7915 = DIRECTION('',(-0.,1.,0.));
#7916 = DIRECTION('',(1.,0.,0.));
#7917 = PCURVE('',#1779,#7918);
#7918 = DEFINITIONAL_REPRESENTATION('',(#7919),#7923);
#7919 = LINE('',#7920,#7921);
#7920 = CARTESIAN_POINT('',(-6.28318530718,-30.255));
#7921 = VECTOR('',#7922,1.);
#7922 = DIRECTION('',(1.,-0.));
#7923 = ( GEOMETRIC_REPRESENTATION_CONTEXT(2) 
PARAMETRIC_REPRESENTATION_CONTEXT() REPRESENTATION_CONTEXT('2D SPACE',''
  ) );
#7924 = PCURVE('',#7765,#7925);
#7925 = DEFINITIONAL_REPRESENTATION('',(#7926),#7930);
#7926 = CIRCLE('',#7927,3.);
#7927 = AXIS2_PLACEMENT_2D('',#7928,#7929);
#7928 = CARTESIAN_POINT('',(11.6,-2.39));
#7929 = DIRECTION('',(0.,1.));
#7930 = ( GEOMETRIC_REPRESENTATION_CONTEXT(2) 
PARAMETRIC_REPRESENTATION_CONTEXT() REPRESENTATION_CONTEXT('2D SPACE',''
  ) );
#7931 = ORIENTED_EDGE('',*,*,#7932,.F.);
#7932 = EDGE_CURVE('',#7933,#7909,#7935,.T.);
#7933 = VERTEX_POINT('',#7934);
#7934 = CARTESIAN_POINT('',(84.89,-33.255,26.813256738579));
#7935 = SURFACE_CURVE('',#7936,(#7940,#7946),.PCURVE_S1.);
#7936 = LINE('',#7937,#7938);
#7937 = CARTESIAN_POINT('',(84.89,0.,26.813256738578));
#7938 = VECTOR('',#7939,1.);
#7939 = DIRECTION('',(-0.,1.,-0.));
#7940 = PCURVE('',#1779,#7941);
#7941 = DEFINITIONAL_REPRESENTATION('',(#7942),#7945);
#7942 = B_SPLINE_CURVE_WITH_KNOTS('',1,(#7943,#7944),.UNSPECIFIED.,.F.,
  .F.,(2,2),(-33.555,-29.955),.PIECEWISE_BEZIER_KNOTS.);
#7943 = CARTESIAN_POINT('',(-0.649036267345,-33.555));
#7944 = CARTESIAN_POINT('',(-0.649036267345,-29.955));
#7945 = ( GEOMETRIC_REPRESENTATION_CONTEXT(2) 
PARAMETRIC_REPRESENTATION_CONTEXT() REPRESENTATION_CONTEXT('2D SPACE',''
  ) );
#7946 = PCURVE('',#7947,#7952);
#7947 = PLANE('',#7948);
#7948 = AXIS2_PLACEMENT_3D('',#7949,#7950,#7951);
#7949 = CARTESIAN_POINT('',(84.89,-34.255,13.4));
#7950 = DIRECTION('',(1.,0.,0.));
#7951 = DIRECTION('',(0.,0.,1.));
#7952 = DEFINITIONAL_REPRESENTATION('',(#7953),#7956);
#7953 = B_SPLINE_CURVE_WITH_KNOTS('',1,(#7954,#7955),.UNSPECIFIED.,.F.,
  .F.,(2,2),(-33.555,-29.955),.PIECEWISE_BEZIER_KNOTS.);
#7954 = CARTESIAN_POINT('',(13.413256738578,-0.7));
#7955 = CARTESIAN_POINT('',(13.413256738578,-4.3));
#7956 = ( GEOMETRIC_REPRESENTATION_CONTEXT(2) 
PARAMETRIC_REPRESENTATION_CONTEXT() REPRESENTATION_CONTEXT('2D SPACE',''
  ) );
#7957 = ORIENTED_EDGE('',*,*,#7958,.F.);
#7958 = EDGE_CURVE('',#7959,#7933,#7961,.T.);
#7959 = VERTEX_POINT('',#7960);
#7960 = CARTESIAN_POINT('',(80.11,-33.255,26.813256738578));
#7961 = SURFACE_CURVE('',#7962,(#7967,#7974),.PCURVE_S1.);
#7962 = CIRCLE('',#7963,3.);
#7963 = AXIS2_PLACEMENT_3D('',#7964,#7965,#7966);
#7964 = CARTESIAN_POINT('',(82.5,-33.255,25.));
#7965 = DIRECTION('',(-0.,1.,0.));
#7966 = DIRECTION('',(1.,0.,0.));
#7967 = PCURVE('',#1779,#7968);
#7968 = DEFINITIONAL_REPRESENTATION('',(#7969),#7973);
#7969 = LINE('',#7970,#7971);
#7970 = CARTESIAN_POINT('',(-6.28318530718,-33.255));
#7971 = VECTOR('',#7972,1.);
#7972 = DIRECTION('',(1.,-0.));
#7973 = ( GEOMETRIC_REPRESENTATION_CONTEXT(2) 
PARAMETRIC_REPRESENTATION_CONTEXT() REPRESENTATION_CONTEXT('2D SPACE',''
  ) );
#7974 = PCURVE('',#7975,#7980);
#7975 = PLANE('',#7976);
#7976 = AXIS2_PLACEMENT_3D('',#7977,#7978,#7979);
#7977 = CARTESIAN_POINT('',(40.,-33.255,35.6));
#7978 = DIRECTION('',(-0.,1.,0.));
#7979 = DIRECTION('',(0.,0.,-1.));
#7980 = DEFINITIONAL_REPRESENTATION('',(#7981),#7985);
#7981 = CIRCLE('',#7982,3.);
#7982 = AXIS2_PLACEMENT_2D('',#7983,#7984);
#7983 = CARTESIAN_POINT('',(10.6,-42.5));
#7984 = DIRECTION('',(0.,-1.));
#7985 = ( GEOMETRIC_REPRESENTATION_CONTEXT(2) 
PARAMETRIC_REPRESENTATION_CONTEXT() REPRESENTATION_CONTEXT('2D SPACE',''
  ) );
#7986 = ORIENTED_EDGE('',*,*,#7987,.T.);
#7987 = EDGE_CURVE('',#7959,#7988,#7990,.T.);
#7988 = VERTEX_POINT('',#7989);
#7989 = CARTESIAN_POINT('',(80.11,-30.255,26.813256738578));
#7990 = SURFACE_CURVE('',#7991,(#7995,#8001),.PCURVE_S1.);
#7991 = LINE('',#7992,#7993);
#7992 = CARTESIAN_POINT('',(80.11,0.,26.813256738578));
#7993 = VECTOR('',#7994,1.);
#7994 = DIRECTION('',(-0.,1.,-0.));
#7995 = PCURVE('',#1779,#7996);
#7996 = DEFINITIONAL_REPRESENTATION('',(#7997),#8000);
#7997 = B_SPLINE_CURVE_WITH_KNOTS('',1,(#7998,#7999),.UNSPECIFIED.,.F.,
  .F.,(2,2),(-33.555,-29.955),.PIECEWISE_BEZIER_KNOTS.);
#7998 = CARTESIAN_POINT('',(-2.492556386245,-33.555));
#7999 = CARTESIAN_POINT('',(-2.492556386245,-29.955));
#8000 = ( GEOMETRIC_REPRESENTATION_CONTEXT(2) 
PARAMETRIC_REPRESENTATION_CONTEXT() REPRESENTATION_CONTEXT('2D SPACE',''
  ) );
#8001 = PCURVE('',#8002,#8007);
#8002 = PLANE('',#8003);
#8003 = AXIS2_PLACEMENT_3D('',#8004,#8005,#8006);
#8004 = CARTESIAN_POINT('',(80.11,-34.255,13.4));
#8005 = DIRECTION('',(1.,0.,0.));
#8006 = DIRECTION('',(0.,0.,1.));
#8007 = DEFINITIONAL_REPRESENTATION('',(#8008),#8011);
#8008 = B_SPLINE_CURVE_WITH_KNOTS('',1,(#8009,#8010),.UNSPECIFIED.,.F.,
  .F.,(2,2),(-33.555,-29.955),.PIECEWISE_BEZIER_KNOTS.);
#8009 = CARTESIAN_POINT('',(13.413256738578,-0.7));
#8010 = CARTESIAN_POINT('',(13.413256738578,-4.3));
#8011 = ( GEOMETRIC_REPRESENTATION_CONTEXT(2) 
PARAMETRIC_REPRESENTATION_CONTEXT() REPRESENTATION_CONTEXT('2D SPACE',''
  ) );
#8012 = ORIENTED_EDGE('',*,*,#8013,.F.);
#8013 = EDGE_CURVE('',#8014,#7988,#8016,.T.);
#8014 = VERTEX_POINT('',#8015);
#8015 = CARTESIAN_POINT('',(80.11,-30.255,23.186743261422));
#8016 = SURFACE_CURVE('',#8017,(#8022,#8029),.PCURVE_S1.);
#8017 = CIRCLE('',#8018,3.);
#8018 = AXIS2_PLACEMENT_3D('',#8019,#8020,#8021);
#8019 = CARTESIAN_POINT('',(82.5,-30.255,25.));
#8020 = DIRECTION('',(-0.,1.,0.));
#8021 = DIRECTION('',(1.,0.,0.));
#8022 = PCURVE('',#1779,#8023);
#8023 = DEFINITIONAL_REPRESENTATION('',(#8024),#8028);
#8024 = LINE('',#8025,#8026);
#8025 = CARTESIAN_POINT('',(-6.28318530718,-30.255));
#8026 = VECTOR('',#8027,1.);
#8027 = DIRECTION('',(1.,-0.));
#8028 = ( GEOMETRIC_REPRESENTATION_CONTEXT(2) 
PARAMETRIC_REPRESENTATION_CONTEXT() REPRESENTATION_CONTEXT('2D SPACE',''
  ) );
#8029 = PCURVE('',#8030,#8035);
#8030 = PLANE('',#8031);
#8031 = AXIS2_PLACEMENT_3D('',#8032,#8033,#8034);
#8032 = CARTESIAN_POINT('',(74.88,-30.255,13.4));
#8033 = DIRECTION('',(0.,1.,0.));
#8034 = DIRECTION('',(0.,0.,1.));
#8035 = DEFINITIONAL_REPRESENTATION('',(#8036),#8040);
#8036 = CIRCLE('',#8037,3.);
#8037 = AXIS2_PLACEMENT_2D('',#8038,#8039);
#8038 = CARTESIAN_POINT('',(11.6,7.62));
#8039 = DIRECTION('',(0.,1.));
#8040 = ( GEOMETRIC_REPRESENTATION_CONTEXT(2) 
PARAMETRIC_REPRESENTATION_CONTEXT() REPRESENTATION_CONTEXT('2D SPACE',''
  ) );
#8041 = ORIENTED_EDGE('',*,*,#8042,.F.);
#8042 = EDGE_CURVE('',#8043,#8014,#8045,.T.);
#8043 = VERTEX_POINT('',#8044);
#8044 = CARTESIAN_POINT('',(80.11,-33.255,23.186743261422));
#8045 = SURFACE_CURVE('',#8046,(#8050,#8056),.PCURVE_S1.);
#8046 = LINE('',#8047,#8048);
#8047 = CARTESIAN_POINT('',(80.11,0.,23.186743261422));
#8048 = VECTOR('',#8049,1.);
#8049 = DIRECTION('',(-0.,1.,-0.));
#8050 = PCURVE('',#1779,#8051);
#8051 = DEFINITIONAL_REPRESENTATION('',(#8052),#8055);
#8052 = B_SPLINE_CURVE_WITH_KNOTS('',1,(#8053,#8054),.UNSPECIFIED.,.F.,
  .F.,(2,2),(-33.555,-29.955),.PIECEWISE_BEZIER_KNOTS.);
#8053 = CARTESIAN_POINT('',(-3.790628920935,-33.555));
#8054 = CARTESIAN_POINT('',(-3.790628920935,-29.955));
#8055 = ( GEOMETRIC_REPRESENTATION_CONTEXT(2) 
PARAMETRIC_REPRESENTATION_CONTEXT() REPRESENTATION_CONTEXT('2D SPACE',''
  ) );
#8056 = PCURVE('',#8057,#8062);
#8057 = PLANE('',#8058);
#8058 = AXIS2_PLACEMENT_3D('',#8059,#8060,#8061);
#8059 = CARTESIAN_POINT('',(80.11,-34.255,13.4));
#8060 = DIRECTION('',(1.,0.,0.));
#8061 = DIRECTION('',(0.,0.,1.));
#8062 = DEFINITIONAL_REPRESENTATION('',(#8063),#8066);
#8063 = B_SPLINE_CURVE_WITH_KNOTS('',1,(#8064,#8065),.UNSPECIFIED.,.F.,
  .F.,(2,2),(-33.555,-29.955),.PIECEWISE_BEZIER_KNOTS.);
#8064 = CARTESIAN_POINT('',(9.786743261422,-0.7));
#8065 = CARTESIAN_POINT('',(9.786743261422,-4.3));
#8066 = ( GEOMETRIC_REPRESENTATION_CONTEXT(2) 
PARAMETRIC_REPRESENTATION_CONTEXT() REPRESENTATION_CONTEXT('2D SPACE',''
  ) );
#8067 = ORIENTED_EDGE('',*,*,#8068,.F.);
#8068 = EDGE_CURVE('',#8069,#8043,#8071,.T.);
#8069 = VERTEX_POINT('',#8070);
#8070 = CARTESIAN_POINT('',(84.89,-33.255,23.186743261421));
#8071 = SURFACE_CURVE('',#8072,(#8077,#8084),.PCURVE_S1.);
#8072 = CIRCLE('',#8073,3.);
#8073 = AXIS2_PLACEMENT_3D('',#8074,#8075,#8076);
#8074 = CARTESIAN_POINT('',(82.5,-33.255,25.));
#8075 = DIRECTION('',(-0.,1.,0.));
#8076 = DIRECTION('',(1.,0.,0.));
#8077 = PCURVE('',#1779,#8078);
#8078 = DEFINITIONAL_REPRESENTATION('',(#8079),#8083);
#8079 = LINE('',#8080,#8081);
#8080 = CARTESIAN_POINT('',(-6.28318530718,-33.255));
#8081 = VECTOR('',#8082,1.);
#8082 = DIRECTION('',(1.,-0.));
#8083 = ( GEOMETRIC_REPRESENTATION_CONTEXT(2) 
PARAMETRIC_REPRESENTATION_CONTEXT() REPRESENTATION_CONTEXT('2D SPACE',''
  ) );
#8084 = PCURVE('',#8085,#8090);
#8085 = PLANE('',#8086);
#8086 = AXIS2_PLACEMENT_3D('',#8087,#8088,#8089);
#8087 = CARTESIAN_POINT('',(40.,-33.255,35.6));
#8088 = DIRECTION('',(-0.,1.,0.));
#8089 = DIRECTION('',(0.,0.,-1.));
#8090 = DEFINITIONAL_REPRESENTATION('',(#8091),#8095);
#8091 = CIRCLE('',#8092,3.);
#8092 = AXIS2_PLACEMENT_2D('',#8093,#8094);
#8093 = CARTESIAN_POINT('',(10.6,-42.5));
#8094 = DIRECTION('',(0.,-1.));
#8095 = ( GEOMETRIC_REPRESENTATION_CONTEXT(2) 
PARAMETRIC_REPRESENTATION_CONTEXT() REPRESENTATION_CONTEXT('2D SPACE',''
  ) );
#8096 = ORIENTED_EDGE('',*,*,#8097,.T.);
#8097 = EDGE_CURVE('',#8069,#8098,#8100,.T.);
#8098 = VERTEX_POINT('',#8099);
#8099 = CARTESIAN_POINT('',(84.89,-30.255,23.186743261421));
#8100 = SURFACE_CURVE('',#8101,(#8105,#8111),.PCURVE_S1.);
#8101 = LINE('',#8102,#8103);
#8102 = CARTESIAN_POINT('',(84.89,0.,23.186743261422));
#8103 = VECTOR('',#8104,1.);
#8104 = DIRECTION('',(-0.,1.,-0.));
#8105 = PCURVE('',#1779,#8106);
#8106 = DEFINITIONAL_REPRESENTATION('',(#8107),#8110);
#8107 = B_SPLINE_CURVE_WITH_KNOTS('',1,(#8108,#8109),.UNSPECIFIED.,.F.,
  .F.,(2,2),(-33.555,-29.955),.PIECEWISE_BEZIER_KNOTS.);
#8108 = CARTESIAN_POINT('',(-5.634149039834,-33.555));
#8109 = CARTESIAN_POINT('',(-5.634149039834,-29.955));
#8110 = ( GEOMETRIC_REPRESENTATION_CONTEXT(2) 
PARAMETRIC_REPRESENTATION_CONTEXT() REPRESENTATION_CONTEXT('2D SPACE',''
  ) );
#8111 = PCURVE('',#8112,#8117);
#8112 = PLANE('',#8113);
#8113 = AXIS2_PLACEMENT_3D('',#8114,#8115,#8116);
#8114 = CARTESIAN_POINT('',(84.89,-34.255,13.4));
#8115 = DIRECTION('',(1.,0.,0.));
#8116 = DIRECTION('',(0.,0.,1.));
#8117 = DEFINITIONAL_REPRESENTATION('',(#8118),#8121);
#8118 = B_SPLINE_CURVE_WITH_KNOTS('',1,(#8119,#8120),.UNSPECIFIED.,.F.,
  .F.,(2,2),(-33.555,-29.955),.PIECEWISE_BEZIER_KNOTS.);
#8119 = CARTESIAN_POINT('',(9.786743261422,-0.7));
#8120 = CARTESIAN_POINT('',(9.786743261422,-4.3));
#8121 = ( GEOMETRIC_REPRESENTATION_CONTEXT(2) 
PARAMETRIC_REPRESENTATION_CONTEXT() REPRESENTATION_CONTEXT('2D SPACE',''
  ) );
#8122 = ORIENTED_EDGE('',*,*,#8123,.F.);
#8123 = EDGE_CURVE('',#7886,#8098,#8124,.T.);
#8124 = SURFACE_CURVE('',#8125,(#8130,#8137),.PCURVE_S1.);
#8125 = CIRCLE('',#8126,3.);
#8126 = AXIS2_PLACEMENT_3D('',#8127,#8128,#8129);
#8127 = CARTESIAN_POINT('',(82.5,-30.255,25.));
#8128 = DIRECTION('',(-0.,1.,0.));
#8129 = DIRECTION('',(1.,0.,0.));
#8130 = PCURVE('',#1779,#8131);
#8131 = DEFINITIONAL_REPRESENTATION('',(#8132),#8136);
#8132 = LINE('',#8133,#8134);
#8133 = CARTESIAN_POINT('',(-6.28318530718,-30.255));
#8134 = VECTOR('',#8135,1.);
#8135 = DIRECTION('',(1.,-0.));
#8136 = ( GEOMETRIC_REPRESENTATION_CONTEXT(2) 
PARAMETRIC_REPRESENTATION_CONTEXT() REPRESENTATION_CONTEXT('2D SPACE',''
  ) );
#8137 = PCURVE('',#7765,#8138);
#8138 = DEFINITIONAL_REPRESENTATION('',(#8139),#8143);
#8139 = CIRCLE('',#8140,3.);
#8140 = AXIS2_PLACEMENT_2D('',#8141,#8142);
#8141 = CARTESIAN_POINT('',(11.6,-2.39));
#8142 = DIRECTION('',(0.,1.));
#8143 = ( GEOMETRIC_REPRESENTATION_CONTEXT(2) 
PARAMETRIC_REPRESENTATION_CONTEXT() REPRESENTATION_CONTEXT('2D SPACE',''
  ) );
#8144 = ORIENTED_EDGE('',*,*,#7885,.F.);
#8145 = ADVANCED_FACE('',(#8146),#1810,.F.);
#8146 = FACE_BOUND('',#8147,.T.);
#8147 = EDGE_LOOP('',(#8148,#8149,#8172,#8196,#8222,#8251,#8277,#8306,
    #8332,#8361,#8387,#8409));
#8148 = ORIENTED_EDGE('',*,*,#1793,.T.);
#8149 = ORIENTED_EDGE('',*,*,#8150,.T.);
#8150 = EDGE_CURVE('',#1794,#8151,#8153,.T.);
#8151 = VERTEX_POINT('',#8152);
#8152 = CARTESIAN_POINT('',(75.49,-30.255,25.));
#8153 = SEAM_CURVE('',#8154,(#8158,#8165),.PCURVE_S1.);
#8154 = LINE('',#8155,#8156);
#8155 = CARTESIAN_POINT('',(75.49,0.,25.));
#8156 = VECTOR('',#8157,1.);
#8157 = DIRECTION('',(0.,-1.,0.));
#8158 = PCURVE('',#1810,#8159);
#8159 = DEFINITIONAL_REPRESENTATION('',(#8160),#8164);
#8160 = LINE('',#8161,#8162);
#8161 = CARTESIAN_POINT('',(-6.28318530718,0.));
#8162 = VECTOR('',#8163,1.);
#8163 = DIRECTION('',(-0.,-1.));
#8164 = ( GEOMETRIC_REPRESENTATION_CONTEXT(2) 
PARAMETRIC_REPRESENTATION_CONTEXT() REPRESENTATION_CONTEXT('2D SPACE',''
  ) );
#8165 = PCURVE('',#1810,#8166);
#8166 = DEFINITIONAL_REPRESENTATION('',(#8167),#8171);
#8167 = LINE('',#8168,#8169);
#8168 = CARTESIAN_POINT('',(-0.,0.));
#8169 = VECTOR('',#8170,1.);
#8170 = DIRECTION('',(-0.,-1.));
#8171 = ( GEOMETRIC_REPRESENTATION_CONTEXT(2) 
PARAMETRIC_REPRESENTATION_CONTEXT() REPRESENTATION_CONTEXT('2D SPACE',''
  ) );
#8172 = ORIENTED_EDGE('',*,*,#8173,.F.);
#8173 = EDGE_CURVE('',#8174,#8151,#8176,.T.);
#8174 = VERTEX_POINT('',#8175);
#8175 = CARTESIAN_POINT('',(74.88,-30.255,26.813256738578));
#8176 = SURFACE_CURVE('',#8177,(#8182,#8189),.PCURVE_S1.);
#8177 = CIRCLE('',#8178,3.);
#8178 = AXIS2_PLACEMENT_3D('',#8179,#8180,#8181);
#8179 = CARTESIAN_POINT('',(72.49,-30.255,25.));
#8180 = DIRECTION('',(-0.,1.,0.));
#8181 = DIRECTION('',(1.,0.,0.));
#8182 = PCURVE('',#1810,#8183);
#8183 = DEFINITIONAL_REPRESENTATION('',(#8184),#8188);
#8184 = LINE('',#8185,#8186);
#8185 = CARTESIAN_POINT('',(-6.28318530718,-30.255));
#8186 = VECTOR('',#8187,1.);
#8187 = DIRECTION('',(1.,-0.));
#8188 = ( GEOMETRIC_REPRESENTATION_CONTEXT(2) 
PARAMETRIC_REPRESENTATION_CONTEXT() REPRESENTATION_CONTEXT('2D SPACE',''
  ) );
#8189 = PCURVE('',#8030,#8190);
#8190 = DEFINITIONAL_REPRESENTATION('',(#8191),#8195);
#8191 = CIRCLE('',#8192,3.);
#8192 = AXIS2_PLACEMENT_2D('',#8193,#8194);
#8193 = CARTESIAN_POINT('',(11.6,-2.39));
#8194 = DIRECTION('',(0.,1.));
#8195 = ( GEOMETRIC_REPRESENTATION_CONTEXT(2) 
PARAMETRIC_REPRESENTATION_CONTEXT() REPRESENTATION_CONTEXT('2D SPACE',''
  ) );
#8196 = ORIENTED_EDGE('',*,*,#8197,.F.);
#8197 = EDGE_CURVE('',#8198,#8174,#8200,.T.);
#8198 = VERTEX_POINT('',#8199);
#8199 = CARTESIAN_POINT('',(74.88,-33.255,26.813256738578));
#8200 = SURFACE_CURVE('',#8201,(#8205,#8211),.PCURVE_S1.);
#8201 = LINE('',#8202,#8203);
#8202 = CARTESIAN_POINT('',(74.88,0.,26.813256738578));
#8203 = VECTOR('',#8204,1.);
#8204 = DIRECTION('',(-0.,1.,-0.));
#8205 = PCURVE('',#1810,#8206);
#8206 = DEFINITIONAL_REPRESENTATION('',(#8207),#8210);
#8207 = B_SPLINE_CURVE_WITH_KNOTS('',1,(#8208,#8209),.UNSPECIFIED.,.F.,
  .F.,(2,2),(-33.555,-29.955),.PIECEWISE_BEZIER_KNOTS.);
#8208 = CARTESIAN_POINT('',(-0.649036267345,-33.555));
#8209 = CARTESIAN_POINT('',(-0.649036267345,-29.955));
#8210 = ( GEOMETRIC_REPRESENTATION_CONTEXT(2) 
PARAMETRIC_REPRESENTATION_CONTEXT() REPRESENTATION_CONTEXT('2D SPACE',''
  ) );
#8211 = PCURVE('',#8212,#8217);
#8212 = PLANE('',#8213);
#8213 = AXIS2_PLACEMENT_3D('',#8214,#8215,#8216);
#8214 = CARTESIAN_POINT('',(74.88,-34.255,13.4));
#8215 = DIRECTION('',(1.,0.,0.));
#8216 = DIRECTION('',(0.,0.,1.));
#8217 = DEFINITIONAL_REPRESENTATION('',(#8218),#8221);
#8218 = B_SPLINE_CURVE_WITH_KNOTS('',1,(#8219,#8220),.UNSPECIFIED.,.F.,
  .F.,(2,2),(-33.555,-29.955),.PIECEWISE_BEZIER_KNOTS.);
#8219 = CARTESIAN_POINT('',(13.413256738578,-0.7));
#8220 = CARTESIAN_POINT('',(13.413256738578,-4.3));
#8221 = ( GEOMETRIC_REPRESENTATION_CONTEXT(2) 
PARAMETRIC_REPRESENTATION_CONTEXT() REPRESENTATION_CONTEXT('2D SPACE',''
  ) );
#8222 = ORIENTED_EDGE('',*,*,#8223,.F.);
#8223 = EDGE_CURVE('',#8224,#8198,#8226,.T.);
#8224 = VERTEX_POINT('',#8225);
#8225 = CARTESIAN_POINT('',(70.1,-33.255,26.813256738578));
#8226 = SURFACE_CURVE('',#8227,(#8232,#8239),.PCURVE_S1.);
#8227 = CIRCLE('',#8228,3.);
#8228 = AXIS2_PLACEMENT_3D('',#8229,#8230,#8231);
#8229 = CARTESIAN_POINT('',(72.49,-33.255,25.));
#8230 = DIRECTION('',(-0.,1.,0.));
#8231 = DIRECTION('',(1.,0.,0.));
#8232 = PCURVE('',#1810,#8233);
#8233 = DEFINITIONAL_REPRESENTATION('',(#8234),#8238);
#8234 = LINE('',#8235,#8236);
#8235 = CARTESIAN_POINT('',(-6.28318530718,-33.255));
#8236 = VECTOR('',#8237,1.);
#8237 = DIRECTION('',(1.,-0.));
#8238 = ( GEOMETRIC_REPRESENTATION_CONTEXT(2) 
PARAMETRIC_REPRESENTATION_CONTEXT() REPRESENTATION_CONTEXT('2D SPACE',''
  ) );
#8239 = PCURVE('',#8240,#8245);
#8240 = PLANE('',#8241);
#8241 = AXIS2_PLACEMENT_3D('',#8242,#8243,#8244);
#8242 = CARTESIAN_POINT('',(40.,-33.255,35.6));
#8243 = DIRECTION('',(-0.,1.,0.));
#8244 = DIRECTION('',(0.,0.,-1.));
#8245 = DEFINITIONAL_REPRESENTATION('',(#8246),#8250);
#8246 = CIRCLE('',#8247,3.);
#8247 = AXIS2_PLACEMENT_2D('',#8248,#8249);
#8248 = CARTESIAN_POINT('',(10.6,-32.49));
#8249 = DIRECTION('',(0.,-1.));
#8250 = ( GEOMETRIC_REPRESENTATION_CONTEXT(2) 
PARAMETRIC_REPRESENTATION_CONTEXT() REPRESENTATION_CONTEXT('2D SPACE',''
  ) );
#8251 = ORIENTED_EDGE('',*,*,#8252,.T.);
#8252 = EDGE_CURVE('',#8224,#8253,#8255,.T.);
#8253 = VERTEX_POINT('',#8254);
#8254 = CARTESIAN_POINT('',(70.1,-30.255,26.813256738578));
#8255 = SURFACE_CURVE('',#8256,(#8260,#8266),.PCURVE_S1.);
#8256 = LINE('',#8257,#8258);
#8257 = CARTESIAN_POINT('',(70.1,0.,26.813256738578));
#8258 = VECTOR('',#8259,1.);
#8259 = DIRECTION('',(-0.,1.,-0.));
#8260 = PCURVE('',#1810,#8261);
#8261 = DEFINITIONAL_REPRESENTATION('',(#8262),#8265);
#8262 = B_SPLINE_CURVE_WITH_KNOTS('',1,(#8263,#8264),.UNSPECIFIED.,.F.,
  .F.,(2,2),(-33.555,-29.955),.PIECEWISE_BEZIER_KNOTS.);
#8263 = CARTESIAN_POINT('',(-2.492556386245,-33.555));
#8264 = CARTESIAN_POINT('',(-2.492556386245,-29.955));
#8265 = ( GEOMETRIC_REPRESENTATION_CONTEXT(2) 
PARAMETRIC_REPRESENTATION_CONTEXT() REPRESENTATION_CONTEXT('2D SPACE',''
  ) );
#8266 = PCURVE('',#8267,#8272);
#8267 = PLANE('',#8268);
#8268 = AXIS2_PLACEMENT_3D('',#8269,#8270,#8271);
#8269 = CARTESIAN_POINT('',(70.1,-34.255,13.4));
#8270 = DIRECTION('',(1.,0.,0.));
#8271 = DIRECTION('',(0.,0.,1.));
#8272 = DEFINITIONAL_REPRESENTATION('',(#8273),#8276);
#8273 = B_SPLINE_CURVE_WITH_KNOTS('',1,(#8274,#8275),.UNSPECIFIED.,.F.,
  .F.,(2,2),(-33.555,-29.955),.PIECEWISE_BEZIER_KNOTS.);
#8274 = CARTESIAN_POINT('',(13.413256738578,-0.7));
#8275 = CARTESIAN_POINT('',(13.413256738578,-4.3));
#8276 = ( GEOMETRIC_REPRESENTATION_CONTEXT(2) 
PARAMETRIC_REPRESENTATION_CONTEXT() REPRESENTATION_CONTEXT('2D SPACE',''
  ) );
#8277 = ORIENTED_EDGE('',*,*,#8278,.F.);
#8278 = EDGE_CURVE('',#8279,#8253,#8281,.T.);
#8279 = VERTEX_POINT('',#8280);
#8280 = CARTESIAN_POINT('',(70.1,-30.255,23.186743261422));
#8281 = SURFACE_CURVE('',#8282,(#8287,#8294),.PCURVE_S1.);
#8282 = CIRCLE('',#8283,3.);
#8283 = AXIS2_PLACEMENT_3D('',#8284,#8285,#8286);
#8284 = CARTESIAN_POINT('',(72.49,-30.255,25.));
#8285 = DIRECTION('',(-0.,1.,0.));
#8286 = DIRECTION('',(1.,0.,0.));
#8287 = PCURVE('',#1810,#8288);
#8288 = DEFINITIONAL_REPRESENTATION('',(#8289),#8293);
#8289 = LINE('',#8290,#8291);
#8290 = CARTESIAN_POINT('',(-6.28318530718,-30.255));
#8291 = VECTOR('',#8292,1.);
#8292 = DIRECTION('',(1.,-0.));
#8293 = ( GEOMETRIC_REPRESENTATION_CONTEXT(2) 
PARAMETRIC_REPRESENTATION_CONTEXT() REPRESENTATION_CONTEXT('2D SPACE',''
  ) );
#8294 = PCURVE('',#8295,#8300);
#8295 = PLANE('',#8296);
#8296 = AXIS2_PLACEMENT_3D('',#8297,#8298,#8299);
#8297 = CARTESIAN_POINT('',(64.87,-30.255,13.4));
#8298 = DIRECTION('',(0.,1.,0.));
#8299 = DIRECTION('',(0.,0.,1.));
#8300 = DEFINITIONAL_REPRESENTATION('',(#8301),#8305);
#8301 = CIRCLE('',#8302,3.);
#8302 = AXIS2_PLACEMENT_2D('',#8303,#8304);
#8303 = CARTESIAN_POINT('',(11.6,7.62));
#8304 = DIRECTION('',(0.,1.));
#8305 = ( GEOMETRIC_REPRESENTATION_CONTEXT(2) 
PARAMETRIC_REPRESENTATION_CONTEXT() REPRESENTATION_CONTEXT('2D SPACE',''
  ) );
#8306 = ORIENTED_EDGE('',*,*,#8307,.F.);
#8307 = EDGE_CURVE('',#8308,#8279,#8310,.T.);
#8308 = VERTEX_POINT('',#8309);
#8309 = CARTESIAN_POINT('',(70.1,-33.255,23.186743261422));
#8310 = SURFACE_CURVE('',#8311,(#8315,#8321),.PCURVE_S1.);
#8311 = LINE('',#8312,#8313);
#8312 = CARTESIAN_POINT('',(70.1,0.,23.186743261422));
#8313 = VECTOR('',#8314,1.);
#8314 = DIRECTION('',(-0.,1.,-0.));
#8315 = PCURVE('',#1810,#8316);
#8316 = DEFINITIONAL_REPRESENTATION('',(#8317),#8320);
#8317 = B_SPLINE_CURVE_WITH_KNOTS('',1,(#8318,#8319),.UNSPECIFIED.,.F.,
  .F.,(2,2),(-33.555,-29.955),.PIECEWISE_BEZIER_KNOTS.);
#8318 = CARTESIAN_POINT('',(-3.790628920935,-33.555));
#8319 = CARTESIAN_POINT('',(-3.790628920935,-29.955));
#8320 = ( GEOMETRIC_REPRESENTATION_CONTEXT(2) 
PARAMETRIC_REPRESENTATION_CONTEXT() REPRESENTATION_CONTEXT('2D SPACE',''
  ) );
#8321 = PCURVE('',#8322,#8327);
#8322 = PLANE('',#8323);
#8323 = AXIS2_PLACEMENT_3D('',#8324,#8325,#8326);
#8324 = CARTESIAN_POINT('',(70.1,-34.255,13.4));
#8325 = DIRECTION('',(1.,0.,0.));
#8326 = DIRECTION('',(0.,0.,1.));
#8327 = DEFINITIONAL_REPRESENTATION('',(#8328),#8331);
#8328 = B_SPLINE_CURVE_WITH_KNOTS('',1,(#8329,#8330),.UNSPECIFIED.,.F.,
  .F.,(2,2),(-33.555,-29.955),.PIECEWISE_BEZIER_KNOTS.);
#8329 = CARTESIAN_POINT('',(9.786743261422,-0.7));
#8330 = CARTESIAN_POINT('',(9.786743261422,-4.3));
#8331 = ( GEOMETRIC_REPRESENTATION_CONTEXT(2) 
PARAMETRIC_REPRESENTATION_CONTEXT() REPRESENTATION_CONTEXT('2D SPACE',''
  ) );
#8332 = ORIENTED_EDGE('',*,*,#8333,.F.);
#8333 = EDGE_CURVE('',#8334,#8308,#8336,.T.);
#8334 = VERTEX_POINT('',#8335);
#8335 = CARTESIAN_POINT('',(74.88,-33.255,23.186743261422));
#8336 = SURFACE_CURVE('',#8337,(#8342,#8349),.PCURVE_S1.);
#8337 = CIRCLE('',#8338,3.);
#8338 = AXIS2_PLACEMENT_3D('',#8339,#8340,#8341);
#8339 = CARTESIAN_POINT('',(72.49,-33.255,25.));
#8340 = DIRECTION('',(-0.,1.,0.));
#8341 = DIRECTION('',(1.,0.,0.));
#8342 = PCURVE('',#1810,#8343);
#8343 = DEFINITIONAL_REPRESENTATION('',(#8344),#8348);
#8344 = LINE('',#8345,#8346);
#8345 = CARTESIAN_POINT('',(-6.28318530718,-33.255));
#8346 = VECTOR('',#8347,1.);
#8347 = DIRECTION('',(1.,-0.));
#8348 = ( GEOMETRIC_REPRESENTATION_CONTEXT(2) 
PARAMETRIC_REPRESENTATION_CONTEXT() REPRESENTATION_CONTEXT('2D SPACE',''
  ) );
#8349 = PCURVE('',#8350,#8355);
#8350 = PLANE('',#8351);
#8351 = AXIS2_PLACEMENT_3D('',#8352,#8353,#8354);
#8352 = CARTESIAN_POINT('',(40.,-33.255,35.6));
#8353 = DIRECTION('',(-0.,1.,0.));
#8354 = DIRECTION('',(0.,0.,-1.));
#8355 = DEFINITIONAL_REPRESENTATION('',(#8356),#8360);
#8356 = CIRCLE('',#8357,3.);
#8357 = AXIS2_PLACEMENT_2D('',#8358,#8359);
#8358 = CARTESIAN_POINT('',(10.6,-32.49));
#8359 = DIRECTION('',(0.,-1.));
#8360 = ( GEOMETRIC_REPRESENTATION_CONTEXT(2) 
PARAMETRIC_REPRESENTATION_CONTEXT() REPRESENTATION_CONTEXT('2D SPACE',''
  ) );
#8361 = ORIENTED_EDGE('',*,*,#8362,.T.);
#8362 = EDGE_CURVE('',#8334,#8363,#8365,.T.);
#8363 = VERTEX_POINT('',#8364);
#8364 = CARTESIAN_POINT('',(74.88,-30.255,23.186743261422));
#8365 = SURFACE_CURVE('',#8366,(#8370,#8376),.PCURVE_S1.);
#8366 = LINE('',#8367,#8368);
#8367 = CARTESIAN_POINT('',(74.88,0.,23.186743261422));
#8368 = VECTOR('',#8369,1.);
#8369 = DIRECTION('',(-0.,1.,-0.));
#8370 = PCURVE('',#1810,#8371);
#8371 = DEFINITIONAL_REPRESENTATION('',(#8372),#8375);
#8372 = B_SPLINE_CURVE_WITH_KNOTS('',1,(#8373,#8374),.UNSPECIFIED.,.F.,
  .F.,(2,2),(-33.555,-29.955),.PIECEWISE_BEZIER_KNOTS.);
#8373 = CARTESIAN_POINT('',(-5.634149039834,-33.555));
#8374 = CARTESIAN_POINT('',(-5.634149039834,-29.955));
#8375 = ( GEOMETRIC_REPRESENTATION_CONTEXT(2) 
PARAMETRIC_REPRESENTATION_CONTEXT() REPRESENTATION_CONTEXT('2D SPACE',''
  ) );
#8376 = PCURVE('',#8377,#8382);
#8377 = PLANE('',#8378);
#8378 = AXIS2_PLACEMENT_3D('',#8379,#8380,#8381);
#8379 = CARTESIAN_POINT('',(74.88,-34.255,13.4));
#8380 = DIRECTION('',(1.,0.,0.));
#8381 = DIRECTION('',(0.,0.,1.));
#8382 = DEFINITIONAL_REPRESENTATION('',(#8383),#8386);
#8383 = B_SPLINE_CURVE_WITH_KNOTS('',1,(#8384,#8385),.UNSPECIFIED.,.F.,
  .F.,(2,2),(-33.555,-29.955),.PIECEWISE_BEZIER_KNOTS.);
#8384 = CARTESIAN_POINT('',(9.786743261422,-0.7));
#8385 = CARTESIAN_POINT('',(9.786743261422,-4.3));
#8386 = ( GEOMETRIC_REPRESENTATION_CONTEXT(2) 
PARAMETRIC_REPRESENTATION_CONTEXT() REPRESENTATION_CONTEXT('2D SPACE',''
  ) );
#8387 = ORIENTED_EDGE('',*,*,#8388,.F.);
#8388 = EDGE_CURVE('',#8151,#8363,#8389,.T.);
#8389 = SURFACE_CURVE('',#8390,(#8395,#8402),.PCURVE_S1.);
#8390 = CIRCLE('',#8391,3.);
#8391 = AXIS2_PLACEMENT_3D('',#8392,#8393,#8394);
#8392 = CARTESIAN_POINT('',(72.49,-30.255,25.));
#8393 = DIRECTION('',(-0.,1.,0.));
#8394 = DIRECTION('',(1.,0.,0.));
#8395 = PCURVE('',#1810,#8396);
#8396 = DEFINITIONAL_REPRESENTATION('',(#8397),#8401);
#8397 = LINE('',#8398,#8399);
#8398 = CARTESIAN_POINT('',(-6.28318530718,-30.255));
#8399 = VECTOR('',#8400,1.);
#8400 = DIRECTION('',(1.,-0.));
#8401 = ( GEOMETRIC_REPRESENTATION_CONTEXT(2) 
PARAMETRIC_REPRESENTATION_CONTEXT() REPRESENTATION_CONTEXT('2D SPACE',''
  ) );
#8402 = PCURVE('',#8030,#8403);
#8403 = DEFINITIONAL_REPRESENTATION('',(#8404),#8408);
#8404 = CIRCLE('',#8405,3.);
#8405 = AXIS2_PLACEMENT_2D('',#8406,#8407);
#8406 = CARTESIAN_POINT('',(11.6,-2.39));
#8407 = DIRECTION('',(0.,1.));
#8408 = ( GEOMETRIC_REPRESENTATION_CONTEXT(2) 
PARAMETRIC_REPRESENTATION_CONTEXT() REPRESENTATION_CONTEXT('2D SPACE',''
  ) );
#8409 = ORIENTED_EDGE('',*,*,#8150,.F.);
#8410 = ADVANCED_FACE('',(#8411),#1843,.F.);
#8411 = FACE_BOUND('',#8412,.F.);
#8412 = EDGE_LOOP('',(#8413,#8414,#8437,#8459,#8460,#8482));
#8413 = ORIENTED_EDGE('',*,*,#5711,.F.);
#8414 = ORIENTED_EDGE('',*,*,#8415,.T.);
#8415 = EDGE_CURVE('',#5712,#8416,#8418,.T.);
#8416 = VERTEX_POINT('',#8417);
#8417 = CARTESIAN_POINT('',(71.,-18.21303839161,45.413093771112));
#8418 = SEAM_CURVE('',#8419,(#8423,#8430),.PCURVE_S1.);
#8419 = LINE('',#8420,#8421);
#8420 = CARTESIAN_POINT('',(71.,-23.5,48.25));
#8421 = VECTOR('',#8422,1.);
#8422 = DIRECTION('',(-0.,0.881160268064,-0.472817704815));
#8423 = PCURVE('',#1843,#8424);
#8424 = DEFINITIONAL_REPRESENTATION('',(#8425),#8429);
#8425 = LINE('',#8426,#8427);
#8426 = CARTESIAN_POINT('',(6.28318530718,0.));
#8427 = VECTOR('',#8428,1.);
#8428 = DIRECTION('',(0.,-1.));
#8429 = ( GEOMETRIC_REPRESENTATION_CONTEXT(2) 
PARAMETRIC_REPRESENTATION_CONTEXT() REPRESENTATION_CONTEXT('2D SPACE',''
  ) );
#8430 = PCURVE('',#1843,#8431);
#8431 = DEFINITIONAL_REPRESENTATION('',(#8432),#8436);
#8432 = LINE('',#8433,#8434);
#8433 = CARTESIAN_POINT('',(0.,0.));
#8434 = VECTOR('',#8435,1.);
#8435 = DIRECTION('',(0.,-1.));
#8436 = ( GEOMETRIC_REPRESENTATION_CONTEXT(2) 
PARAMETRIC_REPRESENTATION_CONTEXT() REPRESENTATION_CONTEXT('2D SPACE',''
  ) );
#8437 = ORIENTED_EDGE('',*,*,#8438,.T.);
#8438 = EDGE_CURVE('',#8416,#1827,#8439,.T.);
#8439 = SURFACE_CURVE('',#8440,(#8445,#8452),.PCURVE_S1.);
#8440 = CIRCLE('',#8441,3.);
#8441 = AXIS2_PLACEMENT_3D('',#8442,#8443,#8444);
#8442 = CARTESIAN_POINT('',(68.,-18.21303839161,45.413093771112));
#8443 = DIRECTION('',(0.,-0.881160268064,0.472817704815));
#8444 = DIRECTION('',(1.,0.,0.));
#8445 = PCURVE('',#1843,#8446);
#8446 = DEFINITIONAL_REPRESENTATION('',(#8447),#8451);
#8447 = LINE('',#8448,#8449);
#8448 = CARTESIAN_POINT('',(0.,-6.));
#8449 = VECTOR('',#8450,1.);
#8450 = DIRECTION('',(1.,0.));
#8451 = ( GEOMETRIC_REPRESENTATION_CONTEXT(2) 
PARAMETRIC_REPRESENTATION_CONTEXT() REPRESENTATION_CONTEXT('2D SPACE',''
  ) );
#8452 = PCURVE('',#1872,#8453);
#8453 = DEFINITIONAL_REPRESENTATION('',(#8454),#8458);
#8454 = CIRCLE('',#8455,3.);
#8455 = AXIS2_PLACEMENT_2D('',#8456,#8457);
#8456 = CARTESIAN_POINT('',(-7.940806202604E-15,0.));
#8457 = DIRECTION('',(0.,1.));
#8458 = ( GEOMETRIC_REPRESENTATION_CONTEXT(2) 
PARAMETRIC_REPRESENTATION_CONTEXT() REPRESENTATION_CONTEXT('2D SPACE',''
  ) );
#8459 = ORIENTED_EDGE('',*,*,#1824,.F.);
#8460 = ORIENTED_EDGE('',*,*,#8461,.T.);
#8461 = EDGE_CURVE('',#1825,#8416,#8462,.T.);
#8462 = SURFACE_CURVE('',#8463,(#8468,#8475),.PCURVE_S1.);
#8463 = CIRCLE('',#8464,3.);
#8464 = AXIS2_PLACEMENT_3D('',#8465,#8466,#8467);
#8465 = CARTESIAN_POINT('',(68.,-18.21303839161,45.413093771112));
#8466 = DIRECTION('',(0.,-0.881160268064,0.472817704815));
#8467 = DIRECTION('',(1.,0.,0.));
#8468 = PCURVE('',#1843,#8469);
#8469 = DEFINITIONAL_REPRESENTATION('',(#8470),#8474);
#8470 = LINE('',#8471,#8472);
#8471 = CARTESIAN_POINT('',(0.,-6.));
#8472 = VECTOR('',#8473,1.);
#8473 = DIRECTION('',(1.,0.));
#8474 = ( GEOMETRIC_REPRESENTATION_CONTEXT(2) 
PARAMETRIC_REPRESENTATION_CONTEXT() REPRESENTATION_CONTEXT('2D SPACE',''
  ) );
#8475 = PCURVE('',#1872,#8476);
#8476 = DEFINITIONAL_REPRESENTATION('',(#8477),#8481);
#8477 = CIRCLE('',#8478,3.);
#8478 = AXIS2_PLACEMENT_2D('',#8479,#8480);
#8479 = CARTESIAN_POINT('',(-7.940806202604E-15,0.));
#8480 = DIRECTION('',(0.,1.));
#8481 = ( GEOMETRIC_REPRESENTATION_CONTEXT(2) 
PARAMETRIC_REPRESENTATION_CONTEXT() REPRESENTATION_CONTEXT('2D SPACE',''
  ) );
#8482 = ORIENTED_EDGE('',*,*,#8415,.F.);
#8483 = ADVANCED_FACE('',(#8484),#1872,.T.);
#8484 = FACE_BOUND('',#8485,.T.);
#8485 = EDGE_LOOP('',(#8486,#8487,#8488));
#8486 = ORIENTED_EDGE('',*,*,#8461,.T.);
#8487 = ORIENTED_EDGE('',*,*,#8438,.T.);
#8488 = ORIENTED_EDGE('',*,*,#1859,.F.);
#8489 = ADVANCED_FACE('',(#8490),#1904,.F.);
#8490 = FACE_BOUND('',#8491,.F.);
#8491 = EDGE_LOOP('',(#8492,#8493,#8516,#8538,#8539,#8561));
#8492 = ORIENTED_EDGE('',*,*,#5736,.F.);
#8493 = ORIENTED_EDGE('',*,*,#8494,.T.);
#8494 = EDGE_CURVE('',#5737,#8495,#8497,.T.);
#8495 = VERTEX_POINT('',#8496);
#8496 = CARTESIAN_POINT('',(60.99,-18.21303839161,45.413093771112));
#8497 = SEAM_CURVE('',#8498,(#8502,#8509),.PCURVE_S1.);
#8498 = LINE('',#8499,#8500);
#8499 = CARTESIAN_POINT('',(60.99,-23.5,48.25));
#8500 = VECTOR('',#8501,1.);
#8501 = DIRECTION('',(-0.,0.881160268064,-0.472817704815));
#8502 = PCURVE('',#1904,#8503);
#8503 = DEFINITIONAL_REPRESENTATION('',(#8504),#8508);
#8504 = LINE('',#8505,#8506);
#8505 = CARTESIAN_POINT('',(6.28318530718,0.));
#8506 = VECTOR('',#8507,1.);
#8507 = DIRECTION('',(0.,-1.));
#8508 = ( GEOMETRIC_REPRESENTATION_CONTEXT(2) 
PARAMETRIC_REPRESENTATION_CONTEXT() REPRESENTATION_CONTEXT('2D SPACE',''
  ) );
#8509 = PCURVE('',#1904,#8510);
#8510 = DEFINITIONAL_REPRESENTATION('',(#8511),#8515);
#8511 = LINE('',#8512,#8513);
#8512 = CARTESIAN_POINT('',(0.,0.));
#8513 = VECTOR('',#8514,1.);
#8514 = DIRECTION('',(0.,-1.));
#8515 = ( GEOMETRIC_REPRESENTATION_CONTEXT(2) 
PARAMETRIC_REPRESENTATION_CONTEXT() REPRESENTATION_CONTEXT('2D SPACE',''
  ) );
#8516 = ORIENTED_EDGE('',*,*,#8517,.T.);
#8517 = EDGE_CURVE('',#8495,#1888,#8518,.T.);
#8518 = SURFACE_CURVE('',#8519,(#8524,#8531),.PCURVE_S1.);
#8519 = CIRCLE('',#8520,3.);
#8520 = AXIS2_PLACEMENT_3D('',#8521,#8522,#8523);
#8521 = CARTESIAN_POINT('',(57.99,-18.21303839161,45.413093771112));
#8522 = DIRECTION('',(0.,-0.881160268064,0.472817704815));
#8523 = DIRECTION('',(1.,0.,0.));
#8524 = PCURVE('',#1904,#8525);
#8525 = DEFINITIONAL_REPRESENTATION('',(#8526),#8530);
#8526 = LINE('',#8527,#8528);
#8527 = CARTESIAN_POINT('',(0.,-6.));
#8528 = VECTOR('',#8529,1.);
#8529 = DIRECTION('',(1.,0.));
#8530 = ( GEOMETRIC_REPRESENTATION_CONTEXT(2) 
PARAMETRIC_REPRESENTATION_CONTEXT() REPRESENTATION_CONTEXT('2D SPACE',''
  ) );
#8531 = PCURVE('',#1933,#8532);
#8532 = DEFINITIONAL_REPRESENTATION('',(#8533),#8537);
#8533 = CIRCLE('',#8534,3.);
#8534 = AXIS2_PLACEMENT_2D('',#8535,#8536);
#8535 = CARTESIAN_POINT('',(-7.940806202604E-15,7.105427357601E-15));
#8536 = DIRECTION('',(0.,1.));
#8537 = ( GEOMETRIC_REPRESENTATION_CONTEXT(2) 
PARAMETRIC_REPRESENTATION_CONTEXT() REPRESENTATION_CONTEXT('2D SPACE',''
  ) );
#8538 = ORIENTED_EDGE('',*,*,#1885,.F.);
#8539 = ORIENTED_EDGE('',*,*,#8540,.T.);
#8540 = EDGE_CURVE('',#1886,#8495,#8541,.T.);
#8541 = SURFACE_CURVE('',#8542,(#8547,#8554),.PCURVE_S1.);
#8542 = CIRCLE('',#8543,3.);
#8543 = AXIS2_PLACEMENT_3D('',#8544,#8545,#8546);
#8544 = CARTESIAN_POINT('',(57.99,-18.21303839161,45.413093771112));
#8545 = DIRECTION('',(0.,-0.881160268064,0.472817704815));
#8546 = DIRECTION('',(1.,0.,0.));
#8547 = PCURVE('',#1904,#8548);
#8548 = DEFINITIONAL_REPRESENTATION('',(#8549),#8553);
#8549 = LINE('',#8550,#8551);
#8550 = CARTESIAN_POINT('',(0.,-6.));
#8551 = VECTOR('',#8552,1.);
#8552 = DIRECTION('',(1.,0.));
#8553 = ( GEOMETRIC_REPRESENTATION_CONTEXT(2) 
PARAMETRIC_REPRESENTATION_CONTEXT() REPRESENTATION_CONTEXT('2D SPACE',''
  ) );
#8554 = PCURVE('',#1933,#8555);
#8555 = DEFINITIONAL_REPRESENTATION('',(#8556),#8560);
#8556 = CIRCLE('',#8557,3.);
#8557 = AXIS2_PLACEMENT_2D('',#8558,#8559);
#8558 = CARTESIAN_POINT('',(-7.940806202604E-15,7.105427357601E-15));
#8559 = DIRECTION('',(0.,1.));
#8560 = ( GEOMETRIC_REPRESENTATION_CONTEXT(2) 
PARAMETRIC_REPRESENTATION_CONTEXT() REPRESENTATION_CONTEXT('2D SPACE',''
  ) );
#8561 = ORIENTED_EDGE('',*,*,#8494,.F.);
#8562 = ADVANCED_FACE('',(#8563),#1933,.T.);
#8563 = FACE_BOUND('',#8564,.T.);
#8564 = EDGE_LOOP('',(#8565,#8566,#8567));
#8565 = ORIENTED_EDGE('',*,*,#8540,.T.);
#8566 = ORIENTED_EDGE('',*,*,#8517,.T.);
#8567 = ORIENTED_EDGE('',*,*,#1920,.F.);
#8568 = ADVANCED_FACE('',(#8569),#1965,.F.);
#8569 = FACE_BOUND('',#8570,.F.);
#8570 = EDGE_LOOP('',(#8571,#8572,#8595,#8617,#8618,#8640));
#8571 = ORIENTED_EDGE('',*,*,#5761,.F.);
#8572 = ORIENTED_EDGE('',*,*,#8573,.T.);
#8573 = EDGE_CURVE('',#5762,#8574,#8576,.T.);
#8574 = VERTEX_POINT('',#8575);
#8575 = CARTESIAN_POINT('',(50.98,-18.21303839161,45.413093771112));
#8576 = SEAM_CURVE('',#8577,(#8581,#8588),.PCURVE_S1.);
#8577 = LINE('',#8578,#8579);
#8578 = CARTESIAN_POINT('',(50.98,-23.5,48.25));
#8579 = VECTOR('',#8580,1.);
#8580 = DIRECTION('',(-0.,0.881160268064,-0.472817704815));
#8581 = PCURVE('',#1965,#8582);
#8582 = DEFINITIONAL_REPRESENTATION('',(#8583),#8587);
#8583 = LINE('',#8584,#8585);
#8584 = CARTESIAN_POINT('',(6.28318530718,0.));
#8585 = VECTOR('',#8586,1.);
#8586 = DIRECTION('',(0.,-1.));
#8587 = ( GEOMETRIC_REPRESENTATION_CONTEXT(2) 
PARAMETRIC_REPRESENTATION_CONTEXT() REPRESENTATION_CONTEXT('2D SPACE',''
  ) );
#8588 = PCURVE('',#1965,#8589);
#8589 = DEFINITIONAL_REPRESENTATION('',(#8590),#8594);
#8590 = LINE('',#8591,#8592);
#8591 = CARTESIAN_POINT('',(0.,0.));
#8592 = VECTOR('',#8593,1.);
#8593 = DIRECTION('',(0.,-1.));
#8594 = ( GEOMETRIC_REPRESENTATION_CONTEXT(2) 
PARAMETRIC_REPRESENTATION_CONTEXT() REPRESENTATION_CONTEXT('2D SPACE',''
  ) );
#8595 = ORIENTED_EDGE('',*,*,#8596,.T.);
#8596 = EDGE_CURVE('',#8574,#1949,#8597,.T.);
#8597 = SURFACE_CURVE('',#8598,(#8603,#8610),.PCURVE_S1.);
#8598 = CIRCLE('',#8599,3.);
#8599 = AXIS2_PLACEMENT_3D('',#8600,#8601,#8602);
#8600 = CARTESIAN_POINT('',(47.98,-18.21303839161,45.413093771112));
#8601 = DIRECTION('',(0.,-0.881160268064,0.472817704815));
#8602 = DIRECTION('',(1.,0.,0.));
#8603 = PCURVE('',#1965,#8604);
#8604 = DEFINITIONAL_REPRESENTATION('',(#8605),#8609);
#8605 = LINE('',#8606,#8607);
#8606 = CARTESIAN_POINT('',(0.,-6.));
#8607 = VECTOR('',#8608,1.);
#8608 = DIRECTION('',(1.,0.));
#8609 = ( GEOMETRIC_REPRESENTATION_CONTEXT(2) 
PARAMETRIC_REPRESENTATION_CONTEXT() REPRESENTATION_CONTEXT('2D SPACE',''
  ) );
#8610 = PCURVE('',#1994,#8611);
#8611 = DEFINITIONAL_REPRESENTATION('',(#8612),#8616);
#8612 = CIRCLE('',#8613,3.);
#8613 = AXIS2_PLACEMENT_2D('',#8614,#8615);
#8614 = CARTESIAN_POINT('',(-7.940806202604E-15,-7.105427357601E-15));
#8615 = DIRECTION('',(0.,1.));
#8616 = ( GEOMETRIC_REPRESENTATION_CONTEXT(2) 
PARAMETRIC_REPRESENTATION_CONTEXT() REPRESENTATION_CONTEXT('2D SPACE',''
  ) );
#8617 = ORIENTED_EDGE('',*,*,#1946,.F.);
#8618 = ORIENTED_EDGE('',*,*,#8619,.T.);
#8619 = EDGE_CURVE('',#1947,#8574,#8620,.T.);
#8620 = SURFACE_CURVE('',#8621,(#8626,#8633),.PCURVE_S1.);
#8621 = CIRCLE('',#8622,3.);
#8622 = AXIS2_PLACEMENT_3D('',#8623,#8624,#8625);
#8623 = CARTESIAN_POINT('',(47.98,-18.21303839161,45.413093771112));
#8624 = DIRECTION('',(0.,-0.881160268064,0.472817704815));
#8625 = DIRECTION('',(1.,0.,0.));
#8626 = PCURVE('',#1965,#8627);
#8627 = DEFINITIONAL_REPRESENTATION('',(#8628),#8632);
#8628 = LINE('',#8629,#8630);
#8629 = CARTESIAN_POINT('',(0.,-6.));
#8630 = VECTOR('',#8631,1.);
#8631 = DIRECTION('',(1.,0.));
#8632 = ( GEOMETRIC_REPRESENTATION_CONTEXT(2) 
PARAMETRIC_REPRESENTATION_CONTEXT() REPRESENTATION_CONTEXT('2D SPACE',''
  ) );
#8633 = PCURVE('',#1994,#8634);
#8634 = DEFINITIONAL_REPRESENTATION('',(#8635),#8639);
#8635 = CIRCLE('',#8636,3.);
#8636 = AXIS2_PLACEMENT_2D('',#8637,#8638);
#8637 = CARTESIAN_POINT('',(-7.940806202604E-15,-7.105427357601E-15));
#8638 = DIRECTION('',(0.,1.));
#8639 = ( GEOMETRIC_REPRESENTATION_CONTEXT(2) 
PARAMETRIC_REPRESENTATION_CONTEXT() REPRESENTATION_CONTEXT('2D SPACE',''
  ) );
#8640 = ORIENTED_EDGE('',*,*,#8573,.F.);
#8641 = ADVANCED_FACE('',(#8642),#1994,.T.);
#8642 = FACE_BOUND('',#8643,.T.);
#8643 = EDGE_LOOP('',(#8644,#8645,#8646));
#8644 = ORIENTED_EDGE('',*,*,#8619,.T.);
#8645 = ORIENTED_EDGE('',*,*,#8596,.T.);
#8646 = ORIENTED_EDGE('',*,*,#1981,.F.);
#8647 = ADVANCED_FACE('',(#8648),#2026,.F.);
#8648 = FACE_BOUND('',#8649,.F.);
#8649 = EDGE_LOOP('',(#8650,#8651,#8674,#8696,#8697,#8719));
#8650 = ORIENTED_EDGE('',*,*,#5786,.F.);
#8651 = ORIENTED_EDGE('',*,*,#8652,.T.);
#8652 = EDGE_CURVE('',#5787,#8653,#8655,.T.);
#8653 = VERTEX_POINT('',#8654);
#8654 = CARTESIAN_POINT('',(40.97,-18.21303839161,45.413093771112));
#8655 = SEAM_CURVE('',#8656,(#8660,#8667),.PCURVE_S1.);
#8656 = LINE('',#8657,#8658);
#8657 = CARTESIAN_POINT('',(40.97,-23.5,48.25));
#8658 = VECTOR('',#8659,1.);
#8659 = DIRECTION('',(-0.,0.881160268064,-0.472817704815));
#8660 = PCURVE('',#2026,#8661);
#8661 = DEFINITIONAL_REPRESENTATION('',(#8662),#8666);
#8662 = LINE('',#8663,#8664);
#8663 = CARTESIAN_POINT('',(6.28318530718,0.));
#8664 = VECTOR('',#8665,1.);
#8665 = DIRECTION('',(0.,-1.));
#8666 = ( GEOMETRIC_REPRESENTATION_CONTEXT(2) 
PARAMETRIC_REPRESENTATION_CONTEXT() REPRESENTATION_CONTEXT('2D SPACE',''
  ) );
#8667 = PCURVE('',#2026,#8668);
#8668 = DEFINITIONAL_REPRESENTATION('',(#8669),#8673);
#8669 = LINE('',#8670,#8671);
#8670 = CARTESIAN_POINT('',(0.,0.));
#8671 = VECTOR('',#8672,1.);
#8672 = DIRECTION('',(0.,-1.));
#8673 = ( GEOMETRIC_REPRESENTATION_CONTEXT(2) 
PARAMETRIC_REPRESENTATION_CONTEXT() REPRESENTATION_CONTEXT('2D SPACE',''
  ) );
#8674 = ORIENTED_EDGE('',*,*,#8675,.T.);
#8675 = EDGE_CURVE('',#8653,#2010,#8676,.T.);
#8676 = SURFACE_CURVE('',#8677,(#8682,#8689),.PCURVE_S1.);
#8677 = CIRCLE('',#8678,3.);
#8678 = AXIS2_PLACEMENT_3D('',#8679,#8680,#8681);
#8679 = CARTESIAN_POINT('',(37.97,-18.21303839161,45.413093771112));
#8680 = DIRECTION('',(0.,-0.881160268064,0.472817704815));
#8681 = DIRECTION('',(1.,0.,0.));
#8682 = PCURVE('',#2026,#8683);
#8683 = DEFINITIONAL_REPRESENTATION('',(#8684),#8688);
#8684 = LINE('',#8685,#8686);
#8685 = CARTESIAN_POINT('',(0.,-6.));
#8686 = VECTOR('',#8687,1.);
#8687 = DIRECTION('',(1.,0.));
#8688 = ( GEOMETRIC_REPRESENTATION_CONTEXT(2) 
PARAMETRIC_REPRESENTATION_CONTEXT() REPRESENTATION_CONTEXT('2D SPACE',''
  ) );
#8689 = PCURVE('',#2055,#8690);
#8690 = DEFINITIONAL_REPRESENTATION('',(#8691),#8695);
#8691 = CIRCLE('',#8692,3.);
#8692 = AXIS2_PLACEMENT_2D('',#8693,#8694);
#8693 = CARTESIAN_POINT('',(-7.940806202604E-15,0.));
#8694 = DIRECTION('',(0.,1.));
#8695 = ( GEOMETRIC_REPRESENTATION_CONTEXT(2) 
PARAMETRIC_REPRESENTATION_CONTEXT() REPRESENTATION_CONTEXT('2D SPACE',''
  ) );
#8696 = ORIENTED_EDGE('',*,*,#2007,.F.);
#8697 = ORIENTED_EDGE('',*,*,#8698,.T.);
#8698 = EDGE_CURVE('',#2008,#8653,#8699,.T.);
#8699 = SURFACE_CURVE('',#8700,(#8705,#8712),.PCURVE_S1.);
#8700 = CIRCLE('',#8701,3.);
#8701 = AXIS2_PLACEMENT_3D('',#8702,#8703,#8704);
#8702 = CARTESIAN_POINT('',(37.97,-18.21303839161,45.413093771112));
#8703 = DIRECTION('',(0.,-0.881160268064,0.472817704815));
#8704 = DIRECTION('',(1.,0.,0.));
#8705 = PCURVE('',#2026,#8706);
#8706 = DEFINITIONAL_REPRESENTATION('',(#8707),#8711);
#8707 = LINE('',#8708,#8709);
#8708 = CARTESIAN_POINT('',(0.,-6.));
#8709 = VECTOR('',#8710,1.);
#8710 = DIRECTION('',(1.,0.));
#8711 = ( GEOMETRIC_REPRESENTATION_CONTEXT(2) 
PARAMETRIC_REPRESENTATION_CONTEXT() REPRESENTATION_CONTEXT('2D SPACE',''
  ) );
#8712 = PCURVE('',#2055,#8713);
#8713 = DEFINITIONAL_REPRESENTATION('',(#8714),#8718);
#8714 = CIRCLE('',#8715,3.);
#8715 = AXIS2_PLACEMENT_2D('',#8716,#8717);
#8716 = CARTESIAN_POINT('',(-7.940806202604E-15,0.));
#8717 = DIRECTION('',(0.,1.));
#8718 = ( GEOMETRIC_REPRESENTATION_CONTEXT(2) 
PARAMETRIC_REPRESENTATION_CONTEXT() REPRESENTATION_CONTEXT('2D SPACE',''
  ) );
#8719 = ORIENTED_EDGE('',*,*,#8652,.F.);
#8720 = ADVANCED_FACE('',(#8721),#2055,.T.);
#8721 = FACE_BOUND('',#8722,.T.);
#8722 = EDGE_LOOP('',(#8723,#8724,#8725));
#8723 = ORIENTED_EDGE('',*,*,#8698,.T.);
#8724 = ORIENTED_EDGE('',*,*,#8675,.T.);
#8725 = ORIENTED_EDGE('',*,*,#2042,.F.);
#8726 = ADVANCED_FACE('',(#8727),#2087,.F.);
#8727 = FACE_BOUND('',#8728,.F.);
#8728 = EDGE_LOOP('',(#8729,#8730,#8753,#8775,#8776,#8798));
#8729 = ORIENTED_EDGE('',*,*,#5811,.F.);
#8730 = ORIENTED_EDGE('',*,*,#8731,.T.);
#8731 = EDGE_CURVE('',#5812,#8732,#8734,.T.);
#8732 = VERTEX_POINT('',#8733);
#8733 = CARTESIAN_POINT('',(30.96,-18.21303839161,45.413093771112));
#8734 = SEAM_CURVE('',#8735,(#8739,#8746),.PCURVE_S1.);
#8735 = LINE('',#8736,#8737);
#8736 = CARTESIAN_POINT('',(30.96,-23.5,48.25));
#8737 = VECTOR('',#8738,1.);
#8738 = DIRECTION('',(-0.,0.881160268064,-0.472817704815));
#8739 = PCURVE('',#2087,#8740);
#8740 = DEFINITIONAL_REPRESENTATION('',(#8741),#8745);
#8741 = LINE('',#8742,#8743);
#8742 = CARTESIAN_POINT('',(6.28318530718,0.));
#8743 = VECTOR('',#8744,1.);
#8744 = DIRECTION('',(0.,-1.));
#8745 = ( GEOMETRIC_REPRESENTATION_CONTEXT(2) 
PARAMETRIC_REPRESENTATION_CONTEXT() REPRESENTATION_CONTEXT('2D SPACE',''
  ) );
#8746 = PCURVE('',#2087,#8747);
#8747 = DEFINITIONAL_REPRESENTATION('',(#8748),#8752);
#8748 = LINE('',#8749,#8750);
#8749 = CARTESIAN_POINT('',(0.,0.));
#8750 = VECTOR('',#8751,1.);
#8751 = DIRECTION('',(0.,-1.));
#8752 = ( GEOMETRIC_REPRESENTATION_CONTEXT(2) 
PARAMETRIC_REPRESENTATION_CONTEXT() REPRESENTATION_CONTEXT('2D SPACE',''
  ) );
#8753 = ORIENTED_EDGE('',*,*,#8754,.T.);
#8754 = EDGE_CURVE('',#8732,#2071,#8755,.T.);
#8755 = SURFACE_CURVE('',#8756,(#8761,#8768),.PCURVE_S1.);
#8756 = CIRCLE('',#8757,3.);
#8757 = AXIS2_PLACEMENT_3D('',#8758,#8759,#8760);
#8758 = CARTESIAN_POINT('',(27.96,-18.21303839161,45.413093771112));
#8759 = DIRECTION('',(0.,-0.881160268064,0.472817704815));
#8760 = DIRECTION('',(1.,0.,0.));
#8761 = PCURVE('',#2087,#8762);
#8762 = DEFINITIONAL_REPRESENTATION('',(#8763),#8767);
#8763 = LINE('',#8764,#8765);
#8764 = CARTESIAN_POINT('',(0.,-6.));
#8765 = VECTOR('',#8766,1.);
#8766 = DIRECTION('',(1.,0.));
#8767 = ( GEOMETRIC_REPRESENTATION_CONTEXT(2) 
PARAMETRIC_REPRESENTATION_CONTEXT() REPRESENTATION_CONTEXT('2D SPACE',''
  ) );
#8768 = PCURVE('',#2116,#8769);
#8769 = DEFINITIONAL_REPRESENTATION('',(#8770),#8774);
#8770 = CIRCLE('',#8771,3.);
#8771 = AXIS2_PLACEMENT_2D('',#8772,#8773);
#8772 = CARTESIAN_POINT('',(-7.940806202604E-15,0.));
#8773 = DIRECTION('',(0.,1.));
#8774 = ( GEOMETRIC_REPRESENTATION_CONTEXT(2) 
PARAMETRIC_REPRESENTATION_CONTEXT() REPRESENTATION_CONTEXT('2D SPACE',''
  ) );
#8775 = ORIENTED_EDGE('',*,*,#2068,.F.);
#8776 = ORIENTED_EDGE('',*,*,#8777,.T.);
#8777 = EDGE_CURVE('',#2069,#8732,#8778,.T.);
#8778 = SURFACE_CURVE('',#8779,(#8784,#8791),.PCURVE_S1.);
#8779 = CIRCLE('',#8780,3.);
#8780 = AXIS2_PLACEMENT_3D('',#8781,#8782,#8783);
#8781 = CARTESIAN_POINT('',(27.96,-18.21303839161,45.413093771112));
#8782 = DIRECTION('',(0.,-0.881160268064,0.472817704815));
#8783 = DIRECTION('',(1.,0.,0.));
#8784 = PCURVE('',#2087,#8785);
#8785 = DEFINITIONAL_REPRESENTATION('',(#8786),#8790);
#8786 = LINE('',#8787,#8788);
#8787 = CARTESIAN_POINT('',(0.,-6.));
#8788 = VECTOR('',#8789,1.);
#8789 = DIRECTION('',(1.,0.));
#8790 = ( GEOMETRIC_REPRESENTATION_CONTEXT(2) 
PARAMETRIC_REPRESENTATION_CONTEXT() REPRESENTATION_CONTEXT('2D SPACE',''
  ) );
#8791 = PCURVE('',#2116,#8792);
#8792 = DEFINITIONAL_REPRESENTATION('',(#8793),#8797);
#8793 = CIRCLE('',#8794,3.);
#8794 = AXIS2_PLACEMENT_2D('',#8795,#8796);
#8795 = CARTESIAN_POINT('',(-7.940806202604E-15,0.));
#8796 = DIRECTION('',(0.,1.));
#8797 = ( GEOMETRIC_REPRESENTATION_CONTEXT(2) 
PARAMETRIC_REPRESENTATION_CONTEXT() REPRESENTATION_CONTEXT('2D SPACE',''
  ) );
#8798 = ORIENTED_EDGE('',*,*,#8731,.F.);
#8799 = ADVANCED_FACE('',(#8800),#2116,.T.);
#8800 = FACE_BOUND('',#8801,.T.);
#8801 = EDGE_LOOP('',(#8802,#8803,#8804));
#8802 = ORIENTED_EDGE('',*,*,#8777,.T.);
#8803 = ORIENTED_EDGE('',*,*,#8754,.T.);
#8804 = ORIENTED_EDGE('',*,*,#2103,.F.);
#8805 = ADVANCED_FACE('',(#8806),#2148,.F.);
#8806 = FACE_BOUND('',#8807,.F.);
#8807 = EDGE_LOOP('',(#8808,#8809,#8832,#8854,#8855,#8877));
#8808 = ORIENTED_EDGE('',*,*,#5836,.F.);
#8809 = ORIENTED_EDGE('',*,*,#8810,.T.);
#8810 = EDGE_CURVE('',#5837,#8811,#8813,.T.);
#8811 = VERTEX_POINT('',#8812);
#8812 = CARTESIAN_POINT('',(20.95,-18.21303839161,45.413093771112));
#8813 = SEAM_CURVE('',#8814,(#8818,#8825),.PCURVE_S1.);
#8814 = LINE('',#8815,#8816);
#8815 = CARTESIAN_POINT('',(20.95,-23.5,48.25));
#8816 = VECTOR('',#8817,1.);
#8817 = DIRECTION('',(-0.,0.881160268064,-0.472817704815));
#8818 = PCURVE('',#2148,#8819);
#8819 = DEFINITIONAL_REPRESENTATION('',(#8820),#8824);
#8820 = LINE('',#8821,#8822);
#8821 = CARTESIAN_POINT('',(6.28318530718,0.));
#8822 = VECTOR('',#8823,1.);
#8823 = DIRECTION('',(0.,-1.));
#8824 = ( GEOMETRIC_REPRESENTATION_CONTEXT(2) 
PARAMETRIC_REPRESENTATION_CONTEXT() REPRESENTATION_CONTEXT('2D SPACE',''
  ) );
#8825 = PCURVE('',#2148,#8826);
#8826 = DEFINITIONAL_REPRESENTATION('',(#8827),#8831);
#8827 = LINE('',#8828,#8829);
#8828 = CARTESIAN_POINT('',(0.,0.));
#8829 = VECTOR('',#8830,1.);
#8830 = DIRECTION('',(0.,-1.));
#8831 = ( GEOMETRIC_REPRESENTATION_CONTEXT(2) 
PARAMETRIC_REPRESENTATION_CONTEXT() REPRESENTATION_CONTEXT('2D SPACE',''
  ) );
#8832 = ORIENTED_EDGE('',*,*,#8833,.T.);
#8833 = EDGE_CURVE('',#8811,#2132,#8834,.T.);
#8834 = SURFACE_CURVE('',#8835,(#8840,#8847),.PCURVE_S1.);
#8835 = CIRCLE('',#8836,3.);
#8836 = AXIS2_PLACEMENT_3D('',#8837,#8838,#8839);
#8837 = CARTESIAN_POINT('',(17.95,-18.21303839161,45.413093771112));
#8838 = DIRECTION('',(0.,-0.881160268064,0.472817704815));
#8839 = DIRECTION('',(1.,0.,0.));
#8840 = PCURVE('',#2148,#8841);
#8841 = DEFINITIONAL_REPRESENTATION('',(#8842),#8846);
#8842 = LINE('',#8843,#8844);
#8843 = CARTESIAN_POINT('',(0.,-6.));
#8844 = VECTOR('',#8845,1.);
#8845 = DIRECTION('',(1.,0.));
#8846 = ( GEOMETRIC_REPRESENTATION_CONTEXT(2) 
PARAMETRIC_REPRESENTATION_CONTEXT() REPRESENTATION_CONTEXT('2D SPACE',''
  ) );
#8847 = PCURVE('',#2177,#8848);
#8848 = DEFINITIONAL_REPRESENTATION('',(#8849),#8853);
#8849 = CIRCLE('',#8850,3.);
#8850 = AXIS2_PLACEMENT_2D('',#8851,#8852);
#8851 = CARTESIAN_POINT('',(-7.940806202604E-15,0.));
#8852 = DIRECTION('',(0.,1.));
#8853 = ( GEOMETRIC_REPRESENTATION_CONTEXT(2) 
PARAMETRIC_REPRESENTATION_CONTEXT() REPRESENTATION_CONTEXT('2D SPACE',''
  ) );
#8854 = ORIENTED_EDGE('',*,*,#2129,.F.);
#8855 = ORIENTED_EDGE('',*,*,#8856,.T.);
#8856 = EDGE_CURVE('',#2130,#8811,#8857,.T.);
#8857 = SURFACE_CURVE('',#8858,(#8863,#8870),.PCURVE_S1.);
#8858 = CIRCLE('',#8859,3.);
#8859 = AXIS2_PLACEMENT_3D('',#8860,#8861,#8862);
#8860 = CARTESIAN_POINT('',(17.95,-18.21303839161,45.413093771112));
#8861 = DIRECTION('',(0.,-0.881160268064,0.472817704815));
#8862 = DIRECTION('',(1.,0.,0.));
#8863 = PCURVE('',#2148,#8864);
#8864 = DEFINITIONAL_REPRESENTATION('',(#8865),#8869);
#8865 = LINE('',#8866,#8867);
#8866 = CARTESIAN_POINT('',(0.,-6.));
#8867 = VECTOR('',#8868,1.);
#8868 = DIRECTION('',(1.,0.));
#8869 = ( GEOMETRIC_REPRESENTATION_CONTEXT(2) 
PARAMETRIC_REPRESENTATION_CONTEXT() REPRESENTATION_CONTEXT('2D SPACE',''
  ) );
#8870 = PCURVE('',#2177,#8871);
#8871 = DEFINITIONAL_REPRESENTATION('',(#8872),#8876);
#8872 = CIRCLE('',#8873,3.);
#8873 = AXIS2_PLACEMENT_2D('',#8874,#8875);
#8874 = CARTESIAN_POINT('',(-7.940806202604E-15,0.));
#8875 = DIRECTION('',(0.,1.));
#8876 = ( GEOMETRIC_REPRESENTATION_CONTEXT(2) 
PARAMETRIC_REPRESENTATION_CONTEXT() REPRESENTATION_CONTEXT('2D SPACE',''
  ) );
#8877 = ORIENTED_EDGE('',*,*,#8810,.F.);
#8878 = ADVANCED_FACE('',(#8879),#2177,.T.);
#8879 = FACE_BOUND('',#8880,.T.);
#8880 = EDGE_LOOP('',(#8881,#8882,#8883));
#8881 = ORIENTED_EDGE('',*,*,#8856,.T.);
#8882 = ORIENTED_EDGE('',*,*,#8833,.T.);
#8883 = ORIENTED_EDGE('',*,*,#2164,.F.);
#8884 = ADVANCED_FACE('',(#8885),#2207,.F.);
#8885 = FACE_BOUND('',#8886,.T.);
#8886 = EDGE_LOOP('',(#8887,#8888,#8911,#8935,#8961,#8990,#9016,#9045,
    #9071,#9100,#9126,#9148));
#8887 = ORIENTED_EDGE('',*,*,#2190,.T.);
#8888 = ORIENTED_EDGE('',*,*,#8889,.T.);
#8889 = EDGE_CURVE('',#2191,#8890,#8892,.T.);
#8890 = VERTEX_POINT('',#8891);
#8891 = CARTESIAN_POINT('',(65.48,-30.255,25.));
#8892 = SEAM_CURVE('',#8893,(#8897,#8904),.PCURVE_S1.);
#8893 = LINE('',#8894,#8895);
#8894 = CARTESIAN_POINT('',(65.48,0.,25.));
#8895 = VECTOR('',#8896,1.);
#8896 = DIRECTION('',(0.,-1.,0.));
#8897 = PCURVE('',#2207,#8898);
#8898 = DEFINITIONAL_REPRESENTATION('',(#8899),#8903);
#8899 = LINE('',#8900,#8901);
#8900 = CARTESIAN_POINT('',(-6.28318530718,0.));
#8901 = VECTOR('',#8902,1.);
#8902 = DIRECTION('',(-0.,-1.));
#8903 = ( GEOMETRIC_REPRESENTATION_CONTEXT(2) 
PARAMETRIC_REPRESENTATION_CONTEXT() REPRESENTATION_CONTEXT('2D SPACE',''
  ) );
#8904 = PCURVE('',#2207,#8905);
#8905 = DEFINITIONAL_REPRESENTATION('',(#8906),#8910);
#8906 = LINE('',#8907,#8908);
#8907 = CARTESIAN_POINT('',(-0.,0.));
#8908 = VECTOR('',#8909,1.);
#8909 = DIRECTION('',(-0.,-1.));
#8910 = ( GEOMETRIC_REPRESENTATION_CONTEXT(2) 
PARAMETRIC_REPRESENTATION_CONTEXT() REPRESENTATION_CONTEXT('2D SPACE',''
  ) );
#8911 = ORIENTED_EDGE('',*,*,#8912,.F.);
#8912 = EDGE_CURVE('',#8913,#8890,#8915,.T.);
#8913 = VERTEX_POINT('',#8914);
#8914 = CARTESIAN_POINT('',(64.87,-30.255,26.813256738578));
#8915 = SURFACE_CURVE('',#8916,(#8921,#8928),.PCURVE_S1.);
#8916 = CIRCLE('',#8917,3.);
#8917 = AXIS2_PLACEMENT_3D('',#8918,#8919,#8920);
#8918 = CARTESIAN_POINT('',(62.48,-30.255,25.));
#8919 = DIRECTION('',(-0.,1.,0.));
#8920 = DIRECTION('',(1.,0.,0.));
#8921 = PCURVE('',#2207,#8922);
#8922 = DEFINITIONAL_REPRESENTATION('',(#8923),#8927);
#8923 = LINE('',#8924,#8925);
#8924 = CARTESIAN_POINT('',(-6.28318530718,-30.255));
#8925 = VECTOR('',#8926,1.);
#8926 = DIRECTION('',(1.,-0.));
#8927 = ( GEOMETRIC_REPRESENTATION_CONTEXT(2) 
PARAMETRIC_REPRESENTATION_CONTEXT() REPRESENTATION_CONTEXT('2D SPACE',''
  ) );
#8928 = PCURVE('',#8295,#8929);
#8929 = DEFINITIONAL_REPRESENTATION('',(#8930),#8934);
#8930 = CIRCLE('',#8931,3.);
#8931 = AXIS2_PLACEMENT_2D('',#8932,#8933);
#8932 = CARTESIAN_POINT('',(11.6,-2.39));
#8933 = DIRECTION('',(0.,1.));
#8934 = ( GEOMETRIC_REPRESENTATION_CONTEXT(2) 
PARAMETRIC_REPRESENTATION_CONTEXT() REPRESENTATION_CONTEXT('2D SPACE',''
  ) );
#8935 = ORIENTED_EDGE('',*,*,#8936,.F.);
#8936 = EDGE_CURVE('',#8937,#8913,#8939,.T.);
#8937 = VERTEX_POINT('',#8938);
#8938 = CARTESIAN_POINT('',(64.87,-33.255,26.813256738578));
#8939 = SURFACE_CURVE('',#8940,(#8944,#8950),.PCURVE_S1.);
#8940 = LINE('',#8941,#8942);
#8941 = CARTESIAN_POINT('',(64.87,0.,26.813256738578));
#8942 = VECTOR('',#8943,1.);
#8943 = DIRECTION('',(-0.,1.,-0.));
#8944 = PCURVE('',#2207,#8945);
#8945 = DEFINITIONAL_REPRESENTATION('',(#8946),#8949);
#8946 = B_SPLINE_CURVE_WITH_KNOTS('',1,(#8947,#8948),.UNSPECIFIED.,.F.,
  .F.,(2,2),(-33.555,-29.955),.PIECEWISE_BEZIER_KNOTS.);
#8947 = CARTESIAN_POINT('',(-0.649036267345,-33.555));
#8948 = CARTESIAN_POINT('',(-0.649036267345,-29.955));
#8949 = ( GEOMETRIC_REPRESENTATION_CONTEXT(2) 
PARAMETRIC_REPRESENTATION_CONTEXT() REPRESENTATION_CONTEXT('2D SPACE',''
  ) );
#8950 = PCURVE('',#8951,#8956);
#8951 = PLANE('',#8952);
#8952 = AXIS2_PLACEMENT_3D('',#8953,#8954,#8955);
#8953 = CARTESIAN_POINT('',(64.87,-34.255,13.4));
#8954 = DIRECTION('',(1.,0.,0.));
#8955 = DIRECTION('',(0.,0.,1.));
#8956 = DEFINITIONAL_REPRESENTATION('',(#8957),#8960);
#8957 = B_SPLINE_CURVE_WITH_KNOTS('',1,(#8958,#8959),.UNSPECIFIED.,.F.,
  .F.,(2,2),(-33.555,-29.955),.PIECEWISE_BEZIER_KNOTS.);
#8958 = CARTESIAN_POINT('',(13.413256738578,-0.7));
#8959 = CARTESIAN_POINT('',(13.413256738578,-4.3));
#8960 = ( GEOMETRIC_REPRESENTATION_CONTEXT(2) 
PARAMETRIC_REPRESENTATION_CONTEXT() REPRESENTATION_CONTEXT('2D SPACE',''
  ) );
#8961 = ORIENTED_EDGE('',*,*,#8962,.F.);
#8962 = EDGE_CURVE('',#8963,#8937,#8965,.T.);
#8963 = VERTEX_POINT('',#8964);
#8964 = CARTESIAN_POINT('',(60.09,-33.255,26.813256738579));
#8965 = SURFACE_CURVE('',#8966,(#8971,#8978),.PCURVE_S1.);
#8966 = CIRCLE('',#8967,3.);
#8967 = AXIS2_PLACEMENT_3D('',#8968,#8969,#8970);
#8968 = CARTESIAN_POINT('',(62.48,-33.255,25.));
#8969 = DIRECTION('',(-0.,1.,0.));
#8970 = DIRECTION('',(1.,0.,0.));
#8971 = PCURVE('',#2207,#8972);
#8972 = DEFINITIONAL_REPRESENTATION('',(#8973),#8977);
#8973 = LINE('',#8974,#8975);
#8974 = CARTESIAN_POINT('',(-6.28318530718,-33.255));
#8975 = VECTOR('',#8976,1.);
#8976 = DIRECTION('',(1.,-0.));
#8977 = ( GEOMETRIC_REPRESENTATION_CONTEXT(2) 
PARAMETRIC_REPRESENTATION_CONTEXT() REPRESENTATION_CONTEXT('2D SPACE',''
  ) );
#8978 = PCURVE('',#8979,#8984);
#8979 = PLANE('',#8980);
#8980 = AXIS2_PLACEMENT_3D('',#8981,#8982,#8983);
#8981 = CARTESIAN_POINT('',(40.,-33.255,35.6));
#8982 = DIRECTION('',(-0.,1.,0.));
#8983 = DIRECTION('',(0.,0.,-1.));
#8984 = DEFINITIONAL_REPRESENTATION('',(#8985),#8989);
#8985 = CIRCLE('',#8986,3.);
#8986 = AXIS2_PLACEMENT_2D('',#8987,#8988);
#8987 = CARTESIAN_POINT('',(10.6,-22.48));
#8988 = DIRECTION('',(0.,-1.));
#8989 = ( GEOMETRIC_REPRESENTATION_CONTEXT(2) 
PARAMETRIC_REPRESENTATION_CONTEXT() REPRESENTATION_CONTEXT('2D SPACE',''
  ) );
#8990 = ORIENTED_EDGE('',*,*,#8991,.T.);
#8991 = EDGE_CURVE('',#8963,#8992,#8994,.T.);
#8992 = VERTEX_POINT('',#8993);
#8993 = CARTESIAN_POINT('',(60.09,-30.255,26.813256738579));
#8994 = SURFACE_CURVE('',#8995,(#8999,#9005),.PCURVE_S1.);
#8995 = LINE('',#8996,#8997);
#8996 = CARTESIAN_POINT('',(60.09,0.,26.813256738578));
#8997 = VECTOR('',#8998,1.);
#8998 = DIRECTION('',(-0.,1.,-0.));
#8999 = PCURVE('',#2207,#9000);
#9000 = DEFINITIONAL_REPRESENTATION('',(#9001),#9004);
#9001 = B_SPLINE_CURVE_WITH_KNOTS('',1,(#9002,#9003),.UNSPECIFIED.,.F.,
  .F.,(2,2),(-33.555,-29.955),.PIECEWISE_BEZIER_KNOTS.);
#9002 = CARTESIAN_POINT('',(-2.492556386245,-33.555));
#9003 = CARTESIAN_POINT('',(-2.492556386245,-29.955));
#9004 = ( GEOMETRIC_REPRESENTATION_CONTEXT(2) 
PARAMETRIC_REPRESENTATION_CONTEXT() REPRESENTATION_CONTEXT('2D SPACE',''
  ) );
#9005 = PCURVE('',#9006,#9011);
#9006 = PLANE('',#9007);
#9007 = AXIS2_PLACEMENT_3D('',#9008,#9009,#9010);
#9008 = CARTESIAN_POINT('',(60.09,-34.255,13.4));
#9009 = DIRECTION('',(1.,0.,0.));
#9010 = DIRECTION('',(0.,0.,1.));
#9011 = DEFINITIONAL_REPRESENTATION('',(#9012),#9015);
#9012 = B_SPLINE_CURVE_WITH_KNOTS('',1,(#9013,#9014),.UNSPECIFIED.,.F.,
  .F.,(2,2),(-33.555,-29.955),.PIECEWISE_BEZIER_KNOTS.);
#9013 = CARTESIAN_POINT('',(13.413256738578,-0.7));
#9014 = CARTESIAN_POINT('',(13.413256738578,-4.3));
#9015 = ( GEOMETRIC_REPRESENTATION_CONTEXT(2) 
PARAMETRIC_REPRESENTATION_CONTEXT() REPRESENTATION_CONTEXT('2D SPACE',''
  ) );
#9016 = ORIENTED_EDGE('',*,*,#9017,.F.);
#9017 = EDGE_CURVE('',#9018,#8992,#9020,.T.);
#9018 = VERTEX_POINT('',#9019);
#9019 = CARTESIAN_POINT('',(60.09,-30.255,23.186743261421));
#9020 = SURFACE_CURVE('',#9021,(#9026,#9033),.PCURVE_S1.);
#9021 = CIRCLE('',#9022,3.);
#9022 = AXIS2_PLACEMENT_3D('',#9023,#9024,#9025);
#9023 = CARTESIAN_POINT('',(62.48,-30.255,25.));
#9024 = DIRECTION('',(-0.,1.,0.));
#9025 = DIRECTION('',(1.,0.,0.));
#9026 = PCURVE('',#2207,#9027);
#9027 = DEFINITIONAL_REPRESENTATION('',(#9028),#9032);
#9028 = LINE('',#9029,#9030);
#9029 = CARTESIAN_POINT('',(-6.28318530718,-30.255));
#9030 = VECTOR('',#9031,1.);
#9031 = DIRECTION('',(1.,-0.));
#9032 = ( GEOMETRIC_REPRESENTATION_CONTEXT(2) 
PARAMETRIC_REPRESENTATION_CONTEXT() REPRESENTATION_CONTEXT('2D SPACE',''
  ) );
#9033 = PCURVE('',#9034,#9039);
#9034 = PLANE('',#9035);
#9035 = AXIS2_PLACEMENT_3D('',#9036,#9037,#9038);
#9036 = CARTESIAN_POINT('',(54.86,-30.255,13.4));
#9037 = DIRECTION('',(0.,1.,0.));
#9038 = DIRECTION('',(0.,0.,1.));
#9039 = DEFINITIONAL_REPRESENTATION('',(#9040),#9044);
#9040 = CIRCLE('',#9041,3.);
#9041 = AXIS2_PLACEMENT_2D('',#9042,#9043);
#9042 = CARTESIAN_POINT('',(11.6,7.62));
#9043 = DIRECTION('',(0.,1.));
#9044 = ( GEOMETRIC_REPRESENTATION_CONTEXT(2) 
PARAMETRIC_REPRESENTATION_CONTEXT() REPRESENTATION_CONTEXT('2D SPACE',''
  ) );
#9045 = ORIENTED_EDGE('',*,*,#9046,.F.);
#9046 = EDGE_CURVE('',#9047,#9018,#9049,.T.);
#9047 = VERTEX_POINT('',#9048);
#9048 = CARTESIAN_POINT('',(60.09,-33.255,23.186743261421));
#9049 = SURFACE_CURVE('',#9050,(#9054,#9060),.PCURVE_S1.);
#9050 = LINE('',#9051,#9052);
#9051 = CARTESIAN_POINT('',(60.09,0.,23.186743261422));
#9052 = VECTOR('',#9053,1.);
#9053 = DIRECTION('',(-0.,1.,-0.));
#9054 = PCURVE('',#2207,#9055);
#9055 = DEFINITIONAL_REPRESENTATION('',(#9056),#9059);
#9056 = B_SPLINE_CURVE_WITH_KNOTS('',1,(#9057,#9058),.UNSPECIFIED.,.F.,
  .F.,(2,2),(-33.555,-29.955),.PIECEWISE_BEZIER_KNOTS.);
#9057 = CARTESIAN_POINT('',(-3.790628920935,-33.555));
#9058 = CARTESIAN_POINT('',(-3.790628920935,-29.955));
#9059 = ( GEOMETRIC_REPRESENTATION_CONTEXT(2) 
PARAMETRIC_REPRESENTATION_CONTEXT() REPRESENTATION_CONTEXT('2D SPACE',''
  ) );
#9060 = PCURVE('',#9061,#9066);
#9061 = PLANE('',#9062);
#9062 = AXIS2_PLACEMENT_3D('',#9063,#9064,#9065);
#9063 = CARTESIAN_POINT('',(60.09,-34.255,13.4));
#9064 = DIRECTION('',(1.,0.,0.));
#9065 = DIRECTION('',(0.,0.,1.));
#9066 = DEFINITIONAL_REPRESENTATION('',(#9067),#9070);
#9067 = B_SPLINE_CURVE_WITH_KNOTS('',1,(#9068,#9069),.UNSPECIFIED.,.F.,
  .F.,(2,2),(-33.555,-29.955),.PIECEWISE_BEZIER_KNOTS.);
#9068 = CARTESIAN_POINT('',(9.786743261422,-0.7));
#9069 = CARTESIAN_POINT('',(9.786743261422,-4.3));
#9070 = ( GEOMETRIC_REPRESENTATION_CONTEXT(2) 
PARAMETRIC_REPRESENTATION_CONTEXT() REPRESENTATION_CONTEXT('2D SPACE',''
  ) );
#9071 = ORIENTED_EDGE('',*,*,#9072,.F.);
#9072 = EDGE_CURVE('',#9073,#9047,#9075,.T.);
#9073 = VERTEX_POINT('',#9074);
#9074 = CARTESIAN_POINT('',(64.87,-33.255,23.186743261422));
#9075 = SURFACE_CURVE('',#9076,(#9081,#9088),.PCURVE_S1.);
#9076 = CIRCLE('',#9077,3.);
#9077 = AXIS2_PLACEMENT_3D('',#9078,#9079,#9080);
#9078 = CARTESIAN_POINT('',(62.48,-33.255,25.));
#9079 = DIRECTION('',(-0.,1.,0.));
#9080 = DIRECTION('',(1.,0.,0.));
#9081 = PCURVE('',#2207,#9082);
#9082 = DEFINITIONAL_REPRESENTATION('',(#9083),#9087);
#9083 = LINE('',#9084,#9085);
#9084 = CARTESIAN_POINT('',(-6.28318530718,-33.255));
#9085 = VECTOR('',#9086,1.);
#9086 = DIRECTION('',(1.,-0.));
#9087 = ( GEOMETRIC_REPRESENTATION_CONTEXT(2) 
PARAMETRIC_REPRESENTATION_CONTEXT() REPRESENTATION_CONTEXT('2D SPACE',''
  ) );
#9088 = PCURVE('',#9089,#9094);
#9089 = PLANE('',#9090);
#9090 = AXIS2_PLACEMENT_3D('',#9091,#9092,#9093);
#9091 = CARTESIAN_POINT('',(40.,-33.255,35.6));
#9092 = DIRECTION('',(-0.,1.,0.));
#9093 = DIRECTION('',(0.,0.,-1.));
#9094 = DEFINITIONAL_REPRESENTATION('',(#9095),#9099);
#9095 = CIRCLE('',#9096,3.);
#9096 = AXIS2_PLACEMENT_2D('',#9097,#9098);
#9097 = CARTESIAN_POINT('',(10.6,-22.48));
#9098 = DIRECTION('',(0.,-1.));
#9099 = ( GEOMETRIC_REPRESENTATION_CONTEXT(2) 
PARAMETRIC_REPRESENTATION_CONTEXT() REPRESENTATION_CONTEXT('2D SPACE',''
  ) );
#9100 = ORIENTED_EDGE('',*,*,#9101,.T.);
#9101 = EDGE_CURVE('',#9073,#9102,#9104,.T.);
#9102 = VERTEX_POINT('',#9103);
#9103 = CARTESIAN_POINT('',(64.87,-30.255,23.186743261422));
#9104 = SURFACE_CURVE('',#9105,(#9109,#9115),.PCURVE_S1.);
#9105 = LINE('',#9106,#9107);
#9106 = CARTESIAN_POINT('',(64.87,0.,23.186743261422));
#9107 = VECTOR('',#9108,1.);
#9108 = DIRECTION('',(-0.,1.,-0.));
#9109 = PCURVE('',#2207,#9110);
#9110 = DEFINITIONAL_REPRESENTATION('',(#9111),#9114);
#9111 = B_SPLINE_CURVE_WITH_KNOTS('',1,(#9112,#9113),.UNSPECIFIED.,.F.,
  .F.,(2,2),(-33.555,-29.955),.PIECEWISE_BEZIER_KNOTS.);
#9112 = CARTESIAN_POINT('',(-5.634149039834,-33.555));
#9113 = CARTESIAN_POINT('',(-5.634149039834,-29.955));
#9114 = ( GEOMETRIC_REPRESENTATION_CONTEXT(2) 
PARAMETRIC_REPRESENTATION_CONTEXT() REPRESENTATION_CONTEXT('2D SPACE',''
  ) );
#9115 = PCURVE('',#9116,#9121);
#9116 = PLANE('',#9117);
#9117 = AXIS2_PLACEMENT_3D('',#9118,#9119,#9120);
#9118 = CARTESIAN_POINT('',(64.87,-34.255,13.4));
#9119 = DIRECTION('',(1.,0.,0.));
#9120 = DIRECTION('',(0.,0.,1.));
#9121 = DEFINITIONAL_REPRESENTATION('',(#9122),#9125);
#9122 = B_SPLINE_CURVE_WITH_KNOTS('',1,(#9123,#9124),.UNSPECIFIED.,.F.,
  .F.,(2,2),(-33.555,-29.955),.PIECEWISE_BEZIER_KNOTS.);
#9123 = CARTESIAN_POINT('',(9.786743261422,-0.7));
#9124 = CARTESIAN_POINT('',(9.786743261422,-4.3));
#9125 = ( GEOMETRIC_REPRESENTATION_CONTEXT(2) 
PARAMETRIC_REPRESENTATION_CONTEXT() REPRESENTATION_CONTEXT('2D SPACE',''
  ) );
#9126 = ORIENTED_EDGE('',*,*,#9127,.F.);
#9127 = EDGE_CURVE('',#8890,#9102,#9128,.T.);
#9128 = SURFACE_CURVE('',#9129,(#9134,#9141),.PCURVE_S1.);
#9129 = CIRCLE('',#9130,3.);
#9130 = AXIS2_PLACEMENT_3D('',#9131,#9132,#9133);
#9131 = CARTESIAN_POINT('',(62.48,-30.255,25.));
#9132 = DIRECTION('',(-0.,1.,0.));
#9133 = DIRECTION('',(1.,0.,0.));
#9134 = PCURVE('',#2207,#9135);
#9135 = DEFINITIONAL_REPRESENTATION('',(#9136),#9140);
#9136 = LINE('',#9137,#9138);
#9137 = CARTESIAN_POINT('',(-6.28318530718,-30.255));
#9138 = VECTOR('',#9139,1.);
#9139 = DIRECTION('',(1.,-0.));
#9140 = ( GEOMETRIC_REPRESENTATION_CONTEXT(2) 
PARAMETRIC_REPRESENTATION_CONTEXT() REPRESENTATION_CONTEXT('2D SPACE',''
  ) );
#9141 = PCURVE('',#8295,#9142);
#9142 = DEFINITIONAL_REPRESENTATION('',(#9143),#9147);
#9143 = CIRCLE('',#9144,3.);
#9144 = AXIS2_PLACEMENT_2D('',#9145,#9146);
#9145 = CARTESIAN_POINT('',(11.6,-2.39));
#9146 = DIRECTION('',(0.,1.));
#9147 = ( GEOMETRIC_REPRESENTATION_CONTEXT(2) 
PARAMETRIC_REPRESENTATION_CONTEXT() REPRESENTATION_CONTEXT('2D SPACE',''
  ) );
#9148 = ORIENTED_EDGE('',*,*,#8889,.F.);
#9149 = ADVANCED_FACE('',(#9150),#2238,.F.);
#9150 = FACE_BOUND('',#9151,.T.);
#9151 = EDGE_LOOP('',(#9152,#9153,#9176,#9200,#9226,#9255,#9281,#9310,
    #9336,#9365,#9391,#9413));
#9152 = ORIENTED_EDGE('',*,*,#2221,.T.);
#9153 = ORIENTED_EDGE('',*,*,#9154,.T.);
#9154 = EDGE_CURVE('',#2222,#9155,#9157,.T.);
#9155 = VERTEX_POINT('',#9156);
#9156 = CARTESIAN_POINT('',(55.47,-30.255,25.));
#9157 = SEAM_CURVE('',#9158,(#9162,#9169),.PCURVE_S1.);
#9158 = LINE('',#9159,#9160);
#9159 = CARTESIAN_POINT('',(55.47,0.,25.));
#9160 = VECTOR('',#9161,1.);
#9161 = DIRECTION('',(0.,-1.,0.));
#9162 = PCURVE('',#2238,#9163);
#9163 = DEFINITIONAL_REPRESENTATION('',(#9164),#9168);
#9164 = LINE('',#9165,#9166);
#9165 = CARTESIAN_POINT('',(-6.28318530718,0.));
#9166 = VECTOR('',#9167,1.);
#9167 = DIRECTION('',(-0.,-1.));
#9168 = ( GEOMETRIC_REPRESENTATION_CONTEXT(2) 
PARAMETRIC_REPRESENTATION_CONTEXT() REPRESENTATION_CONTEXT('2D SPACE',''
  ) );
#9169 = PCURVE('',#2238,#9170);
#9170 = DEFINITIONAL_REPRESENTATION('',(#9171),#9175);
#9171 = LINE('',#9172,#9173);
#9172 = CARTESIAN_POINT('',(-0.,0.));
#9173 = VECTOR('',#9174,1.);
#9174 = DIRECTION('',(-0.,-1.));
#9175 = ( GEOMETRIC_REPRESENTATION_CONTEXT(2) 
PARAMETRIC_REPRESENTATION_CONTEXT() REPRESENTATION_CONTEXT('2D SPACE',''
  ) );
#9176 = ORIENTED_EDGE('',*,*,#9177,.F.);
#9177 = EDGE_CURVE('',#9178,#9155,#9180,.T.);
#9178 = VERTEX_POINT('',#9179);
#9179 = CARTESIAN_POINT('',(54.86,-30.255,26.813256738578));
#9180 = SURFACE_CURVE('',#9181,(#9186,#9193),.PCURVE_S1.);
#9181 = CIRCLE('',#9182,3.);
#9182 = AXIS2_PLACEMENT_3D('',#9183,#9184,#9185);
#9183 = CARTESIAN_POINT('',(52.47,-30.255,25.));
#9184 = DIRECTION('',(-0.,1.,0.));
#9185 = DIRECTION('',(1.,0.,0.));
#9186 = PCURVE('',#2238,#9187);
#9187 = DEFINITIONAL_REPRESENTATION('',(#9188),#9192);
#9188 = LINE('',#9189,#9190);
#9189 = CARTESIAN_POINT('',(-6.28318530718,-30.255));
#9190 = VECTOR('',#9191,1.);
#9191 = DIRECTION('',(1.,-0.));
#9192 = ( GEOMETRIC_REPRESENTATION_CONTEXT(2) 
PARAMETRIC_REPRESENTATION_CONTEXT() REPRESENTATION_CONTEXT('2D SPACE',''
  ) );
#9193 = PCURVE('',#9034,#9194);
#9194 = DEFINITIONAL_REPRESENTATION('',(#9195),#9199);
#9195 = CIRCLE('',#9196,3.);
#9196 = AXIS2_PLACEMENT_2D('',#9197,#9198);
#9197 = CARTESIAN_POINT('',(11.6,-2.39));
#9198 = DIRECTION('',(0.,1.));
#9199 = ( GEOMETRIC_REPRESENTATION_CONTEXT(2) 
PARAMETRIC_REPRESENTATION_CONTEXT() REPRESENTATION_CONTEXT('2D SPACE',''
  ) );
#9200 = ORIENTED_EDGE('',*,*,#9201,.F.);
#9201 = EDGE_CURVE('',#9202,#9178,#9204,.T.);
#9202 = VERTEX_POINT('',#9203);
#9203 = CARTESIAN_POINT('',(54.86,-33.255,26.813256738578));
#9204 = SURFACE_CURVE('',#9205,(#9209,#9215),.PCURVE_S1.);
#9205 = LINE('',#9206,#9207);
#9206 = CARTESIAN_POINT('',(54.86,0.,26.813256738578));
#9207 = VECTOR('',#9208,1.);
#9208 = DIRECTION('',(-0.,1.,-0.));
#9209 = PCURVE('',#2238,#9210);
#9210 = DEFINITIONAL_REPRESENTATION('',(#9211),#9214);
#9211 = B_SPLINE_CURVE_WITH_KNOTS('',1,(#9212,#9213),.UNSPECIFIED.,.F.,
  .F.,(2,2),(-33.555,-29.955),.PIECEWISE_BEZIER_KNOTS.);
#9212 = CARTESIAN_POINT('',(-0.649036267345,-33.555));
#9213 = CARTESIAN_POINT('',(-0.649036267345,-29.955));
#9214 = ( GEOMETRIC_REPRESENTATION_CONTEXT(2) 
PARAMETRIC_REPRESENTATION_CONTEXT() REPRESENTATION_CONTEXT('2D SPACE',''
  ) );
#9215 = PCURVE('',#9216,#9221);
#9216 = PLANE('',#9217);
#9217 = AXIS2_PLACEMENT_3D('',#9218,#9219,#9220);
#9218 = CARTESIAN_POINT('',(54.86,-34.255,13.4));
#9219 = DIRECTION('',(1.,0.,0.));
#9220 = DIRECTION('',(0.,0.,1.));
#9221 = DEFINITIONAL_REPRESENTATION('',(#9222),#9225);
#9222 = B_SPLINE_CURVE_WITH_KNOTS('',1,(#9223,#9224),.UNSPECIFIED.,.F.,
  .F.,(2,2),(-33.555,-29.955),.PIECEWISE_BEZIER_KNOTS.);
#9223 = CARTESIAN_POINT('',(13.413256738578,-0.7));
#9224 = CARTESIAN_POINT('',(13.413256738578,-4.3));
#9225 = ( GEOMETRIC_REPRESENTATION_CONTEXT(2) 
PARAMETRIC_REPRESENTATION_CONTEXT() REPRESENTATION_CONTEXT('2D SPACE',''
  ) );
#9226 = ORIENTED_EDGE('',*,*,#9227,.F.);
#9227 = EDGE_CURVE('',#9228,#9202,#9230,.T.);
#9228 = VERTEX_POINT('',#9229);
#9229 = CARTESIAN_POINT('',(50.08,-33.255,26.813256738578));
#9230 = SURFACE_CURVE('',#9231,(#9236,#9243),.PCURVE_S1.);
#9231 = CIRCLE('',#9232,3.);
#9232 = AXIS2_PLACEMENT_3D('',#9233,#9234,#9235);
#9233 = CARTESIAN_POINT('',(52.47,-33.255,25.));
#9234 = DIRECTION('',(-0.,1.,0.));
#9235 = DIRECTION('',(1.,0.,0.));
#9236 = PCURVE('',#2238,#9237);
#9237 = DEFINITIONAL_REPRESENTATION('',(#9238),#9242);
#9238 = LINE('',#9239,#9240);
#9239 = CARTESIAN_POINT('',(-6.28318530718,-33.255));
#9240 = VECTOR('',#9241,1.);
#9241 = DIRECTION('',(1.,-0.));
#9242 = ( GEOMETRIC_REPRESENTATION_CONTEXT(2) 
PARAMETRIC_REPRESENTATION_CONTEXT() REPRESENTATION_CONTEXT('2D SPACE',''
  ) );
#9243 = PCURVE('',#9244,#9249);
#9244 = PLANE('',#9245);
#9245 = AXIS2_PLACEMENT_3D('',#9246,#9247,#9248);
#9246 = CARTESIAN_POINT('',(40.,-33.255,35.6));
#9247 = DIRECTION('',(-0.,1.,0.));
#9248 = DIRECTION('',(0.,0.,-1.));
#9249 = DEFINITIONAL_REPRESENTATION('',(#9250),#9254);
#9250 = CIRCLE('',#9251,3.);
#9251 = AXIS2_PLACEMENT_2D('',#9252,#9253);
#9252 = CARTESIAN_POINT('',(10.6,-12.47));
#9253 = DIRECTION('',(0.,-1.));
#9254 = ( GEOMETRIC_REPRESENTATION_CONTEXT(2) 
PARAMETRIC_REPRESENTATION_CONTEXT() REPRESENTATION_CONTEXT('2D SPACE',''
  ) );
#9255 = ORIENTED_EDGE('',*,*,#9256,.T.);
#9256 = EDGE_CURVE('',#9228,#9257,#9259,.T.);
#9257 = VERTEX_POINT('',#9258);
#9258 = CARTESIAN_POINT('',(50.08,-30.255,26.813256738578));
#9259 = SURFACE_CURVE('',#9260,(#9264,#9270),.PCURVE_S1.);
#9260 = LINE('',#9261,#9262);
#9261 = CARTESIAN_POINT('',(50.08,0.,26.813256738578));
#9262 = VECTOR('',#9263,1.);
#9263 = DIRECTION('',(-0.,1.,-0.));
#9264 = PCURVE('',#2238,#9265);
#9265 = DEFINITIONAL_REPRESENTATION('',(#9266),#9269);
#9266 = B_SPLINE_CURVE_WITH_KNOTS('',1,(#9267,#9268),.UNSPECIFIED.,.F.,
  .F.,(2,2),(-33.555,-29.955),.PIECEWISE_BEZIER_KNOTS.);
#9267 = CARTESIAN_POINT('',(-2.492556386245,-33.555));
#9268 = CARTESIAN_POINT('',(-2.492556386245,-29.955));
#9269 = ( GEOMETRIC_REPRESENTATION_CONTEXT(2) 
PARAMETRIC_REPRESENTATION_CONTEXT() REPRESENTATION_CONTEXT('2D SPACE',''
  ) );
#9270 = PCURVE('',#9271,#9276);
#9271 = PLANE('',#9272);
#9272 = AXIS2_PLACEMENT_3D('',#9273,#9274,#9275);
#9273 = CARTESIAN_POINT('',(50.08,-34.255,13.4));
#9274 = DIRECTION('',(1.,0.,0.));
#9275 = DIRECTION('',(0.,0.,1.));
#9276 = DEFINITIONAL_REPRESENTATION('',(#9277),#9280);
#9277 = B_SPLINE_CURVE_WITH_KNOTS('',1,(#9278,#9279),.UNSPECIFIED.,.F.,
  .F.,(2,2),(-33.555,-29.955),.PIECEWISE_BEZIER_KNOTS.);
#9278 = CARTESIAN_POINT('',(13.413256738578,-0.7));
#9279 = CARTESIAN_POINT('',(13.413256738578,-4.3));
#9280 = ( GEOMETRIC_REPRESENTATION_CONTEXT(2) 
PARAMETRIC_REPRESENTATION_CONTEXT() REPRESENTATION_CONTEXT('2D SPACE',''
  ) );
#9281 = ORIENTED_EDGE('',*,*,#9282,.F.);
#9282 = EDGE_CURVE('',#9283,#9257,#9285,.T.);
#9283 = VERTEX_POINT('',#9284);
#9284 = CARTESIAN_POINT('',(50.08,-30.255,23.186743261422));
#9285 = SURFACE_CURVE('',#9286,(#9291,#9298),.PCURVE_S1.);
#9286 = CIRCLE('',#9287,3.);
#9287 = AXIS2_PLACEMENT_3D('',#9288,#9289,#9290);
#9288 = CARTESIAN_POINT('',(52.47,-30.255,25.));
#9289 = DIRECTION('',(-0.,1.,0.));
#9290 = DIRECTION('',(1.,0.,0.));
#9291 = PCURVE('',#2238,#9292);
#9292 = DEFINITIONAL_REPRESENTATION('',(#9293),#9297);
#9293 = LINE('',#9294,#9295);
#9294 = CARTESIAN_POINT('',(-6.28318530718,-30.255));
#9295 = VECTOR('',#9296,1.);
#9296 = DIRECTION('',(1.,-0.));
#9297 = ( GEOMETRIC_REPRESENTATION_CONTEXT(2) 
PARAMETRIC_REPRESENTATION_CONTEXT() REPRESENTATION_CONTEXT('2D SPACE',''
  ) );
#9298 = PCURVE('',#9299,#9304);
#9299 = PLANE('',#9300);
#9300 = AXIS2_PLACEMENT_3D('',#9301,#9302,#9303);
#9301 = CARTESIAN_POINT('',(44.85,-30.255,13.4));
#9302 = DIRECTION('',(0.,1.,0.));
#9303 = DIRECTION('',(0.,0.,1.));
#9304 = DEFINITIONAL_REPRESENTATION('',(#9305),#9309);
#9305 = CIRCLE('',#9306,3.);
#9306 = AXIS2_PLACEMENT_2D('',#9307,#9308);
#9307 = CARTESIAN_POINT('',(11.6,7.62));
#9308 = DIRECTION('',(0.,1.));
#9309 = ( GEOMETRIC_REPRESENTATION_CONTEXT(2) 
PARAMETRIC_REPRESENTATION_CONTEXT() REPRESENTATION_CONTEXT('2D SPACE',''
  ) );
#9310 = ORIENTED_EDGE('',*,*,#9311,.F.);
#9311 = EDGE_CURVE('',#9312,#9283,#9314,.T.);
#9312 = VERTEX_POINT('',#9313);
#9313 = CARTESIAN_POINT('',(50.08,-33.255,23.186743261422));
#9314 = SURFACE_CURVE('',#9315,(#9319,#9325),.PCURVE_S1.);
#9315 = LINE('',#9316,#9317);
#9316 = CARTESIAN_POINT('',(50.08,0.,23.186743261422));
#9317 = VECTOR('',#9318,1.);
#9318 = DIRECTION('',(-0.,1.,-0.));
#9319 = PCURVE('',#2238,#9320);
#9320 = DEFINITIONAL_REPRESENTATION('',(#9321),#9324);
#9321 = B_SPLINE_CURVE_WITH_KNOTS('',1,(#9322,#9323),.UNSPECIFIED.,.F.,
  .F.,(2,2),(-33.555,-29.955),.PIECEWISE_BEZIER_KNOTS.);
#9322 = CARTESIAN_POINT('',(-3.790628920935,-33.555));
#9323 = CARTESIAN_POINT('',(-3.790628920935,-29.955));
#9324 = ( GEOMETRIC_REPRESENTATION_CONTEXT(2) 
PARAMETRIC_REPRESENTATION_CONTEXT() REPRESENTATION_CONTEXT('2D SPACE',''
  ) );
#9325 = PCURVE('',#9326,#9331);
#9326 = PLANE('',#9327);
#9327 = AXIS2_PLACEMENT_3D('',#9328,#9329,#9330);
#9328 = CARTESIAN_POINT('',(50.08,-34.255,13.4));
#9329 = DIRECTION('',(1.,0.,0.));
#9330 = DIRECTION('',(0.,0.,1.));
#9331 = DEFINITIONAL_REPRESENTATION('',(#9332),#9335);
#9332 = B_SPLINE_CURVE_WITH_KNOTS('',1,(#9333,#9334),.UNSPECIFIED.,.F.,
  .F.,(2,2),(-33.555,-29.955),.PIECEWISE_BEZIER_KNOTS.);
#9333 = CARTESIAN_POINT('',(9.786743261422,-0.7));
#9334 = CARTESIAN_POINT('',(9.786743261422,-4.3));
#9335 = ( GEOMETRIC_REPRESENTATION_CONTEXT(2) 
PARAMETRIC_REPRESENTATION_CONTEXT() REPRESENTATION_CONTEXT('2D SPACE',''
  ) );
#9336 = ORIENTED_EDGE('',*,*,#9337,.F.);
#9337 = EDGE_CURVE('',#9338,#9312,#9340,.T.);
#9338 = VERTEX_POINT('',#9339);
#9339 = CARTESIAN_POINT('',(54.86,-33.255,23.186743261422));
#9340 = SURFACE_CURVE('',#9341,(#9346,#9353),.PCURVE_S1.);
#9341 = CIRCLE('',#9342,3.);
#9342 = AXIS2_PLACEMENT_3D('',#9343,#9344,#9345);
#9343 = CARTESIAN_POINT('',(52.47,-33.255,25.));
#9344 = DIRECTION('',(-0.,1.,0.));
#9345 = DIRECTION('',(1.,0.,0.));
#9346 = PCURVE('',#2238,#9347);
#9347 = DEFINITIONAL_REPRESENTATION('',(#9348),#9352);
#9348 = LINE('',#9349,#9350);
#9349 = CARTESIAN_POINT('',(-6.28318530718,-33.255));
#9350 = VECTOR('',#9351,1.);
#9351 = DIRECTION('',(1.,-0.));
#9352 = ( GEOMETRIC_REPRESENTATION_CONTEXT(2) 
PARAMETRIC_REPRESENTATION_CONTEXT() REPRESENTATION_CONTEXT('2D SPACE',''
  ) );
#9353 = PCURVE('',#9354,#9359);
#9354 = PLANE('',#9355);
#9355 = AXIS2_PLACEMENT_3D('',#9356,#9357,#9358);
#9356 = CARTESIAN_POINT('',(40.,-33.255,35.6));
#9357 = DIRECTION('',(-0.,1.,0.));
#9358 = DIRECTION('',(0.,0.,-1.));
#9359 = DEFINITIONAL_REPRESENTATION('',(#9360),#9364);
#9360 = CIRCLE('',#9361,3.);
#9361 = AXIS2_PLACEMENT_2D('',#9362,#9363);
#9362 = CARTESIAN_POINT('',(10.6,-12.47));
#9363 = DIRECTION('',(0.,-1.));
#9364 = ( GEOMETRIC_REPRESENTATION_CONTEXT(2) 
PARAMETRIC_REPRESENTATION_CONTEXT() REPRESENTATION_CONTEXT('2D SPACE',''
  ) );
#9365 = ORIENTED_EDGE('',*,*,#9366,.T.);
#9366 = EDGE_CURVE('',#9338,#9367,#9369,.T.);
#9367 = VERTEX_POINT('',#9368);
#9368 = CARTESIAN_POINT('',(54.86,-30.255,23.186743261422));
#9369 = SURFACE_CURVE('',#9370,(#9374,#9380),.PCURVE_S1.);
#9370 = LINE('',#9371,#9372);
#9371 = CARTESIAN_POINT('',(54.86,0.,23.186743261422));
#9372 = VECTOR('',#9373,1.);
#9373 = DIRECTION('',(-0.,1.,-0.));
#9374 = PCURVE('',#2238,#9375);
#9375 = DEFINITIONAL_REPRESENTATION('',(#9376),#9379);
#9376 = B_SPLINE_CURVE_WITH_KNOTS('',1,(#9377,#9378),.UNSPECIFIED.,.F.,
  .F.,(2,2),(-33.555,-29.955),.PIECEWISE_BEZIER_KNOTS.);
#9377 = CARTESIAN_POINT('',(-5.634149039834,-33.555));
#9378 = CARTESIAN_POINT('',(-5.634149039834,-29.955));
#9379 = ( GEOMETRIC_REPRESENTATION_CONTEXT(2) 
PARAMETRIC_REPRESENTATION_CONTEXT() REPRESENTATION_CONTEXT('2D SPACE',''
  ) );
#9380 = PCURVE('',#9381,#9386);
#9381 = PLANE('',#9382);
#9382 = AXIS2_PLACEMENT_3D('',#9383,#9384,#9385);
#9383 = CARTESIAN_POINT('',(54.86,-34.255,13.4));
#9384 = DIRECTION('',(1.,0.,0.));
#9385 = DIRECTION('',(0.,0.,1.));
#9386 = DEFINITIONAL_REPRESENTATION('',(#9387),#9390);
#9387 = B_SPLINE_CURVE_WITH_KNOTS('',1,(#9388,#9389),.UNSPECIFIED.,.F.,
  .F.,(2,2),(-33.555,-29.955),.PIECEWISE_BEZIER_KNOTS.);
#9388 = CARTESIAN_POINT('',(9.786743261422,-0.7));
#9389 = CARTESIAN_POINT('',(9.786743261422,-4.3));
#9390 = ( GEOMETRIC_REPRESENTATION_CONTEXT(2) 
PARAMETRIC_REPRESENTATION_CONTEXT() REPRESENTATION_CONTEXT('2D SPACE',''
  ) );
#9391 = ORIENTED_EDGE('',*,*,#9392,.F.);
#9392 = EDGE_CURVE('',#9155,#9367,#9393,.T.);
#9393 = SURFACE_CURVE('',#9394,(#9399,#9406),.PCURVE_S1.);
#9394 = CIRCLE('',#9395,3.);
#9395 = AXIS2_PLACEMENT_3D('',#9396,#9397,#9398);
#9396 = CARTESIAN_POINT('',(52.47,-30.255,25.));
#9397 = DIRECTION('',(-0.,1.,0.));
#9398 = DIRECTION('',(1.,0.,0.));
#9399 = PCURVE('',#2238,#9400);
#9400 = DEFINITIONAL_REPRESENTATION('',(#9401),#9405);
#9401 = LINE('',#9402,#9403);
#9402 = CARTESIAN_POINT('',(-6.28318530718,-30.255));
#9403 = VECTOR('',#9404,1.);
#9404 = DIRECTION('',(1.,-0.));
#9405 = ( GEOMETRIC_REPRESENTATION_CONTEXT(2) 
PARAMETRIC_REPRESENTATION_CONTEXT() REPRESENTATION_CONTEXT('2D SPACE',''
  ) );
#9406 = PCURVE('',#9034,#9407);
#9407 = DEFINITIONAL_REPRESENTATION('',(#9408),#9412);
#9408 = CIRCLE('',#9409,3.);
#9409 = AXIS2_PLACEMENT_2D('',#9410,#9411);
#9410 = CARTESIAN_POINT('',(11.6,-2.39));
#9411 = DIRECTION('',(0.,1.));
#9412 = ( GEOMETRIC_REPRESENTATION_CONTEXT(2) 
PARAMETRIC_REPRESENTATION_CONTEXT() REPRESENTATION_CONTEXT('2D SPACE',''
  ) );
#9413 = ORIENTED_EDGE('',*,*,#9154,.F.);
#9414 = ADVANCED_FACE('',(#9415),#2293,.F.);
#9415 = FACE_BOUND('',#9416,.F.);
#9416 = EDGE_LOOP('',(#9417,#9418,#9419,#9420,#9421,#9444,#9472,#9493,
    #9494,#9495,#9496,#9497));
#9417 = ORIENTED_EDGE('',*,*,#6052,.T.);
#9418 = ORIENTED_EDGE('',*,*,#5562,.T.);
#9419 = ORIENTED_EDGE('',*,*,#5492,.T.);
#9420 = ORIENTED_EDGE('',*,*,#5423,.F.);
#9421 = ORIENTED_EDGE('',*,*,#9422,.F.);
#9422 = EDGE_CURVE('',#9423,#5396,#9425,.T.);
#9423 = VERTEX_POINT('',#9424);
#9424 = CARTESIAN_POINT('',(150.,-10.6,62.755));
#9425 = SURFACE_CURVE('',#9426,(#9430,#9437),.PCURVE_S1.);
#9426 = LINE('',#9427,#9428);
#9427 = CARTESIAN_POINT('',(150.,-10.6,62.755));
#9428 = VECTOR('',#9429,1.);
#9429 = DIRECTION('',(0.,0.707106781187,-0.707106781187));
#9430 = PCURVE('',#2293,#9431);
#9431 = DEFINITIONAL_REPRESENTATION('',(#9432),#9436);
#9432 = LINE('',#9433,#9434);
#9433 = CARTESIAN_POINT('',(-29.91955376016,-4.922602792997));
#9434 = VECTOR('',#9435,1.);
#9435 = DIRECTION('',(0.707106781187,-0.707106781187));
#9436 = ( GEOMETRIC_REPRESENTATION_CONTEXT(2) 
PARAMETRIC_REPRESENTATION_CONTEXT() REPRESENTATION_CONTEXT('2D SPACE',''
  ) );
#9437 = PCURVE('',#5411,#9438);
#9438 = DEFINITIONAL_REPRESENTATION('',(#9439),#9443);
#9439 = LINE('',#9440,#9441);
#9440 = CARTESIAN_POINT('',(0.,-150.));
#9441 = VECTOR('',#9442,1.);
#9442 = DIRECTION('',(1.,0.));
#9443 = ( GEOMETRIC_REPRESENTATION_CONTEXT(2) 
PARAMETRIC_REPRESENTATION_CONTEXT() REPRESENTATION_CONTEXT('2D SPACE',''
  ) );
#9444 = ORIENTED_EDGE('',*,*,#9445,.F.);
#9445 = EDGE_CURVE('',#9446,#9423,#9448,.T.);
#9446 = VERTEX_POINT('',#9447);
#9447 = CARTESIAN_POINT('',(150.,10.6,62.755));
#9448 = SURFACE_CURVE('',#9449,(#9453,#9460),.PCURVE_S1.);
#9449 = LINE('',#9450,#9451);
#9450 = CARTESIAN_POINT('',(150.,10.6,62.755));
#9451 = VECTOR('',#9452,1.);
#9452 = DIRECTION('',(0.,-1.,0.));
#9453 = PCURVE('',#2293,#9454);
#9454 = DEFINITIONAL_REPRESENTATION('',(#9455),#9459);
#9455 = LINE('',#9456,#9457);
#9456 = CARTESIAN_POINT('',(-29.91955376016,-26.12260279299));
#9457 = VECTOR('',#9458,1.);
#9458 = DIRECTION('',(0.,1.));
#9459 = ( GEOMETRIC_REPRESENTATION_CONTEXT(2) 
PARAMETRIC_REPRESENTATION_CONTEXT() REPRESENTATION_CONTEXT('2D SPACE',''
  ) );
#9460 = PCURVE('',#9461,#9466);
#9461 = PLANE('',#9462);
#9462 = AXIS2_PLACEMENT_3D('',#9463,#9464,#9465);
#9463 = CARTESIAN_POINT('',(0.,10.6,62.755));
#9464 = DIRECTION('',(0.,0.,-1.));
#9465 = DIRECTION('',(0.,-1.,0.));
#9466 = DEFINITIONAL_REPRESENTATION('',(#9467),#9471);
#9467 = LINE('',#9468,#9469);
#9468 = CARTESIAN_POINT('',(0.,-150.));
#9469 = VECTOR('',#9470,1.);
#9470 = DIRECTION('',(1.,0.));
#9471 = ( GEOMETRIC_REPRESENTATION_CONTEXT(2) 
PARAMETRIC_REPRESENTATION_CONTEXT() REPRESENTATION_CONTEXT('2D SPACE',''
  ) );
#9472 = ORIENTED_EDGE('',*,*,#9473,.F.);
#9473 = EDGE_CURVE('',#2476,#9446,#9474,.T.);
#9474 = SURFACE_CURVE('',#9475,(#9479,#9486),.PCURVE_S1.);
#9475 = LINE('',#9476,#9477);
#9476 = CARTESIAN_POINT('',(150.,7.835,59.99));
#9477 = VECTOR('',#9478,1.);
#9478 = DIRECTION('',(0.,0.707106781187,0.707106781187));
#9479 = PCURVE('',#2293,#9480);
#9480 = DEFINITIONAL_REPRESENTATION('',(#9481),#9485);
#9481 = LINE('',#9482,#9483);
#9482 = CARTESIAN_POINT('',(-27.15455376016,-23.35760279299));
#9483 = VECTOR('',#9484,1.);
#9484 = DIRECTION('',(-0.707106781187,-0.707106781187));
#9485 = ( GEOMETRIC_REPRESENTATION_CONTEXT(2) 
PARAMETRIC_REPRESENTATION_CONTEXT() REPRESENTATION_CONTEXT('2D SPACE',''
  ) );
#9486 = PCURVE('',#2514,#9487);
#9487 = DEFINITIONAL_REPRESENTATION('',(#9488),#9492);
#9488 = LINE('',#9489,#9490);
#9489 = CARTESIAN_POINT('',(0.,-150.));
#9490 = VECTOR('',#9491,1.);
#9491 = DIRECTION('',(1.,0.));
#9492 = ( GEOMETRIC_REPRESENTATION_CONTEXT(2) 
PARAMETRIC_REPRESENTATION_CONTEXT() REPRESENTATION_CONTEXT('2D SPACE',''
  ) );
#9493 = ORIENTED_EDGE('',*,*,#2475,.F.);
#9494 = ORIENTED_EDGE('',*,*,#2448,.T.);
#9495 = ORIENTED_EDGE('',*,*,#2400,.T.);
#9496 = ORIENTED_EDGE('',*,*,#2351,.T.);
#9497 = ORIENTED_EDGE('',*,*,#2277,.T.);
#9498 = ADVANCED_FACE('',(#9499),#3971,.T.);
#9499 = FACE_BOUND('',#9500,.T.);
#9500 = EDGE_LOOP('',(#9501,#9502,#9523,#9524,#9525,#9526));
#9501 = ORIENTED_EDGE('',*,*,#4149,.T.);
#9502 = ORIENTED_EDGE('',*,*,#9503,.T.);
#9503 = EDGE_CURVE('',#4150,#3931,#9504,.T.);
#9504 = SURFACE_CURVE('',#9505,(#9509,#9516),.PCURVE_S1.);
#9505 = LINE('',#9506,#9507);
#9506 = CARTESIAN_POINT('',(7.32,-11.6,59.755));
#9507 = VECTOR('',#9508,1.);
#9508 = DIRECTION('',(0.,1.,0.));
#9509 = PCURVE('',#3971,#9510);
#9510 = DEFINITIONAL_REPRESENTATION('',(#9511),#9515);
#9511 = LINE('',#9512,#9513);
#9512 = CARTESIAN_POINT('',(0.,0.));
#9513 = VECTOR('',#9514,1.);
#9514 = DIRECTION('',(0.,-1.));
#9515 = ( GEOMETRIC_REPRESENTATION_CONTEXT(2) 
PARAMETRIC_REPRESENTATION_CONTEXT() REPRESENTATION_CONTEXT('2D SPACE',''
  ) );
#9516 = PCURVE('',#3945,#9517);
#9517 = DEFINITIONAL_REPRESENTATION('',(#9518),#9522);
#9518 = LINE('',#9519,#9520);
#9519 = CARTESIAN_POINT('',(0.,0.));
#9520 = VECTOR('',#9521,1.);
#9521 = DIRECTION('',(0.,1.));
#9522 = ( GEOMETRIC_REPRESENTATION_CONTEXT(2) 
PARAMETRIC_REPRESENTATION_CONTEXT() REPRESENTATION_CONTEXT('2D SPACE',''
  ) );
#9523 = ORIENTED_EDGE('',*,*,#3956,.T.);
#9524 = ORIENTED_EDGE('',*,*,#4008,.T.);
#9525 = ORIENTED_EDGE('',*,*,#4055,.T.);
#9526 = ORIENTED_EDGE('',*,*,#4102,.T.);
#9527 = ADVANCED_FACE('',(#9528),#3945,.T.);
#9528 = FACE_BOUND('',#9529,.T.);
#9529 = EDGE_LOOP('',(#9530,#9531,#9532,#9553));
#9530 = ORIENTED_EDGE('',*,*,#9503,.F.);
#9531 = ORIENTED_EDGE('',*,*,#4170,.T.);
#9532 = ORIENTED_EDGE('',*,*,#9533,.T.);
#9533 = EDGE_CURVE('',#4171,#3905,#9534,.T.);
#9534 = SURFACE_CURVE('',#9535,(#9539,#9546),.PCURVE_S1.);
#9535 = LINE('',#9536,#9537);
#9536 = CARTESIAN_POINT('',(12.55,-11.6,59.755));
#9537 = VECTOR('',#9538,1.);
#9538 = DIRECTION('',(0.,1.,0.));
#9539 = PCURVE('',#3945,#9540);
#9540 = DEFINITIONAL_REPRESENTATION('',(#9541),#9545);
#9541 = LINE('',#9542,#9543);
#9542 = CARTESIAN_POINT('',(5.23,0.));
#9543 = VECTOR('',#9544,1.);
#9544 = DIRECTION('',(0.,1.));
#9545 = ( GEOMETRIC_REPRESENTATION_CONTEXT(2) 
PARAMETRIC_REPRESENTATION_CONTEXT() REPRESENTATION_CONTEXT('2D SPACE',''
  ) );
#9546 = PCURVE('',#3919,#9547);
#9547 = DEFINITIONAL_REPRESENTATION('',(#9548),#9552);
#9548 = LINE('',#9549,#9550);
#9549 = CARTESIAN_POINT('',(0.,0.));
#9550 = VECTOR('',#9551,1.);
#9551 = DIRECTION('',(0.,-1.));
#9552 = ( GEOMETRIC_REPRESENTATION_CONTEXT(2) 
PARAMETRIC_REPRESENTATION_CONTEXT() REPRESENTATION_CONTEXT('2D SPACE',''
  ) );
#9553 = ORIENTED_EDGE('',*,*,#3930,.T.);
#9554 = ADVANCED_FACE('',(#9555),#3919,.F.);
#9555 = FACE_BOUND('',#9556,.F.);
#9556 = EDGE_LOOP('',(#9557,#9558,#9559,#9560,#9581,#9607));
#9557 = ORIENTED_EDGE('',*,*,#4191,.T.);
#9558 = ORIENTED_EDGE('',*,*,#9533,.T.);
#9559 = ORIENTED_EDGE('',*,*,#3904,.T.);
#9560 = ORIENTED_EDGE('',*,*,#9561,.T.);
#9561 = EDGE_CURVE('',#3877,#9562,#9564,.T.);
#9562 = VERTEX_POINT('',#9563);
#9563 = CARTESIAN_POINT('',(12.55,10.6,62.755));
#9564 = SURFACE_CURVE('',#9565,(#9569,#9575),.PCURVE_S1.);
#9565 = LINE('',#9566,#9567);
#9566 = CARTESIAN_POINT('',(12.55,2.9175,55.0725));
#9567 = VECTOR('',#9568,1.);
#9568 = DIRECTION('',(-0.,0.707106781187,0.707106781187));
#9569 = PCURVE('',#3919,#9570);
#9570 = DEFINITIONAL_REPRESENTATION('',(#9571),#9574);
#9571 = B_SPLINE_CURVE_WITH_KNOTS('',1,(#9572,#9573),.UNSPECIFIED.,.F.,
  .F.,(2,2),(6.95439519297,10.864695692931),.PIECEWISE_BEZIER_KNOTS.);
#9572 = CARTESIAN_POINT('',(0.235,-19.435));
#9573 = CARTESIAN_POINT('',(3.,-22.2));
#9574 = ( GEOMETRIC_REPRESENTATION_CONTEXT(2) 
PARAMETRIC_REPRESENTATION_CONTEXT() REPRESENTATION_CONTEXT('2D SPACE',''
  ) );
#9575 = PCURVE('',#3892,#9576);
#9576 = DEFINITIONAL_REPRESENTATION('',(#9577),#9580);
#9577 = B_SPLINE_CURVE_WITH_KNOTS('',1,(#9578,#9579),.UNSPECIFIED.,.F.,
  .F.,(2,2),(6.95439519297,10.864695692931),.PIECEWISE_BEZIER_KNOTS.);
#9578 = CARTESIAN_POINT('',(0.,-12.55));
#9579 = CARTESIAN_POINT('',(3.910300499962,-12.55));
#9580 = ( GEOMETRIC_REPRESENTATION_CONTEXT(2) 
PARAMETRIC_REPRESENTATION_CONTEXT() REPRESENTATION_CONTEXT('2D SPACE',''
  ) );
#9581 = ORIENTED_EDGE('',*,*,#9582,.T.);
#9582 = EDGE_CURVE('',#9562,#9583,#9585,.T.);
#9583 = VERTEX_POINT('',#9584);
#9584 = CARTESIAN_POINT('',(12.55,-10.6,62.755));
#9585 = SURFACE_CURVE('',#9586,(#9590,#9596),.PCURVE_S1.);
#9586 = LINE('',#9587,#9588);
#9587 = CARTESIAN_POINT('',(12.55,-0.5,62.755));
#9588 = VECTOR('',#9589,1.);
#9589 = DIRECTION('',(0.,-1.,0.));
#9590 = PCURVE('',#3919,#9591);
#9591 = DEFINITIONAL_REPRESENTATION('',(#9592),#9595);
#9592 = B_SPLINE_CURVE_WITH_KNOTS('',1,(#9593,#9594),.UNSPECIFIED.,.F.,
  .F.,(2,2),(-11.1,10.1),.PIECEWISE_BEZIER_KNOTS.);
#9593 = CARTESIAN_POINT('',(3.,-22.2));
#9594 = CARTESIAN_POINT('',(3.,-1.));
#9595 = ( GEOMETRIC_REPRESENTATION_CONTEXT(2) 
PARAMETRIC_REPRESENTATION_CONTEXT() REPRESENTATION_CONTEXT('2D SPACE',''
  ) );
#9596 = PCURVE('',#9597,#9602);
#9597 = PLANE('',#9598);
#9598 = AXIS2_PLACEMENT_3D('',#9599,#9600,#9601);
#9599 = CARTESIAN_POINT('',(0.,10.6,62.755));
#9600 = DIRECTION('',(0.,0.,-1.));
#9601 = DIRECTION('',(0.,-1.,0.));
#9602 = DEFINITIONAL_REPRESENTATION('',(#9603),#9606);
#9603 = B_SPLINE_CURVE_WITH_KNOTS('',1,(#9604,#9605),.UNSPECIFIED.,.F.,
  .F.,(2,2),(-11.1,10.1),.PIECEWISE_BEZIER_KNOTS.);
#9604 = CARTESIAN_POINT('',(0.,-12.55));
#9605 = CARTESIAN_POINT('',(21.2,-12.55));
#9606 = ( GEOMETRIC_REPRESENTATION_CONTEXT(2) 
PARAMETRIC_REPRESENTATION_CONTEXT() REPRESENTATION_CONTEXT('2D SPACE',''
  ) );
#9607 = ORIENTED_EDGE('',*,*,#9608,.T.);
#9608 = EDGE_CURVE('',#9583,#4192,#9609,.T.);
#9609 = SURFACE_CURVE('',#9610,(#9614,#9620),.PCURVE_S1.);
#9610 = LINE('',#9611,#9612);
#9611 = CARTESIAN_POINT('',(12.55,-10.1,62.255));
#9612 = VECTOR('',#9613,1.);
#9613 = DIRECTION('',(0.,0.707106781187,-0.707106781187));
#9614 = PCURVE('',#3919,#9615);
#9615 = DEFINITIONAL_REPRESENTATION('',(#9616),#9619);
#9616 = B_SPLINE_CURVE_WITH_KNOTS('',1,(#9617,#9618),.UNSPECIFIED.,.F.,
  .F.,(2,2),(-0.707106781187,3.203193718775),.PIECEWISE_BEZIER_KNOTS.);
#9617 = CARTESIAN_POINT('',(3.,-1.));
#9618 = CARTESIAN_POINT('',(0.235,-3.765));
#9619 = ( GEOMETRIC_REPRESENTATION_CONTEXT(2) 
PARAMETRIC_REPRESENTATION_CONTEXT() REPRESENTATION_CONTEXT('2D SPACE',''
  ) );
#9620 = PCURVE('',#4228,#9621);
#9621 = DEFINITIONAL_REPRESENTATION('',(#9622),#9625);
#9622 = B_SPLINE_CURVE_WITH_KNOTS('',1,(#9623,#9624),.UNSPECIFIED.,.F.,
  .F.,(2,2),(-0.707106781187,3.203193718775),.PIECEWISE_BEZIER_KNOTS.);
#9623 = CARTESIAN_POINT('',(0.,-12.55));
#9624 = CARTESIAN_POINT('',(3.910300499962,-12.55));
#9625 = ( GEOMETRIC_REPRESENTATION_CONTEXT(2) 
PARAMETRIC_REPRESENTATION_CONTEXT() REPRESENTATION_CONTEXT('2D SPACE',''
  ) );
#9626 = ADVANCED_FACE('',(#9627),#3892,.F.);
#9627 = FACE_BOUND('',#9628,.F.);
#9628 = EDGE_LOOP('',(#9629,#9630,#9631,#9652));
#9629 = ORIENTED_EDGE('',*,*,#9561,.F.);
#9630 = ORIENTED_EDGE('',*,*,#3876,.T.);
#9631 = ORIENTED_EDGE('',*,*,#9632,.T.);
#9632 = EDGE_CURVE('',#3851,#9633,#9635,.T.);
#9633 = VERTEX_POINT('',#9634);
#9634 = CARTESIAN_POINT('',(17.33,10.6,62.755));
#9635 = SURFACE_CURVE('',#9636,(#9640,#9646),.PCURVE_S1.);
#9636 = LINE('',#9637,#9638);
#9637 = CARTESIAN_POINT('',(17.33,2.9175,55.0725));
#9638 = VECTOR('',#9639,1.);
#9639 = DIRECTION('',(-0.,0.707106781187,0.707106781187));
#9640 = PCURVE('',#3892,#9641);
#9641 = DEFINITIONAL_REPRESENTATION('',(#9642),#9645);
#9642 = B_SPLINE_CURVE_WITH_KNOTS('',1,(#9643,#9644),.UNSPECIFIED.,.F.,
  .F.,(2,2),(6.95439519297,10.864695692931),.PIECEWISE_BEZIER_KNOTS.);
#9643 = CARTESIAN_POINT('',(0.,-17.33));
#9644 = CARTESIAN_POINT('',(3.910300499962,-17.33));
#9645 = ( GEOMETRIC_REPRESENTATION_CONTEXT(2) 
PARAMETRIC_REPRESENTATION_CONTEXT() REPRESENTATION_CONTEXT('2D SPACE',''
  ) );
#9646 = PCURVE('',#3865,#9647);
#9647 = DEFINITIONAL_REPRESENTATION('',(#9648),#9651);
#9648 = B_SPLINE_CURVE_WITH_KNOTS('',1,(#9649,#9650),.UNSPECIFIED.,.F.,
  .F.,(2,2),(6.95439519297,10.864695692931),.PIECEWISE_BEZIER_KNOTS.);
#9649 = CARTESIAN_POINT('',(0.235,-19.435));
#9650 = CARTESIAN_POINT('',(3.,-22.2));
#9651 = ( GEOMETRIC_REPRESENTATION_CONTEXT(2) 
PARAMETRIC_REPRESENTATION_CONTEXT() REPRESENTATION_CONTEXT('2D SPACE',''
  ) );
#9652 = ORIENTED_EDGE('',*,*,#9653,.F.);
#9653 = EDGE_CURVE('',#9562,#9633,#9654,.T.);
#9654 = SURFACE_CURVE('',#9655,(#9659,#9666),.PCURVE_S1.);
#9655 = LINE('',#9656,#9657);
#9656 = CARTESIAN_POINT('',(0.,10.6,62.755));
#9657 = VECTOR('',#9658,1.);
#9658 = DIRECTION('',(1.,0.,0.));
#9659 = PCURVE('',#3892,#9660);
#9660 = DEFINITIONAL_REPRESENTATION('',(#9661),#9665);
#9661 = LINE('',#9662,#9663);
#9662 = CARTESIAN_POINT('',(3.910300499962,0.));
#9663 = VECTOR('',#9664,1.);
#9664 = DIRECTION('',(0.,-1.));
#9665 = ( GEOMETRIC_REPRESENTATION_CONTEXT(2) 
PARAMETRIC_REPRESENTATION_CONTEXT() REPRESENTATION_CONTEXT('2D SPACE',''
  ) );
#9666 = PCURVE('',#9597,#9667);
#9667 = DEFINITIONAL_REPRESENTATION('',(#9668),#9672);
#9668 = LINE('',#9669,#9670);
#9669 = CARTESIAN_POINT('',(0.,-0.));
#9670 = VECTOR('',#9671,1.);
#9671 = DIRECTION('',(0.,-1.));
#9672 = ( GEOMETRIC_REPRESENTATION_CONTEXT(2) 
PARAMETRIC_REPRESENTATION_CONTEXT() REPRESENTATION_CONTEXT('2D SPACE',''
  ) );
#9673 = ADVANCED_FACE('',(#9674),#3865,.T.);
#9674 = FACE_BOUND('',#9675,.T.);
#9675 = EDGE_LOOP('',(#9676,#9677,#9698,#9699,#9700,#9721));
#9676 = ORIENTED_EDGE('',*,*,#4240,.T.);
#9677 = ORIENTED_EDGE('',*,*,#9678,.T.);
#9678 = EDGE_CURVE('',#4241,#3825,#9679,.T.);
#9679 = SURFACE_CURVE('',#9680,(#9684,#9691),.PCURVE_S1.);
#9680 = LINE('',#9681,#9682);
#9681 = CARTESIAN_POINT('',(17.33,-11.6,59.755));
#9682 = VECTOR('',#9683,1.);
#9683 = DIRECTION('',(0.,1.,0.));
#9684 = PCURVE('',#3865,#9685);
#9685 = DEFINITIONAL_REPRESENTATION('',(#9686),#9690);
#9686 = LINE('',#9687,#9688);
#9687 = CARTESIAN_POINT('',(0.,0.));
#9688 = VECTOR('',#9689,1.);
#9689 = DIRECTION('',(0.,-1.));
#9690 = ( GEOMETRIC_REPRESENTATION_CONTEXT(2) 
PARAMETRIC_REPRESENTATION_CONTEXT() REPRESENTATION_CONTEXT('2D SPACE',''
  ) );
#9691 = PCURVE('',#3839,#9692);
#9692 = DEFINITIONAL_REPRESENTATION('',(#9693),#9697);
#9693 = LINE('',#9694,#9695);
#9694 = CARTESIAN_POINT('',(0.,0.));
#9695 = VECTOR('',#9696,1.);
#9696 = DIRECTION('',(0.,1.));
#9697 = ( GEOMETRIC_REPRESENTATION_CONTEXT(2) 
PARAMETRIC_REPRESENTATION_CONTEXT() REPRESENTATION_CONTEXT('2D SPACE',''
  ) );
#9698 = ORIENTED_EDGE('',*,*,#3850,.T.);
#9699 = ORIENTED_EDGE('',*,*,#9632,.T.);
#9700 = ORIENTED_EDGE('',*,*,#9701,.T.);
#9701 = EDGE_CURVE('',#9633,#9702,#9704,.T.);
#9702 = VERTEX_POINT('',#9703);
#9703 = CARTESIAN_POINT('',(17.33,-10.6,62.755));
#9704 = SURFACE_CURVE('',#9705,(#9709,#9715),.PCURVE_S1.);
#9705 = LINE('',#9706,#9707);
#9706 = CARTESIAN_POINT('',(17.33,-0.5,62.755));
#9707 = VECTOR('',#9708,1.);
#9708 = DIRECTION('',(0.,-1.,0.));
#9709 = PCURVE('',#3865,#9710);
#9710 = DEFINITIONAL_REPRESENTATION('',(#9711),#9714);
#9711 = B_SPLINE_CURVE_WITH_KNOTS('',1,(#9712,#9713),.UNSPECIFIED.,.F.,
  .F.,(2,2),(-11.1,10.1),.PIECEWISE_BEZIER_KNOTS.);
#9712 = CARTESIAN_POINT('',(3.,-22.2));
#9713 = CARTESIAN_POINT('',(3.,-1.));
#9714 = ( GEOMETRIC_REPRESENTATION_CONTEXT(2) 
PARAMETRIC_REPRESENTATION_CONTEXT() REPRESENTATION_CONTEXT('2D SPACE',''
  ) );
#9715 = PCURVE('',#9597,#9716);
#9716 = DEFINITIONAL_REPRESENTATION('',(#9717),#9720);
#9717 = B_SPLINE_CURVE_WITH_KNOTS('',1,(#9718,#9719),.UNSPECIFIED.,.F.,
  .F.,(2,2),(-11.1,10.1),.PIECEWISE_BEZIER_KNOTS.);
#9718 = CARTESIAN_POINT('',(0.,-17.33));
#9719 = CARTESIAN_POINT('',(21.2,-17.33));
#9720 = ( GEOMETRIC_REPRESENTATION_CONTEXT(2) 
PARAMETRIC_REPRESENTATION_CONTEXT() REPRESENTATION_CONTEXT('2D SPACE',''
  ) );
#9721 = ORIENTED_EDGE('',*,*,#9722,.T.);
#9722 = EDGE_CURVE('',#9702,#4213,#9723,.T.);
#9723 = SURFACE_CURVE('',#9724,(#9728,#9734),.PCURVE_S1.);
#9724 = LINE('',#9725,#9726);
#9725 = CARTESIAN_POINT('',(17.33,-10.1,62.255));
#9726 = VECTOR('',#9727,1.);
#9727 = DIRECTION('',(0.,0.707106781187,-0.707106781187));
#9728 = PCURVE('',#3865,#9729);
#9729 = DEFINITIONAL_REPRESENTATION('',(#9730),#9733);
#9730 = B_SPLINE_CURVE_WITH_KNOTS('',1,(#9731,#9732),.UNSPECIFIED.,.F.,
  .F.,(2,2),(-0.707106781187,3.203193718775),.PIECEWISE_BEZIER_KNOTS.);
#9731 = CARTESIAN_POINT('',(3.,-1.));
#9732 = CARTESIAN_POINT('',(0.235,-3.765));
#9733 = ( GEOMETRIC_REPRESENTATION_CONTEXT(2) 
PARAMETRIC_REPRESENTATION_CONTEXT() REPRESENTATION_CONTEXT('2D SPACE',''
  ) );
#9734 = PCURVE('',#4228,#9735);
#9735 = DEFINITIONAL_REPRESENTATION('',(#9736),#9739);
#9736 = B_SPLINE_CURVE_WITH_KNOTS('',1,(#9737,#9738),.UNSPECIFIED.,.F.,
  .F.,(2,2),(-0.707106781187,3.203193718775),.PIECEWISE_BEZIER_KNOTS.);
#9737 = CARTESIAN_POINT('',(0.,-17.33));
#9738 = CARTESIAN_POINT('',(3.910300499962,-17.33));
#9739 = ( GEOMETRIC_REPRESENTATION_CONTEXT(2) 
PARAMETRIC_REPRESENTATION_CONTEXT() REPRESENTATION_CONTEXT('2D SPACE',''
  ) );
#9740 = ADVANCED_FACE('',(#9741),#3839,.T.);
#9741 = FACE_BOUND('',#9742,.T.);
#9742 = EDGE_LOOP('',(#9743,#9744,#9745,#9766));
#9743 = ORIENTED_EDGE('',*,*,#9678,.F.);
#9744 = ORIENTED_EDGE('',*,*,#4261,.T.);
#9745 = ORIENTED_EDGE('',*,*,#9746,.T.);
#9746 = EDGE_CURVE('',#4262,#3799,#9747,.T.);
#9747 = SURFACE_CURVE('',#9748,(#9752,#9759),.PCURVE_S1.);
#9748 = LINE('',#9749,#9750);
#9749 = CARTESIAN_POINT('',(22.56,-11.6,59.755));
#9750 = VECTOR('',#9751,1.);
#9751 = DIRECTION('',(0.,1.,0.));
#9752 = PCURVE('',#3839,#9753);
#9753 = DEFINITIONAL_REPRESENTATION('',(#9754),#9758);
#9754 = LINE('',#9755,#9756);
#9755 = CARTESIAN_POINT('',(5.23,0.));
#9756 = VECTOR('',#9757,1.);
#9757 = DIRECTION('',(0.,1.));
#9758 = ( GEOMETRIC_REPRESENTATION_CONTEXT(2) 
PARAMETRIC_REPRESENTATION_CONTEXT() REPRESENTATION_CONTEXT('2D SPACE',''
  ) );
#9759 = PCURVE('',#3813,#9760);
#9760 = DEFINITIONAL_REPRESENTATION('',(#9761),#9765);
#9761 = LINE('',#9762,#9763);
#9762 = CARTESIAN_POINT('',(0.,0.));
#9763 = VECTOR('',#9764,1.);
#9764 = DIRECTION('',(0.,-1.));
#9765 = ( GEOMETRIC_REPRESENTATION_CONTEXT(2) 
PARAMETRIC_REPRESENTATION_CONTEXT() REPRESENTATION_CONTEXT('2D SPACE',''
  ) );
#9766 = ORIENTED_EDGE('',*,*,#3824,.T.);
#9767 = ADVANCED_FACE('',(#9768),#3813,.F.);
#9768 = FACE_BOUND('',#9769,.F.);
#9769 = EDGE_LOOP('',(#9770,#9771,#9772,#9773,#9794,#9820));
#9770 = ORIENTED_EDGE('',*,*,#4282,.T.);
#9771 = ORIENTED_EDGE('',*,*,#9746,.T.);
#9772 = ORIENTED_EDGE('',*,*,#3798,.T.);
#9773 = ORIENTED_EDGE('',*,*,#9774,.T.);
#9774 = EDGE_CURVE('',#3771,#9775,#9777,.T.);
#9775 = VERTEX_POINT('',#9776);
#9776 = CARTESIAN_POINT('',(22.56,10.6,62.755));
#9777 = SURFACE_CURVE('',#9778,(#9782,#9788),.PCURVE_S1.);
#9778 = LINE('',#9779,#9780);
#9779 = CARTESIAN_POINT('',(22.56,2.9175,55.0725));
#9780 = VECTOR('',#9781,1.);
#9781 = DIRECTION('',(-0.,0.707106781187,0.707106781187));
#9782 = PCURVE('',#3813,#9783);
#9783 = DEFINITIONAL_REPRESENTATION('',(#9784),#9787);
#9784 = B_SPLINE_CURVE_WITH_KNOTS('',1,(#9785,#9786),.UNSPECIFIED.,.F.,
  .F.,(2,2),(6.95439519297,10.864695692931),.PIECEWISE_BEZIER_KNOTS.);
#9785 = CARTESIAN_POINT('',(0.235,-19.435));
#9786 = CARTESIAN_POINT('',(3.,-22.2));
#9787 = ( GEOMETRIC_REPRESENTATION_CONTEXT(2) 
PARAMETRIC_REPRESENTATION_CONTEXT() REPRESENTATION_CONTEXT('2D SPACE',''
  ) );
#9788 = PCURVE('',#3786,#9789);
#9789 = DEFINITIONAL_REPRESENTATION('',(#9790),#9793);
#9790 = B_SPLINE_CURVE_WITH_KNOTS('',1,(#9791,#9792),.UNSPECIFIED.,.F.,
  .F.,(2,2),(6.95439519297,10.864695692931),.PIECEWISE_BEZIER_KNOTS.);
#9791 = CARTESIAN_POINT('',(0.,-22.56));
#9792 = CARTESIAN_POINT('',(3.910300499962,-22.56));
#9793 = ( GEOMETRIC_REPRESENTATION_CONTEXT(2) 
PARAMETRIC_REPRESENTATION_CONTEXT() REPRESENTATION_CONTEXT('2D SPACE',''
  ) );
#9794 = ORIENTED_EDGE('',*,*,#9795,.T.);
#9795 = EDGE_CURVE('',#9775,#9796,#9798,.T.);
#9796 = VERTEX_POINT('',#9797);
#9797 = CARTESIAN_POINT('',(22.56,-10.6,62.755));
#9798 = SURFACE_CURVE('',#9799,(#9803,#9809),.PCURVE_S1.);
#9799 = LINE('',#9800,#9801);
#9800 = CARTESIAN_POINT('',(22.56,-0.5,62.755));
#9801 = VECTOR('',#9802,1.);
#9802 = DIRECTION('',(0.,-1.,0.));
#9803 = PCURVE('',#3813,#9804);
#9804 = DEFINITIONAL_REPRESENTATION('',(#9805),#9808);
#9805 = B_SPLINE_CURVE_WITH_KNOTS('',1,(#9806,#9807),.UNSPECIFIED.,.F.,
  .F.,(2,2),(-11.1,10.1),.PIECEWISE_BEZIER_KNOTS.);
#9806 = CARTESIAN_POINT('',(3.,-22.2));
#9807 = CARTESIAN_POINT('',(3.,-1.));
#9808 = ( GEOMETRIC_REPRESENTATION_CONTEXT(2) 
PARAMETRIC_REPRESENTATION_CONTEXT() REPRESENTATION_CONTEXT('2D SPACE',''
  ) );
#9809 = PCURVE('',#9810,#9815);
#9810 = PLANE('',#9811);
#9811 = AXIS2_PLACEMENT_3D('',#9812,#9813,#9814);
#9812 = CARTESIAN_POINT('',(0.,10.6,62.755));
#9813 = DIRECTION('',(0.,0.,-1.));
#9814 = DIRECTION('',(0.,-1.,0.));
#9815 = DEFINITIONAL_REPRESENTATION('',(#9816),#9819);
#9816 = B_SPLINE_CURVE_WITH_KNOTS('',1,(#9817,#9818),.UNSPECIFIED.,.F.,
  .F.,(2,2),(-11.1,10.1),.PIECEWISE_BEZIER_KNOTS.);
#9817 = CARTESIAN_POINT('',(0.,-22.56));
#9818 = CARTESIAN_POINT('',(21.2,-22.56));
#9819 = ( GEOMETRIC_REPRESENTATION_CONTEXT(2) 
PARAMETRIC_REPRESENTATION_CONTEXT() REPRESENTATION_CONTEXT('2D SPACE',''
  ) );
#9820 = ORIENTED_EDGE('',*,*,#9821,.T.);
#9821 = EDGE_CURVE('',#9796,#4283,#9822,.T.);
#9822 = SURFACE_CURVE('',#9823,(#9827,#9833),.PCURVE_S1.);
#9823 = LINE('',#9824,#9825);
#9824 = CARTESIAN_POINT('',(22.56,-10.1,62.255));
#9825 = VECTOR('',#9826,1.);
#9826 = DIRECTION('',(0.,0.707106781187,-0.707106781187));
#9827 = PCURVE('',#3813,#9828);
#9828 = DEFINITIONAL_REPRESENTATION('',(#9829),#9832);
#9829 = B_SPLINE_CURVE_WITH_KNOTS('',1,(#9830,#9831),.UNSPECIFIED.,.F.,
  .F.,(2,2),(-0.707106781187,3.203193718775),.PIECEWISE_BEZIER_KNOTS.);
#9830 = CARTESIAN_POINT('',(3.,-1.));
#9831 = CARTESIAN_POINT('',(0.235,-3.765));
#9832 = ( GEOMETRIC_REPRESENTATION_CONTEXT(2) 
PARAMETRIC_REPRESENTATION_CONTEXT() REPRESENTATION_CONTEXT('2D SPACE',''
  ) );
#9833 = PCURVE('',#4319,#9834);
#9834 = DEFINITIONAL_REPRESENTATION('',(#9835),#9838);
#9835 = B_SPLINE_CURVE_WITH_KNOTS('',1,(#9836,#9837),.UNSPECIFIED.,.F.,
  .F.,(2,2),(-0.707106781187,3.203193718775),.PIECEWISE_BEZIER_KNOTS.);
#9836 = CARTESIAN_POINT('',(0.,-22.56));
#9837 = CARTESIAN_POINT('',(3.910300499962,-22.56));
#9838 = ( GEOMETRIC_REPRESENTATION_CONTEXT(2) 
PARAMETRIC_REPRESENTATION_CONTEXT() REPRESENTATION_CONTEXT('2D SPACE',''
  ) );
#9839 = ADVANCED_FACE('',(#9840),#3786,.F.);
#9840 = FACE_BOUND('',#9841,.F.);
#9841 = EDGE_LOOP('',(#9842,#9843,#9844,#9865));
#9842 = ORIENTED_EDGE('',*,*,#9774,.F.);
#9843 = ORIENTED_EDGE('',*,*,#3770,.T.);
#9844 = ORIENTED_EDGE('',*,*,#9845,.T.);
#9845 = EDGE_CURVE('',#3745,#9846,#9848,.T.);
#9846 = VERTEX_POINT('',#9847);
#9847 = CARTESIAN_POINT('',(27.34,10.6,62.755));
#9848 = SURFACE_CURVE('',#9849,(#9853,#9859),.PCURVE_S1.);
#9849 = LINE('',#9850,#9851);
#9850 = CARTESIAN_POINT('',(27.34,2.9175,55.0725));
#9851 = VECTOR('',#9852,1.);
#9852 = DIRECTION('',(-0.,0.707106781187,0.707106781187));
#9853 = PCURVE('',#3786,#9854);
#9854 = DEFINITIONAL_REPRESENTATION('',(#9855),#9858);
#9855 = B_SPLINE_CURVE_WITH_KNOTS('',1,(#9856,#9857),.UNSPECIFIED.,.F.,
  .F.,(2,2),(6.95439519297,10.864695692931),.PIECEWISE_BEZIER_KNOTS.);
#9856 = CARTESIAN_POINT('',(0.,-27.34));
#9857 = CARTESIAN_POINT('',(3.910300499962,-27.34));
#9858 = ( GEOMETRIC_REPRESENTATION_CONTEXT(2) 
PARAMETRIC_REPRESENTATION_CONTEXT() REPRESENTATION_CONTEXT('2D SPACE',''
  ) );
#9859 = PCURVE('',#3759,#9860);
#9860 = DEFINITIONAL_REPRESENTATION('',(#9861),#9864);
#9861 = B_SPLINE_CURVE_WITH_KNOTS('',1,(#9862,#9863),.UNSPECIFIED.,.F.,
  .F.,(2,2),(6.95439519297,10.864695692931),.PIECEWISE_BEZIER_KNOTS.);
#9862 = CARTESIAN_POINT('',(0.235,-19.435));
#9863 = CARTESIAN_POINT('',(3.,-22.2));
#9864 = ( GEOMETRIC_REPRESENTATION_CONTEXT(2) 
PARAMETRIC_REPRESENTATION_CONTEXT() REPRESENTATION_CONTEXT('2D SPACE',''
  ) );
#9865 = ORIENTED_EDGE('',*,*,#9866,.F.);
#9866 = EDGE_CURVE('',#9775,#9846,#9867,.T.);
#9867 = SURFACE_CURVE('',#9868,(#9872,#9879),.PCURVE_S1.);
#9868 = LINE('',#9869,#9870);
#9869 = CARTESIAN_POINT('',(0.,10.6,62.755));
#9870 = VECTOR('',#9871,1.);
#9871 = DIRECTION('',(1.,0.,0.));
#9872 = PCURVE('',#3786,#9873);
#9873 = DEFINITIONAL_REPRESENTATION('',(#9874),#9878);
#9874 = LINE('',#9875,#9876);
#9875 = CARTESIAN_POINT('',(3.910300499962,0.));
#9876 = VECTOR('',#9877,1.);
#9877 = DIRECTION('',(0.,-1.));
#9878 = ( GEOMETRIC_REPRESENTATION_CONTEXT(2) 
PARAMETRIC_REPRESENTATION_CONTEXT() REPRESENTATION_CONTEXT('2D SPACE',''
  ) );
#9879 = PCURVE('',#9810,#9880);
#9880 = DEFINITIONAL_REPRESENTATION('',(#9881),#9885);
#9881 = LINE('',#9882,#9883);
#9882 = CARTESIAN_POINT('',(0.,-0.));
#9883 = VECTOR('',#9884,1.);
#9884 = DIRECTION('',(0.,-1.));
#9885 = ( GEOMETRIC_REPRESENTATION_CONTEXT(2) 
PARAMETRIC_REPRESENTATION_CONTEXT() REPRESENTATION_CONTEXT('2D SPACE',''
  ) );
#9886 = ADVANCED_FACE('',(#9887),#3759,.T.);
#9887 = FACE_BOUND('',#9888,.T.);
#9888 = EDGE_LOOP('',(#9889,#9890,#9911,#9912,#9913,#9934));
#9889 = ORIENTED_EDGE('',*,*,#4331,.T.);
#9890 = ORIENTED_EDGE('',*,*,#9891,.T.);
#9891 = EDGE_CURVE('',#4332,#3719,#9892,.T.);
#9892 = SURFACE_CURVE('',#9893,(#9897,#9904),.PCURVE_S1.);
#9893 = LINE('',#9894,#9895);
#9894 = CARTESIAN_POINT('',(27.34,-11.6,59.755));
#9895 = VECTOR('',#9896,1.);
#9896 = DIRECTION('',(0.,1.,0.));
#9897 = PCURVE('',#3759,#9898);
#9898 = DEFINITIONAL_REPRESENTATION('',(#9899),#9903);
#9899 = LINE('',#9900,#9901);
#9900 = CARTESIAN_POINT('',(0.,0.));
#9901 = VECTOR('',#9902,1.);
#9902 = DIRECTION('',(0.,-1.));
#9903 = ( GEOMETRIC_REPRESENTATION_CONTEXT(2) 
PARAMETRIC_REPRESENTATION_CONTEXT() REPRESENTATION_CONTEXT('2D SPACE',''
  ) );
#9904 = PCURVE('',#3733,#9905);
#9905 = DEFINITIONAL_REPRESENTATION('',(#9906),#9910);
#9906 = LINE('',#9907,#9908);
#9907 = CARTESIAN_POINT('',(0.,0.));
#9908 = VECTOR('',#9909,1.);
#9909 = DIRECTION('',(0.,1.));
#9910 = ( GEOMETRIC_REPRESENTATION_CONTEXT(2) 
PARAMETRIC_REPRESENTATION_CONTEXT() REPRESENTATION_CONTEXT('2D SPACE',''
  ) );
#9911 = ORIENTED_EDGE('',*,*,#3744,.T.);
#9912 = ORIENTED_EDGE('',*,*,#9845,.T.);
#9913 = ORIENTED_EDGE('',*,*,#9914,.T.);
#9914 = EDGE_CURVE('',#9846,#9915,#9917,.T.);
#9915 = VERTEX_POINT('',#9916);
#9916 = CARTESIAN_POINT('',(27.34,-10.6,62.755));
#9917 = SURFACE_CURVE('',#9918,(#9922,#9928),.PCURVE_S1.);
#9918 = LINE('',#9919,#9920);
#9919 = CARTESIAN_POINT('',(27.34,-0.5,62.755));
#9920 = VECTOR('',#9921,1.);
#9921 = DIRECTION('',(0.,-1.,0.));
#9922 = PCURVE('',#3759,#9923);
#9923 = DEFINITIONAL_REPRESENTATION('',(#9924),#9927);
#9924 = B_SPLINE_CURVE_WITH_KNOTS('',1,(#9925,#9926),.UNSPECIFIED.,.F.,
  .F.,(2,2),(-11.1,10.1),.PIECEWISE_BEZIER_KNOTS.);
#9925 = CARTESIAN_POINT('',(3.,-22.2));
#9926 = CARTESIAN_POINT('',(3.,-1.));
#9927 = ( GEOMETRIC_REPRESENTATION_CONTEXT(2) 
PARAMETRIC_REPRESENTATION_CONTEXT() REPRESENTATION_CONTEXT('2D SPACE',''
  ) );
#9928 = PCURVE('',#9810,#9929);
#9929 = DEFINITIONAL_REPRESENTATION('',(#9930),#9933);
#9930 = B_SPLINE_CURVE_WITH_KNOTS('',1,(#9931,#9932),.UNSPECIFIED.,.F.,
  .F.,(2,2),(-11.1,10.1),.PIECEWISE_BEZIER_KNOTS.);
#9931 = CARTESIAN_POINT('',(0.,-27.34));
#9932 = CARTESIAN_POINT('',(21.2,-27.34));
#9933 = ( GEOMETRIC_REPRESENTATION_CONTEXT(2) 
PARAMETRIC_REPRESENTATION_CONTEXT() REPRESENTATION_CONTEXT('2D SPACE',''
  ) );
#9934 = ORIENTED_EDGE('',*,*,#9935,.T.);
#9935 = EDGE_CURVE('',#9915,#4304,#9936,.T.);
#9936 = SURFACE_CURVE('',#9937,(#9941,#9947),.PCURVE_S1.);
#9937 = LINE('',#9938,#9939);
#9938 = CARTESIAN_POINT('',(27.34,-10.1,62.255));
#9939 = VECTOR('',#9940,1.);
#9940 = DIRECTION('',(0.,0.707106781187,-0.707106781187));
#9941 = PCURVE('',#3759,#9942);
#9942 = DEFINITIONAL_REPRESENTATION('',(#9943),#9946);
#9943 = B_SPLINE_CURVE_WITH_KNOTS('',1,(#9944,#9945),.UNSPECIFIED.,.F.,
  .F.,(2,2),(-0.707106781187,3.203193718775),.PIECEWISE_BEZIER_KNOTS.);
#9944 = CARTESIAN_POINT('',(3.,-1.));
#9945 = CARTESIAN_POINT('',(0.235,-3.765));
#9946 = ( GEOMETRIC_REPRESENTATION_CONTEXT(2) 
PARAMETRIC_REPRESENTATION_CONTEXT() REPRESENTATION_CONTEXT('2D SPACE',''
  ) );
#9947 = PCURVE('',#4319,#9948);
#9948 = DEFINITIONAL_REPRESENTATION('',(#9949),#9952);
#9949 = B_SPLINE_CURVE_WITH_KNOTS('',1,(#9950,#9951),.UNSPECIFIED.,.F.,
  .F.,(2,2),(-0.707106781187,3.203193718775),.PIECEWISE_BEZIER_KNOTS.);
#9950 = CARTESIAN_POINT('',(0.,-27.34));
#9951 = CARTESIAN_POINT('',(3.910300499962,-27.34));
#9952 = ( GEOMETRIC_REPRESENTATION_CONTEXT(2) 
PARAMETRIC_REPRESENTATION_CONTEXT() REPRESENTATION_CONTEXT('2D SPACE',''
  ) );
#9953 = ADVANCED_FACE('',(#9954),#3733,.T.);
#9954 = FACE_BOUND('',#9955,.T.);
#9955 = EDGE_LOOP('',(#9956,#9957,#9958,#9979));
#9956 = ORIENTED_EDGE('',*,*,#9891,.F.);
#9957 = ORIENTED_EDGE('',*,*,#4352,.T.);
#9958 = ORIENTED_EDGE('',*,*,#9959,.T.);
#9959 = EDGE_CURVE('',#4353,#3693,#9960,.T.);
#9960 = SURFACE_CURVE('',#9961,(#9965,#9972),.PCURVE_S1.);
#9961 = LINE('',#9962,#9963);
#9962 = CARTESIAN_POINT('',(32.57,-11.6,59.755));
#9963 = VECTOR('',#9964,1.);
#9964 = DIRECTION('',(0.,1.,0.));
#9965 = PCURVE('',#3733,#9966);
#9966 = DEFINITIONAL_REPRESENTATION('',(#9967),#9971);
#9967 = LINE('',#9968,#9969);
#9968 = CARTESIAN_POINT('',(5.23,0.));
#9969 = VECTOR('',#9970,1.);
#9970 = DIRECTION('',(0.,1.));
#9971 = ( GEOMETRIC_REPRESENTATION_CONTEXT(2) 
PARAMETRIC_REPRESENTATION_CONTEXT() REPRESENTATION_CONTEXT('2D SPACE',''
  ) );
#9972 = PCURVE('',#3707,#9973);
#9973 = DEFINITIONAL_REPRESENTATION('',(#9974),#9978);
#9974 = LINE('',#9975,#9976);
#9975 = CARTESIAN_POINT('',(0.,0.));
#9976 = VECTOR('',#9977,1.);
#9977 = DIRECTION('',(0.,-1.));
#9978 = ( GEOMETRIC_REPRESENTATION_CONTEXT(2) 
PARAMETRIC_REPRESENTATION_CONTEXT() REPRESENTATION_CONTEXT('2D SPACE',''
  ) );
#9979 = ORIENTED_EDGE('',*,*,#3718,.T.);
#9980 = ADVANCED_FACE('',(#9981),#3707,.F.);
#9981 = FACE_BOUND('',#9982,.F.);
#9982 = EDGE_LOOP('',(#9983,#9984,#9985,#9986,#10007,#10033));
#9983 = ORIENTED_EDGE('',*,*,#4373,.T.);
#9984 = ORIENTED_EDGE('',*,*,#9959,.T.);
#9985 = ORIENTED_EDGE('',*,*,#3692,.T.);
#9986 = ORIENTED_EDGE('',*,*,#9987,.T.);
#9987 = EDGE_CURVE('',#3665,#9988,#9990,.T.);
#9988 = VERTEX_POINT('',#9989);
#9989 = CARTESIAN_POINT('',(32.57,10.6,62.755));
#9990 = SURFACE_CURVE('',#9991,(#9995,#10001),.PCURVE_S1.);
#9991 = LINE('',#9992,#9993);
#9992 = CARTESIAN_POINT('',(32.57,2.9175,55.0725));
#9993 = VECTOR('',#9994,1.);
#9994 = DIRECTION('',(-0.,0.707106781187,0.707106781187));
#9995 = PCURVE('',#3707,#9996);
#9996 = DEFINITIONAL_REPRESENTATION('',(#9997),#10000);
#9997 = B_SPLINE_CURVE_WITH_KNOTS('',1,(#9998,#9999),.UNSPECIFIED.,.F.,
  .F.,(2,2),(6.95439519297,10.864695692931),.PIECEWISE_BEZIER_KNOTS.);
#9998 = CARTESIAN_POINT('',(0.235,-19.435));
#9999 = CARTESIAN_POINT('',(3.,-22.2));
#10000 = ( GEOMETRIC_REPRESENTATION_CONTEXT(2) 
PARAMETRIC_REPRESENTATION_CONTEXT() REPRESENTATION_CONTEXT('2D SPACE',''
  ) );
#10001 = PCURVE('',#3680,#10002);
#10002 = DEFINITIONAL_REPRESENTATION('',(#10003),#10006);
#10003 = B_SPLINE_CURVE_WITH_KNOTS('',1,(#10004,#10005),.UNSPECIFIED.,
  .F.,.F.,(2,2),(6.95439519297,10.864695692931),
  .PIECEWISE_BEZIER_KNOTS.);
#10004 = CARTESIAN_POINT('',(0.,-32.57));
#10005 = CARTESIAN_POINT('',(3.910300499962,-32.57));
#10006 = ( GEOMETRIC_REPRESENTATION_CONTEXT(2) 
PARAMETRIC_REPRESENTATION_CONTEXT() REPRESENTATION_CONTEXT('2D SPACE',''
  ) );
#10007 = ORIENTED_EDGE('',*,*,#10008,.T.);
#10008 = EDGE_CURVE('',#9988,#10009,#10011,.T.);
#10009 = VERTEX_POINT('',#10010);
#10010 = CARTESIAN_POINT('',(32.57,-10.6,62.755));
#10011 = SURFACE_CURVE('',#10012,(#10016,#10022),.PCURVE_S1.);
#10012 = LINE('',#10013,#10014);
#10013 = CARTESIAN_POINT('',(32.57,-0.5,62.755));
#10014 = VECTOR('',#10015,1.);
#10015 = DIRECTION('',(0.,-1.,0.));
#10016 = PCURVE('',#3707,#10017);
#10017 = DEFINITIONAL_REPRESENTATION('',(#10018),#10021);
#10018 = B_SPLINE_CURVE_WITH_KNOTS('',1,(#10019,#10020),.UNSPECIFIED.,
  .F.,.F.,(2,2),(-11.1,10.1),.PIECEWISE_BEZIER_KNOTS.);
#10019 = CARTESIAN_POINT('',(3.,-22.2));
#10020 = CARTESIAN_POINT('',(3.,-1.));
#10021 = ( GEOMETRIC_REPRESENTATION_CONTEXT(2) 
PARAMETRIC_REPRESENTATION_CONTEXT() REPRESENTATION_CONTEXT('2D SPACE',''
  ) );
#10022 = PCURVE('',#10023,#10028);
#10023 = PLANE('',#10024);
#10024 = AXIS2_PLACEMENT_3D('',#10025,#10026,#10027);
#10025 = CARTESIAN_POINT('',(0.,10.6,62.755));
#10026 = DIRECTION('',(0.,0.,-1.));
#10027 = DIRECTION('',(0.,-1.,0.));
#10028 = DEFINITIONAL_REPRESENTATION('',(#10029),#10032);
#10029 = B_SPLINE_CURVE_WITH_KNOTS('',1,(#10030,#10031),.UNSPECIFIED.,
  .F.,.F.,(2,2),(-11.1,10.1),.PIECEWISE_BEZIER_KNOTS.);
#10030 = CARTESIAN_POINT('',(0.,-32.57));
#10031 = CARTESIAN_POINT('',(21.2,-32.57));
#10032 = ( GEOMETRIC_REPRESENTATION_CONTEXT(2) 
PARAMETRIC_REPRESENTATION_CONTEXT() REPRESENTATION_CONTEXT('2D SPACE',''
  ) );
#10033 = ORIENTED_EDGE('',*,*,#10034,.T.);
#10034 = EDGE_CURVE('',#10009,#4374,#10035,.T.);
#10035 = SURFACE_CURVE('',#10036,(#10040,#10046),.PCURVE_S1.);
#10036 = LINE('',#10037,#10038);
#10037 = CARTESIAN_POINT('',(32.57,-10.1,62.255));
#10038 = VECTOR('',#10039,1.);
#10039 = DIRECTION('',(0.,0.707106781187,-0.707106781187));
#10040 = PCURVE('',#3707,#10041);
#10041 = DEFINITIONAL_REPRESENTATION('',(#10042),#10045);
#10042 = B_SPLINE_CURVE_WITH_KNOTS('',1,(#10043,#10044),.UNSPECIFIED.,
  .F.,.F.,(2,2),(-0.707106781187,3.203193718775),
  .PIECEWISE_BEZIER_KNOTS.);
#10043 = CARTESIAN_POINT('',(3.,-1.));
#10044 = CARTESIAN_POINT('',(0.235,-3.765));
#10045 = ( GEOMETRIC_REPRESENTATION_CONTEXT(2) 
PARAMETRIC_REPRESENTATION_CONTEXT() REPRESENTATION_CONTEXT('2D SPACE',''
  ) );
#10046 = PCURVE('',#4410,#10047);
#10047 = DEFINITIONAL_REPRESENTATION('',(#10048),#10051);
#10048 = B_SPLINE_CURVE_WITH_KNOTS('',1,(#10049,#10050),.UNSPECIFIED.,
  .F.,.F.,(2,2),(-0.707106781187,3.203193718775),
  .PIECEWISE_BEZIER_KNOTS.);
#10049 = CARTESIAN_POINT('',(0.,-32.57));
#10050 = CARTESIAN_POINT('',(3.910300499962,-32.57));
#10051 = ( GEOMETRIC_REPRESENTATION_CONTEXT(2) 
PARAMETRIC_REPRESENTATION_CONTEXT() REPRESENTATION_CONTEXT('2D SPACE',''
  ) );
#10052 = ADVANCED_FACE('',(#10053),#3680,.F.);
#10053 = FACE_BOUND('',#10054,.F.);
#10054 = EDGE_LOOP('',(#10055,#10056,#10057,#10078));
#10055 = ORIENTED_EDGE('',*,*,#9987,.F.);
#10056 = ORIENTED_EDGE('',*,*,#3664,.T.);
#10057 = ORIENTED_EDGE('',*,*,#10058,.T.);
#10058 = EDGE_CURVE('',#3639,#10059,#10061,.T.);
#10059 = VERTEX_POINT('',#10060);
#10060 = CARTESIAN_POINT('',(37.35,10.6,62.755));
#10061 = SURFACE_CURVE('',#10062,(#10066,#10072),.PCURVE_S1.);
#10062 = LINE('',#10063,#10064);
#10063 = CARTESIAN_POINT('',(37.35,2.9175,55.0725));
#10064 = VECTOR('',#10065,1.);
#10065 = DIRECTION('',(-0.,0.707106781187,0.707106781187));
#10066 = PCURVE('',#3680,#10067);
#10067 = DEFINITIONAL_REPRESENTATION('',(#10068),#10071);
#10068 = B_SPLINE_CURVE_WITH_KNOTS('',1,(#10069,#10070),.UNSPECIFIED.,
  .F.,.F.,(2,2),(6.95439519297,10.864695692931),
  .PIECEWISE_BEZIER_KNOTS.);
#10069 = CARTESIAN_POINT('',(0.,-37.35));
#10070 = CARTESIAN_POINT('',(3.910300499962,-37.35));
#10071 = ( GEOMETRIC_REPRESENTATION_CONTEXT(2) 
PARAMETRIC_REPRESENTATION_CONTEXT() REPRESENTATION_CONTEXT('2D SPACE',''
  ) );
#10072 = PCURVE('',#3653,#10073);
#10073 = DEFINITIONAL_REPRESENTATION('',(#10074),#10077);
#10074 = B_SPLINE_CURVE_WITH_KNOTS('',1,(#10075,#10076),.UNSPECIFIED.,
  .F.,.F.,(2,2),(6.95439519297,10.864695692931),
  .PIECEWISE_BEZIER_KNOTS.);
#10075 = CARTESIAN_POINT('',(0.235,-19.435));
#10076 = CARTESIAN_POINT('',(3.,-22.2));
#10077 = ( GEOMETRIC_REPRESENTATION_CONTEXT(2) 
PARAMETRIC_REPRESENTATION_CONTEXT() REPRESENTATION_CONTEXT('2D SPACE',''
  ) );
#10078 = ORIENTED_EDGE('',*,*,#10079,.F.);
#10079 = EDGE_CURVE('',#9988,#10059,#10080,.T.);
#10080 = SURFACE_CURVE('',#10081,(#10085,#10092),.PCURVE_S1.);
#10081 = LINE('',#10082,#10083);
#10082 = CARTESIAN_POINT('',(0.,10.6,62.755));
#10083 = VECTOR('',#10084,1.);
#10084 = DIRECTION('',(1.,0.,0.));
#10085 = PCURVE('',#3680,#10086);
#10086 = DEFINITIONAL_REPRESENTATION('',(#10087),#10091);
#10087 = LINE('',#10088,#10089);
#10088 = CARTESIAN_POINT('',(3.910300499962,0.));
#10089 = VECTOR('',#10090,1.);
#10090 = DIRECTION('',(0.,-1.));
#10091 = ( GEOMETRIC_REPRESENTATION_CONTEXT(2) 
PARAMETRIC_REPRESENTATION_CONTEXT() REPRESENTATION_CONTEXT('2D SPACE',''
  ) );
#10092 = PCURVE('',#10023,#10093);
#10093 = DEFINITIONAL_REPRESENTATION('',(#10094),#10098);
#10094 = LINE('',#10095,#10096);
#10095 = CARTESIAN_POINT('',(0.,-0.));
#10096 = VECTOR('',#10097,1.);
#10097 = DIRECTION('',(0.,-1.));
#10098 = ( GEOMETRIC_REPRESENTATION_CONTEXT(2) 
PARAMETRIC_REPRESENTATION_CONTEXT() REPRESENTATION_CONTEXT('2D SPACE',''
  ) );
#10099 = ADVANCED_FACE('',(#10100),#3653,.T.);
#10100 = FACE_BOUND('',#10101,.T.);
#10101 = EDGE_LOOP('',(#10102,#10103,#10124,#10125,#10126,#10147));
#10102 = ORIENTED_EDGE('',*,*,#4422,.T.);
#10103 = ORIENTED_EDGE('',*,*,#10104,.T.);
#10104 = EDGE_CURVE('',#4423,#3613,#10105,.T.);
#10105 = SURFACE_CURVE('',#10106,(#10110,#10117),.PCURVE_S1.);
#10106 = LINE('',#10107,#10108);
#10107 = CARTESIAN_POINT('',(37.35,-11.6,59.755));
#10108 = VECTOR('',#10109,1.);
#10109 = DIRECTION('',(0.,1.,0.));
#10110 = PCURVE('',#3653,#10111);
#10111 = DEFINITIONAL_REPRESENTATION('',(#10112),#10116);
#10112 = LINE('',#10113,#10114);
#10113 = CARTESIAN_POINT('',(0.,0.));
#10114 = VECTOR('',#10115,1.);
#10115 = DIRECTION('',(0.,-1.));
#10116 = ( GEOMETRIC_REPRESENTATION_CONTEXT(2) 
PARAMETRIC_REPRESENTATION_CONTEXT() REPRESENTATION_CONTEXT('2D SPACE',''
  ) );
#10117 = PCURVE('',#3627,#10118);
#10118 = DEFINITIONAL_REPRESENTATION('',(#10119),#10123);
#10119 = LINE('',#10120,#10121);
#10120 = CARTESIAN_POINT('',(0.,0.));
#10121 = VECTOR('',#10122,1.);
#10122 = DIRECTION('',(0.,1.));
#10123 = ( GEOMETRIC_REPRESENTATION_CONTEXT(2) 
PARAMETRIC_REPRESENTATION_CONTEXT() REPRESENTATION_CONTEXT('2D SPACE',''
  ) );
#10124 = ORIENTED_EDGE('',*,*,#3638,.T.);
#10125 = ORIENTED_EDGE('',*,*,#10058,.T.);
#10126 = ORIENTED_EDGE('',*,*,#10127,.T.);
#10127 = EDGE_CURVE('',#10059,#10128,#10130,.T.);
#10128 = VERTEX_POINT('',#10129);
#10129 = CARTESIAN_POINT('',(37.35,-10.6,62.755));
#10130 = SURFACE_CURVE('',#10131,(#10135,#10141),.PCURVE_S1.);
#10131 = LINE('',#10132,#10133);
#10132 = CARTESIAN_POINT('',(37.35,-0.5,62.755));
#10133 = VECTOR('',#10134,1.);
#10134 = DIRECTION('',(0.,-1.,0.));
#10135 = PCURVE('',#3653,#10136);
#10136 = DEFINITIONAL_REPRESENTATION('',(#10137),#10140);
#10137 = B_SPLINE_CURVE_WITH_KNOTS('',1,(#10138,#10139),.UNSPECIFIED.,
  .F.,.F.,(2,2),(-11.1,10.1),.PIECEWISE_BEZIER_KNOTS.);
#10138 = CARTESIAN_POINT('',(3.,-22.2));
#10139 = CARTESIAN_POINT('',(3.,-1.));
#10140 = ( GEOMETRIC_REPRESENTATION_CONTEXT(2) 
PARAMETRIC_REPRESENTATION_CONTEXT() REPRESENTATION_CONTEXT('2D SPACE',''
  ) );
#10141 = PCURVE('',#10023,#10142);
#10142 = DEFINITIONAL_REPRESENTATION('',(#10143),#10146);
#10143 = B_SPLINE_CURVE_WITH_KNOTS('',1,(#10144,#10145),.UNSPECIFIED.,
  .F.,.F.,(2,2),(-11.1,10.1),.PIECEWISE_BEZIER_KNOTS.);
#10144 = CARTESIAN_POINT('',(0.,-37.35));
#10145 = CARTESIAN_POINT('',(21.2,-37.35));
#10146 = ( GEOMETRIC_REPRESENTATION_CONTEXT(2) 
PARAMETRIC_REPRESENTATION_CONTEXT() REPRESENTATION_CONTEXT('2D SPACE',''
  ) );
#10147 = ORIENTED_EDGE('',*,*,#10148,.T.);
#10148 = EDGE_CURVE('',#10128,#4395,#10149,.T.);
#10149 = SURFACE_CURVE('',#10150,(#10154,#10160),.PCURVE_S1.);
#10150 = LINE('',#10151,#10152);
#10151 = CARTESIAN_POINT('',(37.35,-10.1,62.255));
#10152 = VECTOR('',#10153,1.);
#10153 = DIRECTION('',(0.,0.707106781187,-0.707106781187));
#10154 = PCURVE('',#3653,#10155);
#10155 = DEFINITIONAL_REPRESENTATION('',(#10156),#10159);
#10156 = B_SPLINE_CURVE_WITH_KNOTS('',1,(#10157,#10158),.UNSPECIFIED.,
  .F.,.F.,(2,2),(-0.707106781187,3.203193718775),
  .PIECEWISE_BEZIER_KNOTS.);
#10157 = CARTESIAN_POINT('',(3.,-1.));
#10158 = CARTESIAN_POINT('',(0.235,-3.765));
#10159 = ( GEOMETRIC_REPRESENTATION_CONTEXT(2) 
PARAMETRIC_REPRESENTATION_CONTEXT() REPRESENTATION_CONTEXT('2D SPACE',''
  ) );
#10160 = PCURVE('',#4410,#10161);
#10161 = DEFINITIONAL_REPRESENTATION('',(#10162),#10165);
#10162 = B_SPLINE_CURVE_WITH_KNOTS('',1,(#10163,#10164),.UNSPECIFIED.,
  .F.,.F.,(2,2),(-0.707106781187,3.203193718775),
  .PIECEWISE_BEZIER_KNOTS.);
#10163 = CARTESIAN_POINT('',(0.,-37.35));
#10164 = CARTESIAN_POINT('',(3.910300499962,-37.35));
#10165 = ( GEOMETRIC_REPRESENTATION_CONTEXT(2) 
PARAMETRIC_REPRESENTATION_CONTEXT() REPRESENTATION_CONTEXT('2D SPACE',''
  ) );
#10166 = ADVANCED_FACE('',(#10167),#3627,.T.);
#10167 = FACE_BOUND('',#10168,.T.);
#10168 = EDGE_LOOP('',(#10169,#10170,#10171,#10192));
#10169 = ORIENTED_EDGE('',*,*,#10104,.F.);
#10170 = ORIENTED_EDGE('',*,*,#4443,.T.);
#10171 = ORIENTED_EDGE('',*,*,#10172,.T.);
#10172 = EDGE_CURVE('',#4444,#3587,#10173,.T.);
#10173 = SURFACE_CURVE('',#10174,(#10178,#10185),.PCURVE_S1.);
#10174 = LINE('',#10175,#10176);
#10175 = CARTESIAN_POINT('',(42.58,-11.6,59.755));
#10176 = VECTOR('',#10177,1.);
#10177 = DIRECTION('',(0.,1.,0.));
#10178 = PCURVE('',#3627,#10179);
#10179 = DEFINITIONAL_REPRESENTATION('',(#10180),#10184);
#10180 = LINE('',#10181,#10182);
#10181 = CARTESIAN_POINT('',(5.23,0.));
#10182 = VECTOR('',#10183,1.);
#10183 = DIRECTION('',(0.,1.));
#10184 = ( GEOMETRIC_REPRESENTATION_CONTEXT(2) 
PARAMETRIC_REPRESENTATION_CONTEXT() REPRESENTATION_CONTEXT('2D SPACE',''
  ) );
#10185 = PCURVE('',#3601,#10186);
#10186 = DEFINITIONAL_REPRESENTATION('',(#10187),#10191);
#10187 = LINE('',#10188,#10189);
#10188 = CARTESIAN_POINT('',(0.,0.));
#10189 = VECTOR('',#10190,1.);
#10190 = DIRECTION('',(0.,-1.));
#10191 = ( GEOMETRIC_REPRESENTATION_CONTEXT(2) 
PARAMETRIC_REPRESENTATION_CONTEXT() REPRESENTATION_CONTEXT('2D SPACE',''
  ) );
#10192 = ORIENTED_EDGE('',*,*,#3612,.T.);
#10193 = ADVANCED_FACE('',(#10194),#3601,.F.);
#10194 = FACE_BOUND('',#10195,.F.);
#10195 = EDGE_LOOP('',(#10196,#10197,#10198,#10199,#10220,#10246));
#10196 = ORIENTED_EDGE('',*,*,#4464,.T.);
#10197 = ORIENTED_EDGE('',*,*,#10172,.T.);
#10198 = ORIENTED_EDGE('',*,*,#3586,.T.);
#10199 = ORIENTED_EDGE('',*,*,#10200,.T.);
#10200 = EDGE_CURVE('',#3559,#10201,#10203,.T.);
#10201 = VERTEX_POINT('',#10202);
#10202 = CARTESIAN_POINT('',(42.58,10.6,62.755));
#10203 = SURFACE_CURVE('',#10204,(#10208,#10214),.PCURVE_S1.);
#10204 = LINE('',#10205,#10206);
#10205 = CARTESIAN_POINT('',(42.58,2.9175,55.0725));
#10206 = VECTOR('',#10207,1.);
#10207 = DIRECTION('',(-0.,0.707106781187,0.707106781187));
#10208 = PCURVE('',#3601,#10209);
#10209 = DEFINITIONAL_REPRESENTATION('',(#10210),#10213);
#10210 = B_SPLINE_CURVE_WITH_KNOTS('',1,(#10211,#10212),.UNSPECIFIED.,
  .F.,.F.,(2,2),(6.95439519297,10.864695692931),
  .PIECEWISE_BEZIER_KNOTS.);
#10211 = CARTESIAN_POINT('',(0.235,-19.435));
#10212 = CARTESIAN_POINT('',(3.,-22.2));
#10213 = ( GEOMETRIC_REPRESENTATION_CONTEXT(2) 
PARAMETRIC_REPRESENTATION_CONTEXT() REPRESENTATION_CONTEXT('2D SPACE',''
  ) );
#10214 = PCURVE('',#3574,#10215);
#10215 = DEFINITIONAL_REPRESENTATION('',(#10216),#10219);
#10216 = B_SPLINE_CURVE_WITH_KNOTS('',1,(#10217,#10218),.UNSPECIFIED.,
  .F.,.F.,(2,2),(6.95439519297,10.864695692931),
  .PIECEWISE_BEZIER_KNOTS.);
#10217 = CARTESIAN_POINT('',(0.,-42.58));
#10218 = CARTESIAN_POINT('',(3.910300499962,-42.58));
#10219 = ( GEOMETRIC_REPRESENTATION_CONTEXT(2) 
PARAMETRIC_REPRESENTATION_CONTEXT() REPRESENTATION_CONTEXT('2D SPACE',''
  ) );
#10220 = ORIENTED_EDGE('',*,*,#10221,.T.);
#10221 = EDGE_CURVE('',#10201,#10222,#10224,.T.);
#10222 = VERTEX_POINT('',#10223);
#10223 = CARTESIAN_POINT('',(42.58,-10.6,62.755));
#10224 = SURFACE_CURVE('',#10225,(#10229,#10235),.PCURVE_S1.);
#10225 = LINE('',#10226,#10227);
#10226 = CARTESIAN_POINT('',(42.58,-0.5,62.755));
#10227 = VECTOR('',#10228,1.);
#10228 = DIRECTION('',(0.,-1.,0.));
#10229 = PCURVE('',#3601,#10230);
#10230 = DEFINITIONAL_REPRESENTATION('',(#10231),#10234);
#10231 = B_SPLINE_CURVE_WITH_KNOTS('',1,(#10232,#10233),.UNSPECIFIED.,
  .F.,.F.,(2,2),(-11.1,10.1),.PIECEWISE_BEZIER_KNOTS.);
#10232 = CARTESIAN_POINT('',(3.,-22.2));
#10233 = CARTESIAN_POINT('',(3.,-1.));
#10234 = ( GEOMETRIC_REPRESENTATION_CONTEXT(2) 
PARAMETRIC_REPRESENTATION_CONTEXT() REPRESENTATION_CONTEXT('2D SPACE',''
  ) );
#10235 = PCURVE('',#10236,#10241);
#10236 = PLANE('',#10237);
#10237 = AXIS2_PLACEMENT_3D('',#10238,#10239,#10240);
#10238 = CARTESIAN_POINT('',(0.,10.6,62.755));
#10239 = DIRECTION('',(0.,0.,-1.));
#10240 = DIRECTION('',(0.,-1.,0.));
#10241 = DEFINITIONAL_REPRESENTATION('',(#10242),#10245);
#10242 = B_SPLINE_CURVE_WITH_KNOTS('',1,(#10243,#10244),.UNSPECIFIED.,
  .F.,.F.,(2,2),(-11.1,10.1),.PIECEWISE_BEZIER_KNOTS.);
#10243 = CARTESIAN_POINT('',(0.,-42.58));
#10244 = CARTESIAN_POINT('',(21.2,-42.58));
#10245 = ( GEOMETRIC_REPRESENTATION_CONTEXT(2) 
PARAMETRIC_REPRESENTATION_CONTEXT() REPRESENTATION_CONTEXT('2D SPACE',''
  ) );
#10246 = ORIENTED_EDGE('',*,*,#10247,.T.);
#10247 = EDGE_CURVE('',#10222,#4465,#10248,.T.);
#10248 = SURFACE_CURVE('',#10249,(#10253,#10259),.PCURVE_S1.);
#10249 = LINE('',#10250,#10251);
#10250 = CARTESIAN_POINT('',(42.58,-10.1,62.255));
#10251 = VECTOR('',#10252,1.);
#10252 = DIRECTION('',(0.,0.707106781187,-0.707106781187));
#10253 = PCURVE('',#3601,#10254);
#10254 = DEFINITIONAL_REPRESENTATION('',(#10255),#10258);
#10255 = B_SPLINE_CURVE_WITH_KNOTS('',1,(#10256,#10257),.UNSPECIFIED.,
  .F.,.F.,(2,2),(-0.707106781187,3.203193718775),
  .PIECEWISE_BEZIER_KNOTS.);
#10256 = CARTESIAN_POINT('',(3.,-1.));
#10257 = CARTESIAN_POINT('',(0.235,-3.765));
#10258 = ( GEOMETRIC_REPRESENTATION_CONTEXT(2) 
PARAMETRIC_REPRESENTATION_CONTEXT() REPRESENTATION_CONTEXT('2D SPACE',''
  ) );
#10259 = PCURVE('',#4501,#10260);
#10260 = DEFINITIONAL_REPRESENTATION('',(#10261),#10264);
#10261 = B_SPLINE_CURVE_WITH_KNOTS('',1,(#10262,#10263),.UNSPECIFIED.,
  .F.,.F.,(2,2),(-0.707106781187,3.203193718775),
  .PIECEWISE_BEZIER_KNOTS.);
#10262 = CARTESIAN_POINT('',(0.,-42.58));
#10263 = CARTESIAN_POINT('',(3.910300499962,-42.58));
#10264 = ( GEOMETRIC_REPRESENTATION_CONTEXT(2) 
PARAMETRIC_REPRESENTATION_CONTEXT() REPRESENTATION_CONTEXT('2D SPACE',''
  ) );
#10265 = ADVANCED_FACE('',(#10266),#3574,.F.);
#10266 = FACE_BOUND('',#10267,.F.);
#10267 = EDGE_LOOP('',(#10268,#10269,#10270,#10291));
#10268 = ORIENTED_EDGE('',*,*,#10200,.F.);
#10269 = ORIENTED_EDGE('',*,*,#3558,.T.);
#10270 = ORIENTED_EDGE('',*,*,#10271,.T.);
#10271 = EDGE_CURVE('',#3533,#10272,#10274,.T.);
#10272 = VERTEX_POINT('',#10273);
#10273 = CARTESIAN_POINT('',(47.36,10.6,62.755));
#10274 = SURFACE_CURVE('',#10275,(#10279,#10285),.PCURVE_S1.);
#10275 = LINE('',#10276,#10277);
#10276 = CARTESIAN_POINT('',(47.36,2.9175,55.0725));
#10277 = VECTOR('',#10278,1.);
#10278 = DIRECTION('',(-0.,0.707106781187,0.707106781187));
#10279 = PCURVE('',#3574,#10280);
#10280 = DEFINITIONAL_REPRESENTATION('',(#10281),#10284);
#10281 = B_SPLINE_CURVE_WITH_KNOTS('',1,(#10282,#10283),.UNSPECIFIED.,
  .F.,.F.,(2,2),(6.95439519297,10.864695692931),
  .PIECEWISE_BEZIER_KNOTS.);
#10282 = CARTESIAN_POINT('',(0.,-47.36));
#10283 = CARTESIAN_POINT('',(3.910300499962,-47.36));
#10284 = ( GEOMETRIC_REPRESENTATION_CONTEXT(2) 
PARAMETRIC_REPRESENTATION_CONTEXT() REPRESENTATION_CONTEXT('2D SPACE',''
  ) );
#10285 = PCURVE('',#3547,#10286);
#10286 = DEFINITIONAL_REPRESENTATION('',(#10287),#10290);
#10287 = B_SPLINE_CURVE_WITH_KNOTS('',1,(#10288,#10289),.UNSPECIFIED.,
  .F.,.F.,(2,2),(6.95439519297,10.864695692931),
  .PIECEWISE_BEZIER_KNOTS.);
#10288 = CARTESIAN_POINT('',(0.235,-19.435));
#10289 = CARTESIAN_POINT('',(3.,-22.2));
#10290 = ( GEOMETRIC_REPRESENTATION_CONTEXT(2) 
PARAMETRIC_REPRESENTATION_CONTEXT() REPRESENTATION_CONTEXT('2D SPACE',''
  ) );
#10291 = ORIENTED_EDGE('',*,*,#10292,.F.);
#10292 = EDGE_CURVE('',#10201,#10272,#10293,.T.);
#10293 = SURFACE_CURVE('',#10294,(#10298,#10305),.PCURVE_S1.);
#10294 = LINE('',#10295,#10296);
#10295 = CARTESIAN_POINT('',(0.,10.6,62.755));
#10296 = VECTOR('',#10297,1.);
#10297 = DIRECTION('',(1.,0.,0.));
#10298 = PCURVE('',#3574,#10299);
#10299 = DEFINITIONAL_REPRESENTATION('',(#10300),#10304);
#10300 = LINE('',#10301,#10302);
#10301 = CARTESIAN_POINT('',(3.910300499962,0.));
#10302 = VECTOR('',#10303,1.);
#10303 = DIRECTION('',(0.,-1.));
#10304 = ( GEOMETRIC_REPRESENTATION_CONTEXT(2) 
PARAMETRIC_REPRESENTATION_CONTEXT() REPRESENTATION_CONTEXT('2D SPACE',''
  ) );
#10305 = PCURVE('',#10236,#10306);
#10306 = DEFINITIONAL_REPRESENTATION('',(#10307),#10311);
#10307 = LINE('',#10308,#10309);
#10308 = CARTESIAN_POINT('',(0.,-0.));
#10309 = VECTOR('',#10310,1.);
#10310 = DIRECTION('',(0.,-1.));
#10311 = ( GEOMETRIC_REPRESENTATION_CONTEXT(2) 
PARAMETRIC_REPRESENTATION_CONTEXT() REPRESENTATION_CONTEXT('2D SPACE',''
  ) );
#10312 = ADVANCED_FACE('',(#10313),#3547,.T.);
#10313 = FACE_BOUND('',#10314,.T.);
#10314 = EDGE_LOOP('',(#10315,#10316,#10337,#10338,#10339,#10360));
#10315 = ORIENTED_EDGE('',*,*,#4513,.T.);
#10316 = ORIENTED_EDGE('',*,*,#10317,.T.);
#10317 = EDGE_CURVE('',#4514,#3507,#10318,.T.);
#10318 = SURFACE_CURVE('',#10319,(#10323,#10330),.PCURVE_S1.);
#10319 = LINE('',#10320,#10321);
#10320 = CARTESIAN_POINT('',(47.36,-11.6,59.755));
#10321 = VECTOR('',#10322,1.);
#10322 = DIRECTION('',(0.,1.,0.));
#10323 = PCURVE('',#3547,#10324);
#10324 = DEFINITIONAL_REPRESENTATION('',(#10325),#10329);
#10325 = LINE('',#10326,#10327);
#10326 = CARTESIAN_POINT('',(0.,0.));
#10327 = VECTOR('',#10328,1.);
#10328 = DIRECTION('',(0.,-1.));
#10329 = ( GEOMETRIC_REPRESENTATION_CONTEXT(2) 
PARAMETRIC_REPRESENTATION_CONTEXT() REPRESENTATION_CONTEXT('2D SPACE',''
  ) );
#10330 = PCURVE('',#3521,#10331);
#10331 = DEFINITIONAL_REPRESENTATION('',(#10332),#10336);
#10332 = LINE('',#10333,#10334);
#10333 = CARTESIAN_POINT('',(0.,0.));
#10334 = VECTOR('',#10335,1.);
#10335 = DIRECTION('',(0.,1.));
#10336 = ( GEOMETRIC_REPRESENTATION_CONTEXT(2) 
PARAMETRIC_REPRESENTATION_CONTEXT() REPRESENTATION_CONTEXT('2D SPACE',''
  ) );
#10337 = ORIENTED_EDGE('',*,*,#3532,.T.);
#10338 = ORIENTED_EDGE('',*,*,#10271,.T.);
#10339 = ORIENTED_EDGE('',*,*,#10340,.T.);
#10340 = EDGE_CURVE('',#10272,#10341,#10343,.T.);
#10341 = VERTEX_POINT('',#10342);
#10342 = CARTESIAN_POINT('',(47.36,-10.6,62.755));
#10343 = SURFACE_CURVE('',#10344,(#10348,#10354),.PCURVE_S1.);
#10344 = LINE('',#10345,#10346);
#10345 = CARTESIAN_POINT('',(47.36,-0.5,62.755));
#10346 = VECTOR('',#10347,1.);
#10347 = DIRECTION('',(0.,-1.,0.));
#10348 = PCURVE('',#3547,#10349);
#10349 = DEFINITIONAL_REPRESENTATION('',(#10350),#10353);
#10350 = B_SPLINE_CURVE_WITH_KNOTS('',1,(#10351,#10352),.UNSPECIFIED.,
  .F.,.F.,(2,2),(-11.1,10.1),.PIECEWISE_BEZIER_KNOTS.);
#10351 = CARTESIAN_POINT('',(3.,-22.2));
#10352 = CARTESIAN_POINT('',(3.,-1.));
#10353 = ( GEOMETRIC_REPRESENTATION_CONTEXT(2) 
PARAMETRIC_REPRESENTATION_CONTEXT() REPRESENTATION_CONTEXT('2D SPACE',''
  ) );
#10354 = PCURVE('',#10236,#10355);
#10355 = DEFINITIONAL_REPRESENTATION('',(#10356),#10359);
#10356 = B_SPLINE_CURVE_WITH_KNOTS('',1,(#10357,#10358),.UNSPECIFIED.,
  .F.,.F.,(2,2),(-11.1,10.1),.PIECEWISE_BEZIER_KNOTS.);
#10357 = CARTESIAN_POINT('',(0.,-47.36));
#10358 = CARTESIAN_POINT('',(21.2,-47.36));
#10359 = ( GEOMETRIC_REPRESENTATION_CONTEXT(2) 
PARAMETRIC_REPRESENTATION_CONTEXT() REPRESENTATION_CONTEXT('2D SPACE',''
  ) );
#10360 = ORIENTED_EDGE('',*,*,#10361,.T.);
#10361 = EDGE_CURVE('',#10341,#4486,#10362,.T.);
#10362 = SURFACE_CURVE('',#10363,(#10367,#10373),.PCURVE_S1.);
#10363 = LINE('',#10364,#10365);
#10364 = CARTESIAN_POINT('',(47.36,-10.1,62.255));
#10365 = VECTOR('',#10366,1.);
#10366 = DIRECTION('',(0.,0.707106781187,-0.707106781187));
#10367 = PCURVE('',#3547,#10368);
#10368 = DEFINITIONAL_REPRESENTATION('',(#10369),#10372);
#10369 = B_SPLINE_CURVE_WITH_KNOTS('',1,(#10370,#10371),.UNSPECIFIED.,
  .F.,.F.,(2,2),(-0.707106781187,3.203193718775),
  .PIECEWISE_BEZIER_KNOTS.);
#10370 = CARTESIAN_POINT('',(3.,-1.));
#10371 = CARTESIAN_POINT('',(0.235,-3.765));
#10372 = ( GEOMETRIC_REPRESENTATION_CONTEXT(2) 
PARAMETRIC_REPRESENTATION_CONTEXT() REPRESENTATION_CONTEXT('2D SPACE',''
  ) );
#10373 = PCURVE('',#4501,#10374);
#10374 = DEFINITIONAL_REPRESENTATION('',(#10375),#10378);
#10375 = B_SPLINE_CURVE_WITH_KNOTS('',1,(#10376,#10377),.UNSPECIFIED.,
  .F.,.F.,(2,2),(-0.707106781187,3.203193718775),
  .PIECEWISE_BEZIER_KNOTS.);
#10376 = CARTESIAN_POINT('',(0.,-47.36));
#10377 = CARTESIAN_POINT('',(3.910300499962,-47.36));
#10378 = ( GEOMETRIC_REPRESENTATION_CONTEXT(2) 
PARAMETRIC_REPRESENTATION_CONTEXT() REPRESENTATION_CONTEXT('2D SPACE',''
  ) );
#10379 = ADVANCED_FACE('',(#10380),#3521,.T.);
#10380 = FACE_BOUND('',#10381,.T.);
#10381 = EDGE_LOOP('',(#10382,#10383,#10384,#10405));
#10382 = ORIENTED_EDGE('',*,*,#10317,.F.);
#10383 = ORIENTED_EDGE('',*,*,#4534,.T.);
#10384 = ORIENTED_EDGE('',*,*,#10385,.T.);
#10385 = EDGE_CURVE('',#4535,#3481,#10386,.T.);
#10386 = SURFACE_CURVE('',#10387,(#10391,#10398),.PCURVE_S1.);
#10387 = LINE('',#10388,#10389);
#10388 = CARTESIAN_POINT('',(52.59,-11.6,59.755));
#10389 = VECTOR('',#10390,1.);
#10390 = DIRECTION('',(0.,1.,0.));
#10391 = PCURVE('',#3521,#10392);
#10392 = DEFINITIONAL_REPRESENTATION('',(#10393),#10397);
#10393 = LINE('',#10394,#10395);
#10394 = CARTESIAN_POINT('',(5.23,0.));
#10395 = VECTOR('',#10396,1.);
#10396 = DIRECTION('',(0.,1.));
#10397 = ( GEOMETRIC_REPRESENTATION_CONTEXT(2) 
PARAMETRIC_REPRESENTATION_CONTEXT() REPRESENTATION_CONTEXT('2D SPACE',''
  ) );
#10398 = PCURVE('',#3495,#10399);
#10399 = DEFINITIONAL_REPRESENTATION('',(#10400),#10404);
#10400 = LINE('',#10401,#10402);
#10401 = CARTESIAN_POINT('',(0.,0.));
#10402 = VECTOR('',#10403,1.);
#10403 = DIRECTION('',(0.,-1.));
#10404 = ( GEOMETRIC_REPRESENTATION_CONTEXT(2) 
PARAMETRIC_REPRESENTATION_CONTEXT() REPRESENTATION_CONTEXT('2D SPACE',''
  ) );
#10405 = ORIENTED_EDGE('',*,*,#3506,.T.);
#10406 = ADVANCED_FACE('',(#10407),#3495,.F.);
#10407 = FACE_BOUND('',#10408,.F.);
#10408 = EDGE_LOOP('',(#10409,#10410,#10411,#10412,#10433,#10459));
#10409 = ORIENTED_EDGE('',*,*,#4555,.T.);
#10410 = ORIENTED_EDGE('',*,*,#10385,.T.);
#10411 = ORIENTED_EDGE('',*,*,#3480,.T.);
#10412 = ORIENTED_EDGE('',*,*,#10413,.T.);
#10413 = EDGE_CURVE('',#3453,#10414,#10416,.T.);
#10414 = VERTEX_POINT('',#10415);
#10415 = CARTESIAN_POINT('',(52.59,10.6,62.755));
#10416 = SURFACE_CURVE('',#10417,(#10421,#10427),.PCURVE_S1.);
#10417 = LINE('',#10418,#10419);
#10418 = CARTESIAN_POINT('',(52.59,2.9175,55.0725));
#10419 = VECTOR('',#10420,1.);
#10420 = DIRECTION('',(-0.,0.707106781187,0.707106781187));
#10421 = PCURVE('',#3495,#10422);
#10422 = DEFINITIONAL_REPRESENTATION('',(#10423),#10426);
#10423 = B_SPLINE_CURVE_WITH_KNOTS('',1,(#10424,#10425),.UNSPECIFIED.,
  .F.,.F.,(2,2),(6.95439519297,10.864695692931),
  .PIECEWISE_BEZIER_KNOTS.);
#10424 = CARTESIAN_POINT('',(0.235,-19.435));
#10425 = CARTESIAN_POINT('',(3.,-22.2));
#10426 = ( GEOMETRIC_REPRESENTATION_CONTEXT(2) 
PARAMETRIC_REPRESENTATION_CONTEXT() REPRESENTATION_CONTEXT('2D SPACE',''
  ) );
#10427 = PCURVE('',#3468,#10428);
#10428 = DEFINITIONAL_REPRESENTATION('',(#10429),#10432);
#10429 = B_SPLINE_CURVE_WITH_KNOTS('',1,(#10430,#10431),.UNSPECIFIED.,
  .F.,.F.,(2,2),(6.95439519297,10.864695692931),
  .PIECEWISE_BEZIER_KNOTS.);
#10430 = CARTESIAN_POINT('',(0.,-52.59));
#10431 = CARTESIAN_POINT('',(3.910300499962,-52.59));
#10432 = ( GEOMETRIC_REPRESENTATION_CONTEXT(2) 
PARAMETRIC_REPRESENTATION_CONTEXT() REPRESENTATION_CONTEXT('2D SPACE',''
  ) );
#10433 = ORIENTED_EDGE('',*,*,#10434,.T.);
#10434 = EDGE_CURVE('',#10414,#10435,#10437,.T.);
#10435 = VERTEX_POINT('',#10436);
#10436 = CARTESIAN_POINT('',(52.59,-10.6,62.755));
#10437 = SURFACE_CURVE('',#10438,(#10442,#10448),.PCURVE_S1.);
#10438 = LINE('',#10439,#10440);
#10439 = CARTESIAN_POINT('',(52.59,-0.5,62.755));
#10440 = VECTOR('',#10441,1.);
#10441 = DIRECTION('',(0.,-1.,0.));
#10442 = PCURVE('',#3495,#10443);
#10443 = DEFINITIONAL_REPRESENTATION('',(#10444),#10447);
#10444 = B_SPLINE_CURVE_WITH_KNOTS('',1,(#10445,#10446),.UNSPECIFIED.,
  .F.,.F.,(2,2),(-11.1,10.1),.PIECEWISE_BEZIER_KNOTS.);
#10445 = CARTESIAN_POINT('',(3.,-22.2));
#10446 = CARTESIAN_POINT('',(3.,-1.));
#10447 = ( GEOMETRIC_REPRESENTATION_CONTEXT(2) 
PARAMETRIC_REPRESENTATION_CONTEXT() REPRESENTATION_CONTEXT('2D SPACE',''
  ) );
#10448 = PCURVE('',#10449,#10454);
#10449 = PLANE('',#10450);
#10450 = AXIS2_PLACEMENT_3D('',#10451,#10452,#10453);
#10451 = CARTESIAN_POINT('',(0.,10.6,62.755));
#10452 = DIRECTION('',(0.,0.,-1.));
#10453 = DIRECTION('',(0.,-1.,0.));
#10454 = DEFINITIONAL_REPRESENTATION('',(#10455),#10458);
#10455 = B_SPLINE_CURVE_WITH_KNOTS('',1,(#10456,#10457),.UNSPECIFIED.,
  .F.,.F.,(2,2),(-11.1,10.1),.PIECEWISE_BEZIER_KNOTS.);
#10456 = CARTESIAN_POINT('',(0.,-52.59));
#10457 = CARTESIAN_POINT('',(21.2,-52.59));
#10458 = ( GEOMETRIC_REPRESENTATION_CONTEXT(2) 
PARAMETRIC_REPRESENTATION_CONTEXT() REPRESENTATION_CONTEXT('2D SPACE',''
  ) );
#10459 = ORIENTED_EDGE('',*,*,#10460,.T.);
#10460 = EDGE_CURVE('',#10435,#4556,#10461,.T.);
#10461 = SURFACE_CURVE('',#10462,(#10466,#10472),.PCURVE_S1.);
#10462 = LINE('',#10463,#10464);
#10463 = CARTESIAN_POINT('',(52.59,-10.1,62.255));
#10464 = VECTOR('',#10465,1.);
#10465 = DIRECTION('',(0.,0.707106781187,-0.707106781187));
#10466 = PCURVE('',#3495,#10467);
#10467 = DEFINITIONAL_REPRESENTATION('',(#10468),#10471);
#10468 = B_SPLINE_CURVE_WITH_KNOTS('',1,(#10469,#10470),.UNSPECIFIED.,
  .F.,.F.,(2,2),(-0.707106781187,3.203193718775),
  .PIECEWISE_BEZIER_KNOTS.);
#10469 = CARTESIAN_POINT('',(3.,-1.));
#10470 = CARTESIAN_POINT('',(0.235,-3.765));
#10471 = ( GEOMETRIC_REPRESENTATION_CONTEXT(2) 
PARAMETRIC_REPRESENTATION_CONTEXT() REPRESENTATION_CONTEXT('2D SPACE',''
  ) );
#10472 = PCURVE('',#4592,#10473);
#10473 = DEFINITIONAL_REPRESENTATION('',(#10474),#10477);
#10474 = B_SPLINE_CURVE_WITH_KNOTS('',1,(#10475,#10476),.UNSPECIFIED.,
  .F.,.F.,(2,2),(-0.707106781187,3.203193718775),
  .PIECEWISE_BEZIER_KNOTS.);
#10475 = CARTESIAN_POINT('',(0.,-52.59));
#10476 = CARTESIAN_POINT('',(3.910300499962,-52.59));
#10477 = ( GEOMETRIC_REPRESENTATION_CONTEXT(2) 
PARAMETRIC_REPRESENTATION_CONTEXT() REPRESENTATION_CONTEXT('2D SPACE',''
  ) );
#10478 = ADVANCED_FACE('',(#10479),#3468,.F.);
#10479 = FACE_BOUND('',#10480,.F.);
#10480 = EDGE_LOOP('',(#10481,#10482,#10483,#10504));
#10481 = ORIENTED_EDGE('',*,*,#10413,.F.);
#10482 = ORIENTED_EDGE('',*,*,#3452,.T.);
#10483 = ORIENTED_EDGE('',*,*,#10484,.T.);
#10484 = EDGE_CURVE('',#3427,#10485,#10487,.T.);
#10485 = VERTEX_POINT('',#10486);
#10486 = CARTESIAN_POINT('',(57.37,10.6,62.755));
#10487 = SURFACE_CURVE('',#10488,(#10492,#10498),.PCURVE_S1.);
#10488 = LINE('',#10489,#10490);
#10489 = CARTESIAN_POINT('',(57.37,2.9175,55.0725));
#10490 = VECTOR('',#10491,1.);
#10491 = DIRECTION('',(-0.,0.707106781187,0.707106781187));
#10492 = PCURVE('',#3468,#10493);
#10493 = DEFINITIONAL_REPRESENTATION('',(#10494),#10497);
#10494 = B_SPLINE_CURVE_WITH_KNOTS('',1,(#10495,#10496),.UNSPECIFIED.,
  .F.,.F.,(2,2),(6.95439519297,10.864695692931),
  .PIECEWISE_BEZIER_KNOTS.);
#10495 = CARTESIAN_POINT('',(0.,-57.37));
#10496 = CARTESIAN_POINT('',(3.910300499962,-57.37));
#10497 = ( GEOMETRIC_REPRESENTATION_CONTEXT(2) 
PARAMETRIC_REPRESENTATION_CONTEXT() REPRESENTATION_CONTEXT('2D SPACE',''
  ) );
#10498 = PCURVE('',#3441,#10499);
#10499 = DEFINITIONAL_REPRESENTATION('',(#10500),#10503);
#10500 = B_SPLINE_CURVE_WITH_KNOTS('',1,(#10501,#10502),.UNSPECIFIED.,
  .F.,.F.,(2,2),(6.95439519297,10.864695692931),
  .PIECEWISE_BEZIER_KNOTS.);
#10501 = CARTESIAN_POINT('',(0.235,-19.435));
#10502 = CARTESIAN_POINT('',(3.,-22.2));
#10503 = ( GEOMETRIC_REPRESENTATION_CONTEXT(2) 
PARAMETRIC_REPRESENTATION_CONTEXT() REPRESENTATION_CONTEXT('2D SPACE',''
  ) );
#10504 = ORIENTED_EDGE('',*,*,#10505,.F.);
#10505 = EDGE_CURVE('',#10414,#10485,#10506,.T.);
#10506 = SURFACE_CURVE('',#10507,(#10511,#10518),.PCURVE_S1.);
#10507 = LINE('',#10508,#10509);
#10508 = CARTESIAN_POINT('',(0.,10.6,62.755));
#10509 = VECTOR('',#10510,1.);
#10510 = DIRECTION('',(1.,0.,0.));
#10511 = PCURVE('',#3468,#10512);
#10512 = DEFINITIONAL_REPRESENTATION('',(#10513),#10517);
#10513 = LINE('',#10514,#10515);
#10514 = CARTESIAN_POINT('',(3.910300499962,0.));
#10515 = VECTOR('',#10516,1.);
#10516 = DIRECTION('',(0.,-1.));
#10517 = ( GEOMETRIC_REPRESENTATION_CONTEXT(2) 
PARAMETRIC_REPRESENTATION_CONTEXT() REPRESENTATION_CONTEXT('2D SPACE',''
  ) );
#10518 = PCURVE('',#10449,#10519);
#10519 = DEFINITIONAL_REPRESENTATION('',(#10520),#10524);
#10520 = LINE('',#10521,#10522);
#10521 = CARTESIAN_POINT('',(0.,-0.));
#10522 = VECTOR('',#10523,1.);
#10523 = DIRECTION('',(0.,-1.));
#10524 = ( GEOMETRIC_REPRESENTATION_CONTEXT(2) 
PARAMETRIC_REPRESENTATION_CONTEXT() REPRESENTATION_CONTEXT('2D SPACE',''
  ) );
#10525 = ADVANCED_FACE('',(#10526),#3441,.T.);
#10526 = FACE_BOUND('',#10527,.T.);
#10527 = EDGE_LOOP('',(#10528,#10529,#10550,#10551,#10552,#10573));
#10528 = ORIENTED_EDGE('',*,*,#4604,.T.);
#10529 = ORIENTED_EDGE('',*,*,#10530,.T.);
#10530 = EDGE_CURVE('',#4605,#3401,#10531,.T.);
#10531 = SURFACE_CURVE('',#10532,(#10536,#10543),.PCURVE_S1.);
#10532 = LINE('',#10533,#10534);
#10533 = CARTESIAN_POINT('',(57.37,-11.6,59.755));
#10534 = VECTOR('',#10535,1.);
#10535 = DIRECTION('',(0.,1.,0.));
#10536 = PCURVE('',#3441,#10537);
#10537 = DEFINITIONAL_REPRESENTATION('',(#10538),#10542);
#10538 = LINE('',#10539,#10540);
#10539 = CARTESIAN_POINT('',(0.,0.));
#10540 = VECTOR('',#10541,1.);
#10541 = DIRECTION('',(0.,-1.));
#10542 = ( GEOMETRIC_REPRESENTATION_CONTEXT(2) 
PARAMETRIC_REPRESENTATION_CONTEXT() REPRESENTATION_CONTEXT('2D SPACE',''
  ) );
#10543 = PCURVE('',#3415,#10544);
#10544 = DEFINITIONAL_REPRESENTATION('',(#10545),#10549);
#10545 = LINE('',#10546,#10547);
#10546 = CARTESIAN_POINT('',(0.,0.));
#10547 = VECTOR('',#10548,1.);
#10548 = DIRECTION('',(0.,1.));
#10549 = ( GEOMETRIC_REPRESENTATION_CONTEXT(2) 
PARAMETRIC_REPRESENTATION_CONTEXT() REPRESENTATION_CONTEXT('2D SPACE',''
  ) );
#10550 = ORIENTED_EDGE('',*,*,#3426,.T.);
#10551 = ORIENTED_EDGE('',*,*,#10484,.T.);
#10552 = ORIENTED_EDGE('',*,*,#10553,.T.);
#10553 = EDGE_CURVE('',#10485,#10554,#10556,.T.);
#10554 = VERTEX_POINT('',#10555);
#10555 = CARTESIAN_POINT('',(57.37,-10.6,62.755));
#10556 = SURFACE_CURVE('',#10557,(#10561,#10567),.PCURVE_S1.);
#10557 = LINE('',#10558,#10559);
#10558 = CARTESIAN_POINT('',(57.37,-0.5,62.755));
#10559 = VECTOR('',#10560,1.);
#10560 = DIRECTION('',(0.,-1.,0.));
#10561 = PCURVE('',#3441,#10562);
#10562 = DEFINITIONAL_REPRESENTATION('',(#10563),#10566);
#10563 = B_SPLINE_CURVE_WITH_KNOTS('',1,(#10564,#10565),.UNSPECIFIED.,
  .F.,.F.,(2,2),(-11.1,10.1),.PIECEWISE_BEZIER_KNOTS.);
#10564 = CARTESIAN_POINT('',(3.,-22.2));
#10565 = CARTESIAN_POINT('',(3.,-1.));
#10566 = ( GEOMETRIC_REPRESENTATION_CONTEXT(2) 
PARAMETRIC_REPRESENTATION_CONTEXT() REPRESENTATION_CONTEXT('2D SPACE',''
  ) );
#10567 = PCURVE('',#10449,#10568);
#10568 = DEFINITIONAL_REPRESENTATION('',(#10569),#10572);
#10569 = B_SPLINE_CURVE_WITH_KNOTS('',1,(#10570,#10571),.UNSPECIFIED.,
  .F.,.F.,(2,2),(-11.1,10.1),.PIECEWISE_BEZIER_KNOTS.);
#10570 = CARTESIAN_POINT('',(0.,-57.37));
#10571 = CARTESIAN_POINT('',(21.2,-57.37));
#10572 = ( GEOMETRIC_REPRESENTATION_CONTEXT(2) 
PARAMETRIC_REPRESENTATION_CONTEXT() REPRESENTATION_CONTEXT('2D SPACE',''
  ) );
#10573 = ORIENTED_EDGE('',*,*,#10574,.T.);
#10574 = EDGE_CURVE('',#10554,#4577,#10575,.T.);
#10575 = SURFACE_CURVE('',#10576,(#10580,#10586),.PCURVE_S1.);
#10576 = LINE('',#10577,#10578);
#10577 = CARTESIAN_POINT('',(57.37,-10.1,62.255));
#10578 = VECTOR('',#10579,1.);
#10579 = DIRECTION('',(0.,0.707106781187,-0.707106781187));
#10580 = PCURVE('',#3441,#10581);
#10581 = DEFINITIONAL_REPRESENTATION('',(#10582),#10585);
#10582 = B_SPLINE_CURVE_WITH_KNOTS('',1,(#10583,#10584),.UNSPECIFIED.,
  .F.,.F.,(2,2),(-0.707106781187,3.203193718775),
  .PIECEWISE_BEZIER_KNOTS.);
#10583 = CARTESIAN_POINT('',(3.,-1.));
#10584 = CARTESIAN_POINT('',(0.235,-3.765));
#10585 = ( GEOMETRIC_REPRESENTATION_CONTEXT(2) 
PARAMETRIC_REPRESENTATION_CONTEXT() REPRESENTATION_CONTEXT('2D SPACE',''
  ) );
#10586 = PCURVE('',#4592,#10587);
#10587 = DEFINITIONAL_REPRESENTATION('',(#10588),#10591);
#10588 = B_SPLINE_CURVE_WITH_KNOTS('',1,(#10589,#10590),.UNSPECIFIED.,
  .F.,.F.,(2,2),(-0.707106781187,3.203193718775),
  .PIECEWISE_BEZIER_KNOTS.);
#10589 = CARTESIAN_POINT('',(0.,-57.37));
#10590 = CARTESIAN_POINT('',(3.910300499962,-57.37));
#10591 = ( GEOMETRIC_REPRESENTATION_CONTEXT(2) 
PARAMETRIC_REPRESENTATION_CONTEXT() REPRESENTATION_CONTEXT('2D SPACE',''
  ) );
#10592 = ADVANCED_FACE('',(#10593),#3415,.T.);
#10593 = FACE_BOUND('',#10594,.T.);
#10594 = EDGE_LOOP('',(#10595,#10596,#10597,#10618));
#10595 = ORIENTED_EDGE('',*,*,#10530,.F.);
#10596 = ORIENTED_EDGE('',*,*,#4625,.T.);
#10597 = ORIENTED_EDGE('',*,*,#10598,.T.);
#10598 = EDGE_CURVE('',#4626,#3375,#10599,.T.);
#10599 = SURFACE_CURVE('',#10600,(#10604,#10611),.PCURVE_S1.);
#10600 = LINE('',#10601,#10602);
#10601 = CARTESIAN_POINT('',(62.6,-11.6,59.755));
#10602 = VECTOR('',#10603,1.);
#10603 = DIRECTION('',(0.,1.,0.));
#10604 = PCURVE('',#3415,#10605);
#10605 = DEFINITIONAL_REPRESENTATION('',(#10606),#10610);
#10606 = LINE('',#10607,#10608);
#10607 = CARTESIAN_POINT('',(5.23,0.));
#10608 = VECTOR('',#10609,1.);
#10609 = DIRECTION('',(0.,1.));
#10610 = ( GEOMETRIC_REPRESENTATION_CONTEXT(2) 
PARAMETRIC_REPRESENTATION_CONTEXT() REPRESENTATION_CONTEXT('2D SPACE',''
  ) );
#10611 = PCURVE('',#3389,#10612);
#10612 = DEFINITIONAL_REPRESENTATION('',(#10613),#10617);
#10613 = LINE('',#10614,#10615);
#10614 = CARTESIAN_POINT('',(0.,0.));
#10615 = VECTOR('',#10616,1.);
#10616 = DIRECTION('',(0.,-1.));
#10617 = ( GEOMETRIC_REPRESENTATION_CONTEXT(2) 
PARAMETRIC_REPRESENTATION_CONTEXT() REPRESENTATION_CONTEXT('2D SPACE',''
  ) );
#10618 = ORIENTED_EDGE('',*,*,#3400,.T.);
#10619 = ADVANCED_FACE('',(#10620),#3389,.F.);
#10620 = FACE_BOUND('',#10621,.F.);
#10621 = EDGE_LOOP('',(#10622,#10623,#10624,#10625,#10646,#10672));
#10622 = ORIENTED_EDGE('',*,*,#4646,.T.);
#10623 = ORIENTED_EDGE('',*,*,#10598,.T.);
#10624 = ORIENTED_EDGE('',*,*,#3374,.T.);
#10625 = ORIENTED_EDGE('',*,*,#10626,.T.);
#10626 = EDGE_CURVE('',#3347,#10627,#10629,.T.);
#10627 = VERTEX_POINT('',#10628);
#10628 = CARTESIAN_POINT('',(62.6,10.6,62.755));
#10629 = SURFACE_CURVE('',#10630,(#10634,#10640),.PCURVE_S1.);
#10630 = LINE('',#10631,#10632);
#10631 = CARTESIAN_POINT('',(62.6,2.9175,55.0725));
#10632 = VECTOR('',#10633,1.);
#10633 = DIRECTION('',(-0.,0.707106781187,0.707106781187));
#10634 = PCURVE('',#3389,#10635);
#10635 = DEFINITIONAL_REPRESENTATION('',(#10636),#10639);
#10636 = B_SPLINE_CURVE_WITH_KNOTS('',1,(#10637,#10638),.UNSPECIFIED.,
  .F.,.F.,(2,2),(6.95439519297,10.864695692931),
  .PIECEWISE_BEZIER_KNOTS.);
#10637 = CARTESIAN_POINT('',(0.235,-19.435));
#10638 = CARTESIAN_POINT('',(3.,-22.2));
#10639 = ( GEOMETRIC_REPRESENTATION_CONTEXT(2) 
PARAMETRIC_REPRESENTATION_CONTEXT() REPRESENTATION_CONTEXT('2D SPACE',''
  ) );
#10640 = PCURVE('',#3362,#10641);
#10641 = DEFINITIONAL_REPRESENTATION('',(#10642),#10645);
#10642 = B_SPLINE_CURVE_WITH_KNOTS('',1,(#10643,#10644),.UNSPECIFIED.,
  .F.,.F.,(2,2),(6.95439519297,10.864695692931),
  .PIECEWISE_BEZIER_KNOTS.);
#10643 = CARTESIAN_POINT('',(0.,-62.6));
#10644 = CARTESIAN_POINT('',(3.910300499962,-62.6));
#10645 = ( GEOMETRIC_REPRESENTATION_CONTEXT(2) 
PARAMETRIC_REPRESENTATION_CONTEXT() REPRESENTATION_CONTEXT('2D SPACE',''
  ) );
#10646 = ORIENTED_EDGE('',*,*,#10647,.T.);
#10647 = EDGE_CURVE('',#10627,#10648,#10650,.T.);
#10648 = VERTEX_POINT('',#10649);
#10649 = CARTESIAN_POINT('',(62.6,-10.6,62.755));
#10650 = SURFACE_CURVE('',#10651,(#10655,#10661),.PCURVE_S1.);
#10651 = LINE('',#10652,#10653);
#10652 = CARTESIAN_POINT('',(62.6,-0.5,62.755));
#10653 = VECTOR('',#10654,1.);
#10654 = DIRECTION('',(0.,-1.,0.));
#10655 = PCURVE('',#3389,#10656);
#10656 = DEFINITIONAL_REPRESENTATION('',(#10657),#10660);
#10657 = B_SPLINE_CURVE_WITH_KNOTS('',1,(#10658,#10659),.UNSPECIFIED.,
  .F.,.F.,(2,2),(-11.1,10.1),.PIECEWISE_BEZIER_KNOTS.);
#10658 = CARTESIAN_POINT('',(3.,-22.2));
#10659 = CARTESIAN_POINT('',(3.,-1.));
#10660 = ( GEOMETRIC_REPRESENTATION_CONTEXT(2) 
PARAMETRIC_REPRESENTATION_CONTEXT() REPRESENTATION_CONTEXT('2D SPACE',''
  ) );
#10661 = PCURVE('',#10662,#10667);
#10662 = PLANE('',#10663);
#10663 = AXIS2_PLACEMENT_3D('',#10664,#10665,#10666);
#10664 = CARTESIAN_POINT('',(0.,10.6,62.755));
#10665 = DIRECTION('',(0.,0.,-1.));
#10666 = DIRECTION('',(0.,-1.,0.));
#10667 = DEFINITIONAL_REPRESENTATION('',(#10668),#10671);
#10668 = B_SPLINE_CURVE_WITH_KNOTS('',1,(#10669,#10670),.UNSPECIFIED.,
  .F.,.F.,(2,2),(-11.1,10.1),.PIECEWISE_BEZIER_KNOTS.);
#10669 = CARTESIAN_POINT('',(0.,-62.6));
#10670 = CARTESIAN_POINT('',(21.2,-62.6));
#10671 = ( GEOMETRIC_REPRESENTATION_CONTEXT(2) 
PARAMETRIC_REPRESENTATION_CONTEXT() REPRESENTATION_CONTEXT('2D SPACE',''
  ) );
#10672 = ORIENTED_EDGE('',*,*,#10673,.T.);
#10673 = EDGE_CURVE('',#10648,#4647,#10674,.T.);
#10674 = SURFACE_CURVE('',#10675,(#10679,#10685),.PCURVE_S1.);
#10675 = LINE('',#10676,#10677);
#10676 = CARTESIAN_POINT('',(62.6,-10.1,62.255));
#10677 = VECTOR('',#10678,1.);
#10678 = DIRECTION('',(0.,0.707106781187,-0.707106781187));
#10679 = PCURVE('',#3389,#10680);
#10680 = DEFINITIONAL_REPRESENTATION('',(#10681),#10684);
#10681 = B_SPLINE_CURVE_WITH_KNOTS('',1,(#10682,#10683),.UNSPECIFIED.,
  .F.,.F.,(2,2),(-0.707106781187,3.203193718775),
  .PIECEWISE_BEZIER_KNOTS.);
#10682 = CARTESIAN_POINT('',(3.,-1.));
#10683 = CARTESIAN_POINT('',(0.235,-3.765));
#10684 = ( GEOMETRIC_REPRESENTATION_CONTEXT(2) 
PARAMETRIC_REPRESENTATION_CONTEXT() REPRESENTATION_CONTEXT('2D SPACE',''
  ) );
#10685 = PCURVE('',#4683,#10686);
#10686 = DEFINITIONAL_REPRESENTATION('',(#10687),#10690);
#10687 = B_SPLINE_CURVE_WITH_KNOTS('',1,(#10688,#10689),.UNSPECIFIED.,
  .F.,.F.,(2,2),(-0.707106781187,3.203193718775),
  .PIECEWISE_BEZIER_KNOTS.);
#10688 = CARTESIAN_POINT('',(0.,-62.6));
#10689 = CARTESIAN_POINT('',(3.910300499962,-62.6));
#10690 = ( GEOMETRIC_REPRESENTATION_CONTEXT(2) 
PARAMETRIC_REPRESENTATION_CONTEXT() REPRESENTATION_CONTEXT('2D SPACE',''
  ) );
#10691 = ADVANCED_FACE('',(#10692),#3362,.F.);
#10692 = FACE_BOUND('',#10693,.F.);
#10693 = EDGE_LOOP('',(#10694,#10695,#10696,#10717));
#10694 = ORIENTED_EDGE('',*,*,#10626,.F.);
#10695 = ORIENTED_EDGE('',*,*,#3346,.T.);
#10696 = ORIENTED_EDGE('',*,*,#10697,.T.);
#10697 = EDGE_CURVE('',#3321,#10698,#10700,.T.);
#10698 = VERTEX_POINT('',#10699);
#10699 = CARTESIAN_POINT('',(67.38,10.6,62.755));
#10700 = SURFACE_CURVE('',#10701,(#10705,#10711),.PCURVE_S1.);
#10701 = LINE('',#10702,#10703);
#10702 = CARTESIAN_POINT('',(67.38,2.9175,55.0725));
#10703 = VECTOR('',#10704,1.);
#10704 = DIRECTION('',(-0.,0.707106781187,0.707106781187));
#10705 = PCURVE('',#3362,#10706);
#10706 = DEFINITIONAL_REPRESENTATION('',(#10707),#10710);
#10707 = B_SPLINE_CURVE_WITH_KNOTS('',1,(#10708,#10709),.UNSPECIFIED.,
  .F.,.F.,(2,2),(6.95439519297,10.864695692931),
  .PIECEWISE_BEZIER_KNOTS.);
#10708 = CARTESIAN_POINT('',(0.,-67.38));
#10709 = CARTESIAN_POINT('',(3.910300499962,-67.38));
#10710 = ( GEOMETRIC_REPRESENTATION_CONTEXT(2) 
PARAMETRIC_REPRESENTATION_CONTEXT() REPRESENTATION_CONTEXT('2D SPACE',''
  ) );
#10711 = PCURVE('',#3335,#10712);
#10712 = DEFINITIONAL_REPRESENTATION('',(#10713),#10716);
#10713 = B_SPLINE_CURVE_WITH_KNOTS('',1,(#10714,#10715),.UNSPECIFIED.,
  .F.,.F.,(2,2),(6.95439519297,10.864695692931),
  .PIECEWISE_BEZIER_KNOTS.);
#10714 = CARTESIAN_POINT('',(0.235,-19.435));
#10715 = CARTESIAN_POINT('',(3.,-22.2));
#10716 = ( GEOMETRIC_REPRESENTATION_CONTEXT(2) 
PARAMETRIC_REPRESENTATION_CONTEXT() REPRESENTATION_CONTEXT('2D SPACE',''
  ) );
#10717 = ORIENTED_EDGE('',*,*,#10718,.F.);
#10718 = EDGE_CURVE('',#10627,#10698,#10719,.T.);
#10719 = SURFACE_CURVE('',#10720,(#10724,#10731),.PCURVE_S1.);
#10720 = LINE('',#10721,#10722);
#10721 = CARTESIAN_POINT('',(0.,10.6,62.755));
#10722 = VECTOR('',#10723,1.);
#10723 = DIRECTION('',(1.,0.,0.));
#10724 = PCURVE('',#3362,#10725);
#10725 = DEFINITIONAL_REPRESENTATION('',(#10726),#10730);
#10726 = LINE('',#10727,#10728);
#10727 = CARTESIAN_POINT('',(3.910300499962,0.));
#10728 = VECTOR('',#10729,1.);
#10729 = DIRECTION('',(0.,-1.));
#10730 = ( GEOMETRIC_REPRESENTATION_CONTEXT(2) 
PARAMETRIC_REPRESENTATION_CONTEXT() REPRESENTATION_CONTEXT('2D SPACE',''
  ) );
#10731 = PCURVE('',#10662,#10732);
#10732 = DEFINITIONAL_REPRESENTATION('',(#10733),#10737);
#10733 = LINE('',#10734,#10735);
#10734 = CARTESIAN_POINT('',(0.,-0.));
#10735 = VECTOR('',#10736,1.);
#10736 = DIRECTION('',(0.,-1.));
#10737 = ( GEOMETRIC_REPRESENTATION_CONTEXT(2) 
PARAMETRIC_REPRESENTATION_CONTEXT() REPRESENTATION_CONTEXT('2D SPACE',''
  ) );
#10738 = ADVANCED_FACE('',(#10739),#3335,.T.);
#10739 = FACE_BOUND('',#10740,.T.);
#10740 = EDGE_LOOP('',(#10741,#10742,#10763,#10764,#10765,#10786));
#10741 = ORIENTED_EDGE('',*,*,#4695,.T.);
#10742 = ORIENTED_EDGE('',*,*,#10743,.T.);
#10743 = EDGE_CURVE('',#4696,#3295,#10744,.T.);
#10744 = SURFACE_CURVE('',#10745,(#10749,#10756),.PCURVE_S1.);
#10745 = LINE('',#10746,#10747);
#10746 = CARTESIAN_POINT('',(67.38,-11.6,59.755));
#10747 = VECTOR('',#10748,1.);
#10748 = DIRECTION('',(0.,1.,0.));
#10749 = PCURVE('',#3335,#10750);
#10750 = DEFINITIONAL_REPRESENTATION('',(#10751),#10755);
#10751 = LINE('',#10752,#10753);
#10752 = CARTESIAN_POINT('',(0.,0.));
#10753 = VECTOR('',#10754,1.);
#10754 = DIRECTION('',(0.,-1.));
#10755 = ( GEOMETRIC_REPRESENTATION_CONTEXT(2) 
PARAMETRIC_REPRESENTATION_CONTEXT() REPRESENTATION_CONTEXT('2D SPACE',''
  ) );
#10756 = PCURVE('',#3309,#10757);
#10757 = DEFINITIONAL_REPRESENTATION('',(#10758),#10762);
#10758 = LINE('',#10759,#10760);
#10759 = CARTESIAN_POINT('',(0.,0.));
#10760 = VECTOR('',#10761,1.);
#10761 = DIRECTION('',(0.,1.));
#10762 = ( GEOMETRIC_REPRESENTATION_CONTEXT(2) 
PARAMETRIC_REPRESENTATION_CONTEXT() REPRESENTATION_CONTEXT('2D SPACE',''
  ) );
#10763 = ORIENTED_EDGE('',*,*,#3320,.T.);
#10764 = ORIENTED_EDGE('',*,*,#10697,.T.);
#10765 = ORIENTED_EDGE('',*,*,#10766,.T.);
#10766 = EDGE_CURVE('',#10698,#10767,#10769,.T.);
#10767 = VERTEX_POINT('',#10768);
#10768 = CARTESIAN_POINT('',(67.38,-10.6,62.755));
#10769 = SURFACE_CURVE('',#10770,(#10774,#10780),.PCURVE_S1.);
#10770 = LINE('',#10771,#10772);
#10771 = CARTESIAN_POINT('',(67.38,-0.5,62.755));
#10772 = VECTOR('',#10773,1.);
#10773 = DIRECTION('',(0.,-1.,0.));
#10774 = PCURVE('',#3335,#10775);
#10775 = DEFINITIONAL_REPRESENTATION('',(#10776),#10779);
#10776 = B_SPLINE_CURVE_WITH_KNOTS('',1,(#10777,#10778),.UNSPECIFIED.,
  .F.,.F.,(2,2),(-11.1,10.1),.PIECEWISE_BEZIER_KNOTS.);
#10777 = CARTESIAN_POINT('',(3.,-22.2));
#10778 = CARTESIAN_POINT('',(3.,-1.));
#10779 = ( GEOMETRIC_REPRESENTATION_CONTEXT(2) 
PARAMETRIC_REPRESENTATION_CONTEXT() REPRESENTATION_CONTEXT('2D SPACE',''
  ) );
#10780 = PCURVE('',#10662,#10781);
#10781 = DEFINITIONAL_REPRESENTATION('',(#10782),#10785);
#10782 = B_SPLINE_CURVE_WITH_KNOTS('',1,(#10783,#10784),.UNSPECIFIED.,
  .F.,.F.,(2,2),(-11.1,10.1),.PIECEWISE_BEZIER_KNOTS.);
#10783 = CARTESIAN_POINT('',(0.,-67.38));
#10784 = CARTESIAN_POINT('',(21.2,-67.38));
#10785 = ( GEOMETRIC_REPRESENTATION_CONTEXT(2) 
PARAMETRIC_REPRESENTATION_CONTEXT() REPRESENTATION_CONTEXT('2D SPACE',''
  ) );
#10786 = ORIENTED_EDGE('',*,*,#10787,.T.);
#10787 = EDGE_CURVE('',#10767,#4668,#10788,.T.);
#10788 = SURFACE_CURVE('',#10789,(#10793,#10799),.PCURVE_S1.);
#10789 = LINE('',#10790,#10791);
#10790 = CARTESIAN_POINT('',(67.38,-10.1,62.255));
#10791 = VECTOR('',#10792,1.);
#10792 = DIRECTION('',(0.,0.707106781187,-0.707106781187));
#10793 = PCURVE('',#3335,#10794);
#10794 = DEFINITIONAL_REPRESENTATION('',(#10795),#10798);
#10795 = B_SPLINE_CURVE_WITH_KNOTS('',1,(#10796,#10797),.UNSPECIFIED.,
  .F.,.F.,(2,2),(-0.707106781187,3.203193718775),
  .PIECEWISE_BEZIER_KNOTS.);
#10796 = CARTESIAN_POINT('',(3.,-1.));
#10797 = CARTESIAN_POINT('',(0.235,-3.765));
#10798 = ( GEOMETRIC_REPRESENTATION_CONTEXT(2) 
PARAMETRIC_REPRESENTATION_CONTEXT() REPRESENTATION_CONTEXT('2D SPACE',''
  ) );
#10799 = PCURVE('',#4683,#10800);
#10800 = DEFINITIONAL_REPRESENTATION('',(#10801),#10804);
#10801 = B_SPLINE_CURVE_WITH_KNOTS('',1,(#10802,#10803),.UNSPECIFIED.,
  .F.,.F.,(2,2),(-0.707106781187,3.203193718775),
  .PIECEWISE_BEZIER_KNOTS.);
#10802 = CARTESIAN_POINT('',(0.,-67.38));
#10803 = CARTESIAN_POINT('',(3.910300499962,-67.38));
#10804 = ( GEOMETRIC_REPRESENTATION_CONTEXT(2) 
PARAMETRIC_REPRESENTATION_CONTEXT() REPRESENTATION_CONTEXT('2D SPACE',''
  ) );
#10805 = ADVANCED_FACE('',(#10806),#3309,.T.);
#10806 = FACE_BOUND('',#10807,.T.);
#10807 = EDGE_LOOP('',(#10808,#10809,#10810,#10831));
#10808 = ORIENTED_EDGE('',*,*,#10743,.F.);
#10809 = ORIENTED_EDGE('',*,*,#4716,.T.);
#10810 = ORIENTED_EDGE('',*,*,#10811,.T.);
#10811 = EDGE_CURVE('',#4717,#3269,#10812,.T.);
#10812 = SURFACE_CURVE('',#10813,(#10817,#10824),.PCURVE_S1.);
#10813 = LINE('',#10814,#10815);
#10814 = CARTESIAN_POINT('',(72.61,-11.6,59.755));
#10815 = VECTOR('',#10816,1.);
#10816 = DIRECTION('',(0.,1.,0.));
#10817 = PCURVE('',#3309,#10818);
#10818 = DEFINITIONAL_REPRESENTATION('',(#10819),#10823);
#10819 = LINE('',#10820,#10821);
#10820 = CARTESIAN_POINT('',(5.23,0.));
#10821 = VECTOR('',#10822,1.);
#10822 = DIRECTION('',(0.,1.));
#10823 = ( GEOMETRIC_REPRESENTATION_CONTEXT(2) 
PARAMETRIC_REPRESENTATION_CONTEXT() REPRESENTATION_CONTEXT('2D SPACE',''
  ) );
#10824 = PCURVE('',#3283,#10825);
#10825 = DEFINITIONAL_REPRESENTATION('',(#10826),#10830);
#10826 = LINE('',#10827,#10828);
#10827 = CARTESIAN_POINT('',(0.,0.));
#10828 = VECTOR('',#10829,1.);
#10829 = DIRECTION('',(0.,-1.));
#10830 = ( GEOMETRIC_REPRESENTATION_CONTEXT(2) 
PARAMETRIC_REPRESENTATION_CONTEXT() REPRESENTATION_CONTEXT('2D SPACE',''
  ) );
#10831 = ORIENTED_EDGE('',*,*,#3294,.T.);
#10832 = ADVANCED_FACE('',(#10833),#3283,.F.);
#10833 = FACE_BOUND('',#10834,.F.);
#10834 = EDGE_LOOP('',(#10835,#10836,#10837,#10838,#10859,#10885));
#10835 = ORIENTED_EDGE('',*,*,#4737,.T.);
#10836 = ORIENTED_EDGE('',*,*,#10811,.T.);
#10837 = ORIENTED_EDGE('',*,*,#3268,.T.);
#10838 = ORIENTED_EDGE('',*,*,#10839,.T.);
#10839 = EDGE_CURVE('',#3241,#10840,#10842,.T.);
#10840 = VERTEX_POINT('',#10841);
#10841 = CARTESIAN_POINT('',(72.61,10.6,62.755));
#10842 = SURFACE_CURVE('',#10843,(#10847,#10853),.PCURVE_S1.);
#10843 = LINE('',#10844,#10845);
#10844 = CARTESIAN_POINT('',(72.61,2.9175,55.0725));
#10845 = VECTOR('',#10846,1.);
#10846 = DIRECTION('',(-0.,0.707106781187,0.707106781187));
#10847 = PCURVE('',#3283,#10848);
#10848 = DEFINITIONAL_REPRESENTATION('',(#10849),#10852);
#10849 = B_SPLINE_CURVE_WITH_KNOTS('',1,(#10850,#10851),.UNSPECIFIED.,
  .F.,.F.,(2,2),(6.95439519297,10.864695692931),
  .PIECEWISE_BEZIER_KNOTS.);
#10850 = CARTESIAN_POINT('',(0.235,-19.435));
#10851 = CARTESIAN_POINT('',(3.,-22.2));
#10852 = ( GEOMETRIC_REPRESENTATION_CONTEXT(2) 
PARAMETRIC_REPRESENTATION_CONTEXT() REPRESENTATION_CONTEXT('2D SPACE',''
  ) );
#10853 = PCURVE('',#3256,#10854);
#10854 = DEFINITIONAL_REPRESENTATION('',(#10855),#10858);
#10855 = B_SPLINE_CURVE_WITH_KNOTS('',1,(#10856,#10857),.UNSPECIFIED.,
  .F.,.F.,(2,2),(6.95439519297,10.864695692931),
  .PIECEWISE_BEZIER_KNOTS.);
#10856 = CARTESIAN_POINT('',(0.,-72.61));
#10857 = CARTESIAN_POINT('',(3.910300499962,-72.61));
#10858 = ( GEOMETRIC_REPRESENTATION_CONTEXT(2) 
PARAMETRIC_REPRESENTATION_CONTEXT() REPRESENTATION_CONTEXT('2D SPACE',''
  ) );
#10859 = ORIENTED_EDGE('',*,*,#10860,.T.);
#10860 = EDGE_CURVE('',#10840,#10861,#10863,.T.);
#10861 = VERTEX_POINT('',#10862);
#10862 = CARTESIAN_POINT('',(72.61,-10.6,62.755));
#10863 = SURFACE_CURVE('',#10864,(#10868,#10874),.PCURVE_S1.);
#10864 = LINE('',#10865,#10866);
#10865 = CARTESIAN_POINT('',(72.61,-0.5,62.755));
#10866 = VECTOR('',#10867,1.);
#10867 = DIRECTION('',(0.,-1.,0.));
#10868 = PCURVE('',#3283,#10869);
#10869 = DEFINITIONAL_REPRESENTATION('',(#10870),#10873);
#10870 = B_SPLINE_CURVE_WITH_KNOTS('',1,(#10871,#10872),.UNSPECIFIED.,
  .F.,.F.,(2,2),(-11.1,10.1),.PIECEWISE_BEZIER_KNOTS.);
#10871 = CARTESIAN_POINT('',(3.,-22.2));
#10872 = CARTESIAN_POINT('',(3.,-1.));
#10873 = ( GEOMETRIC_REPRESENTATION_CONTEXT(2) 
PARAMETRIC_REPRESENTATION_CONTEXT() REPRESENTATION_CONTEXT('2D SPACE',''
  ) );
#10874 = PCURVE('',#10875,#10880);
#10875 = PLANE('',#10876);
#10876 = AXIS2_PLACEMENT_3D('',#10877,#10878,#10879);
#10877 = CARTESIAN_POINT('',(0.,10.6,62.755));
#10878 = DIRECTION('',(0.,0.,-1.));
#10879 = DIRECTION('',(0.,-1.,0.));
#10880 = DEFINITIONAL_REPRESENTATION('',(#10881),#10884);
#10881 = B_SPLINE_CURVE_WITH_KNOTS('',1,(#10882,#10883),.UNSPECIFIED.,
  .F.,.F.,(2,2),(-11.1,10.1),.PIECEWISE_BEZIER_KNOTS.);
#10882 = CARTESIAN_POINT('',(0.,-72.61));
#10883 = CARTESIAN_POINT('',(21.2,-72.61));
#10884 = ( GEOMETRIC_REPRESENTATION_CONTEXT(2) 
PARAMETRIC_REPRESENTATION_CONTEXT() REPRESENTATION_CONTEXT('2D SPACE',''
  ) );
#10885 = ORIENTED_EDGE('',*,*,#10886,.T.);
#10886 = EDGE_CURVE('',#10861,#4738,#10887,.T.);
#10887 = SURFACE_CURVE('',#10888,(#10892,#10898),.PCURVE_S1.);
#10888 = LINE('',#10889,#10890);
#10889 = CARTESIAN_POINT('',(72.61,-10.1,62.255));
#10890 = VECTOR('',#10891,1.);
#10891 = DIRECTION('',(0.,0.707106781187,-0.707106781187));
#10892 = PCURVE('',#3283,#10893);
#10893 = DEFINITIONAL_REPRESENTATION('',(#10894),#10897);
#10894 = B_SPLINE_CURVE_WITH_KNOTS('',1,(#10895,#10896),.UNSPECIFIED.,
  .F.,.F.,(2,2),(-0.707106781187,3.203193718775),
  .PIECEWISE_BEZIER_KNOTS.);
#10895 = CARTESIAN_POINT('',(3.,-1.));
#10896 = CARTESIAN_POINT('',(0.235,-3.765));
#10897 = ( GEOMETRIC_REPRESENTATION_CONTEXT(2) 
PARAMETRIC_REPRESENTATION_CONTEXT() REPRESENTATION_CONTEXT('2D SPACE',''
  ) );
#10898 = PCURVE('',#4774,#10899);
#10899 = DEFINITIONAL_REPRESENTATION('',(#10900),#10903);
#10900 = B_SPLINE_CURVE_WITH_KNOTS('',1,(#10901,#10902),.UNSPECIFIED.,
  .F.,.F.,(2,2),(-0.707106781187,3.203193718775),
  .PIECEWISE_BEZIER_KNOTS.);
#10901 = CARTESIAN_POINT('',(0.,-72.61));
#10902 = CARTESIAN_POINT('',(3.910300499962,-72.61));
#10903 = ( GEOMETRIC_REPRESENTATION_CONTEXT(2) 
PARAMETRIC_REPRESENTATION_CONTEXT() REPRESENTATION_CONTEXT('2D SPACE',''
  ) );
#10904 = ADVANCED_FACE('',(#10905),#3256,.F.);
#10905 = FACE_BOUND('',#10906,.F.);
#10906 = EDGE_LOOP('',(#10907,#10908,#10909,#10930));
#10907 = ORIENTED_EDGE('',*,*,#10839,.F.);
#10908 = ORIENTED_EDGE('',*,*,#3240,.T.);
#10909 = ORIENTED_EDGE('',*,*,#10910,.T.);
#10910 = EDGE_CURVE('',#3215,#10911,#10913,.T.);
#10911 = VERTEX_POINT('',#10912);
#10912 = CARTESIAN_POINT('',(77.39,10.6,62.755));
#10913 = SURFACE_CURVE('',#10914,(#10918,#10924),.PCURVE_S1.);
#10914 = LINE('',#10915,#10916);
#10915 = CARTESIAN_POINT('',(77.39,2.9175,55.0725));
#10916 = VECTOR('',#10917,1.);
#10917 = DIRECTION('',(-0.,0.707106781187,0.707106781187));
#10918 = PCURVE('',#3256,#10919);
#10919 = DEFINITIONAL_REPRESENTATION('',(#10920),#10923);
#10920 = B_SPLINE_CURVE_WITH_KNOTS('',1,(#10921,#10922),.UNSPECIFIED.,
  .F.,.F.,(2,2),(6.95439519297,10.864695692931),
  .PIECEWISE_BEZIER_KNOTS.);
#10921 = CARTESIAN_POINT('',(0.,-77.39));
#10922 = CARTESIAN_POINT('',(3.910300499962,-77.39));
#10923 = ( GEOMETRIC_REPRESENTATION_CONTEXT(2) 
PARAMETRIC_REPRESENTATION_CONTEXT() REPRESENTATION_CONTEXT('2D SPACE',''
  ) );
#10924 = PCURVE('',#3229,#10925);
#10925 = DEFINITIONAL_REPRESENTATION('',(#10926),#10929);
#10926 = B_SPLINE_CURVE_WITH_KNOTS('',1,(#10927,#10928),.UNSPECIFIED.,
  .F.,.F.,(2,2),(6.95439519297,10.864695692931),
  .PIECEWISE_BEZIER_KNOTS.);
#10927 = CARTESIAN_POINT('',(0.235,-19.435));
#10928 = CARTESIAN_POINT('',(3.,-22.2));
#10929 = ( GEOMETRIC_REPRESENTATION_CONTEXT(2) 
PARAMETRIC_REPRESENTATION_CONTEXT() REPRESENTATION_CONTEXT('2D SPACE',''
  ) );
#10930 = ORIENTED_EDGE('',*,*,#10931,.F.);
#10931 = EDGE_CURVE('',#10840,#10911,#10932,.T.);
#10932 = SURFACE_CURVE('',#10933,(#10937,#10944),.PCURVE_S1.);
#10933 = LINE('',#10934,#10935);
#10934 = CARTESIAN_POINT('',(0.,10.6,62.755));
#10935 = VECTOR('',#10936,1.);
#10936 = DIRECTION('',(1.,0.,0.));
#10937 = PCURVE('',#3256,#10938);
#10938 = DEFINITIONAL_REPRESENTATION('',(#10939),#10943);
#10939 = LINE('',#10940,#10941);
#10940 = CARTESIAN_POINT('',(3.910300499962,0.));
#10941 = VECTOR('',#10942,1.);
#10942 = DIRECTION('',(0.,-1.));
#10943 = ( GEOMETRIC_REPRESENTATION_CONTEXT(2) 
PARAMETRIC_REPRESENTATION_CONTEXT() REPRESENTATION_CONTEXT('2D SPACE',''
  ) );
#10944 = PCURVE('',#10875,#10945);
#10945 = DEFINITIONAL_REPRESENTATION('',(#10946),#10950);
#10946 = LINE('',#10947,#10948);
#10947 = CARTESIAN_POINT('',(0.,-0.));
#10948 = VECTOR('',#10949,1.);
#10949 = DIRECTION('',(0.,-1.));
#10950 = ( GEOMETRIC_REPRESENTATION_CONTEXT(2) 
PARAMETRIC_REPRESENTATION_CONTEXT() REPRESENTATION_CONTEXT('2D SPACE',''
  ) );
#10951 = ADVANCED_FACE('',(#10952),#3229,.T.);
#10952 = FACE_BOUND('',#10953,.T.);
#10953 = EDGE_LOOP('',(#10954,#10955,#10976,#10977,#10978,#10999));
#10954 = ORIENTED_EDGE('',*,*,#4786,.T.);
#10955 = ORIENTED_EDGE('',*,*,#10956,.T.);
#10956 = EDGE_CURVE('',#4787,#3189,#10957,.T.);
#10957 = SURFACE_CURVE('',#10958,(#10962,#10969),.PCURVE_S1.);
#10958 = LINE('',#10959,#10960);
#10959 = CARTESIAN_POINT('',(77.39,-11.6,59.755));
#10960 = VECTOR('',#10961,1.);
#10961 = DIRECTION('',(0.,1.,0.));
#10962 = PCURVE('',#3229,#10963);
#10963 = DEFINITIONAL_REPRESENTATION('',(#10964),#10968);
#10964 = LINE('',#10965,#10966);
#10965 = CARTESIAN_POINT('',(0.,0.));
#10966 = VECTOR('',#10967,1.);
#10967 = DIRECTION('',(0.,-1.));
#10968 = ( GEOMETRIC_REPRESENTATION_CONTEXT(2) 
PARAMETRIC_REPRESENTATION_CONTEXT() REPRESENTATION_CONTEXT('2D SPACE',''
  ) );
#10969 = PCURVE('',#3203,#10970);
#10970 = DEFINITIONAL_REPRESENTATION('',(#10971),#10975);
#10971 = LINE('',#10972,#10973);
#10972 = CARTESIAN_POINT('',(0.,0.));
#10973 = VECTOR('',#10974,1.);
#10974 = DIRECTION('',(0.,1.));
#10975 = ( GEOMETRIC_REPRESENTATION_CONTEXT(2) 
PARAMETRIC_REPRESENTATION_CONTEXT() REPRESENTATION_CONTEXT('2D SPACE',''
  ) );
#10976 = ORIENTED_EDGE('',*,*,#3214,.T.);
#10977 = ORIENTED_EDGE('',*,*,#10910,.T.);
#10978 = ORIENTED_EDGE('',*,*,#10979,.T.);
#10979 = EDGE_CURVE('',#10911,#10980,#10982,.T.);
#10980 = VERTEX_POINT('',#10981);
#10981 = CARTESIAN_POINT('',(77.39,-10.6,62.755));
#10982 = SURFACE_CURVE('',#10983,(#10987,#10993),.PCURVE_S1.);
#10983 = LINE('',#10984,#10985);
#10984 = CARTESIAN_POINT('',(77.39,-0.5,62.755));
#10985 = VECTOR('',#10986,1.);
#10986 = DIRECTION('',(0.,-1.,0.));
#10987 = PCURVE('',#3229,#10988);
#10988 = DEFINITIONAL_REPRESENTATION('',(#10989),#10992);
#10989 = B_SPLINE_CURVE_WITH_KNOTS('',1,(#10990,#10991),.UNSPECIFIED.,
  .F.,.F.,(2,2),(-11.1,10.1),.PIECEWISE_BEZIER_KNOTS.);
#10990 = CARTESIAN_POINT('',(3.,-22.2));
#10991 = CARTESIAN_POINT('',(3.,-1.));
#10992 = ( GEOMETRIC_REPRESENTATION_CONTEXT(2) 
PARAMETRIC_REPRESENTATION_CONTEXT() REPRESENTATION_CONTEXT('2D SPACE',''
  ) );
#10993 = PCURVE('',#10875,#10994);
#10994 = DEFINITIONAL_REPRESENTATION('',(#10995),#10998);
#10995 = B_SPLINE_CURVE_WITH_KNOTS('',1,(#10996,#10997),.UNSPECIFIED.,
  .F.,.F.,(2,2),(-11.1,10.1),.PIECEWISE_BEZIER_KNOTS.);
#10996 = CARTESIAN_POINT('',(0.,-77.39));
#10997 = CARTESIAN_POINT('',(21.2,-77.39));
#10998 = ( GEOMETRIC_REPRESENTATION_CONTEXT(2) 
PARAMETRIC_REPRESENTATION_CONTEXT() REPRESENTATION_CONTEXT('2D SPACE',''
  ) );
#10999 = ORIENTED_EDGE('',*,*,#11000,.T.);
#11000 = EDGE_CURVE('',#10980,#4759,#11001,.T.);
#11001 = SURFACE_CURVE('',#11002,(#11006,#11012),.PCURVE_S1.);
#11002 = LINE('',#11003,#11004);
#11003 = CARTESIAN_POINT('',(77.39,-10.1,62.255));
#11004 = VECTOR('',#11005,1.);
#11005 = DIRECTION('',(0.,0.707106781187,-0.707106781187));
#11006 = PCURVE('',#3229,#11007);
#11007 = DEFINITIONAL_REPRESENTATION('',(#11008),#11011);
#11008 = B_SPLINE_CURVE_WITH_KNOTS('',1,(#11009,#11010),.UNSPECIFIED.,
  .F.,.F.,(2,2),(-0.707106781187,3.203193718775),
  .PIECEWISE_BEZIER_KNOTS.);
#11009 = CARTESIAN_POINT('',(3.,-1.));
#11010 = CARTESIAN_POINT('',(0.235,-3.765));
#11011 = ( GEOMETRIC_REPRESENTATION_CONTEXT(2) 
PARAMETRIC_REPRESENTATION_CONTEXT() REPRESENTATION_CONTEXT('2D SPACE',''
  ) );
#11012 = PCURVE('',#4774,#11013);
#11013 = DEFINITIONAL_REPRESENTATION('',(#11014),#11017);
#11014 = B_SPLINE_CURVE_WITH_KNOTS('',1,(#11015,#11016),.UNSPECIFIED.,
  .F.,.F.,(2,2),(-0.707106781187,3.203193718775),
  .PIECEWISE_BEZIER_KNOTS.);
#11015 = CARTESIAN_POINT('',(0.,-77.39));
#11016 = CARTESIAN_POINT('',(3.910300499962,-77.39));
#11017 = ( GEOMETRIC_REPRESENTATION_CONTEXT(2) 
PARAMETRIC_REPRESENTATION_CONTEXT() REPRESENTATION_CONTEXT('2D SPACE',''
  ) );
#11018 = ADVANCED_FACE('',(#11019),#3203,.T.);
#11019 = FACE_BOUND('',#11020,.T.);
#11020 = EDGE_LOOP('',(#11021,#11022,#11023,#11044));
#11021 = ORIENTED_EDGE('',*,*,#10956,.F.);
#11022 = ORIENTED_EDGE('',*,*,#4807,.T.);
#11023 = ORIENTED_EDGE('',*,*,#11024,.T.);
#11024 = EDGE_CURVE('',#4808,#3163,#11025,.T.);
#11025 = SURFACE_CURVE('',#11026,(#11030,#11037),.PCURVE_S1.);
#11026 = LINE('',#11027,#11028);
#11027 = CARTESIAN_POINT('',(82.62,-11.6,59.755));
#11028 = VECTOR('',#11029,1.);
#11029 = DIRECTION('',(0.,1.,0.));
#11030 = PCURVE('',#3203,#11031);
#11031 = DEFINITIONAL_REPRESENTATION('',(#11032),#11036);
#11032 = LINE('',#11033,#11034);
#11033 = CARTESIAN_POINT('',(5.23,0.));
#11034 = VECTOR('',#11035,1.);
#11035 = DIRECTION('',(0.,1.));
#11036 = ( GEOMETRIC_REPRESENTATION_CONTEXT(2) 
PARAMETRIC_REPRESENTATION_CONTEXT() REPRESENTATION_CONTEXT('2D SPACE',''
  ) );
#11037 = PCURVE('',#3177,#11038);
#11038 = DEFINITIONAL_REPRESENTATION('',(#11039),#11043);
#11039 = LINE('',#11040,#11041);
#11040 = CARTESIAN_POINT('',(0.,0.));
#11041 = VECTOR('',#11042,1.);
#11042 = DIRECTION('',(0.,-1.));
#11043 = ( GEOMETRIC_REPRESENTATION_CONTEXT(2) 
PARAMETRIC_REPRESENTATION_CONTEXT() REPRESENTATION_CONTEXT('2D SPACE',''
  ) );
#11044 = ORIENTED_EDGE('',*,*,#3188,.T.);
#11045 = ADVANCED_FACE('',(#11046),#3177,.F.);
#11046 = FACE_BOUND('',#11047,.F.);
#11047 = EDGE_LOOP('',(#11048,#11049,#11050,#11051,#11072,#11098));
#11048 = ORIENTED_EDGE('',*,*,#4828,.T.);
#11049 = ORIENTED_EDGE('',*,*,#11024,.T.);
#11050 = ORIENTED_EDGE('',*,*,#3162,.T.);
#11051 = ORIENTED_EDGE('',*,*,#11052,.T.);
#11052 = EDGE_CURVE('',#3135,#11053,#11055,.T.);
#11053 = VERTEX_POINT('',#11054);
#11054 = CARTESIAN_POINT('',(82.62,10.6,62.755));
#11055 = SURFACE_CURVE('',#11056,(#11060,#11066),.PCURVE_S1.);
#11056 = LINE('',#11057,#11058);
#11057 = CARTESIAN_POINT('',(82.62,2.9175,55.0725));
#11058 = VECTOR('',#11059,1.);
#11059 = DIRECTION('',(-0.,0.707106781187,0.707106781187));
#11060 = PCURVE('',#3177,#11061);
#11061 = DEFINITIONAL_REPRESENTATION('',(#11062),#11065);
#11062 = B_SPLINE_CURVE_WITH_KNOTS('',1,(#11063,#11064),.UNSPECIFIED.,
  .F.,.F.,(2,2),(6.95439519297,10.864695692931),
  .PIECEWISE_BEZIER_KNOTS.);
#11063 = CARTESIAN_POINT('',(0.235,-19.435));
#11064 = CARTESIAN_POINT('',(3.,-22.2));
#11065 = ( GEOMETRIC_REPRESENTATION_CONTEXT(2) 
PARAMETRIC_REPRESENTATION_CONTEXT() REPRESENTATION_CONTEXT('2D SPACE',''
  ) );
#11066 = PCURVE('',#3150,#11067);
#11067 = DEFINITIONAL_REPRESENTATION('',(#11068),#11071);
#11068 = B_SPLINE_CURVE_WITH_KNOTS('',1,(#11069,#11070),.UNSPECIFIED.,
  .F.,.F.,(2,2),(6.95439519297,10.864695692931),
  .PIECEWISE_BEZIER_KNOTS.);
#11069 = CARTESIAN_POINT('',(0.,-82.62));
#11070 = CARTESIAN_POINT('',(3.910300499962,-82.62));
#11071 = ( GEOMETRIC_REPRESENTATION_CONTEXT(2) 
PARAMETRIC_REPRESENTATION_CONTEXT() REPRESENTATION_CONTEXT('2D SPACE',''
  ) );
#11072 = ORIENTED_EDGE('',*,*,#11073,.T.);
#11073 = EDGE_CURVE('',#11053,#11074,#11076,.T.);
#11074 = VERTEX_POINT('',#11075);
#11075 = CARTESIAN_POINT('',(82.62,-10.6,62.755));
#11076 = SURFACE_CURVE('',#11077,(#11081,#11087),.PCURVE_S1.);
#11077 = LINE('',#11078,#11079);
#11078 = CARTESIAN_POINT('',(82.62,-0.5,62.755));
#11079 = VECTOR('',#11080,1.);
#11080 = DIRECTION('',(0.,-1.,0.));
#11081 = PCURVE('',#3177,#11082);
#11082 = DEFINITIONAL_REPRESENTATION('',(#11083),#11086);
#11083 = B_SPLINE_CURVE_WITH_KNOTS('',1,(#11084,#11085),.UNSPECIFIED.,
  .F.,.F.,(2,2),(-11.1,10.1),.PIECEWISE_BEZIER_KNOTS.);
#11084 = CARTESIAN_POINT('',(3.,-22.2));
#11085 = CARTESIAN_POINT('',(3.,-1.));
#11086 = ( GEOMETRIC_REPRESENTATION_CONTEXT(2) 
PARAMETRIC_REPRESENTATION_CONTEXT() REPRESENTATION_CONTEXT('2D SPACE',''
  ) );
#11087 = PCURVE('',#11088,#11093);
#11088 = PLANE('',#11089);
#11089 = AXIS2_PLACEMENT_3D('',#11090,#11091,#11092);
#11090 = CARTESIAN_POINT('',(0.,10.6,62.755));
#11091 = DIRECTION('',(0.,0.,-1.));
#11092 = DIRECTION('',(0.,-1.,0.));
#11093 = DEFINITIONAL_REPRESENTATION('',(#11094),#11097);
#11094 = B_SPLINE_CURVE_WITH_KNOTS('',1,(#11095,#11096),.UNSPECIFIED.,
  .F.,.F.,(2,2),(-11.1,10.1),.PIECEWISE_BEZIER_KNOTS.);
#11095 = CARTESIAN_POINT('',(0.,-82.62));
#11096 = CARTESIAN_POINT('',(21.2,-82.62));
#11097 = ( GEOMETRIC_REPRESENTATION_CONTEXT(2) 
PARAMETRIC_REPRESENTATION_CONTEXT() REPRESENTATION_CONTEXT('2D SPACE',''
  ) );
#11098 = ORIENTED_EDGE('',*,*,#11099,.T.);
#11099 = EDGE_CURVE('',#11074,#4829,#11100,.T.);
#11100 = SURFACE_CURVE('',#11101,(#11105,#11111),.PCURVE_S1.);
#11101 = LINE('',#11102,#11103);
#11102 = CARTESIAN_POINT('',(82.62,-10.1,62.255));
#11103 = VECTOR('',#11104,1.);
#11104 = DIRECTION('',(0.,0.707106781187,-0.707106781187));
#11105 = PCURVE('',#3177,#11106);
#11106 = DEFINITIONAL_REPRESENTATION('',(#11107),#11110);
#11107 = B_SPLINE_CURVE_WITH_KNOTS('',1,(#11108,#11109),.UNSPECIFIED.,
  .F.,.F.,(2,2),(-0.707106781187,3.203193718775),
  .PIECEWISE_BEZIER_KNOTS.);
#11108 = CARTESIAN_POINT('',(3.,-1.));
#11109 = CARTESIAN_POINT('',(0.235,-3.765));
#11110 = ( GEOMETRIC_REPRESENTATION_CONTEXT(2) 
PARAMETRIC_REPRESENTATION_CONTEXT() REPRESENTATION_CONTEXT('2D SPACE',''
  ) );
#11111 = PCURVE('',#4865,#11112);
#11112 = DEFINITIONAL_REPRESENTATION('',(#11113),#11116);
#11113 = B_SPLINE_CURVE_WITH_KNOTS('',1,(#11114,#11115),.UNSPECIFIED.,
  .F.,.F.,(2,2),(-0.707106781187,3.203193718775),
  .PIECEWISE_BEZIER_KNOTS.);
#11114 = CARTESIAN_POINT('',(0.,-82.62));
#11115 = CARTESIAN_POINT('',(3.910300499962,-82.62));
#11116 = ( GEOMETRIC_REPRESENTATION_CONTEXT(2) 
PARAMETRIC_REPRESENTATION_CONTEXT() REPRESENTATION_CONTEXT('2D SPACE',''
  ) );
#11117 = ADVANCED_FACE('',(#11118),#3150,.F.);
#11118 = FACE_BOUND('',#11119,.F.);
#11119 = EDGE_LOOP('',(#11120,#11121,#11122,#11143));
#11120 = ORIENTED_EDGE('',*,*,#11052,.F.);
#11121 = ORIENTED_EDGE('',*,*,#3134,.T.);
#11122 = ORIENTED_EDGE('',*,*,#11123,.T.);
#11123 = EDGE_CURVE('',#3109,#11124,#11126,.T.);
#11124 = VERTEX_POINT('',#11125);
#11125 = CARTESIAN_POINT('',(87.4,10.6,62.755));
#11126 = SURFACE_CURVE('',#11127,(#11131,#11137),.PCURVE_S1.);
#11127 = LINE('',#11128,#11129);
#11128 = CARTESIAN_POINT('',(87.4,2.9175,55.0725));
#11129 = VECTOR('',#11130,1.);
#11130 = DIRECTION('',(-0.,0.707106781187,0.707106781187));
#11131 = PCURVE('',#3150,#11132);
#11132 = DEFINITIONAL_REPRESENTATION('',(#11133),#11136);
#11133 = B_SPLINE_CURVE_WITH_KNOTS('',1,(#11134,#11135),.UNSPECIFIED.,
  .F.,.F.,(2,2),(6.95439519297,10.864695692931),
  .PIECEWISE_BEZIER_KNOTS.);
#11134 = CARTESIAN_POINT('',(0.,-87.4));
#11135 = CARTESIAN_POINT('',(3.910300499962,-87.4));
#11136 = ( GEOMETRIC_REPRESENTATION_CONTEXT(2) 
PARAMETRIC_REPRESENTATION_CONTEXT() REPRESENTATION_CONTEXT('2D SPACE',''
  ) );
#11137 = PCURVE('',#3123,#11138);
#11138 = DEFINITIONAL_REPRESENTATION('',(#11139),#11142);
#11139 = B_SPLINE_CURVE_WITH_KNOTS('',1,(#11140,#11141),.UNSPECIFIED.,
  .F.,.F.,(2,2),(6.95439519297,10.864695692931),
  .PIECEWISE_BEZIER_KNOTS.);
#11140 = CARTESIAN_POINT('',(0.235,-19.435));
#11141 = CARTESIAN_POINT('',(3.,-22.2));
#11142 = ( GEOMETRIC_REPRESENTATION_CONTEXT(2) 
PARAMETRIC_REPRESENTATION_CONTEXT() REPRESENTATION_CONTEXT('2D SPACE',''
  ) );
#11143 = ORIENTED_EDGE('',*,*,#11144,.F.);
#11144 = EDGE_CURVE('',#11053,#11124,#11145,.T.);
#11145 = SURFACE_CURVE('',#11146,(#11150,#11157),.PCURVE_S1.);
#11146 = LINE('',#11147,#11148);
#11147 = CARTESIAN_POINT('',(0.,10.6,62.755));
#11148 = VECTOR('',#11149,1.);
#11149 = DIRECTION('',(1.,0.,0.));
#11150 = PCURVE('',#3150,#11151);
#11151 = DEFINITIONAL_REPRESENTATION('',(#11152),#11156);
#11152 = LINE('',#11153,#11154);
#11153 = CARTESIAN_POINT('',(3.910300499962,0.));
#11154 = VECTOR('',#11155,1.);
#11155 = DIRECTION('',(0.,-1.));
#11156 = ( GEOMETRIC_REPRESENTATION_CONTEXT(2) 
PARAMETRIC_REPRESENTATION_CONTEXT() REPRESENTATION_CONTEXT('2D SPACE',''
  ) );
#11157 = PCURVE('',#11088,#11158);
#11158 = DEFINITIONAL_REPRESENTATION('',(#11159),#11163);
#11159 = LINE('',#11160,#11161);
#11160 = CARTESIAN_POINT('',(0.,-0.));
#11161 = VECTOR('',#11162,1.);
#11162 = DIRECTION('',(0.,-1.));
#11163 = ( GEOMETRIC_REPRESENTATION_CONTEXT(2) 
PARAMETRIC_REPRESENTATION_CONTEXT() REPRESENTATION_CONTEXT('2D SPACE',''
  ) );
#11164 = ADVANCED_FACE('',(#11165),#3123,.T.);
#11165 = FACE_BOUND('',#11166,.T.);
#11166 = EDGE_LOOP('',(#11167,#11168,#11189,#11190,#11191,#11212));
#11167 = ORIENTED_EDGE('',*,*,#4877,.T.);
#11168 = ORIENTED_EDGE('',*,*,#11169,.T.);
#11169 = EDGE_CURVE('',#4878,#3083,#11170,.T.);
#11170 = SURFACE_CURVE('',#11171,(#11175,#11182),.PCURVE_S1.);
#11171 = LINE('',#11172,#11173);
#11172 = CARTESIAN_POINT('',(87.4,-11.6,59.755));
#11173 = VECTOR('',#11174,1.);
#11174 = DIRECTION('',(0.,1.,0.));
#11175 = PCURVE('',#3123,#11176);
#11176 = DEFINITIONAL_REPRESENTATION('',(#11177),#11181);
#11177 = LINE('',#11178,#11179);
#11178 = CARTESIAN_POINT('',(0.,0.));
#11179 = VECTOR('',#11180,1.);
#11180 = DIRECTION('',(0.,-1.));
#11181 = ( GEOMETRIC_REPRESENTATION_CONTEXT(2) 
PARAMETRIC_REPRESENTATION_CONTEXT() REPRESENTATION_CONTEXT('2D SPACE',''
  ) );
#11182 = PCURVE('',#3097,#11183);
#11183 = DEFINITIONAL_REPRESENTATION('',(#11184),#11188);
#11184 = LINE('',#11185,#11186);
#11185 = CARTESIAN_POINT('',(0.,0.));
#11186 = VECTOR('',#11187,1.);
#11187 = DIRECTION('',(0.,1.));
#11188 = ( GEOMETRIC_REPRESENTATION_CONTEXT(2) 
PARAMETRIC_REPRESENTATION_CONTEXT() REPRESENTATION_CONTEXT('2D SPACE',''
  ) );
#11189 = ORIENTED_EDGE('',*,*,#3108,.T.);
#11190 = ORIENTED_EDGE('',*,*,#11123,.T.);
#11191 = ORIENTED_EDGE('',*,*,#11192,.T.);
#11192 = EDGE_CURVE('',#11124,#11193,#11195,.T.);
#11193 = VERTEX_POINT('',#11194);
#11194 = CARTESIAN_POINT('',(87.4,-10.6,62.755));
#11195 = SURFACE_CURVE('',#11196,(#11200,#11206),.PCURVE_S1.);
#11196 = LINE('',#11197,#11198);
#11197 = CARTESIAN_POINT('',(87.4,-0.5,62.755));
#11198 = VECTOR('',#11199,1.);
#11199 = DIRECTION('',(0.,-1.,0.));
#11200 = PCURVE('',#3123,#11201);
#11201 = DEFINITIONAL_REPRESENTATION('',(#11202),#11205);
#11202 = B_SPLINE_CURVE_WITH_KNOTS('',1,(#11203,#11204),.UNSPECIFIED.,
  .F.,.F.,(2,2),(-11.1,10.1),.PIECEWISE_BEZIER_KNOTS.);
#11203 = CARTESIAN_POINT('',(3.,-22.2));
#11204 = CARTESIAN_POINT('',(3.,-1.));
#11205 = ( GEOMETRIC_REPRESENTATION_CONTEXT(2) 
PARAMETRIC_REPRESENTATION_CONTEXT() REPRESENTATION_CONTEXT('2D SPACE',''
  ) );
#11206 = PCURVE('',#11088,#11207);
#11207 = DEFINITIONAL_REPRESENTATION('',(#11208),#11211);
#11208 = B_SPLINE_CURVE_WITH_KNOTS('',1,(#11209,#11210),.UNSPECIFIED.,
  .F.,.F.,(2,2),(-11.1,10.1),.PIECEWISE_BEZIER_KNOTS.);
#11209 = CARTESIAN_POINT('',(0.,-87.4));
#11210 = CARTESIAN_POINT('',(21.2,-87.4));
#11211 = ( GEOMETRIC_REPRESENTATION_CONTEXT(2) 
PARAMETRIC_REPRESENTATION_CONTEXT() REPRESENTATION_CONTEXT('2D SPACE',''
  ) );
#11212 = ORIENTED_EDGE('',*,*,#11213,.T.);
#11213 = EDGE_CURVE('',#11193,#4850,#11214,.T.);
#11214 = SURFACE_CURVE('',#11215,(#11219,#11225),.PCURVE_S1.);
#11215 = LINE('',#11216,#11217);
#11216 = CARTESIAN_POINT('',(87.4,-10.1,62.255));
#11217 = VECTOR('',#11218,1.);
#11218 = DIRECTION('',(0.,0.707106781187,-0.707106781187));
#11219 = PCURVE('',#3123,#11220);
#11220 = DEFINITIONAL_REPRESENTATION('',(#11221),#11224);
#11221 = B_SPLINE_CURVE_WITH_KNOTS('',1,(#11222,#11223),.UNSPECIFIED.,
  .F.,.F.,(2,2),(-0.707106781187,3.203193718775),
  .PIECEWISE_BEZIER_KNOTS.);
#11222 = CARTESIAN_POINT('',(3.,-1.));
#11223 = CARTESIAN_POINT('',(0.235,-3.765));
#11224 = ( GEOMETRIC_REPRESENTATION_CONTEXT(2) 
PARAMETRIC_REPRESENTATION_CONTEXT() REPRESENTATION_CONTEXT('2D SPACE',''
  ) );
#11225 = PCURVE('',#4865,#11226);
#11226 = DEFINITIONAL_REPRESENTATION('',(#11227),#11230);
#11227 = B_SPLINE_CURVE_WITH_KNOTS('',1,(#11228,#11229),.UNSPECIFIED.,
  .F.,.F.,(2,2),(-0.707106781187,3.203193718775),
  .PIECEWISE_BEZIER_KNOTS.);
#11228 = CARTESIAN_POINT('',(0.,-87.4));
#11229 = CARTESIAN_POINT('',(3.910300499962,-87.4));
#11230 = ( GEOMETRIC_REPRESENTATION_CONTEXT(2) 
PARAMETRIC_REPRESENTATION_CONTEXT() REPRESENTATION_CONTEXT('2D SPACE',''
  ) );
#11231 = ADVANCED_FACE('',(#11232),#3097,.T.);
#11232 = FACE_BOUND('',#11233,.T.);
#11233 = EDGE_LOOP('',(#11234,#11235,#11236,#11257));
#11234 = ORIENTED_EDGE('',*,*,#11169,.F.);
#11235 = ORIENTED_EDGE('',*,*,#4898,.T.);
#11236 = ORIENTED_EDGE('',*,*,#11237,.T.);
#11237 = EDGE_CURVE('',#4899,#3057,#11238,.T.);
#11238 = SURFACE_CURVE('',#11239,(#11243,#11250),.PCURVE_S1.);
#11239 = LINE('',#11240,#11241);
#11240 = CARTESIAN_POINT('',(92.63,-11.6,59.755));
#11241 = VECTOR('',#11242,1.);
#11242 = DIRECTION('',(0.,1.,0.));
#11243 = PCURVE('',#3097,#11244);
#11244 = DEFINITIONAL_REPRESENTATION('',(#11245),#11249);
#11245 = LINE('',#11246,#11247);
#11246 = CARTESIAN_POINT('',(5.23,0.));
#11247 = VECTOR('',#11248,1.);
#11248 = DIRECTION('',(0.,1.));
#11249 = ( GEOMETRIC_REPRESENTATION_CONTEXT(2) 
PARAMETRIC_REPRESENTATION_CONTEXT() REPRESENTATION_CONTEXT('2D SPACE',''
  ) );
#11250 = PCURVE('',#3071,#11251);
#11251 = DEFINITIONAL_REPRESENTATION('',(#11252),#11256);
#11252 = LINE('',#11253,#11254);
#11253 = CARTESIAN_POINT('',(0.,0.));
#11254 = VECTOR('',#11255,1.);
#11255 = DIRECTION('',(0.,-1.));
#11256 = ( GEOMETRIC_REPRESENTATION_CONTEXT(2) 
PARAMETRIC_REPRESENTATION_CONTEXT() REPRESENTATION_CONTEXT('2D SPACE',''
  ) );
#11257 = ORIENTED_EDGE('',*,*,#3082,.T.);
#11258 = ADVANCED_FACE('',(#11259),#3071,.F.);
#11259 = FACE_BOUND('',#11260,.F.);
#11260 = EDGE_LOOP('',(#11261,#11262,#11263,#11264,#11285,#11311));
#11261 = ORIENTED_EDGE('',*,*,#4919,.T.);
#11262 = ORIENTED_EDGE('',*,*,#11237,.T.);
#11263 = ORIENTED_EDGE('',*,*,#3056,.T.);
#11264 = ORIENTED_EDGE('',*,*,#11265,.T.);
#11265 = EDGE_CURVE('',#3029,#11266,#11268,.T.);
#11266 = VERTEX_POINT('',#11267);
#11267 = CARTESIAN_POINT('',(92.63,10.6,62.755));
#11268 = SURFACE_CURVE('',#11269,(#11273,#11279),.PCURVE_S1.);
#11269 = LINE('',#11270,#11271);
#11270 = CARTESIAN_POINT('',(92.63,2.9175,55.0725));
#11271 = VECTOR('',#11272,1.);
#11272 = DIRECTION('',(-0.,0.707106781187,0.707106781187));
#11273 = PCURVE('',#3071,#11274);
#11274 = DEFINITIONAL_REPRESENTATION('',(#11275),#11278);
#11275 = B_SPLINE_CURVE_WITH_KNOTS('',1,(#11276,#11277),.UNSPECIFIED.,
  .F.,.F.,(2,2),(6.95439519297,10.864695692931),
  .PIECEWISE_BEZIER_KNOTS.);
#11276 = CARTESIAN_POINT('',(0.235,-19.435));
#11277 = CARTESIAN_POINT('',(3.,-22.2));
#11278 = ( GEOMETRIC_REPRESENTATION_CONTEXT(2) 
PARAMETRIC_REPRESENTATION_CONTEXT() REPRESENTATION_CONTEXT('2D SPACE',''
  ) );
#11279 = PCURVE('',#3044,#11280);
#11280 = DEFINITIONAL_REPRESENTATION('',(#11281),#11284);
#11281 = B_SPLINE_CURVE_WITH_KNOTS('',1,(#11282,#11283),.UNSPECIFIED.,
  .F.,.F.,(2,2),(6.95439519297,10.864695692931),
  .PIECEWISE_BEZIER_KNOTS.);
#11282 = CARTESIAN_POINT('',(0.,-92.63));
#11283 = CARTESIAN_POINT('',(3.910300499962,-92.63));
#11284 = ( GEOMETRIC_REPRESENTATION_CONTEXT(2) 
PARAMETRIC_REPRESENTATION_CONTEXT() REPRESENTATION_CONTEXT('2D SPACE',''
  ) );
#11285 = ORIENTED_EDGE('',*,*,#11286,.T.);
#11286 = EDGE_CURVE('',#11266,#11287,#11289,.T.);
#11287 = VERTEX_POINT('',#11288);
#11288 = CARTESIAN_POINT('',(92.63,-10.6,62.755));
#11289 = SURFACE_CURVE('',#11290,(#11294,#11300),.PCURVE_S1.);
#11290 = LINE('',#11291,#11292);
#11291 = CARTESIAN_POINT('',(92.63,-0.5,62.755));
#11292 = VECTOR('',#11293,1.);
#11293 = DIRECTION('',(0.,-1.,0.));
#11294 = PCURVE('',#3071,#11295);
#11295 = DEFINITIONAL_REPRESENTATION('',(#11296),#11299);
#11296 = B_SPLINE_CURVE_WITH_KNOTS('',1,(#11297,#11298),.UNSPECIFIED.,
  .F.,.F.,(2,2),(-11.1,10.1),.PIECEWISE_BEZIER_KNOTS.);
#11297 = CARTESIAN_POINT('',(3.,-22.2));
#11298 = CARTESIAN_POINT('',(3.,-1.));
#11299 = ( GEOMETRIC_REPRESENTATION_CONTEXT(2) 
PARAMETRIC_REPRESENTATION_CONTEXT() REPRESENTATION_CONTEXT('2D SPACE',''
  ) );
#11300 = PCURVE('',#11301,#11306);
#11301 = PLANE('',#11302);
#11302 = AXIS2_PLACEMENT_3D('',#11303,#11304,#11305);
#11303 = CARTESIAN_POINT('',(0.,10.6,62.755));
#11304 = DIRECTION('',(0.,0.,-1.));
#11305 = DIRECTION('',(0.,-1.,0.));
#11306 = DEFINITIONAL_REPRESENTATION('',(#11307),#11310);
#11307 = B_SPLINE_CURVE_WITH_KNOTS('',1,(#11308,#11309),.UNSPECIFIED.,
  .F.,.F.,(2,2),(-11.1,10.1),.PIECEWISE_BEZIER_KNOTS.);
#11308 = CARTESIAN_POINT('',(0.,-92.63));
#11309 = CARTESIAN_POINT('',(21.2,-92.63));
#11310 = ( GEOMETRIC_REPRESENTATION_CONTEXT(2) 
PARAMETRIC_REPRESENTATION_CONTEXT() REPRESENTATION_CONTEXT('2D SPACE',''
  ) );
#11311 = ORIENTED_EDGE('',*,*,#11312,.T.);
#11312 = EDGE_CURVE('',#11287,#4920,#11313,.T.);
#11313 = SURFACE_CURVE('',#11314,(#11318,#11324),.PCURVE_S1.);
#11314 = LINE('',#11315,#11316);
#11315 = CARTESIAN_POINT('',(92.63,-10.1,62.255));
#11316 = VECTOR('',#11317,1.);
#11317 = DIRECTION('',(0.,0.707106781187,-0.707106781187));
#11318 = PCURVE('',#3071,#11319);
#11319 = DEFINITIONAL_REPRESENTATION('',(#11320),#11323);
#11320 = B_SPLINE_CURVE_WITH_KNOTS('',1,(#11321,#11322),.UNSPECIFIED.,
  .F.,.F.,(2,2),(-0.707106781187,3.203193718775),
  .PIECEWISE_BEZIER_KNOTS.);
#11321 = CARTESIAN_POINT('',(3.,-1.));
#11322 = CARTESIAN_POINT('',(0.235,-3.765));
#11323 = ( GEOMETRIC_REPRESENTATION_CONTEXT(2) 
PARAMETRIC_REPRESENTATION_CONTEXT() REPRESENTATION_CONTEXT('2D SPACE',''
  ) );
#11324 = PCURVE('',#4956,#11325);
#11325 = DEFINITIONAL_REPRESENTATION('',(#11326),#11329);
#11326 = B_SPLINE_CURVE_WITH_KNOTS('',1,(#11327,#11328),.UNSPECIFIED.,
  .F.,.F.,(2,2),(-0.707106781187,3.203193718775),
  .PIECEWISE_BEZIER_KNOTS.);
#11327 = CARTESIAN_POINT('',(0.,-92.63));
#11328 = CARTESIAN_POINT('',(3.910300499962,-92.63));
#11329 = ( GEOMETRIC_REPRESENTATION_CONTEXT(2) 
PARAMETRIC_REPRESENTATION_CONTEXT() REPRESENTATION_CONTEXT('2D SPACE',''
  ) );
#11330 = ADVANCED_FACE('',(#11331),#3044,.F.);
#11331 = FACE_BOUND('',#11332,.F.);
#11332 = EDGE_LOOP('',(#11333,#11334,#11335,#11356));
#11333 = ORIENTED_EDGE('',*,*,#11265,.F.);
#11334 = ORIENTED_EDGE('',*,*,#3028,.T.);
#11335 = ORIENTED_EDGE('',*,*,#11336,.T.);
#11336 = EDGE_CURVE('',#3003,#11337,#11339,.T.);
#11337 = VERTEX_POINT('',#11338);
#11338 = CARTESIAN_POINT('',(97.41,10.6,62.755));
#11339 = SURFACE_CURVE('',#11340,(#11344,#11350),.PCURVE_S1.);
#11340 = LINE('',#11341,#11342);
#11341 = CARTESIAN_POINT('',(97.41,2.9175,55.0725));
#11342 = VECTOR('',#11343,1.);
#11343 = DIRECTION('',(-0.,0.707106781187,0.707106781187));
#11344 = PCURVE('',#3044,#11345);
#11345 = DEFINITIONAL_REPRESENTATION('',(#11346),#11349);
#11346 = B_SPLINE_CURVE_WITH_KNOTS('',1,(#11347,#11348),.UNSPECIFIED.,
  .F.,.F.,(2,2),(6.95439519297,10.864695692931),
  .PIECEWISE_BEZIER_KNOTS.);
#11347 = CARTESIAN_POINT('',(0.,-97.41));
#11348 = CARTESIAN_POINT('',(3.910300499962,-97.41));
#11349 = ( GEOMETRIC_REPRESENTATION_CONTEXT(2) 
PARAMETRIC_REPRESENTATION_CONTEXT() REPRESENTATION_CONTEXT('2D SPACE',''
  ) );
#11350 = PCURVE('',#3017,#11351);
#11351 = DEFINITIONAL_REPRESENTATION('',(#11352),#11355);
#11352 = B_SPLINE_CURVE_WITH_KNOTS('',1,(#11353,#11354),.UNSPECIFIED.,
  .F.,.F.,(2,2),(6.95439519297,10.864695692931),
  .PIECEWISE_BEZIER_KNOTS.);
#11353 = CARTESIAN_POINT('',(0.235,-19.435));
#11354 = CARTESIAN_POINT('',(3.,-22.2));
#11355 = ( GEOMETRIC_REPRESENTATION_CONTEXT(2) 
PARAMETRIC_REPRESENTATION_CONTEXT() REPRESENTATION_CONTEXT('2D SPACE',''
  ) );
#11356 = ORIENTED_EDGE('',*,*,#11357,.F.);
#11357 = EDGE_CURVE('',#11266,#11337,#11358,.T.);
#11358 = SURFACE_CURVE('',#11359,(#11363,#11370),.PCURVE_S1.);
#11359 = LINE('',#11360,#11361);
#11360 = CARTESIAN_POINT('',(0.,10.6,62.755));
#11361 = VECTOR('',#11362,1.);
#11362 = DIRECTION('',(1.,0.,0.));
#11363 = PCURVE('',#3044,#11364);
#11364 = DEFINITIONAL_REPRESENTATION('',(#11365),#11369);
#11365 = LINE('',#11366,#11367);
#11366 = CARTESIAN_POINT('',(3.910300499962,0.));
#11367 = VECTOR('',#11368,1.);
#11368 = DIRECTION('',(0.,-1.));
#11369 = ( GEOMETRIC_REPRESENTATION_CONTEXT(2) 
PARAMETRIC_REPRESENTATION_CONTEXT() REPRESENTATION_CONTEXT('2D SPACE',''
  ) );
#11370 = PCURVE('',#11301,#11371);
#11371 = DEFINITIONAL_REPRESENTATION('',(#11372),#11376);
#11372 = LINE('',#11373,#11374);
#11373 = CARTESIAN_POINT('',(0.,-0.));
#11374 = VECTOR('',#11375,1.);
#11375 = DIRECTION('',(0.,-1.));
#11376 = ( GEOMETRIC_REPRESENTATION_CONTEXT(2) 
PARAMETRIC_REPRESENTATION_CONTEXT() REPRESENTATION_CONTEXT('2D SPACE',''
  ) );
#11377 = ADVANCED_FACE('',(#11378),#3017,.T.);
#11378 = FACE_BOUND('',#11379,.T.);
#11379 = EDGE_LOOP('',(#11380,#11381,#11402,#11403,#11404,#11425));
#11380 = ORIENTED_EDGE('',*,*,#4968,.T.);
#11381 = ORIENTED_EDGE('',*,*,#11382,.T.);
#11382 = EDGE_CURVE('',#4969,#2977,#11383,.T.);
#11383 = SURFACE_CURVE('',#11384,(#11388,#11395),.PCURVE_S1.);
#11384 = LINE('',#11385,#11386);
#11385 = CARTESIAN_POINT('',(97.41,-11.6,59.755));
#11386 = VECTOR('',#11387,1.);
#11387 = DIRECTION('',(0.,1.,0.));
#11388 = PCURVE('',#3017,#11389);
#11389 = DEFINITIONAL_REPRESENTATION('',(#11390),#11394);
#11390 = LINE('',#11391,#11392);
#11391 = CARTESIAN_POINT('',(0.,0.));
#11392 = VECTOR('',#11393,1.);
#11393 = DIRECTION('',(0.,-1.));
#11394 = ( GEOMETRIC_REPRESENTATION_CONTEXT(2) 
PARAMETRIC_REPRESENTATION_CONTEXT() REPRESENTATION_CONTEXT('2D SPACE',''
  ) );
#11395 = PCURVE('',#2991,#11396);
#11396 = DEFINITIONAL_REPRESENTATION('',(#11397),#11401);
#11397 = LINE('',#11398,#11399);
#11398 = CARTESIAN_POINT('',(0.,0.));
#11399 = VECTOR('',#11400,1.);
#11400 = DIRECTION('',(0.,1.));
#11401 = ( GEOMETRIC_REPRESENTATION_CONTEXT(2) 
PARAMETRIC_REPRESENTATION_CONTEXT() REPRESENTATION_CONTEXT('2D SPACE',''
  ) );
#11402 = ORIENTED_EDGE('',*,*,#3002,.T.);
#11403 = ORIENTED_EDGE('',*,*,#11336,.T.);
#11404 = ORIENTED_EDGE('',*,*,#11405,.T.);
#11405 = EDGE_CURVE('',#11337,#11406,#11408,.T.);
#11406 = VERTEX_POINT('',#11407);
#11407 = CARTESIAN_POINT('',(97.41,-10.6,62.755));
#11408 = SURFACE_CURVE('',#11409,(#11413,#11419),.PCURVE_S1.);
#11409 = LINE('',#11410,#11411);
#11410 = CARTESIAN_POINT('',(97.41,-0.5,62.755));
#11411 = VECTOR('',#11412,1.);
#11412 = DIRECTION('',(0.,-1.,0.));
#11413 = PCURVE('',#3017,#11414);
#11414 = DEFINITIONAL_REPRESENTATION('',(#11415),#11418);
#11415 = B_SPLINE_CURVE_WITH_KNOTS('',1,(#11416,#11417),.UNSPECIFIED.,
  .F.,.F.,(2,2),(-11.1,10.1),.PIECEWISE_BEZIER_KNOTS.);
#11416 = CARTESIAN_POINT('',(3.,-22.2));
#11417 = CARTESIAN_POINT('',(3.,-1.));
#11418 = ( GEOMETRIC_REPRESENTATION_CONTEXT(2) 
PARAMETRIC_REPRESENTATION_CONTEXT() REPRESENTATION_CONTEXT('2D SPACE',''
  ) );
#11419 = PCURVE('',#11301,#11420);
#11420 = DEFINITIONAL_REPRESENTATION('',(#11421),#11424);
#11421 = B_SPLINE_CURVE_WITH_KNOTS('',1,(#11422,#11423),.UNSPECIFIED.,
  .F.,.F.,(2,2),(-11.1,10.1),.PIECEWISE_BEZIER_KNOTS.);
#11422 = CARTESIAN_POINT('',(0.,-97.41));
#11423 = CARTESIAN_POINT('',(21.2,-97.41));
#11424 = ( GEOMETRIC_REPRESENTATION_CONTEXT(2) 
PARAMETRIC_REPRESENTATION_CONTEXT() REPRESENTATION_CONTEXT('2D SPACE',''
  ) );
#11425 = ORIENTED_EDGE('',*,*,#11426,.T.);
#11426 = EDGE_CURVE('',#11406,#4941,#11427,.T.);
#11427 = SURFACE_CURVE('',#11428,(#11432,#11438),.PCURVE_S1.);
#11428 = LINE('',#11429,#11430);
#11429 = CARTESIAN_POINT('',(97.41,-10.1,62.255));
#11430 = VECTOR('',#11431,1.);
#11431 = DIRECTION('',(0.,0.707106781187,-0.707106781187));
#11432 = PCURVE('',#3017,#11433);
#11433 = DEFINITIONAL_REPRESENTATION('',(#11434),#11437);
#11434 = B_SPLINE_CURVE_WITH_KNOTS('',1,(#11435,#11436),.UNSPECIFIED.,
  .F.,.F.,(2,2),(-0.707106781187,3.203193718775),
  .PIECEWISE_BEZIER_KNOTS.);
#11435 = CARTESIAN_POINT('',(3.,-1.));
#11436 = CARTESIAN_POINT('',(0.235,-3.765));
#11437 = ( GEOMETRIC_REPRESENTATION_CONTEXT(2) 
PARAMETRIC_REPRESENTATION_CONTEXT() REPRESENTATION_CONTEXT('2D SPACE',''
  ) );
#11438 = PCURVE('',#4956,#11439);
#11439 = DEFINITIONAL_REPRESENTATION('',(#11440),#11443);
#11440 = B_SPLINE_CURVE_WITH_KNOTS('',1,(#11441,#11442),.UNSPECIFIED.,
  .F.,.F.,(2,2),(-0.707106781187,3.203193718775),
  .PIECEWISE_BEZIER_KNOTS.);
#11441 = CARTESIAN_POINT('',(0.,-97.41));
#11442 = CARTESIAN_POINT('',(3.910300499962,-97.41));
#11443 = ( GEOMETRIC_REPRESENTATION_CONTEXT(2) 
PARAMETRIC_REPRESENTATION_CONTEXT() REPRESENTATION_CONTEXT('2D SPACE',''
  ) );
#11444 = ADVANCED_FACE('',(#11445),#2991,.T.);
#11445 = FACE_BOUND('',#11446,.T.);
#11446 = EDGE_LOOP('',(#11447,#11448,#11449,#11470));
#11447 = ORIENTED_EDGE('',*,*,#11382,.F.);
#11448 = ORIENTED_EDGE('',*,*,#4989,.T.);
#11449 = ORIENTED_EDGE('',*,*,#11450,.T.);
#11450 = EDGE_CURVE('',#4990,#2951,#11451,.T.);
#11451 = SURFACE_CURVE('',#11452,(#11456,#11463),.PCURVE_S1.);
#11452 = LINE('',#11453,#11454);
#11453 = CARTESIAN_POINT('',(102.64,-11.6,59.755));
#11454 = VECTOR('',#11455,1.);
#11455 = DIRECTION('',(0.,1.,0.));
#11456 = PCURVE('',#2991,#11457);
#11457 = DEFINITIONAL_REPRESENTATION('',(#11458),#11462);
#11458 = LINE('',#11459,#11460);
#11459 = CARTESIAN_POINT('',(5.23,0.));
#11460 = VECTOR('',#11461,1.);
#11461 = DIRECTION('',(0.,1.));
#11462 = ( GEOMETRIC_REPRESENTATION_CONTEXT(2) 
PARAMETRIC_REPRESENTATION_CONTEXT() REPRESENTATION_CONTEXT('2D SPACE',''
  ) );
#11463 = PCURVE('',#2965,#11464);
#11464 = DEFINITIONAL_REPRESENTATION('',(#11465),#11469);
#11465 = LINE('',#11466,#11467);
#11466 = CARTESIAN_POINT('',(0.,0.));
#11467 = VECTOR('',#11468,1.);
#11468 = DIRECTION('',(0.,-1.));
#11469 = ( GEOMETRIC_REPRESENTATION_CONTEXT(2) 
PARAMETRIC_REPRESENTATION_CONTEXT() REPRESENTATION_CONTEXT('2D SPACE',''
  ) );
#11470 = ORIENTED_EDGE('',*,*,#2976,.T.);
#11471 = ADVANCED_FACE('',(#11472),#2965,.F.);
#11472 = FACE_BOUND('',#11473,.F.);
#11473 = EDGE_LOOP('',(#11474,#11475,#11476,#11477,#11498,#11524));
#11474 = ORIENTED_EDGE('',*,*,#5010,.T.);
#11475 = ORIENTED_EDGE('',*,*,#11450,.T.);
#11476 = ORIENTED_EDGE('',*,*,#2950,.T.);
#11477 = ORIENTED_EDGE('',*,*,#11478,.T.);
#11478 = EDGE_CURVE('',#2923,#11479,#11481,.T.);
#11479 = VERTEX_POINT('',#11480);
#11480 = CARTESIAN_POINT('',(102.64,10.6,62.755));
#11481 = SURFACE_CURVE('',#11482,(#11486,#11492),.PCURVE_S1.);
#11482 = LINE('',#11483,#11484);
#11483 = CARTESIAN_POINT('',(102.64,2.9175,55.0725));
#11484 = VECTOR('',#11485,1.);
#11485 = DIRECTION('',(-0.,0.707106781187,0.707106781187));
#11486 = PCURVE('',#2965,#11487);
#11487 = DEFINITIONAL_REPRESENTATION('',(#11488),#11491);
#11488 = B_SPLINE_CURVE_WITH_KNOTS('',1,(#11489,#11490),.UNSPECIFIED.,
  .F.,.F.,(2,2),(6.95439519297,10.864695692931),
  .PIECEWISE_BEZIER_KNOTS.);
#11489 = CARTESIAN_POINT('',(0.235,-19.435));
#11490 = CARTESIAN_POINT('',(3.,-22.2));
#11491 = ( GEOMETRIC_REPRESENTATION_CONTEXT(2) 
PARAMETRIC_REPRESENTATION_CONTEXT() REPRESENTATION_CONTEXT('2D SPACE',''
  ) );
#11492 = PCURVE('',#2938,#11493);
#11493 = DEFINITIONAL_REPRESENTATION('',(#11494),#11497);
#11494 = B_SPLINE_CURVE_WITH_KNOTS('',1,(#11495,#11496),.UNSPECIFIED.,
  .F.,.F.,(2,2),(6.95439519297,10.864695692931),
  .PIECEWISE_BEZIER_KNOTS.);
#11495 = CARTESIAN_POINT('',(0.,-102.64));
#11496 = CARTESIAN_POINT('',(3.910300499962,-102.64));
#11497 = ( GEOMETRIC_REPRESENTATION_CONTEXT(2) 
PARAMETRIC_REPRESENTATION_CONTEXT() REPRESENTATION_CONTEXT('2D SPACE',''
  ) );
#11498 = ORIENTED_EDGE('',*,*,#11499,.T.);
#11499 = EDGE_CURVE('',#11479,#11500,#11502,.T.);
#11500 = VERTEX_POINT('',#11501);
#11501 = CARTESIAN_POINT('',(102.64,-10.6,62.755));
#11502 = SURFACE_CURVE('',#11503,(#11507,#11513),.PCURVE_S1.);
#11503 = LINE('',#11504,#11505);
#11504 = CARTESIAN_POINT('',(102.64,-0.5,62.755));
#11505 = VECTOR('',#11506,1.);
#11506 = DIRECTION('',(0.,-1.,0.));
#11507 = PCURVE('',#2965,#11508);
#11508 = DEFINITIONAL_REPRESENTATION('',(#11509),#11512);
#11509 = B_SPLINE_CURVE_WITH_KNOTS('',1,(#11510,#11511),.UNSPECIFIED.,
  .F.,.F.,(2,2),(-11.1,10.1),.PIECEWISE_BEZIER_KNOTS.);
#11510 = CARTESIAN_POINT('',(3.,-22.2));
#11511 = CARTESIAN_POINT('',(3.,-1.));
#11512 = ( GEOMETRIC_REPRESENTATION_CONTEXT(2) 
PARAMETRIC_REPRESENTATION_CONTEXT() REPRESENTATION_CONTEXT('2D SPACE',''
  ) );
#11513 = PCURVE('',#11514,#11519);
#11514 = PLANE('',#11515);
#11515 = AXIS2_PLACEMENT_3D('',#11516,#11517,#11518);
#11516 = CARTESIAN_POINT('',(0.,10.6,62.755));
#11517 = DIRECTION('',(0.,0.,-1.));
#11518 = DIRECTION('',(0.,-1.,0.));
#11519 = DEFINITIONAL_REPRESENTATION('',(#11520),#11523);
#11520 = B_SPLINE_CURVE_WITH_KNOTS('',1,(#11521,#11522),.UNSPECIFIED.,
  .F.,.F.,(2,2),(-11.1,10.1),.PIECEWISE_BEZIER_KNOTS.);
#11521 = CARTESIAN_POINT('',(0.,-102.64));
#11522 = CARTESIAN_POINT('',(21.2,-102.64));
#11523 = ( GEOMETRIC_REPRESENTATION_CONTEXT(2) 
PARAMETRIC_REPRESENTATION_CONTEXT() REPRESENTATION_CONTEXT('2D SPACE',''
  ) );
#11524 = ORIENTED_EDGE('',*,*,#11525,.T.);
#11525 = EDGE_CURVE('',#11500,#5011,#11526,.T.);
#11526 = SURFACE_CURVE('',#11527,(#11531,#11537),.PCURVE_S1.);
#11527 = LINE('',#11528,#11529);
#11528 = CARTESIAN_POINT('',(102.64,-10.1,62.255));
#11529 = VECTOR('',#11530,1.);
#11530 = DIRECTION('',(0.,0.707106781187,-0.707106781187));
#11531 = PCURVE('',#2965,#11532);
#11532 = DEFINITIONAL_REPRESENTATION('',(#11533),#11536);
#11533 = B_SPLINE_CURVE_WITH_KNOTS('',1,(#11534,#11535),.UNSPECIFIED.,
  .F.,.F.,(2,2),(-0.707106781187,3.203193718775),
  .PIECEWISE_BEZIER_KNOTS.);
#11534 = CARTESIAN_POINT('',(3.,-1.));
#11535 = CARTESIAN_POINT('',(0.235,-3.765));
#11536 = ( GEOMETRIC_REPRESENTATION_CONTEXT(2) 
PARAMETRIC_REPRESENTATION_CONTEXT() REPRESENTATION_CONTEXT('2D SPACE',''
  ) );
#11537 = PCURVE('',#5047,#11538);
#11538 = DEFINITIONAL_REPRESENTATION('',(#11539),#11542);
#11539 = B_SPLINE_CURVE_WITH_KNOTS('',1,(#11540,#11541),.UNSPECIFIED.,
  .F.,.F.,(2,2),(-0.707106781187,3.203193718775),
  .PIECEWISE_BEZIER_KNOTS.);
#11540 = CARTESIAN_POINT('',(0.,-102.64));
#11541 = CARTESIAN_POINT('',(3.910300499962,-102.64));
#11542 = ( GEOMETRIC_REPRESENTATION_CONTEXT(2) 
PARAMETRIC_REPRESENTATION_CONTEXT() REPRESENTATION_CONTEXT('2D SPACE',''
  ) );
#11543 = ADVANCED_FACE('',(#11544),#2938,.F.);
#11544 = FACE_BOUND('',#11545,.F.);
#11545 = EDGE_LOOP('',(#11546,#11547,#11548,#11569));
#11546 = ORIENTED_EDGE('',*,*,#11478,.F.);
#11547 = ORIENTED_EDGE('',*,*,#2922,.T.);
#11548 = ORIENTED_EDGE('',*,*,#11549,.T.);
#11549 = EDGE_CURVE('',#2897,#11550,#11552,.T.);
#11550 = VERTEX_POINT('',#11551);
#11551 = CARTESIAN_POINT('',(107.42,10.6,62.755));
#11552 = SURFACE_CURVE('',#11553,(#11557,#11563),.PCURVE_S1.);
#11553 = LINE('',#11554,#11555);
#11554 = CARTESIAN_POINT('',(107.42,2.9175,55.0725));
#11555 = VECTOR('',#11556,1.);
#11556 = DIRECTION('',(-0.,0.707106781187,0.707106781187));
#11557 = PCURVE('',#2938,#11558);
#11558 = DEFINITIONAL_REPRESENTATION('',(#11559),#11562);
#11559 = B_SPLINE_CURVE_WITH_KNOTS('',1,(#11560,#11561),.UNSPECIFIED.,
  .F.,.F.,(2,2),(6.95439519297,10.864695692931),
  .PIECEWISE_BEZIER_KNOTS.);
#11560 = CARTESIAN_POINT('',(0.,-107.42));
#11561 = CARTESIAN_POINT('',(3.910300499962,-107.42));
#11562 = ( GEOMETRIC_REPRESENTATION_CONTEXT(2) 
PARAMETRIC_REPRESENTATION_CONTEXT() REPRESENTATION_CONTEXT('2D SPACE',''
  ) );
#11563 = PCURVE('',#2911,#11564);
#11564 = DEFINITIONAL_REPRESENTATION('',(#11565),#11568);
#11565 = B_SPLINE_CURVE_WITH_KNOTS('',1,(#11566,#11567),.UNSPECIFIED.,
  .F.,.F.,(2,2),(6.95439519297,10.864695692931),
  .PIECEWISE_BEZIER_KNOTS.);
#11566 = CARTESIAN_POINT('',(0.235,-19.435));
#11567 = CARTESIAN_POINT('',(3.,-22.2));
#11568 = ( GEOMETRIC_REPRESENTATION_CONTEXT(2) 
PARAMETRIC_REPRESENTATION_CONTEXT() REPRESENTATION_CONTEXT('2D SPACE',''
  ) );
#11569 = ORIENTED_EDGE('',*,*,#11570,.F.);
#11570 = EDGE_CURVE('',#11479,#11550,#11571,.T.);
#11571 = SURFACE_CURVE('',#11572,(#11576,#11583),.PCURVE_S1.);
#11572 = LINE('',#11573,#11574);
#11573 = CARTESIAN_POINT('',(0.,10.6,62.755));
#11574 = VECTOR('',#11575,1.);
#11575 = DIRECTION('',(1.,0.,0.));
#11576 = PCURVE('',#2938,#11577);
#11577 = DEFINITIONAL_REPRESENTATION('',(#11578),#11582);
#11578 = LINE('',#11579,#11580);
#11579 = CARTESIAN_POINT('',(3.910300499962,0.));
#11580 = VECTOR('',#11581,1.);
#11581 = DIRECTION('',(0.,-1.));
#11582 = ( GEOMETRIC_REPRESENTATION_CONTEXT(2) 
PARAMETRIC_REPRESENTATION_CONTEXT() REPRESENTATION_CONTEXT('2D SPACE',''
  ) );
#11583 = PCURVE('',#11514,#11584);
#11584 = DEFINITIONAL_REPRESENTATION('',(#11585),#11589);
#11585 = LINE('',#11586,#11587);
#11586 = CARTESIAN_POINT('',(0.,-0.));
#11587 = VECTOR('',#11588,1.);
#11588 = DIRECTION('',(0.,-1.));
#11589 = ( GEOMETRIC_REPRESENTATION_CONTEXT(2) 
PARAMETRIC_REPRESENTATION_CONTEXT() REPRESENTATION_CONTEXT('2D SPACE',''
  ) );
#11590 = ADVANCED_FACE('',(#11591),#2911,.T.);
#11591 = FACE_BOUND('',#11592,.T.);
#11592 = EDGE_LOOP('',(#11593,#11594,#11615,#11616,#11617,#11638));
#11593 = ORIENTED_EDGE('',*,*,#5059,.T.);
#11594 = ORIENTED_EDGE('',*,*,#11595,.T.);
#11595 = EDGE_CURVE('',#5060,#2871,#11596,.T.);
#11596 = SURFACE_CURVE('',#11597,(#11601,#11608),.PCURVE_S1.);
#11597 = LINE('',#11598,#11599);
#11598 = CARTESIAN_POINT('',(107.42,-11.6,59.755));
#11599 = VECTOR('',#11600,1.);
#11600 = DIRECTION('',(0.,1.,0.));
#11601 = PCURVE('',#2911,#11602);
#11602 = DEFINITIONAL_REPRESENTATION('',(#11603),#11607);
#11603 = LINE('',#11604,#11605);
#11604 = CARTESIAN_POINT('',(0.,0.));
#11605 = VECTOR('',#11606,1.);
#11606 = DIRECTION('',(0.,-1.));
#11607 = ( GEOMETRIC_REPRESENTATION_CONTEXT(2) 
PARAMETRIC_REPRESENTATION_CONTEXT() REPRESENTATION_CONTEXT('2D SPACE',''
  ) );
#11608 = PCURVE('',#2885,#11609);
#11609 = DEFINITIONAL_REPRESENTATION('',(#11610),#11614);
#11610 = LINE('',#11611,#11612);
#11611 = CARTESIAN_POINT('',(0.,0.));
#11612 = VECTOR('',#11613,1.);
#11613 = DIRECTION('',(0.,1.));
#11614 = ( GEOMETRIC_REPRESENTATION_CONTEXT(2) 
PARAMETRIC_REPRESENTATION_CONTEXT() REPRESENTATION_CONTEXT('2D SPACE',''
  ) );
#11615 = ORIENTED_EDGE('',*,*,#2896,.T.);
#11616 = ORIENTED_EDGE('',*,*,#11549,.T.);
#11617 = ORIENTED_EDGE('',*,*,#11618,.T.);
#11618 = EDGE_CURVE('',#11550,#11619,#11621,.T.);
#11619 = VERTEX_POINT('',#11620);
#11620 = CARTESIAN_POINT('',(107.42,-10.6,62.755));
#11621 = SURFACE_CURVE('',#11622,(#11626,#11632),.PCURVE_S1.);
#11622 = LINE('',#11623,#11624);
#11623 = CARTESIAN_POINT('',(107.42,-0.5,62.755));
#11624 = VECTOR('',#11625,1.);
#11625 = DIRECTION('',(0.,-1.,0.));
#11626 = PCURVE('',#2911,#11627);
#11627 = DEFINITIONAL_REPRESENTATION('',(#11628),#11631);
#11628 = B_SPLINE_CURVE_WITH_KNOTS('',1,(#11629,#11630),.UNSPECIFIED.,
  .F.,.F.,(2,2),(-11.1,10.1),.PIECEWISE_BEZIER_KNOTS.);
#11629 = CARTESIAN_POINT('',(3.,-22.2));
#11630 = CARTESIAN_POINT('',(3.,-1.));
#11631 = ( GEOMETRIC_REPRESENTATION_CONTEXT(2) 
PARAMETRIC_REPRESENTATION_CONTEXT() REPRESENTATION_CONTEXT('2D SPACE',''
  ) );
#11632 = PCURVE('',#11514,#11633);
#11633 = DEFINITIONAL_REPRESENTATION('',(#11634),#11637);
#11634 = B_SPLINE_CURVE_WITH_KNOTS('',1,(#11635,#11636),.UNSPECIFIED.,
  .F.,.F.,(2,2),(-11.1,10.1),.PIECEWISE_BEZIER_KNOTS.);
#11635 = CARTESIAN_POINT('',(0.,-107.42));
#11636 = CARTESIAN_POINT('',(21.2,-107.42));
#11637 = ( GEOMETRIC_REPRESENTATION_CONTEXT(2) 
PARAMETRIC_REPRESENTATION_CONTEXT() REPRESENTATION_CONTEXT('2D SPACE',''
  ) );
#11638 = ORIENTED_EDGE('',*,*,#11639,.T.);
#11639 = EDGE_CURVE('',#11619,#5032,#11640,.T.);
#11640 = SURFACE_CURVE('',#11641,(#11645,#11651),.PCURVE_S1.);
#11641 = LINE('',#11642,#11643);
#11642 = CARTESIAN_POINT('',(107.42,-10.1,62.255));
#11643 = VECTOR('',#11644,1.);
#11644 = DIRECTION('',(0.,0.707106781187,-0.707106781187));
#11645 = PCURVE('',#2911,#11646);
#11646 = DEFINITIONAL_REPRESENTATION('',(#11647),#11650);
#11647 = B_SPLINE_CURVE_WITH_KNOTS('',1,(#11648,#11649),.UNSPECIFIED.,
  .F.,.F.,(2,2),(-0.707106781187,3.203193718775),
  .PIECEWISE_BEZIER_KNOTS.);
#11648 = CARTESIAN_POINT('',(3.,-1.));
#11649 = CARTESIAN_POINT('',(0.235,-3.765));
#11650 = ( GEOMETRIC_REPRESENTATION_CONTEXT(2) 
PARAMETRIC_REPRESENTATION_CONTEXT() REPRESENTATION_CONTEXT('2D SPACE',''
  ) );
#11651 = PCURVE('',#5047,#11652);
#11652 = DEFINITIONAL_REPRESENTATION('',(#11653),#11656);
#11653 = B_SPLINE_CURVE_WITH_KNOTS('',1,(#11654,#11655),.UNSPECIFIED.,
  .F.,.F.,(2,2),(-0.707106781187,3.203193718775),
  .PIECEWISE_BEZIER_KNOTS.);
#11654 = CARTESIAN_POINT('',(0.,-107.42));
#11655 = CARTESIAN_POINT('',(3.910300499962,-107.42));
#11656 = ( GEOMETRIC_REPRESENTATION_CONTEXT(2) 
PARAMETRIC_REPRESENTATION_CONTEXT() REPRESENTATION_CONTEXT('2D SPACE',''
  ) );
#11657 = ADVANCED_FACE('',(#11658),#2885,.T.);
#11658 = FACE_BOUND('',#11659,.T.);
#11659 = EDGE_LOOP('',(#11660,#11661,#11662,#11683));
#11660 = ORIENTED_EDGE('',*,*,#11595,.F.);
#11661 = ORIENTED_EDGE('',*,*,#5080,.T.);
#11662 = ORIENTED_EDGE('',*,*,#11663,.T.);
#11663 = EDGE_CURVE('',#5081,#2845,#11664,.T.);
#11664 = SURFACE_CURVE('',#11665,(#11669,#11676),.PCURVE_S1.);
#11665 = LINE('',#11666,#11667);
#11666 = CARTESIAN_POINT('',(112.65,-11.6,59.755));
#11667 = VECTOR('',#11668,1.);
#11668 = DIRECTION('',(0.,1.,0.));
#11669 = PCURVE('',#2885,#11670);
#11670 = DEFINITIONAL_REPRESENTATION('',(#11671),#11675);
#11671 = LINE('',#11672,#11673);
#11672 = CARTESIAN_POINT('',(5.23,0.));
#11673 = VECTOR('',#11674,1.);
#11674 = DIRECTION('',(0.,1.));
#11675 = ( GEOMETRIC_REPRESENTATION_CONTEXT(2) 
PARAMETRIC_REPRESENTATION_CONTEXT() REPRESENTATION_CONTEXT('2D SPACE',''
  ) );
#11676 = PCURVE('',#2859,#11677);
#11677 = DEFINITIONAL_REPRESENTATION('',(#11678),#11682);
#11678 = LINE('',#11679,#11680);
#11679 = CARTESIAN_POINT('',(0.,0.));
#11680 = VECTOR('',#11681,1.);
#11681 = DIRECTION('',(0.,-1.));
#11682 = ( GEOMETRIC_REPRESENTATION_CONTEXT(2) 
PARAMETRIC_REPRESENTATION_CONTEXT() REPRESENTATION_CONTEXT('2D SPACE',''
  ) );
#11683 = ORIENTED_EDGE('',*,*,#2870,.T.);
#11684 = ADVANCED_FACE('',(#11685),#2859,.F.);
#11685 = FACE_BOUND('',#11686,.F.);
#11686 = EDGE_LOOP('',(#11687,#11688,#11689,#11690,#11711,#11737));
#11687 = ORIENTED_EDGE('',*,*,#5101,.T.);
#11688 = ORIENTED_EDGE('',*,*,#11663,.T.);
#11689 = ORIENTED_EDGE('',*,*,#2844,.T.);
#11690 = ORIENTED_EDGE('',*,*,#11691,.T.);
#11691 = EDGE_CURVE('',#2817,#11692,#11694,.T.);
#11692 = VERTEX_POINT('',#11693);
#11693 = CARTESIAN_POINT('',(112.65,10.6,62.755));
#11694 = SURFACE_CURVE('',#11695,(#11699,#11705),.PCURVE_S1.);
#11695 = LINE('',#11696,#11697);
#11696 = CARTESIAN_POINT('',(112.65,2.9175,55.0725));
#11697 = VECTOR('',#11698,1.);
#11698 = DIRECTION('',(-0.,0.707106781187,0.707106781187));
#11699 = PCURVE('',#2859,#11700);
#11700 = DEFINITIONAL_REPRESENTATION('',(#11701),#11704);
#11701 = B_SPLINE_CURVE_WITH_KNOTS('',1,(#11702,#11703),.UNSPECIFIED.,
  .F.,.F.,(2,2),(6.95439519297,10.864695692931),
  .PIECEWISE_BEZIER_KNOTS.);
#11702 = CARTESIAN_POINT('',(0.235,-19.435));
#11703 = CARTESIAN_POINT('',(3.,-22.2));
#11704 = ( GEOMETRIC_REPRESENTATION_CONTEXT(2) 
PARAMETRIC_REPRESENTATION_CONTEXT() REPRESENTATION_CONTEXT('2D SPACE',''
  ) );
#11705 = PCURVE('',#2832,#11706);
#11706 = DEFINITIONAL_REPRESENTATION('',(#11707),#11710);
#11707 = B_SPLINE_CURVE_WITH_KNOTS('',1,(#11708,#11709),.UNSPECIFIED.,
  .F.,.F.,(2,2),(6.95439519297,10.864695692931),
  .PIECEWISE_BEZIER_KNOTS.);
#11708 = CARTESIAN_POINT('',(0.,-112.65));
#11709 = CARTESIAN_POINT('',(3.910300499962,-112.65));
#11710 = ( GEOMETRIC_REPRESENTATION_CONTEXT(2) 
PARAMETRIC_REPRESENTATION_CONTEXT() REPRESENTATION_CONTEXT('2D SPACE',''
  ) );
#11711 = ORIENTED_EDGE('',*,*,#11712,.T.);
#11712 = EDGE_CURVE('',#11692,#11713,#11715,.T.);
#11713 = VERTEX_POINT('',#11714);
#11714 = CARTESIAN_POINT('',(112.65,-10.6,62.755));
#11715 = SURFACE_CURVE('',#11716,(#11720,#11726),.PCURVE_S1.);
#11716 = LINE('',#11717,#11718);
#11717 = CARTESIAN_POINT('',(112.65,-0.5,62.755));
#11718 = VECTOR('',#11719,1.);
#11719 = DIRECTION('',(0.,-1.,0.));
#11720 = PCURVE('',#2859,#11721);
#11721 = DEFINITIONAL_REPRESENTATION('',(#11722),#11725);
#11722 = B_SPLINE_CURVE_WITH_KNOTS('',1,(#11723,#11724),.UNSPECIFIED.,
  .F.,.F.,(2,2),(-11.1,10.1),.PIECEWISE_BEZIER_KNOTS.);
#11723 = CARTESIAN_POINT('',(3.,-22.2));
#11724 = CARTESIAN_POINT('',(3.,-1.));
#11725 = ( GEOMETRIC_REPRESENTATION_CONTEXT(2) 
PARAMETRIC_REPRESENTATION_CONTEXT() REPRESENTATION_CONTEXT('2D SPACE',''
  ) );
#11726 = PCURVE('',#11727,#11732);
#11727 = PLANE('',#11728);
#11728 = AXIS2_PLACEMENT_3D('',#11729,#11730,#11731);
#11729 = CARTESIAN_POINT('',(0.,10.6,62.755));
#11730 = DIRECTION('',(0.,0.,-1.));
#11731 = DIRECTION('',(0.,-1.,0.));
#11732 = DEFINITIONAL_REPRESENTATION('',(#11733),#11736);
#11733 = B_SPLINE_CURVE_WITH_KNOTS('',1,(#11734,#11735),.UNSPECIFIED.,
  .F.,.F.,(2,2),(-11.1,10.1),.PIECEWISE_BEZIER_KNOTS.);
#11734 = CARTESIAN_POINT('',(0.,-112.65));
#11735 = CARTESIAN_POINT('',(21.2,-112.65));
#11736 = ( GEOMETRIC_REPRESENTATION_CONTEXT(2) 
PARAMETRIC_REPRESENTATION_CONTEXT() REPRESENTATION_CONTEXT('2D SPACE',''
  ) );
#11737 = ORIENTED_EDGE('',*,*,#11738,.T.);
#11738 = EDGE_CURVE('',#11713,#5102,#11739,.T.);
#11739 = SURFACE_CURVE('',#11740,(#11744,#11750),.PCURVE_S1.);
#11740 = LINE('',#11741,#11742);
#11741 = CARTESIAN_POINT('',(112.65,-10.1,62.255));
#11742 = VECTOR('',#11743,1.);
#11743 = DIRECTION('',(0.,0.707106781187,-0.707106781187));
#11744 = PCURVE('',#2859,#11745);
#11745 = DEFINITIONAL_REPRESENTATION('',(#11746),#11749);
#11746 = B_SPLINE_CURVE_WITH_KNOTS('',1,(#11747,#11748),.UNSPECIFIED.,
  .F.,.F.,(2,2),(-0.707106781187,3.203193718775),
  .PIECEWISE_BEZIER_KNOTS.);
#11747 = CARTESIAN_POINT('',(3.,-1.));
#11748 = CARTESIAN_POINT('',(0.235,-3.765));
#11749 = ( GEOMETRIC_REPRESENTATION_CONTEXT(2) 
PARAMETRIC_REPRESENTATION_CONTEXT() REPRESENTATION_CONTEXT('2D SPACE',''
  ) );
#11750 = PCURVE('',#5138,#11751);
#11751 = DEFINITIONAL_REPRESENTATION('',(#11752),#11755);
#11752 = B_SPLINE_CURVE_WITH_KNOTS('',1,(#11753,#11754),.UNSPECIFIED.,
  .F.,.F.,(2,2),(-0.707106781187,3.203193718775),
  .PIECEWISE_BEZIER_KNOTS.);
#11753 = CARTESIAN_POINT('',(0.,-112.65));
#11754 = CARTESIAN_POINT('',(3.910300499962,-112.65));
#11755 = ( GEOMETRIC_REPRESENTATION_CONTEXT(2) 
PARAMETRIC_REPRESENTATION_CONTEXT() REPRESENTATION_CONTEXT('2D SPACE',''
  ) );
#11756 = ADVANCED_FACE('',(#11757),#2832,.F.);
#11757 = FACE_BOUND('',#11758,.F.);
#11758 = EDGE_LOOP('',(#11759,#11760,#11761,#11782));
#11759 = ORIENTED_EDGE('',*,*,#11691,.F.);
#11760 = ORIENTED_EDGE('',*,*,#2816,.T.);
#11761 = ORIENTED_EDGE('',*,*,#11762,.T.);
#11762 = EDGE_CURVE('',#2791,#11763,#11765,.T.);
#11763 = VERTEX_POINT('',#11764);
#11764 = CARTESIAN_POINT('',(117.43,10.6,62.755));
#11765 = SURFACE_CURVE('',#11766,(#11770,#11776),.PCURVE_S1.);
#11766 = LINE('',#11767,#11768);
#11767 = CARTESIAN_POINT('',(117.43,2.9175,55.0725));
#11768 = VECTOR('',#11769,1.);
#11769 = DIRECTION('',(-0.,0.707106781187,0.707106781187));
#11770 = PCURVE('',#2832,#11771);
#11771 = DEFINITIONAL_REPRESENTATION('',(#11772),#11775);
#11772 = B_SPLINE_CURVE_WITH_KNOTS('',1,(#11773,#11774),.UNSPECIFIED.,
  .F.,.F.,(2,2),(6.95439519297,10.864695692931),
  .PIECEWISE_BEZIER_KNOTS.);
#11773 = CARTESIAN_POINT('',(0.,-117.43));
#11774 = CARTESIAN_POINT('',(3.910300499962,-117.43));
#11775 = ( GEOMETRIC_REPRESENTATION_CONTEXT(2) 
PARAMETRIC_REPRESENTATION_CONTEXT() REPRESENTATION_CONTEXT('2D SPACE',''
  ) );
#11776 = PCURVE('',#2805,#11777);
#11777 = DEFINITIONAL_REPRESENTATION('',(#11778),#11781);
#11778 = B_SPLINE_CURVE_WITH_KNOTS('',1,(#11779,#11780),.UNSPECIFIED.,
  .F.,.F.,(2,2),(6.95439519297,10.864695692931),
  .PIECEWISE_BEZIER_KNOTS.);
#11779 = CARTESIAN_POINT('',(0.235,-19.435));
#11780 = CARTESIAN_POINT('',(3.,-22.2));
#11781 = ( GEOMETRIC_REPRESENTATION_CONTEXT(2) 
PARAMETRIC_REPRESENTATION_CONTEXT() REPRESENTATION_CONTEXT('2D SPACE',''
  ) );
#11782 = ORIENTED_EDGE('',*,*,#11783,.F.);
#11783 = EDGE_CURVE('',#11692,#11763,#11784,.T.);
#11784 = SURFACE_CURVE('',#11785,(#11789,#11796),.PCURVE_S1.);
#11785 = LINE('',#11786,#11787);
#11786 = CARTESIAN_POINT('',(0.,10.6,62.755));
#11787 = VECTOR('',#11788,1.);
#11788 = DIRECTION('',(1.,0.,0.));
#11789 = PCURVE('',#2832,#11790);
#11790 = DEFINITIONAL_REPRESENTATION('',(#11791),#11795);
#11791 = LINE('',#11792,#11793);
#11792 = CARTESIAN_POINT('',(3.910300499962,0.));
#11793 = VECTOR('',#11794,1.);
#11794 = DIRECTION('',(0.,-1.));
#11795 = ( GEOMETRIC_REPRESENTATION_CONTEXT(2) 
PARAMETRIC_REPRESENTATION_CONTEXT() REPRESENTATION_CONTEXT('2D SPACE',''
  ) );
#11796 = PCURVE('',#11727,#11797);
#11797 = DEFINITIONAL_REPRESENTATION('',(#11798),#11802);
#11798 = LINE('',#11799,#11800);
#11799 = CARTESIAN_POINT('',(0.,-0.));
#11800 = VECTOR('',#11801,1.);
#11801 = DIRECTION('',(0.,-1.));
#11802 = ( GEOMETRIC_REPRESENTATION_CONTEXT(2) 
PARAMETRIC_REPRESENTATION_CONTEXT() REPRESENTATION_CONTEXT('2D SPACE',''
  ) );
#11803 = ADVANCED_FACE('',(#11804),#2805,.T.);
#11804 = FACE_BOUND('',#11805,.T.);
#11805 = EDGE_LOOP('',(#11806,#11807,#11828,#11829,#11830,#11851));
#11806 = ORIENTED_EDGE('',*,*,#5150,.T.);
#11807 = ORIENTED_EDGE('',*,*,#11808,.T.);
#11808 = EDGE_CURVE('',#5151,#2765,#11809,.T.);
#11809 = SURFACE_CURVE('',#11810,(#11814,#11821),.PCURVE_S1.);
#11810 = LINE('',#11811,#11812);
#11811 = CARTESIAN_POINT('',(117.43,-11.6,59.755));
#11812 = VECTOR('',#11813,1.);
#11813 = DIRECTION('',(0.,1.,0.));
#11814 = PCURVE('',#2805,#11815);
#11815 = DEFINITIONAL_REPRESENTATION('',(#11816),#11820);
#11816 = LINE('',#11817,#11818);
#11817 = CARTESIAN_POINT('',(0.,0.));
#11818 = VECTOR('',#11819,1.);
#11819 = DIRECTION('',(0.,-1.));
#11820 = ( GEOMETRIC_REPRESENTATION_CONTEXT(2) 
PARAMETRIC_REPRESENTATION_CONTEXT() REPRESENTATION_CONTEXT('2D SPACE',''
  ) );
#11821 = PCURVE('',#2779,#11822);
#11822 = DEFINITIONAL_REPRESENTATION('',(#11823),#11827);
#11823 = LINE('',#11824,#11825);
#11824 = CARTESIAN_POINT('',(0.,0.));
#11825 = VECTOR('',#11826,1.);
#11826 = DIRECTION('',(0.,1.));
#11827 = ( GEOMETRIC_REPRESENTATION_CONTEXT(2) 
PARAMETRIC_REPRESENTATION_CONTEXT() REPRESENTATION_CONTEXT('2D SPACE',''
  ) );
#11828 = ORIENTED_EDGE('',*,*,#2790,.T.);
#11829 = ORIENTED_EDGE('',*,*,#11762,.T.);
#11830 = ORIENTED_EDGE('',*,*,#11831,.T.);
#11831 = EDGE_CURVE('',#11763,#11832,#11834,.T.);
#11832 = VERTEX_POINT('',#11833);
#11833 = CARTESIAN_POINT('',(117.43,-10.6,62.755));
#11834 = SURFACE_CURVE('',#11835,(#11839,#11845),.PCURVE_S1.);
#11835 = LINE('',#11836,#11837);
#11836 = CARTESIAN_POINT('',(117.43,-0.5,62.755));
#11837 = VECTOR('',#11838,1.);
#11838 = DIRECTION('',(0.,-1.,0.));
#11839 = PCURVE('',#2805,#11840);
#11840 = DEFINITIONAL_REPRESENTATION('',(#11841),#11844);
#11841 = B_SPLINE_CURVE_WITH_KNOTS('',1,(#11842,#11843),.UNSPECIFIED.,
  .F.,.F.,(2,2),(-11.1,10.1),.PIECEWISE_BEZIER_KNOTS.);
#11842 = CARTESIAN_POINT('',(3.,-22.2));
#11843 = CARTESIAN_POINT('',(3.,-1.));
#11844 = ( GEOMETRIC_REPRESENTATION_CONTEXT(2) 
PARAMETRIC_REPRESENTATION_CONTEXT() REPRESENTATION_CONTEXT('2D SPACE',''
  ) );
#11845 = PCURVE('',#11727,#11846);
#11846 = DEFINITIONAL_REPRESENTATION('',(#11847),#11850);
#11847 = B_SPLINE_CURVE_WITH_KNOTS('',1,(#11848,#11849),.UNSPECIFIED.,
  .F.,.F.,(2,2),(-11.1,10.1),.PIECEWISE_BEZIER_KNOTS.);
#11848 = CARTESIAN_POINT('',(0.,-117.43));
#11849 = CARTESIAN_POINT('',(21.2,-117.43));
#11850 = ( GEOMETRIC_REPRESENTATION_CONTEXT(2) 
PARAMETRIC_REPRESENTATION_CONTEXT() REPRESENTATION_CONTEXT('2D SPACE',''
  ) );
#11851 = ORIENTED_EDGE('',*,*,#11852,.T.);
#11852 = EDGE_CURVE('',#11832,#5123,#11853,.T.);
#11853 = SURFACE_CURVE('',#11854,(#11858,#11864),.PCURVE_S1.);
#11854 = LINE('',#11855,#11856);
#11855 = CARTESIAN_POINT('',(117.43,-10.1,62.255));
#11856 = VECTOR('',#11857,1.);
#11857 = DIRECTION('',(0.,0.707106781187,-0.707106781187));
#11858 = PCURVE('',#2805,#11859);
#11859 = DEFINITIONAL_REPRESENTATION('',(#11860),#11863);
#11860 = B_SPLINE_CURVE_WITH_KNOTS('',1,(#11861,#11862),.UNSPECIFIED.,
  .F.,.F.,(2,2),(-0.707106781187,3.203193718775),
  .PIECEWISE_BEZIER_KNOTS.);
#11861 = CARTESIAN_POINT('',(3.,-1.));
#11862 = CARTESIAN_POINT('',(0.235,-3.765));
#11863 = ( GEOMETRIC_REPRESENTATION_CONTEXT(2) 
PARAMETRIC_REPRESENTATION_CONTEXT() REPRESENTATION_CONTEXT('2D SPACE',''
  ) );
#11864 = PCURVE('',#5138,#11865);
#11865 = DEFINITIONAL_REPRESENTATION('',(#11866),#11869);
#11866 = B_SPLINE_CURVE_WITH_KNOTS('',1,(#11867,#11868),.UNSPECIFIED.,
  .F.,.F.,(2,2),(-0.707106781187,3.203193718775),
  .PIECEWISE_BEZIER_KNOTS.);
#11867 = CARTESIAN_POINT('',(0.,-117.43));
#11868 = CARTESIAN_POINT('',(3.910300499962,-117.43));
#11869 = ( GEOMETRIC_REPRESENTATION_CONTEXT(2) 
PARAMETRIC_REPRESENTATION_CONTEXT() REPRESENTATION_CONTEXT('2D SPACE',''
  ) );
#11870 = ADVANCED_FACE('',(#11871),#2779,.T.);
#11871 = FACE_BOUND('',#11872,.T.);
#11872 = EDGE_LOOP('',(#11873,#11874,#11875,#11896));
#11873 = ORIENTED_EDGE('',*,*,#11808,.F.);
#11874 = ORIENTED_EDGE('',*,*,#5171,.T.);
#11875 = ORIENTED_EDGE('',*,*,#11876,.T.);
#11876 = EDGE_CURVE('',#5172,#2739,#11877,.T.);
#11877 = SURFACE_CURVE('',#11878,(#11882,#11889),.PCURVE_S1.);
#11878 = LINE('',#11879,#11880);
#11879 = CARTESIAN_POINT('',(122.66,-11.6,59.755));
#11880 = VECTOR('',#11881,1.);
#11881 = DIRECTION('',(0.,1.,0.));
#11882 = PCURVE('',#2779,#11883);
#11883 = DEFINITIONAL_REPRESENTATION('',(#11884),#11888);
#11884 = LINE('',#11885,#11886);
#11885 = CARTESIAN_POINT('',(5.23,0.));
#11886 = VECTOR('',#11887,1.);
#11887 = DIRECTION('',(0.,1.));
#11888 = ( GEOMETRIC_REPRESENTATION_CONTEXT(2) 
PARAMETRIC_REPRESENTATION_CONTEXT() REPRESENTATION_CONTEXT('2D SPACE',''
  ) );
#11889 = PCURVE('',#2753,#11890);
#11890 = DEFINITIONAL_REPRESENTATION('',(#11891),#11895);
#11891 = LINE('',#11892,#11893);
#11892 = CARTESIAN_POINT('',(0.,0.));
#11893 = VECTOR('',#11894,1.);
#11894 = DIRECTION('',(0.,-1.));
#11895 = ( GEOMETRIC_REPRESENTATION_CONTEXT(2) 
PARAMETRIC_REPRESENTATION_CONTEXT() REPRESENTATION_CONTEXT('2D SPACE',''
  ) );
#11896 = ORIENTED_EDGE('',*,*,#2764,.T.);
#11897 = ADVANCED_FACE('',(#11898),#2753,.F.);
#11898 = FACE_BOUND('',#11899,.F.);
#11899 = EDGE_LOOP('',(#11900,#11901,#11902,#11903,#11924,#11950));
#11900 = ORIENTED_EDGE('',*,*,#5192,.T.);
#11901 = ORIENTED_EDGE('',*,*,#11876,.T.);
#11902 = ORIENTED_EDGE('',*,*,#2738,.T.);
#11903 = ORIENTED_EDGE('',*,*,#11904,.T.);
#11904 = EDGE_CURVE('',#2711,#11905,#11907,.T.);
#11905 = VERTEX_POINT('',#11906);
#11906 = CARTESIAN_POINT('',(122.66,10.6,62.755));
#11907 = SURFACE_CURVE('',#11908,(#11912,#11918),.PCURVE_S1.);
#11908 = LINE('',#11909,#11910);
#11909 = CARTESIAN_POINT('',(122.66,2.9175,55.0725));
#11910 = VECTOR('',#11911,1.);
#11911 = DIRECTION('',(-0.,0.707106781187,0.707106781187));
#11912 = PCURVE('',#2753,#11913);
#11913 = DEFINITIONAL_REPRESENTATION('',(#11914),#11917);
#11914 = B_SPLINE_CURVE_WITH_KNOTS('',1,(#11915,#11916),.UNSPECIFIED.,
  .F.,.F.,(2,2),(6.95439519297,10.864695692931),
  .PIECEWISE_BEZIER_KNOTS.);
#11915 = CARTESIAN_POINT('',(0.235,-19.435));
#11916 = CARTESIAN_POINT('',(3.,-22.2));
#11917 = ( GEOMETRIC_REPRESENTATION_CONTEXT(2) 
PARAMETRIC_REPRESENTATION_CONTEXT() REPRESENTATION_CONTEXT('2D SPACE',''
  ) );
#11918 = PCURVE('',#2726,#11919);
#11919 = DEFINITIONAL_REPRESENTATION('',(#11920),#11923);
#11920 = B_SPLINE_CURVE_WITH_KNOTS('',1,(#11921,#11922),.UNSPECIFIED.,
  .F.,.F.,(2,2),(6.95439519297,10.864695692931),
  .PIECEWISE_BEZIER_KNOTS.);
#11921 = CARTESIAN_POINT('',(0.,-122.66));
#11922 = CARTESIAN_POINT('',(3.910300499962,-122.66));
#11923 = ( GEOMETRIC_REPRESENTATION_CONTEXT(2) 
PARAMETRIC_REPRESENTATION_CONTEXT() REPRESENTATION_CONTEXT('2D SPACE',''
  ) );
#11924 = ORIENTED_EDGE('',*,*,#11925,.T.);
#11925 = EDGE_CURVE('',#11905,#11926,#11928,.T.);
#11926 = VERTEX_POINT('',#11927);
#11927 = CARTESIAN_POINT('',(122.66,-10.6,62.755));
#11928 = SURFACE_CURVE('',#11929,(#11933,#11939),.PCURVE_S1.);
#11929 = LINE('',#11930,#11931);
#11930 = CARTESIAN_POINT('',(122.66,-0.5,62.755));
#11931 = VECTOR('',#11932,1.);
#11932 = DIRECTION('',(0.,-1.,0.));
#11933 = PCURVE('',#2753,#11934);
#11934 = DEFINITIONAL_REPRESENTATION('',(#11935),#11938);
#11935 = B_SPLINE_CURVE_WITH_KNOTS('',1,(#11936,#11937),.UNSPECIFIED.,
  .F.,.F.,(2,2),(-11.1,10.1),.PIECEWISE_BEZIER_KNOTS.);
#11936 = CARTESIAN_POINT('',(3.,-22.2));
#11937 = CARTESIAN_POINT('',(3.,-1.));
#11938 = ( GEOMETRIC_REPRESENTATION_CONTEXT(2) 
PARAMETRIC_REPRESENTATION_CONTEXT() REPRESENTATION_CONTEXT('2D SPACE',''
  ) );
#11939 = PCURVE('',#11940,#11945);
#11940 = PLANE('',#11941);
#11941 = AXIS2_PLACEMENT_3D('',#11942,#11943,#11944);
#11942 = CARTESIAN_POINT('',(0.,10.6,62.755));
#11943 = DIRECTION('',(0.,0.,-1.));
#11944 = DIRECTION('',(0.,-1.,0.));
#11945 = DEFINITIONAL_REPRESENTATION('',(#11946),#11949);
#11946 = B_SPLINE_CURVE_WITH_KNOTS('',1,(#11947,#11948),.UNSPECIFIED.,
  .F.,.F.,(2,2),(-11.1,10.1),.PIECEWISE_BEZIER_KNOTS.);
#11947 = CARTESIAN_POINT('',(0.,-122.66));
#11948 = CARTESIAN_POINT('',(21.2,-122.66));
#11949 = ( GEOMETRIC_REPRESENTATION_CONTEXT(2) 
PARAMETRIC_REPRESENTATION_CONTEXT() REPRESENTATION_CONTEXT('2D SPACE',''
  ) );
#11950 = ORIENTED_EDGE('',*,*,#11951,.T.);
#11951 = EDGE_CURVE('',#11926,#5193,#11952,.T.);
#11952 = SURFACE_CURVE('',#11953,(#11957,#11963),.PCURVE_S1.);
#11953 = LINE('',#11954,#11955);
#11954 = CARTESIAN_POINT('',(122.66,-10.1,62.255));
#11955 = VECTOR('',#11956,1.);
#11956 = DIRECTION('',(0.,0.707106781187,-0.707106781187));
#11957 = PCURVE('',#2753,#11958);
#11958 = DEFINITIONAL_REPRESENTATION('',(#11959),#11962);
#11959 = B_SPLINE_CURVE_WITH_KNOTS('',1,(#11960,#11961),.UNSPECIFIED.,
  .F.,.F.,(2,2),(-0.707106781187,3.203193718775),
  .PIECEWISE_BEZIER_KNOTS.);
#11960 = CARTESIAN_POINT('',(3.,-1.));
#11961 = CARTESIAN_POINT('',(0.235,-3.765));
#11962 = ( GEOMETRIC_REPRESENTATION_CONTEXT(2) 
PARAMETRIC_REPRESENTATION_CONTEXT() REPRESENTATION_CONTEXT('2D SPACE',''
  ) );
#11963 = PCURVE('',#5229,#11964);
#11964 = DEFINITIONAL_REPRESENTATION('',(#11965),#11968);
#11965 = B_SPLINE_CURVE_WITH_KNOTS('',1,(#11966,#11967),.UNSPECIFIED.,
  .F.,.F.,(2,2),(-0.707106781187,3.203193718775),
  .PIECEWISE_BEZIER_KNOTS.);
#11966 = CARTESIAN_POINT('',(0.,-122.66));
#11967 = CARTESIAN_POINT('',(3.910300499962,-122.66));
#11968 = ( GEOMETRIC_REPRESENTATION_CONTEXT(2) 
PARAMETRIC_REPRESENTATION_CONTEXT() REPRESENTATION_CONTEXT('2D SPACE',''
  ) );
#11969 = ADVANCED_FACE('',(#11970),#2726,.F.);
#11970 = FACE_BOUND('',#11971,.F.);
#11971 = EDGE_LOOP('',(#11972,#11973,#11974,#11995));
#11972 = ORIENTED_EDGE('',*,*,#11904,.F.);
#11973 = ORIENTED_EDGE('',*,*,#2710,.T.);
#11974 = ORIENTED_EDGE('',*,*,#11975,.T.);
#11975 = EDGE_CURVE('',#2685,#11976,#11978,.T.);
#11976 = VERTEX_POINT('',#11977);
#11977 = CARTESIAN_POINT('',(127.44,10.6,62.755));
#11978 = SURFACE_CURVE('',#11979,(#11983,#11989),.PCURVE_S1.);
#11979 = LINE('',#11980,#11981);
#11980 = CARTESIAN_POINT('',(127.44,2.9175,55.0725));
#11981 = VECTOR('',#11982,1.);
#11982 = DIRECTION('',(-0.,0.707106781187,0.707106781187));
#11983 = PCURVE('',#2726,#11984);
#11984 = DEFINITIONAL_REPRESENTATION('',(#11985),#11988);
#11985 = B_SPLINE_CURVE_WITH_KNOTS('',1,(#11986,#11987),.UNSPECIFIED.,
  .F.,.F.,(2,2),(6.95439519297,10.864695692931),
  .PIECEWISE_BEZIER_KNOTS.);
#11986 = CARTESIAN_POINT('',(0.,-127.44));
#11987 = CARTESIAN_POINT('',(3.910300499962,-127.44));
#11988 = ( GEOMETRIC_REPRESENTATION_CONTEXT(2) 
PARAMETRIC_REPRESENTATION_CONTEXT() REPRESENTATION_CONTEXT('2D SPACE',''
  ) );
#11989 = PCURVE('',#2699,#11990);
#11990 = DEFINITIONAL_REPRESENTATION('',(#11991),#11994);
#11991 = B_SPLINE_CURVE_WITH_KNOTS('',1,(#11992,#11993),.UNSPECIFIED.,
  .F.,.F.,(2,2),(6.95439519297,10.864695692931),
  .PIECEWISE_BEZIER_KNOTS.);
#11992 = CARTESIAN_POINT('',(0.235,-19.435));
#11993 = CARTESIAN_POINT('',(3.,-22.2));
#11994 = ( GEOMETRIC_REPRESENTATION_CONTEXT(2) 
PARAMETRIC_REPRESENTATION_CONTEXT() REPRESENTATION_CONTEXT('2D SPACE',''
  ) );
#11995 = ORIENTED_EDGE('',*,*,#11996,.F.);
#11996 = EDGE_CURVE('',#11905,#11976,#11997,.T.);
#11997 = SURFACE_CURVE('',#11998,(#12002,#12009),.PCURVE_S1.);
#11998 = LINE('',#11999,#12000);
#11999 = CARTESIAN_POINT('',(0.,10.6,62.755));
#12000 = VECTOR('',#12001,1.);
#12001 = DIRECTION('',(1.,0.,0.));
#12002 = PCURVE('',#2726,#12003);
#12003 = DEFINITIONAL_REPRESENTATION('',(#12004),#12008);
#12004 = LINE('',#12005,#12006);
#12005 = CARTESIAN_POINT('',(3.910300499962,0.));
#12006 = VECTOR('',#12007,1.);
#12007 = DIRECTION('',(0.,-1.));
#12008 = ( GEOMETRIC_REPRESENTATION_CONTEXT(2) 
PARAMETRIC_REPRESENTATION_CONTEXT() REPRESENTATION_CONTEXT('2D SPACE',''
  ) );
#12009 = PCURVE('',#11940,#12010);
#12010 = DEFINITIONAL_REPRESENTATION('',(#12011),#12015);
#12011 = LINE('',#12012,#12013);
#12012 = CARTESIAN_POINT('',(0.,-0.));
#12013 = VECTOR('',#12014,1.);
#12014 = DIRECTION('',(0.,-1.));
#12015 = ( GEOMETRIC_REPRESENTATION_CONTEXT(2) 
PARAMETRIC_REPRESENTATION_CONTEXT() REPRESENTATION_CONTEXT('2D SPACE',''
  ) );
#12016 = ADVANCED_FACE('',(#12017),#2699,.T.);
#12017 = FACE_BOUND('',#12018,.T.);
#12018 = EDGE_LOOP('',(#12019,#12020,#12041,#12042,#12043,#12064));
#12019 = ORIENTED_EDGE('',*,*,#5241,.T.);
#12020 = ORIENTED_EDGE('',*,*,#12021,.T.);
#12021 = EDGE_CURVE('',#5242,#2659,#12022,.T.);
#12022 = SURFACE_CURVE('',#12023,(#12027,#12034),.PCURVE_S1.);
#12023 = LINE('',#12024,#12025);
#12024 = CARTESIAN_POINT('',(127.44,-11.6,59.755));
#12025 = VECTOR('',#12026,1.);
#12026 = DIRECTION('',(0.,1.,0.));
#12027 = PCURVE('',#2699,#12028);
#12028 = DEFINITIONAL_REPRESENTATION('',(#12029),#12033);
#12029 = LINE('',#12030,#12031);
#12030 = CARTESIAN_POINT('',(0.,0.));
#12031 = VECTOR('',#12032,1.);
#12032 = DIRECTION('',(0.,-1.));
#12033 = ( GEOMETRIC_REPRESENTATION_CONTEXT(2) 
PARAMETRIC_REPRESENTATION_CONTEXT() REPRESENTATION_CONTEXT('2D SPACE',''
  ) );
#12034 = PCURVE('',#2673,#12035);
#12035 = DEFINITIONAL_REPRESENTATION('',(#12036),#12040);
#12036 = LINE('',#12037,#12038);
#12037 = CARTESIAN_POINT('',(0.,0.));
#12038 = VECTOR('',#12039,1.);
#12039 = DIRECTION('',(0.,1.));
#12040 = ( GEOMETRIC_REPRESENTATION_CONTEXT(2) 
PARAMETRIC_REPRESENTATION_CONTEXT() REPRESENTATION_CONTEXT('2D SPACE',''
  ) );
#12041 = ORIENTED_EDGE('',*,*,#2684,.T.);
#12042 = ORIENTED_EDGE('',*,*,#11975,.T.);
#12043 = ORIENTED_EDGE('',*,*,#12044,.T.);
#12044 = EDGE_CURVE('',#11976,#12045,#12047,.T.);
#12045 = VERTEX_POINT('',#12046);
#12046 = CARTESIAN_POINT('',(127.44,-10.6,62.755));
#12047 = SURFACE_CURVE('',#12048,(#12052,#12058),.PCURVE_S1.);
#12048 = LINE('',#12049,#12050);
#12049 = CARTESIAN_POINT('',(127.44,-0.5,62.755));
#12050 = VECTOR('',#12051,1.);
#12051 = DIRECTION('',(0.,-1.,0.));
#12052 = PCURVE('',#2699,#12053);
#12053 = DEFINITIONAL_REPRESENTATION('',(#12054),#12057);
#12054 = B_SPLINE_CURVE_WITH_KNOTS('',1,(#12055,#12056),.UNSPECIFIED.,
  .F.,.F.,(2,2),(-11.1,10.1),.PIECEWISE_BEZIER_KNOTS.);
#12055 = CARTESIAN_POINT('',(3.,-22.2));
#12056 = CARTESIAN_POINT('',(3.,-1.));
#12057 = ( GEOMETRIC_REPRESENTATION_CONTEXT(2) 
PARAMETRIC_REPRESENTATION_CONTEXT() REPRESENTATION_CONTEXT('2D SPACE',''
  ) );
#12058 = PCURVE('',#11940,#12059);
#12059 = DEFINITIONAL_REPRESENTATION('',(#12060),#12063);
#12060 = B_SPLINE_CURVE_WITH_KNOTS('',1,(#12061,#12062),.UNSPECIFIED.,
  .F.,.F.,(2,2),(-11.1,10.1),.PIECEWISE_BEZIER_KNOTS.);
#12061 = CARTESIAN_POINT('',(0.,-127.44));
#12062 = CARTESIAN_POINT('',(21.2,-127.44));
#12063 = ( GEOMETRIC_REPRESENTATION_CONTEXT(2) 
PARAMETRIC_REPRESENTATION_CONTEXT() REPRESENTATION_CONTEXT('2D SPACE',''
  ) );
#12064 = ORIENTED_EDGE('',*,*,#12065,.T.);
#12065 = EDGE_CURVE('',#12045,#5214,#12066,.T.);
#12066 = SURFACE_CURVE('',#12067,(#12071,#12077),.PCURVE_S1.);
#12067 = LINE('',#12068,#12069);
#12068 = CARTESIAN_POINT('',(127.44,-10.1,62.255));
#12069 = VECTOR('',#12070,1.);
#12070 = DIRECTION('',(0.,0.707106781187,-0.707106781187));
#12071 = PCURVE('',#2699,#12072);
#12072 = DEFINITIONAL_REPRESENTATION('',(#12073),#12076);
#12073 = B_SPLINE_CURVE_WITH_KNOTS('',1,(#12074,#12075),.UNSPECIFIED.,
  .F.,.F.,(2,2),(-0.707106781187,3.203193718775),
  .PIECEWISE_BEZIER_KNOTS.);
#12074 = CARTESIAN_POINT('',(3.,-1.));
#12075 = CARTESIAN_POINT('',(0.235,-3.765));
#12076 = ( GEOMETRIC_REPRESENTATION_CONTEXT(2) 
PARAMETRIC_REPRESENTATION_CONTEXT() REPRESENTATION_CONTEXT('2D SPACE',''
  ) );
#12077 = PCURVE('',#5229,#12078);
#12078 = DEFINITIONAL_REPRESENTATION('',(#12079),#12082);
#12079 = B_SPLINE_CURVE_WITH_KNOTS('',1,(#12080,#12081),.UNSPECIFIED.,
  .F.,.F.,(2,2),(-0.707106781187,3.203193718775),
  .PIECEWISE_BEZIER_KNOTS.);
#12080 = CARTESIAN_POINT('',(0.,-127.44));
#12081 = CARTESIAN_POINT('',(3.910300499962,-127.44));
#12082 = ( GEOMETRIC_REPRESENTATION_CONTEXT(2) 
PARAMETRIC_REPRESENTATION_CONTEXT() REPRESENTATION_CONTEXT('2D SPACE',''
  ) );
#12083 = ADVANCED_FACE('',(#12084),#2673,.T.);
#12084 = FACE_BOUND('',#12085,.T.);
#12085 = EDGE_LOOP('',(#12086,#12087,#12088,#12109));
#12086 = ORIENTED_EDGE('',*,*,#12021,.F.);
#12087 = ORIENTED_EDGE('',*,*,#5262,.T.);
#12088 = ORIENTED_EDGE('',*,*,#12089,.T.);
#12089 = EDGE_CURVE('',#5263,#2633,#12090,.T.);
#12090 = SURFACE_CURVE('',#12091,(#12095,#12102),.PCURVE_S1.);
#12091 = LINE('',#12092,#12093);
#12092 = CARTESIAN_POINT('',(132.67,-11.6,59.755));
#12093 = VECTOR('',#12094,1.);
#12094 = DIRECTION('',(0.,1.,0.));
#12095 = PCURVE('',#2673,#12096);
#12096 = DEFINITIONAL_REPRESENTATION('',(#12097),#12101);
#12097 = LINE('',#12098,#12099);
#12098 = CARTESIAN_POINT('',(5.23,0.));
#12099 = VECTOR('',#12100,1.);
#12100 = DIRECTION('',(0.,1.));
#12101 = ( GEOMETRIC_REPRESENTATION_CONTEXT(2) 
PARAMETRIC_REPRESENTATION_CONTEXT() REPRESENTATION_CONTEXT('2D SPACE',''
  ) );
#12102 = PCURVE('',#2647,#12103);
#12103 = DEFINITIONAL_REPRESENTATION('',(#12104),#12108);
#12104 = LINE('',#12105,#12106);
#12105 = CARTESIAN_POINT('',(0.,0.));
#12106 = VECTOR('',#12107,1.);
#12107 = DIRECTION('',(0.,-1.));
#12108 = ( GEOMETRIC_REPRESENTATION_CONTEXT(2) 
PARAMETRIC_REPRESENTATION_CONTEXT() REPRESENTATION_CONTEXT('2D SPACE',''
  ) );
#12109 = ORIENTED_EDGE('',*,*,#2658,.T.);
#12110 = ADVANCED_FACE('',(#12111),#2647,.F.);
#12111 = FACE_BOUND('',#12112,.F.);
#12112 = EDGE_LOOP('',(#12113,#12114,#12115,#12116,#12137,#12163));
#12113 = ORIENTED_EDGE('',*,*,#5283,.T.);
#12114 = ORIENTED_EDGE('',*,*,#12089,.T.);
#12115 = ORIENTED_EDGE('',*,*,#2632,.T.);
#12116 = ORIENTED_EDGE('',*,*,#12117,.T.);
#12117 = EDGE_CURVE('',#2605,#12118,#12120,.T.);
#12118 = VERTEX_POINT('',#12119);
#12119 = CARTESIAN_POINT('',(132.67,10.6,62.755));
#12120 = SURFACE_CURVE('',#12121,(#12125,#12131),.PCURVE_S1.);
#12121 = LINE('',#12122,#12123);
#12122 = CARTESIAN_POINT('',(132.67,2.9175,55.0725));
#12123 = VECTOR('',#12124,1.);
#12124 = DIRECTION('',(-0.,0.707106781187,0.707106781187));
#12125 = PCURVE('',#2647,#12126);
#12126 = DEFINITIONAL_REPRESENTATION('',(#12127),#12130);
#12127 = B_SPLINE_CURVE_WITH_KNOTS('',1,(#12128,#12129),.UNSPECIFIED.,
  .F.,.F.,(2,2),(6.95439519297,10.864695692931),
  .PIECEWISE_BEZIER_KNOTS.);
#12128 = CARTESIAN_POINT('',(0.235,-19.435));
#12129 = CARTESIAN_POINT('',(3.,-22.2));
#12130 = ( GEOMETRIC_REPRESENTATION_CONTEXT(2) 
PARAMETRIC_REPRESENTATION_CONTEXT() REPRESENTATION_CONTEXT('2D SPACE',''
  ) );
#12131 = PCURVE('',#2620,#12132);
#12132 = DEFINITIONAL_REPRESENTATION('',(#12133),#12136);
#12133 = B_SPLINE_CURVE_WITH_KNOTS('',1,(#12134,#12135),.UNSPECIFIED.,
  .F.,.F.,(2,2),(6.95439519297,10.864695692931),
  .PIECEWISE_BEZIER_KNOTS.);
#12134 = CARTESIAN_POINT('',(0.,-132.67));
#12135 = CARTESIAN_POINT('',(3.910300499962,-132.67));
#12136 = ( GEOMETRIC_REPRESENTATION_CONTEXT(2) 
PARAMETRIC_REPRESENTATION_CONTEXT() REPRESENTATION_CONTEXT('2D SPACE',''
  ) );
#12137 = ORIENTED_EDGE('',*,*,#12138,.T.);
#12138 = EDGE_CURVE('',#12118,#12139,#12141,.T.);
#12139 = VERTEX_POINT('',#12140);
#12140 = CARTESIAN_POINT('',(132.67,-10.6,62.755));
#12141 = SURFACE_CURVE('',#12142,(#12146,#12152),.PCURVE_S1.);
#12142 = LINE('',#12143,#12144);
#12143 = CARTESIAN_POINT('',(132.67,-0.5,62.755));
#12144 = VECTOR('',#12145,1.);
#12145 = DIRECTION('',(0.,-1.,0.));
#12146 = PCURVE('',#2647,#12147);
#12147 = DEFINITIONAL_REPRESENTATION('',(#12148),#12151);
#12148 = B_SPLINE_CURVE_WITH_KNOTS('',1,(#12149,#12150),.UNSPECIFIED.,
  .F.,.F.,(2,2),(-11.1,10.1),.PIECEWISE_BEZIER_KNOTS.);
#12149 = CARTESIAN_POINT('',(3.,-22.2));
#12150 = CARTESIAN_POINT('',(3.,-1.));
#12151 = ( GEOMETRIC_REPRESENTATION_CONTEXT(2) 
PARAMETRIC_REPRESENTATION_CONTEXT() REPRESENTATION_CONTEXT('2D SPACE',''
  ) );
#12152 = PCURVE('',#12153,#12158);
#12153 = PLANE('',#12154);
#12154 = AXIS2_PLACEMENT_3D('',#12155,#12156,#12157);
#12155 = CARTESIAN_POINT('',(0.,10.6,62.755));
#12156 = DIRECTION('',(0.,0.,-1.));
#12157 = DIRECTION('',(0.,-1.,0.));
#12158 = DEFINITIONAL_REPRESENTATION('',(#12159),#12162);
#12159 = B_SPLINE_CURVE_WITH_KNOTS('',1,(#12160,#12161),.UNSPECIFIED.,
  .F.,.F.,(2,2),(-11.1,10.1),.PIECEWISE_BEZIER_KNOTS.);
#12160 = CARTESIAN_POINT('',(0.,-132.67));
#12161 = CARTESIAN_POINT('',(21.2,-132.67));
#12162 = ( GEOMETRIC_REPRESENTATION_CONTEXT(2) 
PARAMETRIC_REPRESENTATION_CONTEXT() REPRESENTATION_CONTEXT('2D SPACE',''
  ) );
#12163 = ORIENTED_EDGE('',*,*,#12164,.T.);
#12164 = EDGE_CURVE('',#12139,#5284,#12165,.T.);
#12165 = SURFACE_CURVE('',#12166,(#12170,#12176),.PCURVE_S1.);
#12166 = LINE('',#12167,#12168);
#12167 = CARTESIAN_POINT('',(132.67,-10.1,62.255));
#12168 = VECTOR('',#12169,1.);
#12169 = DIRECTION('',(0.,0.707106781187,-0.707106781187));
#12170 = PCURVE('',#2647,#12171);
#12171 = DEFINITIONAL_REPRESENTATION('',(#12172),#12175);
#12172 = B_SPLINE_CURVE_WITH_KNOTS('',1,(#12173,#12174),.UNSPECIFIED.,
  .F.,.F.,(2,2),(-0.707106781187,3.203193718775),
  .PIECEWISE_BEZIER_KNOTS.);
#12173 = CARTESIAN_POINT('',(3.,-1.));
#12174 = CARTESIAN_POINT('',(0.235,-3.765));
#12175 = ( GEOMETRIC_REPRESENTATION_CONTEXT(2) 
PARAMETRIC_REPRESENTATION_CONTEXT() REPRESENTATION_CONTEXT('2D SPACE',''
  ) );
#12176 = PCURVE('',#5320,#12177);
#12177 = DEFINITIONAL_REPRESENTATION('',(#12178),#12181);
#12178 = B_SPLINE_CURVE_WITH_KNOTS('',1,(#12179,#12180),.UNSPECIFIED.,
  .F.,.F.,(2,2),(-0.707106781187,3.203193718775),
  .PIECEWISE_BEZIER_KNOTS.);
#12179 = CARTESIAN_POINT('',(0.,-132.67));
#12180 = CARTESIAN_POINT('',(3.910300499962,-132.67));
#12181 = ( GEOMETRIC_REPRESENTATION_CONTEXT(2) 
PARAMETRIC_REPRESENTATION_CONTEXT() REPRESENTATION_CONTEXT('2D SPACE',''
  ) );
#12182 = ADVANCED_FACE('',(#12183),#2620,.F.);
#12183 = FACE_BOUND('',#12184,.F.);
#12184 = EDGE_LOOP('',(#12185,#12186,#12187,#12208));
#12185 = ORIENTED_EDGE('',*,*,#12117,.F.);
#12186 = ORIENTED_EDGE('',*,*,#2604,.T.);
#12187 = ORIENTED_EDGE('',*,*,#12188,.T.);
#12188 = EDGE_CURVE('',#2579,#12189,#12191,.T.);
#12189 = VERTEX_POINT('',#12190);
#12190 = CARTESIAN_POINT('',(137.45,10.6,62.755));
#12191 = SURFACE_CURVE('',#12192,(#12196,#12202),.PCURVE_S1.);
#12192 = LINE('',#12193,#12194);
#12193 = CARTESIAN_POINT('',(137.45,2.9175,55.0725));
#12194 = VECTOR('',#12195,1.);
#12195 = DIRECTION('',(-0.,0.707106781187,0.707106781187));
#12196 = PCURVE('',#2620,#12197);
#12197 = DEFINITIONAL_REPRESENTATION('',(#12198),#12201);
#12198 = B_SPLINE_CURVE_WITH_KNOTS('',1,(#12199,#12200),.UNSPECIFIED.,
  .F.,.F.,(2,2),(6.95439519297,10.864695692931),
  .PIECEWISE_BEZIER_KNOTS.);
#12199 = CARTESIAN_POINT('',(0.,-137.45));
#12200 = CARTESIAN_POINT('',(3.910300499962,-137.45));
#12201 = ( GEOMETRIC_REPRESENTATION_CONTEXT(2) 
PARAMETRIC_REPRESENTATION_CONTEXT() REPRESENTATION_CONTEXT('2D SPACE',''
  ) );
#12202 = PCURVE('',#2593,#12203);
#12203 = DEFINITIONAL_REPRESENTATION('',(#12204),#12207);
#12204 = B_SPLINE_CURVE_WITH_KNOTS('',1,(#12205,#12206),.UNSPECIFIED.,
  .F.,.F.,(2,2),(6.95439519297,10.864695692931),
  .PIECEWISE_BEZIER_KNOTS.);
#12205 = CARTESIAN_POINT('',(0.235,-19.435));
#12206 = CARTESIAN_POINT('',(3.,-22.2));
#12207 = ( GEOMETRIC_REPRESENTATION_CONTEXT(2) 
PARAMETRIC_REPRESENTATION_CONTEXT() REPRESENTATION_CONTEXT('2D SPACE',''
  ) );
#12208 = ORIENTED_EDGE('',*,*,#12209,.F.);
#12209 = EDGE_CURVE('',#12118,#12189,#12210,.T.);
#12210 = SURFACE_CURVE('',#12211,(#12215,#12222),.PCURVE_S1.);
#12211 = LINE('',#12212,#12213);
#12212 = CARTESIAN_POINT('',(0.,10.6,62.755));
#12213 = VECTOR('',#12214,1.);
#12214 = DIRECTION('',(1.,0.,0.));
#12215 = PCURVE('',#2620,#12216);
#12216 = DEFINITIONAL_REPRESENTATION('',(#12217),#12221);
#12217 = LINE('',#12218,#12219);
#12218 = CARTESIAN_POINT('',(3.910300499962,0.));
#12219 = VECTOR('',#12220,1.);
#12220 = DIRECTION('',(0.,-1.));
#12221 = ( GEOMETRIC_REPRESENTATION_CONTEXT(2) 
PARAMETRIC_REPRESENTATION_CONTEXT() REPRESENTATION_CONTEXT('2D SPACE',''
  ) );
#12222 = PCURVE('',#12153,#12223);
#12223 = DEFINITIONAL_REPRESENTATION('',(#12224),#12228);
#12224 = LINE('',#12225,#12226);
#12225 = CARTESIAN_POINT('',(0.,-0.));
#12226 = VECTOR('',#12227,1.);
#12227 = DIRECTION('',(0.,-1.));
#12228 = ( GEOMETRIC_REPRESENTATION_CONTEXT(2) 
PARAMETRIC_REPRESENTATION_CONTEXT() REPRESENTATION_CONTEXT('2D SPACE',''
  ) );
#12229 = ADVANCED_FACE('',(#12230),#2593,.T.);
#12230 = FACE_BOUND('',#12231,.T.);
#12231 = EDGE_LOOP('',(#12232,#12233,#12254,#12255,#12256,#12277));
#12232 = ORIENTED_EDGE('',*,*,#5332,.T.);
#12233 = ORIENTED_EDGE('',*,*,#12234,.T.);
#12234 = EDGE_CURVE('',#5333,#2553,#12235,.T.);
#12235 = SURFACE_CURVE('',#12236,(#12240,#12247),.PCURVE_S1.);
#12236 = LINE('',#12237,#12238);
#12237 = CARTESIAN_POINT('',(137.45,-11.6,59.755));
#12238 = VECTOR('',#12239,1.);
#12239 = DIRECTION('',(0.,1.,0.));
#12240 = PCURVE('',#2593,#12241);
#12241 = DEFINITIONAL_REPRESENTATION('',(#12242),#12246);
#12242 = LINE('',#12243,#12244);
#12243 = CARTESIAN_POINT('',(0.,0.));
#12244 = VECTOR('',#12245,1.);
#12245 = DIRECTION('',(0.,-1.));
#12246 = ( GEOMETRIC_REPRESENTATION_CONTEXT(2) 
PARAMETRIC_REPRESENTATION_CONTEXT() REPRESENTATION_CONTEXT('2D SPACE',''
  ) );
#12247 = PCURVE('',#2567,#12248);
#12248 = DEFINITIONAL_REPRESENTATION('',(#12249),#12253);
#12249 = LINE('',#12250,#12251);
#12250 = CARTESIAN_POINT('',(0.,0.));
#12251 = VECTOR('',#12252,1.);
#12252 = DIRECTION('',(0.,1.));
#12253 = ( GEOMETRIC_REPRESENTATION_CONTEXT(2) 
PARAMETRIC_REPRESENTATION_CONTEXT() REPRESENTATION_CONTEXT('2D SPACE',''
  ) );
#12254 = ORIENTED_EDGE('',*,*,#2578,.T.);
#12255 = ORIENTED_EDGE('',*,*,#12188,.T.);
#12256 = ORIENTED_EDGE('',*,*,#12257,.T.);
#12257 = EDGE_CURVE('',#12189,#12258,#12260,.T.);
#12258 = VERTEX_POINT('',#12259);
#12259 = CARTESIAN_POINT('',(137.45,-10.6,62.755));
#12260 = SURFACE_CURVE('',#12261,(#12265,#12271),.PCURVE_S1.);
#12261 = LINE('',#12262,#12263);
#12262 = CARTESIAN_POINT('',(137.45,-0.5,62.755));
#12263 = VECTOR('',#12264,1.);
#12264 = DIRECTION('',(0.,-1.,0.));
#12265 = PCURVE('',#2593,#12266);
#12266 = DEFINITIONAL_REPRESENTATION('',(#12267),#12270);
#12267 = B_SPLINE_CURVE_WITH_KNOTS('',1,(#12268,#12269),.UNSPECIFIED.,
  .F.,.F.,(2,2),(-11.1,10.1),.PIECEWISE_BEZIER_KNOTS.);
#12268 = CARTESIAN_POINT('',(3.,-22.2));
#12269 = CARTESIAN_POINT('',(3.,-1.));
#12270 = ( GEOMETRIC_REPRESENTATION_CONTEXT(2) 
PARAMETRIC_REPRESENTATION_CONTEXT() REPRESENTATION_CONTEXT('2D SPACE',''
  ) );
#12271 = PCURVE('',#12153,#12272);
#12272 = DEFINITIONAL_REPRESENTATION('',(#12273),#12276);
#12273 = B_SPLINE_CURVE_WITH_KNOTS('',1,(#12274,#12275),.UNSPECIFIED.,
  .F.,.F.,(2,2),(-11.1,10.1),.PIECEWISE_BEZIER_KNOTS.);
#12274 = CARTESIAN_POINT('',(0.,-137.45));
#12275 = CARTESIAN_POINT('',(21.2,-137.45));
#12276 = ( GEOMETRIC_REPRESENTATION_CONTEXT(2) 
PARAMETRIC_REPRESENTATION_CONTEXT() REPRESENTATION_CONTEXT('2D SPACE',''
  ) );
#12277 = ORIENTED_EDGE('',*,*,#12278,.T.);
#12278 = EDGE_CURVE('',#12258,#5305,#12279,.T.);
#12279 = SURFACE_CURVE('',#12280,(#12284,#12290),.PCURVE_S1.);
#12280 = LINE('',#12281,#12282);
#12281 = CARTESIAN_POINT('',(137.45,-10.1,62.255));
#12282 = VECTOR('',#12283,1.);
#12283 = DIRECTION('',(0.,0.707106781187,-0.707106781187));
#12284 = PCURVE('',#2593,#12285);
#12285 = DEFINITIONAL_REPRESENTATION('',(#12286),#12289);
#12286 = B_SPLINE_CURVE_WITH_KNOTS('',1,(#12287,#12288),.UNSPECIFIED.,
  .F.,.F.,(2,2),(-0.707106781187,3.203193718775),
  .PIECEWISE_BEZIER_KNOTS.);
#12287 = CARTESIAN_POINT('',(3.,-1.));
#12288 = CARTESIAN_POINT('',(0.235,-3.765));
#12289 = ( GEOMETRIC_REPRESENTATION_CONTEXT(2) 
PARAMETRIC_REPRESENTATION_CONTEXT() REPRESENTATION_CONTEXT('2D SPACE',''
  ) );
#12290 = PCURVE('',#5320,#12291);
#12291 = DEFINITIONAL_REPRESENTATION('',(#12292),#12295);
#12292 = B_SPLINE_CURVE_WITH_KNOTS('',1,(#12293,#12294),.UNSPECIFIED.,
  .F.,.F.,(2,2),(-0.707106781187,3.203193718775),
  .PIECEWISE_BEZIER_KNOTS.);
#12293 = CARTESIAN_POINT('',(0.,-137.45));
#12294 = CARTESIAN_POINT('',(3.910300499962,-137.45));
#12295 = ( GEOMETRIC_REPRESENTATION_CONTEXT(2) 
PARAMETRIC_REPRESENTATION_CONTEXT() REPRESENTATION_CONTEXT('2D SPACE',''
  ) );
#12296 = ADVANCED_FACE('',(#12297),#2567,.T.);
#12297 = FACE_BOUND('',#12298,.T.);
#12298 = EDGE_LOOP('',(#12299,#12300,#12301,#12322));
#12299 = ORIENTED_EDGE('',*,*,#12234,.F.);
#12300 = ORIENTED_EDGE('',*,*,#5353,.T.);
#12301 = ORIENTED_EDGE('',*,*,#12302,.T.);
#12302 = EDGE_CURVE('',#5354,#2527,#12303,.T.);
#12303 = SURFACE_CURVE('',#12304,(#12308,#12315),.PCURVE_S1.);
#12304 = LINE('',#12305,#12306);
#12305 = CARTESIAN_POINT('',(142.68,-11.6,59.755));
#12306 = VECTOR('',#12307,1.);
#12307 = DIRECTION('',(0.,1.,0.));
#12308 = PCURVE('',#2567,#12309);
#12309 = DEFINITIONAL_REPRESENTATION('',(#12310),#12314);
#12310 = LINE('',#12311,#12312);
#12311 = CARTESIAN_POINT('',(5.23,0.));
#12312 = VECTOR('',#12313,1.);
#12313 = DIRECTION('',(0.,1.));
#12314 = ( GEOMETRIC_REPRESENTATION_CONTEXT(2) 
PARAMETRIC_REPRESENTATION_CONTEXT() REPRESENTATION_CONTEXT('2D SPACE',''
  ) );
#12315 = PCURVE('',#2541,#12316);
#12316 = DEFINITIONAL_REPRESENTATION('',(#12317),#12321);
#12317 = LINE('',#12318,#12319);
#12318 = CARTESIAN_POINT('',(0.,0.));
#12319 = VECTOR('',#12320,1.);
#12320 = DIRECTION('',(0.,-1.));
#12321 = ( GEOMETRIC_REPRESENTATION_CONTEXT(2) 
PARAMETRIC_REPRESENTATION_CONTEXT() REPRESENTATION_CONTEXT('2D SPACE',''
  ) );
#12322 = ORIENTED_EDGE('',*,*,#2552,.T.);
#12323 = ADVANCED_FACE('',(#12324),#2541,.F.);
#12324 = FACE_BOUND('',#12325,.F.);
#12325 = EDGE_LOOP('',(#12326,#12327,#12328,#12329,#12350,#12371));
#12326 = ORIENTED_EDGE('',*,*,#5374,.T.);
#12327 = ORIENTED_EDGE('',*,*,#12302,.T.);
#12328 = ORIENTED_EDGE('',*,*,#2526,.T.);
#12329 = ORIENTED_EDGE('',*,*,#12330,.T.);
#12330 = EDGE_CURVE('',#2499,#12331,#12333,.T.);
#12331 = VERTEX_POINT('',#12332);
#12332 = CARTESIAN_POINT('',(142.68,10.6,62.755));
#12333 = SURFACE_CURVE('',#12334,(#12338,#12344),.PCURVE_S1.);
#12334 = LINE('',#12335,#12336);
#12335 = CARTESIAN_POINT('',(142.68,2.9175,55.0725));
#12336 = VECTOR('',#12337,1.);
#12337 = DIRECTION('',(-0.,0.707106781187,0.707106781187));
#12338 = PCURVE('',#2541,#12339);
#12339 = DEFINITIONAL_REPRESENTATION('',(#12340),#12343);
#12340 = B_SPLINE_CURVE_WITH_KNOTS('',1,(#12341,#12342),.UNSPECIFIED.,
  .F.,.F.,(2,2),(6.95439519297,10.864695692931),
  .PIECEWISE_BEZIER_KNOTS.);
#12341 = CARTESIAN_POINT('',(0.235,-19.435));
#12342 = CARTESIAN_POINT('',(3.,-22.2));
#12343 = ( GEOMETRIC_REPRESENTATION_CONTEXT(2) 
PARAMETRIC_REPRESENTATION_CONTEXT() REPRESENTATION_CONTEXT('2D SPACE',''
  ) );
#12344 = PCURVE('',#2514,#12345);
#12345 = DEFINITIONAL_REPRESENTATION('',(#12346),#12349);
#12346 = B_SPLINE_CURVE_WITH_KNOTS('',1,(#12347,#12348),.UNSPECIFIED.,
  .F.,.F.,(2,2),(6.95439519297,10.864695692931),
  .PIECEWISE_BEZIER_KNOTS.);
#12347 = CARTESIAN_POINT('',(0.,-142.68));
#12348 = CARTESIAN_POINT('',(3.910300499962,-142.68));
#12349 = ( GEOMETRIC_REPRESENTATION_CONTEXT(2) 
PARAMETRIC_REPRESENTATION_CONTEXT() REPRESENTATION_CONTEXT('2D SPACE',''
  ) );
#12350 = ORIENTED_EDGE('',*,*,#12351,.T.);
#12351 = EDGE_CURVE('',#12331,#12352,#12354,.T.);
#12352 = VERTEX_POINT('',#12353);
#12353 = CARTESIAN_POINT('',(142.68,-10.6,62.755));
#12354 = SURFACE_CURVE('',#12355,(#12359,#12365),.PCURVE_S1.);
#12355 = LINE('',#12356,#12357);
#12356 = CARTESIAN_POINT('',(142.68,-0.5,62.755));
#12357 = VECTOR('',#12358,1.);
#12358 = DIRECTION('',(0.,-1.,0.));
#12359 = PCURVE('',#2541,#12360);
#12360 = DEFINITIONAL_REPRESENTATION('',(#12361),#12364);
#12361 = B_SPLINE_CURVE_WITH_KNOTS('',1,(#12362,#12363),.UNSPECIFIED.,
  .F.,.F.,(2,2),(-11.1,10.1),.PIECEWISE_BEZIER_KNOTS.);
#12362 = CARTESIAN_POINT('',(3.,-22.2));
#12363 = CARTESIAN_POINT('',(3.,-1.));
#12364 = ( GEOMETRIC_REPRESENTATION_CONTEXT(2) 
PARAMETRIC_REPRESENTATION_CONTEXT() REPRESENTATION_CONTEXT('2D SPACE',''
  ) );
#12365 = PCURVE('',#9461,#12366);
#12366 = DEFINITIONAL_REPRESENTATION('',(#12367),#12370);
#12367 = B_SPLINE_CURVE_WITH_KNOTS('',1,(#12368,#12369),.UNSPECIFIED.,
  .F.,.F.,(2,2),(-11.1,10.1),.PIECEWISE_BEZIER_KNOTS.);
#12368 = CARTESIAN_POINT('',(0.,-142.68));
#12369 = CARTESIAN_POINT('',(21.2,-142.68));
#12370 = ( GEOMETRIC_REPRESENTATION_CONTEXT(2) 
PARAMETRIC_REPRESENTATION_CONTEXT() REPRESENTATION_CONTEXT('2D SPACE',''
  ) );
#12371 = ORIENTED_EDGE('',*,*,#12372,.T.);
#12372 = EDGE_CURVE('',#12352,#5375,#12373,.T.);
#12373 = SURFACE_CURVE('',#12374,(#12378,#12384),.PCURVE_S1.);
#12374 = LINE('',#12375,#12376);
#12375 = CARTESIAN_POINT('',(142.68,-10.1,62.255));
#12376 = VECTOR('',#12377,1.);
#12377 = DIRECTION('',(0.,0.707106781187,-0.707106781187));
#12378 = PCURVE('',#2541,#12379);
#12379 = DEFINITIONAL_REPRESENTATION('',(#12380),#12383);
#12380 = B_SPLINE_CURVE_WITH_KNOTS('',1,(#12381,#12382),.UNSPECIFIED.,
  .F.,.F.,(2,2),(-0.707106781187,3.203193718775),
  .PIECEWISE_BEZIER_KNOTS.);
#12381 = CARTESIAN_POINT('',(3.,-1.));
#12382 = CARTESIAN_POINT('',(0.235,-3.765));
#12383 = ( GEOMETRIC_REPRESENTATION_CONTEXT(2) 
PARAMETRIC_REPRESENTATION_CONTEXT() REPRESENTATION_CONTEXT('2D SPACE',''
  ) );
#12384 = PCURVE('',#5411,#12385);
#12385 = DEFINITIONAL_REPRESENTATION('',(#12386),#12389);
#12386 = B_SPLINE_CURVE_WITH_KNOTS('',1,(#12387,#12388),.UNSPECIFIED.,
  .F.,.F.,(2,2),(-0.707106781187,3.203193718775),
  .PIECEWISE_BEZIER_KNOTS.);
#12387 = CARTESIAN_POINT('',(0.,-142.68));
#12388 = CARTESIAN_POINT('',(3.910300499962,-142.68));
#12389 = ( GEOMETRIC_REPRESENTATION_CONTEXT(2) 
PARAMETRIC_REPRESENTATION_CONTEXT() REPRESENTATION_CONTEXT('2D SPACE',''
  ) );
#12390 = ADVANCED_FACE('',(#12391),#2514,.F.);
#12391 = FACE_BOUND('',#12392,.F.);
#12392 = EDGE_LOOP('',(#12393,#12394,#12395,#12396));
#12393 = ORIENTED_EDGE('',*,*,#12330,.F.);
#12394 = ORIENTED_EDGE('',*,*,#2498,.T.);
#12395 = ORIENTED_EDGE('',*,*,#9473,.T.);
#12396 = ORIENTED_EDGE('',*,*,#12397,.F.);
#12397 = EDGE_CURVE('',#12331,#9446,#12398,.T.);
#12398 = SURFACE_CURVE('',#12399,(#12403,#12410),.PCURVE_S1.);
#12399 = LINE('',#12400,#12401);
#12400 = CARTESIAN_POINT('',(0.,10.6,62.755));
#12401 = VECTOR('',#12402,1.);
#12402 = DIRECTION('',(1.,0.,0.));
#12403 = PCURVE('',#2514,#12404);
#12404 = DEFINITIONAL_REPRESENTATION('',(#12405),#12409);
#12405 = LINE('',#12406,#12407);
#12406 = CARTESIAN_POINT('',(3.910300499962,0.));
#12407 = VECTOR('',#12408,1.);
#12408 = DIRECTION('',(0.,-1.));
#12409 = ( GEOMETRIC_REPRESENTATION_CONTEXT(2) 
PARAMETRIC_REPRESENTATION_CONTEXT() REPRESENTATION_CONTEXT('2D SPACE',''
  ) );
#12410 = PCURVE('',#9461,#12411);
#12411 = DEFINITIONAL_REPRESENTATION('',(#12412),#12416);
#12412 = LINE('',#12413,#12414);
#12413 = CARTESIAN_POINT('',(0.,-0.));
#12414 = VECTOR('',#12415,1.);
#12415 = DIRECTION('',(0.,-1.));
#12416 = ( GEOMETRIC_REPRESENTATION_CONTEXT(2) 
PARAMETRIC_REPRESENTATION_CONTEXT() REPRESENTATION_CONTEXT('2D SPACE',''
  ) );
#12417 = ADVANCED_FACE('',(#12418),#5411,.F.);
#12418 = FACE_BOUND('',#12419,.F.);
#12419 = EDGE_LOOP('',(#12420,#12421,#12442,#12443));
#12420 = ORIENTED_EDGE('',*,*,#12372,.F.);
#12421 = ORIENTED_EDGE('',*,*,#12422,.T.);
#12422 = EDGE_CURVE('',#12352,#9423,#12423,.T.);
#12423 = SURFACE_CURVE('',#12424,(#12428,#12435),.PCURVE_S1.);
#12424 = LINE('',#12425,#12426);
#12425 = CARTESIAN_POINT('',(0.,-10.6,62.755));
#12426 = VECTOR('',#12427,1.);
#12427 = DIRECTION('',(1.,0.,0.));
#12428 = PCURVE('',#5411,#12429);
#12429 = DEFINITIONAL_REPRESENTATION('',(#12430),#12434);
#12430 = LINE('',#12431,#12432);
#12431 = CARTESIAN_POINT('',(0.,0.));
#12432 = VECTOR('',#12433,1.);
#12433 = DIRECTION('',(0.,-1.));
#12434 = ( GEOMETRIC_REPRESENTATION_CONTEXT(2) 
PARAMETRIC_REPRESENTATION_CONTEXT() REPRESENTATION_CONTEXT('2D SPACE',''
  ) );
#12435 = PCURVE('',#9461,#12436);
#12436 = DEFINITIONAL_REPRESENTATION('',(#12437),#12441);
#12437 = LINE('',#12438,#12439);
#12438 = CARTESIAN_POINT('',(21.2,0.));
#12439 = VECTOR('',#12440,1.);
#12440 = DIRECTION('',(0.,-1.));
#12441 = ( GEOMETRIC_REPRESENTATION_CONTEXT(2) 
PARAMETRIC_REPRESENTATION_CONTEXT() REPRESENTATION_CONTEXT('2D SPACE',''
  ) );
#12442 = ORIENTED_EDGE('',*,*,#9422,.T.);
#12443 = ORIENTED_EDGE('',*,*,#5395,.F.);
#12444 = ADVANCED_FACE('',(#12445),#5320,.F.);
#12445 = FACE_BOUND('',#12446,.F.);
#12446 = EDGE_LOOP('',(#12447,#12448,#12469,#12470));
#12447 = ORIENTED_EDGE('',*,*,#12164,.F.);
#12448 = ORIENTED_EDGE('',*,*,#12449,.T.);
#12449 = EDGE_CURVE('',#12139,#12258,#12450,.T.);
#12450 = SURFACE_CURVE('',#12451,(#12455,#12462),.PCURVE_S1.);
#12451 = LINE('',#12452,#12453);
#12452 = CARTESIAN_POINT('',(0.,-10.6,62.755));
#12453 = VECTOR('',#12454,1.);
#12454 = DIRECTION('',(1.,0.,0.));
#12455 = PCURVE('',#5320,#12456);
#12456 = DEFINITIONAL_REPRESENTATION('',(#12457),#12461);
#12457 = LINE('',#12458,#12459);
#12458 = CARTESIAN_POINT('',(0.,0.));
#12459 = VECTOR('',#12460,1.);
#12460 = DIRECTION('',(0.,-1.));
#12461 = ( GEOMETRIC_REPRESENTATION_CONTEXT(2) 
PARAMETRIC_REPRESENTATION_CONTEXT() REPRESENTATION_CONTEXT('2D SPACE',''
  ) );
#12462 = PCURVE('',#12153,#12463);
#12463 = DEFINITIONAL_REPRESENTATION('',(#12464),#12468);
#12464 = LINE('',#12465,#12466);
#12465 = CARTESIAN_POINT('',(21.2,0.));
#12466 = VECTOR('',#12467,1.);
#12467 = DIRECTION('',(0.,-1.));
#12468 = ( GEOMETRIC_REPRESENTATION_CONTEXT(2) 
PARAMETRIC_REPRESENTATION_CONTEXT() REPRESENTATION_CONTEXT('2D SPACE',''
  ) );
#12469 = ORIENTED_EDGE('',*,*,#12278,.T.);
#12470 = ORIENTED_EDGE('',*,*,#5304,.F.);
#12471 = ADVANCED_FACE('',(#12472),#5229,.F.);
#12472 = FACE_BOUND('',#12473,.F.);
#12473 = EDGE_LOOP('',(#12474,#12475,#12496,#12497));
#12474 = ORIENTED_EDGE('',*,*,#11951,.F.);
#12475 = ORIENTED_EDGE('',*,*,#12476,.T.);
#12476 = EDGE_CURVE('',#11926,#12045,#12477,.T.);
#12477 = SURFACE_CURVE('',#12478,(#12482,#12489),.PCURVE_S1.);
#12478 = LINE('',#12479,#12480);
#12479 = CARTESIAN_POINT('',(0.,-10.6,62.755));
#12480 = VECTOR('',#12481,1.);
#12481 = DIRECTION('',(1.,0.,0.));
#12482 = PCURVE('',#5229,#12483);
#12483 = DEFINITIONAL_REPRESENTATION('',(#12484),#12488);
#12484 = LINE('',#12485,#12486);
#12485 = CARTESIAN_POINT('',(0.,0.));
#12486 = VECTOR('',#12487,1.);
#12487 = DIRECTION('',(0.,-1.));
#12488 = ( GEOMETRIC_REPRESENTATION_CONTEXT(2) 
PARAMETRIC_REPRESENTATION_CONTEXT() REPRESENTATION_CONTEXT('2D SPACE',''
  ) );
#12489 = PCURVE('',#11940,#12490);
#12490 = DEFINITIONAL_REPRESENTATION('',(#12491),#12495);
#12491 = LINE('',#12492,#12493);
#12492 = CARTESIAN_POINT('',(21.2,0.));
#12493 = VECTOR('',#12494,1.);
#12494 = DIRECTION('',(0.,-1.));
#12495 = ( GEOMETRIC_REPRESENTATION_CONTEXT(2) 
PARAMETRIC_REPRESENTATION_CONTEXT() REPRESENTATION_CONTEXT('2D SPACE',''
  ) );
#12496 = ORIENTED_EDGE('',*,*,#12065,.T.);
#12497 = ORIENTED_EDGE('',*,*,#5213,.F.);
#12498 = ADVANCED_FACE('',(#12499),#5138,.F.);
#12499 = FACE_BOUND('',#12500,.F.);
#12500 = EDGE_LOOP('',(#12501,#12502,#12523,#12524));
#12501 = ORIENTED_EDGE('',*,*,#11738,.F.);
#12502 = ORIENTED_EDGE('',*,*,#12503,.T.);
#12503 = EDGE_CURVE('',#11713,#11832,#12504,.T.);
#12504 = SURFACE_CURVE('',#12505,(#12509,#12516),.PCURVE_S1.);
#12505 = LINE('',#12506,#12507);
#12506 = CARTESIAN_POINT('',(0.,-10.6,62.755));
#12507 = VECTOR('',#12508,1.);
#12508 = DIRECTION('',(1.,0.,0.));
#12509 = PCURVE('',#5138,#12510);
#12510 = DEFINITIONAL_REPRESENTATION('',(#12511),#12515);
#12511 = LINE('',#12512,#12513);
#12512 = CARTESIAN_POINT('',(0.,0.));
#12513 = VECTOR('',#12514,1.);
#12514 = DIRECTION('',(0.,-1.));
#12515 = ( GEOMETRIC_REPRESENTATION_CONTEXT(2) 
PARAMETRIC_REPRESENTATION_CONTEXT() REPRESENTATION_CONTEXT('2D SPACE',''
  ) );
#12516 = PCURVE('',#11727,#12517);
#12517 = DEFINITIONAL_REPRESENTATION('',(#12518),#12522);
#12518 = LINE('',#12519,#12520);
#12519 = CARTESIAN_POINT('',(21.2,0.));
#12520 = VECTOR('',#12521,1.);
#12521 = DIRECTION('',(0.,-1.));
#12522 = ( GEOMETRIC_REPRESENTATION_CONTEXT(2) 
PARAMETRIC_REPRESENTATION_CONTEXT() REPRESENTATION_CONTEXT('2D SPACE',''
  ) );
#12523 = ORIENTED_EDGE('',*,*,#11852,.T.);
#12524 = ORIENTED_EDGE('',*,*,#5122,.F.);
#12525 = ADVANCED_FACE('',(#12526),#5047,.F.);
#12526 = FACE_BOUND('',#12527,.F.);
#12527 = EDGE_LOOP('',(#12528,#12529,#12550,#12551));
#12528 = ORIENTED_EDGE('',*,*,#11525,.F.);
#12529 = ORIENTED_EDGE('',*,*,#12530,.T.);
#12530 = EDGE_CURVE('',#11500,#11619,#12531,.T.);
#12531 = SURFACE_CURVE('',#12532,(#12536,#12543),.PCURVE_S1.);
#12532 = LINE('',#12533,#12534);
#12533 = CARTESIAN_POINT('',(0.,-10.6,62.755));
#12534 = VECTOR('',#12535,1.);
#12535 = DIRECTION('',(1.,0.,0.));
#12536 = PCURVE('',#5047,#12537);
#12537 = DEFINITIONAL_REPRESENTATION('',(#12538),#12542);
#12538 = LINE('',#12539,#12540);
#12539 = CARTESIAN_POINT('',(0.,0.));
#12540 = VECTOR('',#12541,1.);
#12541 = DIRECTION('',(0.,-1.));
#12542 = ( GEOMETRIC_REPRESENTATION_CONTEXT(2) 
PARAMETRIC_REPRESENTATION_CONTEXT() REPRESENTATION_CONTEXT('2D SPACE',''
  ) );
#12543 = PCURVE('',#11514,#12544);
#12544 = DEFINITIONAL_REPRESENTATION('',(#12545),#12549);
#12545 = LINE('',#12546,#12547);
#12546 = CARTESIAN_POINT('',(21.2,0.));
#12547 = VECTOR('',#12548,1.);
#12548 = DIRECTION('',(0.,-1.));
#12549 = ( GEOMETRIC_REPRESENTATION_CONTEXT(2) 
PARAMETRIC_REPRESENTATION_CONTEXT() REPRESENTATION_CONTEXT('2D SPACE',''
  ) );
#12550 = ORIENTED_EDGE('',*,*,#11639,.T.);
#12551 = ORIENTED_EDGE('',*,*,#5031,.F.);
#12552 = ADVANCED_FACE('',(#12553),#4956,.F.);
#12553 = FACE_BOUND('',#12554,.F.);
#12554 = EDGE_LOOP('',(#12555,#12556,#12577,#12578));
#12555 = ORIENTED_EDGE('',*,*,#11312,.F.);
#12556 = ORIENTED_EDGE('',*,*,#12557,.T.);
#12557 = EDGE_CURVE('',#11287,#11406,#12558,.T.);
#12558 = SURFACE_CURVE('',#12559,(#12563,#12570),.PCURVE_S1.);
#12559 = LINE('',#12560,#12561);
#12560 = CARTESIAN_POINT('',(0.,-10.6,62.755));
#12561 = VECTOR('',#12562,1.);
#12562 = DIRECTION('',(1.,0.,0.));
#12563 = PCURVE('',#4956,#12564);
#12564 = DEFINITIONAL_REPRESENTATION('',(#12565),#12569);
#12565 = LINE('',#12566,#12567);
#12566 = CARTESIAN_POINT('',(0.,0.));
#12567 = VECTOR('',#12568,1.);
#12568 = DIRECTION('',(0.,-1.));
#12569 = ( GEOMETRIC_REPRESENTATION_CONTEXT(2) 
PARAMETRIC_REPRESENTATION_CONTEXT() REPRESENTATION_CONTEXT('2D SPACE',''
  ) );
#12570 = PCURVE('',#11301,#12571);
#12571 = DEFINITIONAL_REPRESENTATION('',(#12572),#12576);
#12572 = LINE('',#12573,#12574);
#12573 = CARTESIAN_POINT('',(21.2,0.));
#12574 = VECTOR('',#12575,1.);
#12575 = DIRECTION('',(0.,-1.));
#12576 = ( GEOMETRIC_REPRESENTATION_CONTEXT(2) 
PARAMETRIC_REPRESENTATION_CONTEXT() REPRESENTATION_CONTEXT('2D SPACE',''
  ) );
#12577 = ORIENTED_EDGE('',*,*,#11426,.T.);
#12578 = ORIENTED_EDGE('',*,*,#4940,.F.);
#12579 = ADVANCED_FACE('',(#12580),#4865,.F.);
#12580 = FACE_BOUND('',#12581,.F.);
#12581 = EDGE_LOOP('',(#12582,#12583,#12604,#12605));
#12582 = ORIENTED_EDGE('',*,*,#11099,.F.);
#12583 = ORIENTED_EDGE('',*,*,#12584,.T.);
#12584 = EDGE_CURVE('',#11074,#11193,#12585,.T.);
#12585 = SURFACE_CURVE('',#12586,(#12590,#12597),.PCURVE_S1.);
#12586 = LINE('',#12587,#12588);
#12587 = CARTESIAN_POINT('',(0.,-10.6,62.755));
#12588 = VECTOR('',#12589,1.);
#12589 = DIRECTION('',(1.,0.,0.));
#12590 = PCURVE('',#4865,#12591);
#12591 = DEFINITIONAL_REPRESENTATION('',(#12592),#12596);
#12592 = LINE('',#12593,#12594);
#12593 = CARTESIAN_POINT('',(0.,0.));
#12594 = VECTOR('',#12595,1.);
#12595 = DIRECTION('',(0.,-1.));
#12596 = ( GEOMETRIC_REPRESENTATION_CONTEXT(2) 
PARAMETRIC_REPRESENTATION_CONTEXT() REPRESENTATION_CONTEXT('2D SPACE',''
  ) );
#12597 = PCURVE('',#11088,#12598);
#12598 = DEFINITIONAL_REPRESENTATION('',(#12599),#12603);
#12599 = LINE('',#12600,#12601);
#12600 = CARTESIAN_POINT('',(21.2,0.));
#12601 = VECTOR('',#12602,1.);
#12602 = DIRECTION('',(0.,-1.));
#12603 = ( GEOMETRIC_REPRESENTATION_CONTEXT(2) 
PARAMETRIC_REPRESENTATION_CONTEXT() REPRESENTATION_CONTEXT('2D SPACE',''
  ) );
#12604 = ORIENTED_EDGE('',*,*,#11213,.T.);
#12605 = ORIENTED_EDGE('',*,*,#4849,.F.);
#12606 = ADVANCED_FACE('',(#12607),#4774,.F.);
#12607 = FACE_BOUND('',#12608,.F.);
#12608 = EDGE_LOOP('',(#12609,#12610,#12631,#12632));
#12609 = ORIENTED_EDGE('',*,*,#10886,.F.);
#12610 = ORIENTED_EDGE('',*,*,#12611,.T.);
#12611 = EDGE_CURVE('',#10861,#10980,#12612,.T.);
#12612 = SURFACE_CURVE('',#12613,(#12617,#12624),.PCURVE_S1.);
#12613 = LINE('',#12614,#12615);
#12614 = CARTESIAN_POINT('',(0.,-10.6,62.755));
#12615 = VECTOR('',#12616,1.);
#12616 = DIRECTION('',(1.,0.,0.));
#12617 = PCURVE('',#4774,#12618);
#12618 = DEFINITIONAL_REPRESENTATION('',(#12619),#12623);
#12619 = LINE('',#12620,#12621);
#12620 = CARTESIAN_POINT('',(0.,0.));
#12621 = VECTOR('',#12622,1.);
#12622 = DIRECTION('',(0.,-1.));
#12623 = ( GEOMETRIC_REPRESENTATION_CONTEXT(2) 
PARAMETRIC_REPRESENTATION_CONTEXT() REPRESENTATION_CONTEXT('2D SPACE',''
  ) );
#12624 = PCURVE('',#10875,#12625);
#12625 = DEFINITIONAL_REPRESENTATION('',(#12626),#12630);
#12626 = LINE('',#12627,#12628);
#12627 = CARTESIAN_POINT('',(21.2,0.));
#12628 = VECTOR('',#12629,1.);
#12629 = DIRECTION('',(0.,-1.));
#12630 = ( GEOMETRIC_REPRESENTATION_CONTEXT(2) 
PARAMETRIC_REPRESENTATION_CONTEXT() REPRESENTATION_CONTEXT('2D SPACE',''
  ) );
#12631 = ORIENTED_EDGE('',*,*,#11000,.T.);
#12632 = ORIENTED_EDGE('',*,*,#4758,.F.);
#12633 = ADVANCED_FACE('',(#12634),#4683,.F.);
#12634 = FACE_BOUND('',#12635,.F.);
#12635 = EDGE_LOOP('',(#12636,#12637,#12658,#12659));
#12636 = ORIENTED_EDGE('',*,*,#10673,.F.);
#12637 = ORIENTED_EDGE('',*,*,#12638,.T.);
#12638 = EDGE_CURVE('',#10648,#10767,#12639,.T.);
#12639 = SURFACE_CURVE('',#12640,(#12644,#12651),.PCURVE_S1.);
#12640 = LINE('',#12641,#12642);
#12641 = CARTESIAN_POINT('',(0.,-10.6,62.755));
#12642 = VECTOR('',#12643,1.);
#12643 = DIRECTION('',(1.,0.,0.));
#12644 = PCURVE('',#4683,#12645);
#12645 = DEFINITIONAL_REPRESENTATION('',(#12646),#12650);
#12646 = LINE('',#12647,#12648);
#12647 = CARTESIAN_POINT('',(0.,0.));
#12648 = VECTOR('',#12649,1.);
#12649 = DIRECTION('',(0.,-1.));
#12650 = ( GEOMETRIC_REPRESENTATION_CONTEXT(2) 
PARAMETRIC_REPRESENTATION_CONTEXT() REPRESENTATION_CONTEXT('2D SPACE',''
  ) );
#12651 = PCURVE('',#10662,#12652);
#12652 = DEFINITIONAL_REPRESENTATION('',(#12653),#12657);
#12653 = LINE('',#12654,#12655);
#12654 = CARTESIAN_POINT('',(21.2,0.));
#12655 = VECTOR('',#12656,1.);
#12656 = DIRECTION('',(0.,-1.));
#12657 = ( GEOMETRIC_REPRESENTATION_CONTEXT(2) 
PARAMETRIC_REPRESENTATION_CONTEXT() REPRESENTATION_CONTEXT('2D SPACE',''
  ) );
#12658 = ORIENTED_EDGE('',*,*,#10787,.T.);
#12659 = ORIENTED_EDGE('',*,*,#4667,.F.);
#12660 = ADVANCED_FACE('',(#12661),#4592,.F.);
#12661 = FACE_BOUND('',#12662,.F.);
#12662 = EDGE_LOOP('',(#12663,#12664,#12685,#12686));
#12663 = ORIENTED_EDGE('',*,*,#10460,.F.);
#12664 = ORIENTED_EDGE('',*,*,#12665,.T.);
#12665 = EDGE_CURVE('',#10435,#10554,#12666,.T.);
#12666 = SURFACE_CURVE('',#12667,(#12671,#12678),.PCURVE_S1.);
#12667 = LINE('',#12668,#12669);
#12668 = CARTESIAN_POINT('',(0.,-10.6,62.755));
#12669 = VECTOR('',#12670,1.);
#12670 = DIRECTION('',(1.,0.,0.));
#12671 = PCURVE('',#4592,#12672);
#12672 = DEFINITIONAL_REPRESENTATION('',(#12673),#12677);
#12673 = LINE('',#12674,#12675);
#12674 = CARTESIAN_POINT('',(0.,0.));
#12675 = VECTOR('',#12676,1.);
#12676 = DIRECTION('',(0.,-1.));
#12677 = ( GEOMETRIC_REPRESENTATION_CONTEXT(2) 
PARAMETRIC_REPRESENTATION_CONTEXT() REPRESENTATION_CONTEXT('2D SPACE',''
  ) );
#12678 = PCURVE('',#10449,#12679);
#12679 = DEFINITIONAL_REPRESENTATION('',(#12680),#12684);
#12680 = LINE('',#12681,#12682);
#12681 = CARTESIAN_POINT('',(21.2,0.));
#12682 = VECTOR('',#12683,1.);
#12683 = DIRECTION('',(0.,-1.));
#12684 = ( GEOMETRIC_REPRESENTATION_CONTEXT(2) 
PARAMETRIC_REPRESENTATION_CONTEXT() REPRESENTATION_CONTEXT('2D SPACE',''
  ) );
#12685 = ORIENTED_EDGE('',*,*,#10574,.T.);
#12686 = ORIENTED_EDGE('',*,*,#4576,.F.);
#12687 = ADVANCED_FACE('',(#12688),#4501,.F.);
#12688 = FACE_BOUND('',#12689,.F.);
#12689 = EDGE_LOOP('',(#12690,#12691,#12712,#12713));
#12690 = ORIENTED_EDGE('',*,*,#10247,.F.);
#12691 = ORIENTED_EDGE('',*,*,#12692,.T.);
#12692 = EDGE_CURVE('',#10222,#10341,#12693,.T.);
#12693 = SURFACE_CURVE('',#12694,(#12698,#12705),.PCURVE_S1.);
#12694 = LINE('',#12695,#12696);
#12695 = CARTESIAN_POINT('',(0.,-10.6,62.755));
#12696 = VECTOR('',#12697,1.);
#12697 = DIRECTION('',(1.,0.,0.));
#12698 = PCURVE('',#4501,#12699);
#12699 = DEFINITIONAL_REPRESENTATION('',(#12700),#12704);
#12700 = LINE('',#12701,#12702);
#12701 = CARTESIAN_POINT('',(0.,0.));
#12702 = VECTOR('',#12703,1.);
#12703 = DIRECTION('',(0.,-1.));
#12704 = ( GEOMETRIC_REPRESENTATION_CONTEXT(2) 
PARAMETRIC_REPRESENTATION_CONTEXT() REPRESENTATION_CONTEXT('2D SPACE',''
  ) );
#12705 = PCURVE('',#10236,#12706);
#12706 = DEFINITIONAL_REPRESENTATION('',(#12707),#12711);
#12707 = LINE('',#12708,#12709);
#12708 = CARTESIAN_POINT('',(21.2,0.));
#12709 = VECTOR('',#12710,1.);
#12710 = DIRECTION('',(0.,-1.));
#12711 = ( GEOMETRIC_REPRESENTATION_CONTEXT(2) 
PARAMETRIC_REPRESENTATION_CONTEXT() REPRESENTATION_CONTEXT('2D SPACE',''
  ) );
#12712 = ORIENTED_EDGE('',*,*,#10361,.T.);
#12713 = ORIENTED_EDGE('',*,*,#4485,.F.);
#12714 = ADVANCED_FACE('',(#12715),#4410,.F.);
#12715 = FACE_BOUND('',#12716,.F.);
#12716 = EDGE_LOOP('',(#12717,#12718,#12739,#12740));
#12717 = ORIENTED_EDGE('',*,*,#10034,.F.);
#12718 = ORIENTED_EDGE('',*,*,#12719,.T.);
#12719 = EDGE_CURVE('',#10009,#10128,#12720,.T.);
#12720 = SURFACE_CURVE('',#12721,(#12725,#12732),.PCURVE_S1.);
#12721 = LINE('',#12722,#12723);
#12722 = CARTESIAN_POINT('',(0.,-10.6,62.755));
#12723 = VECTOR('',#12724,1.);
#12724 = DIRECTION('',(1.,0.,0.));
#12725 = PCURVE('',#4410,#12726);
#12726 = DEFINITIONAL_REPRESENTATION('',(#12727),#12731);
#12727 = LINE('',#12728,#12729);
#12728 = CARTESIAN_POINT('',(0.,0.));
#12729 = VECTOR('',#12730,1.);
#12730 = DIRECTION('',(0.,-1.));
#12731 = ( GEOMETRIC_REPRESENTATION_CONTEXT(2) 
PARAMETRIC_REPRESENTATION_CONTEXT() REPRESENTATION_CONTEXT('2D SPACE',''
  ) );
#12732 = PCURVE('',#10023,#12733);
#12733 = DEFINITIONAL_REPRESENTATION('',(#12734),#12738);
#12734 = LINE('',#12735,#12736);
#12735 = CARTESIAN_POINT('',(21.2,0.));
#12736 = VECTOR('',#12737,1.);
#12737 = DIRECTION('',(0.,-1.));
#12738 = ( GEOMETRIC_REPRESENTATION_CONTEXT(2) 
PARAMETRIC_REPRESENTATION_CONTEXT() REPRESENTATION_CONTEXT('2D SPACE',''
  ) );
#12739 = ORIENTED_EDGE('',*,*,#10148,.T.);
#12740 = ORIENTED_EDGE('',*,*,#4394,.F.);
#12741 = ADVANCED_FACE('',(#12742),#4319,.F.);
#12742 = FACE_BOUND('',#12743,.F.);
#12743 = EDGE_LOOP('',(#12744,#12745,#12766,#12767));
#12744 = ORIENTED_EDGE('',*,*,#9821,.F.);
#12745 = ORIENTED_EDGE('',*,*,#12746,.T.);
#12746 = EDGE_CURVE('',#9796,#9915,#12747,.T.);
#12747 = SURFACE_CURVE('',#12748,(#12752,#12759),.PCURVE_S1.);
#12748 = LINE('',#12749,#12750);
#12749 = CARTESIAN_POINT('',(0.,-10.6,62.755));
#12750 = VECTOR('',#12751,1.);
#12751 = DIRECTION('',(1.,0.,0.));
#12752 = PCURVE('',#4319,#12753);
#12753 = DEFINITIONAL_REPRESENTATION('',(#12754),#12758);
#12754 = LINE('',#12755,#12756);
#12755 = CARTESIAN_POINT('',(0.,0.));
#12756 = VECTOR('',#12757,1.);
#12757 = DIRECTION('',(0.,-1.));
#12758 = ( GEOMETRIC_REPRESENTATION_CONTEXT(2) 
PARAMETRIC_REPRESENTATION_CONTEXT() REPRESENTATION_CONTEXT('2D SPACE',''
  ) );
#12759 = PCURVE('',#9810,#12760);
#12760 = DEFINITIONAL_REPRESENTATION('',(#12761),#12765);
#12761 = LINE('',#12762,#12763);
#12762 = CARTESIAN_POINT('',(21.2,0.));
#12763 = VECTOR('',#12764,1.);
#12764 = DIRECTION('',(0.,-1.));
#12765 = ( GEOMETRIC_REPRESENTATION_CONTEXT(2) 
PARAMETRIC_REPRESENTATION_CONTEXT() REPRESENTATION_CONTEXT('2D SPACE',''
  ) );
#12766 = ORIENTED_EDGE('',*,*,#9935,.T.);
#12767 = ORIENTED_EDGE('',*,*,#4303,.F.);
#12768 = ADVANCED_FACE('',(#12769),#4228,.F.);
#12769 = FACE_BOUND('',#12770,.F.);
#12770 = EDGE_LOOP('',(#12771,#12772,#12793,#12794));
#12771 = ORIENTED_EDGE('',*,*,#9608,.F.);
#12772 = ORIENTED_EDGE('',*,*,#12773,.T.);
#12773 = EDGE_CURVE('',#9583,#9702,#12774,.T.);
#12774 = SURFACE_CURVE('',#12775,(#12779,#12786),.PCURVE_S1.);
#12775 = LINE('',#12776,#12777);
#12776 = CARTESIAN_POINT('',(0.,-10.6,62.755));
#12777 = VECTOR('',#12778,1.);
#12778 = DIRECTION('',(1.,0.,0.));
#12779 = PCURVE('',#4228,#12780);
#12780 = DEFINITIONAL_REPRESENTATION('',(#12781),#12785);
#12781 = LINE('',#12782,#12783);
#12782 = CARTESIAN_POINT('',(0.,0.));
#12783 = VECTOR('',#12784,1.);
#12784 = DIRECTION('',(0.,-1.));
#12785 = ( GEOMETRIC_REPRESENTATION_CONTEXT(2) 
PARAMETRIC_REPRESENTATION_CONTEXT() REPRESENTATION_CONTEXT('2D SPACE',''
  ) );
#12786 = PCURVE('',#9597,#12787);
#12787 = DEFINITIONAL_REPRESENTATION('',(#12788),#12792);
#12788 = LINE('',#12789,#12790);
#12789 = CARTESIAN_POINT('',(21.2,0.));
#12790 = VECTOR('',#12791,1.);
#12791 = DIRECTION('',(0.,-1.));
#12792 = ( GEOMETRIC_REPRESENTATION_CONTEXT(2) 
PARAMETRIC_REPRESENTATION_CONTEXT() REPRESENTATION_CONTEXT('2D SPACE',''
  ) );
#12793 = ORIENTED_EDGE('',*,*,#9722,.T.);
#12794 = ORIENTED_EDGE('',*,*,#4212,.F.);
#12795 = ADVANCED_FACE('',(#12796),#5923,.T.);
#12796 = FACE_BOUND('',#12797,.T.);
#12797 = EDGE_LOOP('',(#12798,#12821,#12822,#12845,#12873,#12901));
#12798 = ORIENTED_EDGE('',*,*,#12799,.T.);
#12799 = EDGE_CURVE('',#12800,#5907,#12802,.T.);
#12800 = VERTEX_POINT('',#12801);
#12801 = CARTESIAN_POINT('',(125.,-30.49,17.165));
#12802 = SURFACE_CURVE('',#12803,(#12807,#12814),.PCURVE_S1.);
#12803 = LINE('',#12804,#12805);
#12804 = CARTESIAN_POINT('',(125.,-30.49,17.165));
#12805 = VECTOR('',#12806,1.);
#12806 = DIRECTION('',(0.,1.,0.));
#12807 = PCURVE('',#5923,#12808);
#12808 = DEFINITIONAL_REPRESENTATION('',(#12809),#12813);
#12809 = LINE('',#12810,#12811);
#12810 = CARTESIAN_POINT('',(-7.835,-0.915798500473));
#12811 = VECTOR('',#12812,1.);
#12812 = DIRECTION('',(0.,-1.));
#12813 = ( GEOMETRIC_REPRESENTATION_CONTEXT(2) 
PARAMETRIC_REPRESENTATION_CONTEXT() REPRESENTATION_CONTEXT('2D SPACE',''
  ) );
#12814 = PCURVE('',#5949,#12815);
#12815 = DEFINITIONAL_REPRESENTATION('',(#12816),#12820);
#12816 = LINE('',#12817,#12818);
#12817 = CARTESIAN_POINT('',(0.,-85.));
#12818 = VECTOR('',#12819,1.);
#12819 = DIRECTION('',(1.,0.));
#12820 = ( GEOMETRIC_REPRESENTATION_CONTEXT(2) 
PARAMETRIC_REPRESENTATION_CONTEXT() REPRESENTATION_CONTEXT('2D SPACE',''
  ) );
#12821 = ORIENTED_EDGE('',*,*,#5906,.T.);
#12822 = ORIENTED_EDGE('',*,*,#12823,.T.);
#12823 = EDGE_CURVE('',#5909,#12824,#12826,.T.);
#12824 = VERTEX_POINT('',#12825);
#12825 = CARTESIAN_POINT('',(125.,-30.49,32.835));
#12826 = SURFACE_CURVE('',#12827,(#12831,#12838),.PCURVE_S1.);
#12827 = LINE('',#12828,#12829);
#12828 = CARTESIAN_POINT('',(125.,-28.99,32.835));
#12829 = VECTOR('',#12830,1.);
#12830 = DIRECTION('',(0.,-1.,0.));
#12831 = PCURVE('',#5923,#12832);
#12832 = DEFINITIONAL_REPRESENTATION('',(#12833),#12837);
#12833 = LINE('',#12834,#12835);
#12834 = CARTESIAN_POINT('',(7.835,-2.415798500473));
#12835 = VECTOR('',#12836,1.);
#12836 = DIRECTION('',(0.,1.));
#12837 = ( GEOMETRIC_REPRESENTATION_CONTEXT(2) 
PARAMETRIC_REPRESENTATION_CONTEXT() REPRESENTATION_CONTEXT('2D SPACE',''
  ) );
#12838 = PCURVE('',#5999,#12839);
#12839 = DEFINITIONAL_REPRESENTATION('',(#12840),#12844);
#12840 = LINE('',#12841,#12842);
#12841 = CARTESIAN_POINT('',(0.,-85.));
#12842 = VECTOR('',#12843,1.);
#12843 = DIRECTION('',(1.,0.));
#12844 = ( GEOMETRIC_REPRESENTATION_CONTEXT(2) 
PARAMETRIC_REPRESENTATION_CONTEXT() REPRESENTATION_CONTEXT('2D SPACE',''
  ) );
#12845 = ORIENTED_EDGE('',*,*,#12846,.T.);
#12846 = EDGE_CURVE('',#12824,#12847,#12849,.T.);
#12847 = VERTEX_POINT('',#12848);
#12848 = CARTESIAN_POINT('',(125.,-33.255,35.6));
#12849 = SURFACE_CURVE('',#12850,(#12854,#12861),.PCURVE_S1.);
#12850 = LINE('',#12851,#12852);
#12851 = CARTESIAN_POINT('',(125.,-30.49,32.835));
#12852 = VECTOR('',#12853,1.);
#12853 = DIRECTION('',(0.,-0.707106781187,0.707106781187));
#12854 = PCURVE('',#5923,#12855);
#12855 = DEFINITIONAL_REPRESENTATION('',(#12856),#12860);
#12856 = LINE('',#12857,#12858);
#12857 = CARTESIAN_POINT('',(7.835,-0.915798500473));
#12858 = VECTOR('',#12859,1.);
#12859 = DIRECTION('',(0.707106781187,0.707106781187));
#12860 = ( GEOMETRIC_REPRESENTATION_CONTEXT(2) 
PARAMETRIC_REPRESENTATION_CONTEXT() REPRESENTATION_CONTEXT('2D SPACE',''
  ) );
#12861 = PCURVE('',#12862,#12867);
#12862 = PLANE('',#12863);
#12863 = AXIS2_PLACEMENT_3D('',#12864,#12865,#12866);
#12864 = CARTESIAN_POINT('',(40.,-30.49,32.835));
#12865 = DIRECTION('',(0.,-0.707106781187,-0.707106781187));
#12866 = DIRECTION('',(0.,-0.707106781187,0.707106781187));
#12867 = DEFINITIONAL_REPRESENTATION('',(#12868),#12872);
#12868 = LINE('',#12869,#12870);
#12869 = CARTESIAN_POINT('',(0.,-85.));
#12870 = VECTOR('',#12871,1.);
#12871 = DIRECTION('',(1.,0.));
#12872 = ( GEOMETRIC_REPRESENTATION_CONTEXT(2) 
PARAMETRIC_REPRESENTATION_CONTEXT() REPRESENTATION_CONTEXT('2D SPACE',''
  ) );
#12873 = ORIENTED_EDGE('',*,*,#12874,.T.);
#12874 = EDGE_CURVE('',#12847,#12875,#12877,.T.);
#12875 = VERTEX_POINT('',#12876);
#12876 = CARTESIAN_POINT('',(125.,-33.255,14.4));
#12877 = SURFACE_CURVE('',#12878,(#12882,#12889),.PCURVE_S1.);
#12878 = LINE('',#12879,#12880);
#12879 = CARTESIAN_POINT('',(125.,-33.255,35.6));
#12880 = VECTOR('',#12881,1.);
#12881 = DIRECTION('',(0.,0.,-1.));
#12882 = PCURVE('',#5923,#12883);
#12883 = DEFINITIONAL_REPRESENTATION('',(#12884),#12888);
#12884 = LINE('',#12885,#12886);
#12885 = CARTESIAN_POINT('',(10.6,1.849201499527));
#12886 = VECTOR('',#12887,1.);
#12887 = DIRECTION('',(-1.,0.));
#12888 = ( GEOMETRIC_REPRESENTATION_CONTEXT(2) 
PARAMETRIC_REPRESENTATION_CONTEXT() REPRESENTATION_CONTEXT('2D SPACE',''
  ) );
#12889 = PCURVE('',#12890,#12895);
#12890 = PLANE('',#12891);
#12891 = AXIS2_PLACEMENT_3D('',#12892,#12893,#12894);
#12892 = CARTESIAN_POINT('',(40.,-33.255,35.6));
#12893 = DIRECTION('',(-0.,1.,0.));
#12894 = DIRECTION('',(0.,0.,-1.));
#12895 = DEFINITIONAL_REPRESENTATION('',(#12896),#12900);
#12896 = LINE('',#12897,#12898);
#12897 = CARTESIAN_POINT('',(0.,-85.));
#12898 = VECTOR('',#12899,1.);
#12899 = DIRECTION('',(1.,0.));
#12900 = ( GEOMETRIC_REPRESENTATION_CONTEXT(2) 
PARAMETRIC_REPRESENTATION_CONTEXT() REPRESENTATION_CONTEXT('2D SPACE',''
  ) );
#12901 = ORIENTED_EDGE('',*,*,#12902,.T.);
#12902 = EDGE_CURVE('',#12875,#12800,#12903,.T.);
#12903 = SURFACE_CURVE('',#12904,(#12908,#12915),.PCURVE_S1.);
#12904 = LINE('',#12905,#12906);
#12905 = CARTESIAN_POINT('',(125.,-33.255,14.4));
#12906 = VECTOR('',#12907,1.);
#12907 = DIRECTION('',(0.,0.707106781187,0.707106781187));
#12908 = PCURVE('',#5923,#12909);
#12909 = DEFINITIONAL_REPRESENTATION('',(#12910),#12914);
#12910 = LINE('',#12911,#12912);
#12911 = CARTESIAN_POINT('',(-10.6,1.849201499527));
#12912 = VECTOR('',#12913,1.);
#12913 = DIRECTION('',(0.707106781187,-0.707106781187));
#12914 = ( GEOMETRIC_REPRESENTATION_CONTEXT(2) 
PARAMETRIC_REPRESENTATION_CONTEXT() REPRESENTATION_CONTEXT('2D SPACE',''
  ) );
#12915 = PCURVE('',#12916,#12921);
#12916 = PLANE('',#12917);
#12917 = AXIS2_PLACEMENT_3D('',#12918,#12919,#12920);
#12918 = CARTESIAN_POINT('',(40.,-33.255,14.4));
#12919 = DIRECTION('',(0.,-0.707106781187,0.707106781187));
#12920 = DIRECTION('',(0.,0.707106781187,0.707106781187));
#12921 = DEFINITIONAL_REPRESENTATION('',(#12922),#12926);
#12922 = LINE('',#12923,#12924);
#12923 = CARTESIAN_POINT('',(0.,-85.));
#12924 = VECTOR('',#12925,1.);
#12925 = DIRECTION('',(1.,0.));
#12926 = ( GEOMETRIC_REPRESENTATION_CONTEXT(2) 
PARAMETRIC_REPRESENTATION_CONTEXT() REPRESENTATION_CONTEXT('2D SPACE',''
  ) );
#12927 = ADVANCED_FACE('',(#12928),#5949,.F.);
#12928 = FACE_BOUND('',#12929,.F.);
#12929 = EDGE_LOOP('',(#12930,#12953,#12981,#13007,#13028,#13049,#13077,
    #13098,#13119,#13140,#13168,#13189,#13210,#13231,#13259,#13280,
    #13301,#13322,#13350,#13371,#13392,#13413,#13441,#13462,#13483,
    #13504,#13532,#13553,#13574,#13595,#13623,#13644,#13665,#13691,
    #13712,#13713));
#12930 = ORIENTED_EDGE('',*,*,#12931,.F.);
#12931 = EDGE_CURVE('',#12932,#5935,#12934,.T.);
#12932 = VERTEX_POINT('',#12933);
#12933 = CARTESIAN_POINT('',(40.,-30.49,17.165));
#12934 = SURFACE_CURVE('',#12935,(#12939,#12946),.PCURVE_S1.);
#12935 = LINE('',#12936,#12937);
#12936 = CARTESIAN_POINT('',(40.,-30.49,17.165));
#12937 = VECTOR('',#12938,1.);
#12938 = DIRECTION('',(0.,1.,0.));
#12939 = PCURVE('',#5949,#12940);
#12940 = DEFINITIONAL_REPRESENTATION('',(#12941),#12945);
#12941 = LINE('',#12942,#12943);
#12942 = CARTESIAN_POINT('',(0.,0.));
#12943 = VECTOR('',#12944,1.);
#12944 = DIRECTION('',(1.,0.));
#12945 = ( GEOMETRIC_REPRESENTATION_CONTEXT(2) 
PARAMETRIC_REPRESENTATION_CONTEXT() REPRESENTATION_CONTEXT('2D SPACE',''
  ) );
#12946 = PCURVE('',#5975,#12947);
#12947 = DEFINITIONAL_REPRESENTATION('',(#12948),#12952);
#12948 = LINE('',#12949,#12950);
#12949 = CARTESIAN_POINT('',(-7.835,-0.915798500473));
#12950 = VECTOR('',#12951,1.);
#12951 = DIRECTION('',(0.,-1.));
#12952 = ( GEOMETRIC_REPRESENTATION_CONTEXT(2) 
PARAMETRIC_REPRESENTATION_CONTEXT() REPRESENTATION_CONTEXT('2D SPACE',''
  ) );
#12953 = ORIENTED_EDGE('',*,*,#12954,.T.);
#12954 = EDGE_CURVE('',#12932,#12955,#12957,.T.);
#12955 = VERTEX_POINT('',#12956);
#12956 = CARTESIAN_POINT('',(44.85,-30.49,17.165));
#12957 = SURFACE_CURVE('',#12958,(#12962,#12969),.PCURVE_S1.);
#12958 = LINE('',#12959,#12960);
#12959 = CARTESIAN_POINT('',(40.,-30.49,17.165));
#12960 = VECTOR('',#12961,1.);
#12961 = DIRECTION('',(1.,0.,0.));
#12962 = PCURVE('',#5949,#12963);
#12963 = DEFINITIONAL_REPRESENTATION('',(#12964),#12968);
#12964 = LINE('',#12965,#12966);
#12965 = CARTESIAN_POINT('',(0.,0.));
#12966 = VECTOR('',#12967,1.);
#12967 = DIRECTION('',(0.,-1.));
#12968 = ( GEOMETRIC_REPRESENTATION_CONTEXT(2) 
PARAMETRIC_REPRESENTATION_CONTEXT() REPRESENTATION_CONTEXT('2D SPACE',''
  ) );
#12969 = PCURVE('',#12970,#12975);
#12970 = PLANE('',#12971);
#12971 = AXIS2_PLACEMENT_3D('',#12972,#12973,#12974);
#12972 = CARTESIAN_POINT('',(40.,-33.255,14.4));
#12973 = DIRECTION('',(0.,-0.707106781187,0.707106781187));
#12974 = DIRECTION('',(0.,0.707106781187,0.707106781187));
#12975 = DEFINITIONAL_REPRESENTATION('',(#12976),#12980);
#12976 = LINE('',#12977,#12978);
#12977 = CARTESIAN_POINT('',(3.910300499962,0.));
#12978 = VECTOR('',#12979,1.);
#12979 = DIRECTION('',(0.,-1.));
#12980 = ( GEOMETRIC_REPRESENTATION_CONTEXT(2) 
PARAMETRIC_REPRESENTATION_CONTEXT() REPRESENTATION_CONTEXT('2D SPACE',''
  ) );
#12981 = ORIENTED_EDGE('',*,*,#12982,.T.);
#12982 = EDGE_CURVE('',#12955,#12983,#12985,.T.);
#12983 = VERTEX_POINT('',#12984);
#12984 = CARTESIAN_POINT('',(44.85,-30.255,17.165));
#12985 = SURFACE_CURVE('',#12986,(#12990,#12996),.PCURVE_S1.);
#12986 = LINE('',#12987,#12988);
#12987 = CARTESIAN_POINT('',(44.85,-32.3725,17.165));
#12988 = VECTOR('',#12989,1.);
#12989 = DIRECTION('',(0.,1.,0.));
#12990 = PCURVE('',#5949,#12991);
#12991 = DEFINITIONAL_REPRESENTATION('',(#12992),#12995);
#12992 = B_SPLINE_CURVE_WITH_KNOTS('',1,(#12993,#12994),.UNSPECIFIED.,
  .F.,.F.,(2,2),(1.8825,2.1175),.PIECEWISE_BEZIER_KNOTS.);
#12993 = CARTESIAN_POINT('',(0.,-4.85));
#12994 = CARTESIAN_POINT('',(0.235,-4.85));
#12995 = ( GEOMETRIC_REPRESENTATION_CONTEXT(2) 
PARAMETRIC_REPRESENTATION_CONTEXT() REPRESENTATION_CONTEXT('2D SPACE',''
  ) );
#12996 = PCURVE('',#12997,#13002);
#12997 = PLANE('',#12998);
#12998 = AXIS2_PLACEMENT_3D('',#12999,#13000,#13001);
#12999 = CARTESIAN_POINT('',(44.85,-34.255,13.4));
#13000 = DIRECTION('',(1.,0.,0.));
#13001 = DIRECTION('',(0.,0.,1.));
#13002 = DEFINITIONAL_REPRESENTATION('',(#13003),#13006);
#13003 = B_SPLINE_CURVE_WITH_KNOTS('',1,(#13004,#13005),.UNSPECIFIED.,
  .F.,.F.,(2,2),(1.8825,2.1175),.PIECEWISE_BEZIER_KNOTS.);
#13004 = CARTESIAN_POINT('',(3.765,-3.765));
#13005 = CARTESIAN_POINT('',(3.765,-4.));
#13006 = ( GEOMETRIC_REPRESENTATION_CONTEXT(2) 
PARAMETRIC_REPRESENTATION_CONTEXT() REPRESENTATION_CONTEXT('2D SPACE',''
  ) );
#13007 = ORIENTED_EDGE('',*,*,#13008,.F.);
#13008 = EDGE_CURVE('',#13009,#12983,#13011,.T.);
#13009 = VERTEX_POINT('',#13010);
#13010 = CARTESIAN_POINT('',(50.08,-30.255,17.165));
#13011 = SURFACE_CURVE('',#13012,(#13016,#13022),.PCURVE_S1.);
#13012 = LINE('',#13013,#13014);
#13013 = CARTESIAN_POINT('',(42.425,-30.255,17.165));
#13014 = VECTOR('',#13015,1.);
#13015 = DIRECTION('',(-1.,0.,0.));
#13016 = PCURVE('',#5949,#13017);
#13017 = DEFINITIONAL_REPRESENTATION('',(#13018),#13021);
#13018 = B_SPLINE_CURVE_WITH_KNOTS('',1,(#13019,#13020),.UNSPECIFIED.,
  .F.,.F.,(2,2),(-7.655,-2.425),.PIECEWISE_BEZIER_KNOTS.);
#13019 = CARTESIAN_POINT('',(0.235,-10.08));
#13020 = CARTESIAN_POINT('',(0.235,-4.85));
#13021 = ( GEOMETRIC_REPRESENTATION_CONTEXT(2) 
PARAMETRIC_REPRESENTATION_CONTEXT() REPRESENTATION_CONTEXT('2D SPACE',''
  ) );
#13022 = PCURVE('',#9299,#13023);
#13023 = DEFINITIONAL_REPRESENTATION('',(#13024),#13027);
#13024 = B_SPLINE_CURVE_WITH_KNOTS('',1,(#13025,#13026),.UNSPECIFIED.,
  .F.,.F.,(2,2),(-7.655,-2.425),.PIECEWISE_BEZIER_KNOTS.);
#13025 = CARTESIAN_POINT('',(3.765,5.23));
#13026 = CARTESIAN_POINT('',(3.765,0.));
#13027 = ( GEOMETRIC_REPRESENTATION_CONTEXT(2) 
PARAMETRIC_REPRESENTATION_CONTEXT() REPRESENTATION_CONTEXT('2D SPACE',''
  ) );
#13028 = ORIENTED_EDGE('',*,*,#13029,.F.);
#13029 = EDGE_CURVE('',#13030,#13009,#13032,.T.);
#13030 = VERTEX_POINT('',#13031);
#13031 = CARTESIAN_POINT('',(50.08,-30.49,17.165));
#13032 = SURFACE_CURVE('',#13033,(#13037,#13043),.PCURVE_S1.);
#13033 = LINE('',#13034,#13035);
#13034 = CARTESIAN_POINT('',(50.08,-32.3725,17.165));
#13035 = VECTOR('',#13036,1.);
#13036 = DIRECTION('',(0.,1.,0.));
#13037 = PCURVE('',#5949,#13038);
#13038 = DEFINITIONAL_REPRESENTATION('',(#13039),#13042);
#13039 = B_SPLINE_CURVE_WITH_KNOTS('',1,(#13040,#13041),.UNSPECIFIED.,
  .F.,.F.,(2,2),(1.8825,2.1175),.PIECEWISE_BEZIER_KNOTS.);
#13040 = CARTESIAN_POINT('',(0.,-10.08));
#13041 = CARTESIAN_POINT('',(0.235,-10.08));
#13042 = ( GEOMETRIC_REPRESENTATION_CONTEXT(2) 
PARAMETRIC_REPRESENTATION_CONTEXT() REPRESENTATION_CONTEXT('2D SPACE',''
  ) );
#13043 = PCURVE('',#9326,#13044);
#13044 = DEFINITIONAL_REPRESENTATION('',(#13045),#13048);
#13045 = B_SPLINE_CURVE_WITH_KNOTS('',1,(#13046,#13047),.UNSPECIFIED.,
  .F.,.F.,(2,2),(1.8825,2.1175),.PIECEWISE_BEZIER_KNOTS.);
#13046 = CARTESIAN_POINT('',(3.765,-3.765));
#13047 = CARTESIAN_POINT('',(3.765,-4.));
#13048 = ( GEOMETRIC_REPRESENTATION_CONTEXT(2) 
PARAMETRIC_REPRESENTATION_CONTEXT() REPRESENTATION_CONTEXT('2D SPACE',''
  ) );
#13049 = ORIENTED_EDGE('',*,*,#13050,.T.);
#13050 = EDGE_CURVE('',#13030,#13051,#13053,.T.);
#13051 = VERTEX_POINT('',#13052);
#13052 = CARTESIAN_POINT('',(54.86,-30.49,17.165));
#13053 = SURFACE_CURVE('',#13054,(#13058,#13065),.PCURVE_S1.);
#13054 = LINE('',#13055,#13056);
#13055 = CARTESIAN_POINT('',(40.,-30.49,17.165));
#13056 = VECTOR('',#13057,1.);
#13057 = DIRECTION('',(1.,0.,0.));
#13058 = PCURVE('',#5949,#13059);
#13059 = DEFINITIONAL_REPRESENTATION('',(#13060),#13064);
#13060 = LINE('',#13061,#13062);
#13061 = CARTESIAN_POINT('',(0.,0.));
#13062 = VECTOR('',#13063,1.);
#13063 = DIRECTION('',(0.,-1.));
#13064 = ( GEOMETRIC_REPRESENTATION_CONTEXT(2) 
PARAMETRIC_REPRESENTATION_CONTEXT() REPRESENTATION_CONTEXT('2D SPACE',''
  ) );
#13065 = PCURVE('',#13066,#13071);
#13066 = PLANE('',#13067);
#13067 = AXIS2_PLACEMENT_3D('',#13068,#13069,#13070);
#13068 = CARTESIAN_POINT('',(40.,-33.255,14.4));
#13069 = DIRECTION('',(0.,-0.707106781187,0.707106781187));
#13070 = DIRECTION('',(0.,0.707106781187,0.707106781187));
#13071 = DEFINITIONAL_REPRESENTATION('',(#13072),#13076);
#13072 = LINE('',#13073,#13074);
#13073 = CARTESIAN_POINT('',(3.910300499962,0.));
#13074 = VECTOR('',#13075,1.);
#13075 = DIRECTION('',(0.,-1.));
#13076 = ( GEOMETRIC_REPRESENTATION_CONTEXT(2) 
PARAMETRIC_REPRESENTATION_CONTEXT() REPRESENTATION_CONTEXT('2D SPACE',''
  ) );
#13077 = ORIENTED_EDGE('',*,*,#13078,.T.);
#13078 = EDGE_CURVE('',#13051,#13079,#13081,.T.);
#13079 = VERTEX_POINT('',#13080);
#13080 = CARTESIAN_POINT('',(54.86,-30.255,17.165));
#13081 = SURFACE_CURVE('',#13082,(#13086,#13092),.PCURVE_S1.);
#13082 = LINE('',#13083,#13084);
#13083 = CARTESIAN_POINT('',(54.86,-32.3725,17.165));
#13084 = VECTOR('',#13085,1.);
#13085 = DIRECTION('',(0.,1.,0.));
#13086 = PCURVE('',#5949,#13087);
#13087 = DEFINITIONAL_REPRESENTATION('',(#13088),#13091);
#13088 = B_SPLINE_CURVE_WITH_KNOTS('',1,(#13089,#13090),.UNSPECIFIED.,
  .F.,.F.,(2,2),(1.8825,2.1175),.PIECEWISE_BEZIER_KNOTS.);
#13089 = CARTESIAN_POINT('',(0.,-14.86));
#13090 = CARTESIAN_POINT('',(0.235,-14.86));
#13091 = ( GEOMETRIC_REPRESENTATION_CONTEXT(2) 
PARAMETRIC_REPRESENTATION_CONTEXT() REPRESENTATION_CONTEXT('2D SPACE',''
  ) );
#13092 = PCURVE('',#9381,#13093);
#13093 = DEFINITIONAL_REPRESENTATION('',(#13094),#13097);
#13094 = B_SPLINE_CURVE_WITH_KNOTS('',1,(#13095,#13096),.UNSPECIFIED.,
  .F.,.F.,(2,2),(1.8825,2.1175),.PIECEWISE_BEZIER_KNOTS.);
#13095 = CARTESIAN_POINT('',(3.765,-3.765));
#13096 = CARTESIAN_POINT('',(3.765,-4.));
#13097 = ( GEOMETRIC_REPRESENTATION_CONTEXT(2) 
PARAMETRIC_REPRESENTATION_CONTEXT() REPRESENTATION_CONTEXT('2D SPACE',''
  ) );
#13098 = ORIENTED_EDGE('',*,*,#13099,.F.);
#13099 = EDGE_CURVE('',#13100,#13079,#13102,.T.);
#13100 = VERTEX_POINT('',#13101);
#13101 = CARTESIAN_POINT('',(60.09,-30.255,17.165));
#13102 = SURFACE_CURVE('',#13103,(#13107,#13113),.PCURVE_S1.);
#13103 = LINE('',#13104,#13105);
#13104 = CARTESIAN_POINT('',(47.43,-30.255,17.165));
#13105 = VECTOR('',#13106,1.);
#13106 = DIRECTION('',(-1.,0.,0.));
#13107 = PCURVE('',#5949,#13108);
#13108 = DEFINITIONAL_REPRESENTATION('',(#13109),#13112);
#13109 = B_SPLINE_CURVE_WITH_KNOTS('',1,(#13110,#13111),.UNSPECIFIED.,
  .F.,.F.,(2,2),(-12.66,-7.43),.PIECEWISE_BEZIER_KNOTS.);
#13110 = CARTESIAN_POINT('',(0.235,-20.09));
#13111 = CARTESIAN_POINT('',(0.235,-14.86));
#13112 = ( GEOMETRIC_REPRESENTATION_CONTEXT(2) 
PARAMETRIC_REPRESENTATION_CONTEXT() REPRESENTATION_CONTEXT('2D SPACE',''
  ) );
#13113 = PCURVE('',#9034,#13114);
#13114 = DEFINITIONAL_REPRESENTATION('',(#13115),#13118);
#13115 = B_SPLINE_CURVE_WITH_KNOTS('',1,(#13116,#13117),.UNSPECIFIED.,
  .F.,.F.,(2,2),(-12.66,-7.43),.PIECEWISE_BEZIER_KNOTS.);
#13116 = CARTESIAN_POINT('',(3.765,5.23));
#13117 = CARTESIAN_POINT('',(3.765,0.));
#13118 = ( GEOMETRIC_REPRESENTATION_CONTEXT(2) 
PARAMETRIC_REPRESENTATION_CONTEXT() REPRESENTATION_CONTEXT('2D SPACE',''
  ) );
#13119 = ORIENTED_EDGE('',*,*,#13120,.F.);
#13120 = EDGE_CURVE('',#13121,#13100,#13123,.T.);
#13121 = VERTEX_POINT('',#13122);
#13122 = CARTESIAN_POINT('',(60.09,-30.49,17.165));
#13123 = SURFACE_CURVE('',#13124,(#13128,#13134),.PCURVE_S1.);
#13124 = LINE('',#13125,#13126);
#13125 = CARTESIAN_POINT('',(60.09,-32.3725,17.165));
#13126 = VECTOR('',#13127,1.);
#13127 = DIRECTION('',(0.,1.,0.));
#13128 = PCURVE('',#5949,#13129);
#13129 = DEFINITIONAL_REPRESENTATION('',(#13130),#13133);
#13130 = B_SPLINE_CURVE_WITH_KNOTS('',1,(#13131,#13132),.UNSPECIFIED.,
  .F.,.F.,(2,2),(1.8825,2.1175),.PIECEWISE_BEZIER_KNOTS.);
#13131 = CARTESIAN_POINT('',(0.,-20.09));
#13132 = CARTESIAN_POINT('',(0.235,-20.09));
#13133 = ( GEOMETRIC_REPRESENTATION_CONTEXT(2) 
PARAMETRIC_REPRESENTATION_CONTEXT() REPRESENTATION_CONTEXT('2D SPACE',''
  ) );
#13134 = PCURVE('',#9061,#13135);
#13135 = DEFINITIONAL_REPRESENTATION('',(#13136),#13139);
#13136 = B_SPLINE_CURVE_WITH_KNOTS('',1,(#13137,#13138),.UNSPECIFIED.,
  .F.,.F.,(2,2),(1.8825,2.1175),.PIECEWISE_BEZIER_KNOTS.);
#13137 = CARTESIAN_POINT('',(3.765,-3.765));
#13138 = CARTESIAN_POINT('',(3.765,-4.));
#13139 = ( GEOMETRIC_REPRESENTATION_CONTEXT(2) 
PARAMETRIC_REPRESENTATION_CONTEXT() REPRESENTATION_CONTEXT('2D SPACE',''
  ) );
#13140 = ORIENTED_EDGE('',*,*,#13141,.T.);
#13141 = EDGE_CURVE('',#13121,#13142,#13144,.T.);
#13142 = VERTEX_POINT('',#13143);
#13143 = CARTESIAN_POINT('',(64.87,-30.49,17.165));
#13144 = SURFACE_CURVE('',#13145,(#13149,#13156),.PCURVE_S1.);
#13145 = LINE('',#13146,#13147);
#13146 = CARTESIAN_POINT('',(40.,-30.49,17.165));
#13147 = VECTOR('',#13148,1.);
#13148 = DIRECTION('',(1.,0.,0.));
#13149 = PCURVE('',#5949,#13150);
#13150 = DEFINITIONAL_REPRESENTATION('',(#13151),#13155);
#13151 = LINE('',#13152,#13153);
#13152 = CARTESIAN_POINT('',(0.,0.));
#13153 = VECTOR('',#13154,1.);
#13154 = DIRECTION('',(0.,-1.));
#13155 = ( GEOMETRIC_REPRESENTATION_CONTEXT(2) 
PARAMETRIC_REPRESENTATION_CONTEXT() REPRESENTATION_CONTEXT('2D SPACE',''
  ) );
#13156 = PCURVE('',#13157,#13162);
#13157 = PLANE('',#13158);
#13158 = AXIS2_PLACEMENT_3D('',#13159,#13160,#13161);
#13159 = CARTESIAN_POINT('',(40.,-33.255,14.4));
#13160 = DIRECTION('',(0.,-0.707106781187,0.707106781187));
#13161 = DIRECTION('',(0.,0.707106781187,0.707106781187));
#13162 = DEFINITIONAL_REPRESENTATION('',(#13163),#13167);
#13163 = LINE('',#13164,#13165);
#13164 = CARTESIAN_POINT('',(3.910300499962,0.));
#13165 = VECTOR('',#13166,1.);
#13166 = DIRECTION('',(0.,-1.));
#13167 = ( GEOMETRIC_REPRESENTATION_CONTEXT(2) 
PARAMETRIC_REPRESENTATION_CONTEXT() REPRESENTATION_CONTEXT('2D SPACE',''
  ) );
#13168 = ORIENTED_EDGE('',*,*,#13169,.T.);
#13169 = EDGE_CURVE('',#13142,#13170,#13172,.T.);
#13170 = VERTEX_POINT('',#13171);
#13171 = CARTESIAN_POINT('',(64.87,-30.255,17.165));
#13172 = SURFACE_CURVE('',#13173,(#13177,#13183),.PCURVE_S1.);
#13173 = LINE('',#13174,#13175);
#13174 = CARTESIAN_POINT('',(64.87,-32.3725,17.165));
#13175 = VECTOR('',#13176,1.);
#13176 = DIRECTION('',(0.,1.,0.));
#13177 = PCURVE('',#5949,#13178);
#13178 = DEFINITIONAL_REPRESENTATION('',(#13179),#13182);
#13179 = B_SPLINE_CURVE_WITH_KNOTS('',1,(#13180,#13181),.UNSPECIFIED.,
  .F.,.F.,(2,2),(1.8825,2.1175),.PIECEWISE_BEZIER_KNOTS.);
#13180 = CARTESIAN_POINT('',(0.,-24.87));
#13181 = CARTESIAN_POINT('',(0.235,-24.87));
#13182 = ( GEOMETRIC_REPRESENTATION_CONTEXT(2) 
PARAMETRIC_REPRESENTATION_CONTEXT() REPRESENTATION_CONTEXT('2D SPACE',''
  ) );
#13183 = PCURVE('',#9116,#13184);
#13184 = DEFINITIONAL_REPRESENTATION('',(#13185),#13188);
#13185 = B_SPLINE_CURVE_WITH_KNOTS('',1,(#13186,#13187),.UNSPECIFIED.,
  .F.,.F.,(2,2),(1.8825,2.1175),.PIECEWISE_BEZIER_KNOTS.);
#13186 = CARTESIAN_POINT('',(3.765,-3.765));
#13187 = CARTESIAN_POINT('',(3.765,-4.));
#13188 = ( GEOMETRIC_REPRESENTATION_CONTEXT(2) 
PARAMETRIC_REPRESENTATION_CONTEXT() REPRESENTATION_CONTEXT('2D SPACE',''
  ) );
#13189 = ORIENTED_EDGE('',*,*,#13190,.F.);
#13190 = EDGE_CURVE('',#13191,#13170,#13193,.T.);
#13191 = VERTEX_POINT('',#13192);
#13192 = CARTESIAN_POINT('',(70.1,-30.255,17.165));
#13193 = SURFACE_CURVE('',#13194,(#13198,#13204),.PCURVE_S1.);
#13194 = LINE('',#13195,#13196);
#13195 = CARTESIAN_POINT('',(52.435,-30.255,17.165));
#13196 = VECTOR('',#13197,1.);
#13197 = DIRECTION('',(-1.,0.,0.));
#13198 = PCURVE('',#5949,#13199);
#13199 = DEFINITIONAL_REPRESENTATION('',(#13200),#13203);
#13200 = B_SPLINE_CURVE_WITH_KNOTS('',1,(#13201,#13202),.UNSPECIFIED.,
  .F.,.F.,(2,2),(-17.665,-12.435),.PIECEWISE_BEZIER_KNOTS.);
#13201 = CARTESIAN_POINT('',(0.235,-30.1));
#13202 = CARTESIAN_POINT('',(0.235,-24.87));
#13203 = ( GEOMETRIC_REPRESENTATION_CONTEXT(2) 
PARAMETRIC_REPRESENTATION_CONTEXT() REPRESENTATION_CONTEXT('2D SPACE',''
  ) );
#13204 = PCURVE('',#8295,#13205);
#13205 = DEFINITIONAL_REPRESENTATION('',(#13206),#13209);
#13206 = B_SPLINE_CURVE_WITH_KNOTS('',1,(#13207,#13208),.UNSPECIFIED.,
  .F.,.F.,(2,2),(-17.665,-12.435),.PIECEWISE_BEZIER_KNOTS.);
#13207 = CARTESIAN_POINT('',(3.765,5.23));
#13208 = CARTESIAN_POINT('',(3.765,0.));
#13209 = ( GEOMETRIC_REPRESENTATION_CONTEXT(2) 
PARAMETRIC_REPRESENTATION_CONTEXT() REPRESENTATION_CONTEXT('2D SPACE',''
  ) );
#13210 = ORIENTED_EDGE('',*,*,#13211,.F.);
#13211 = EDGE_CURVE('',#13212,#13191,#13214,.T.);
#13212 = VERTEX_POINT('',#13213);
#13213 = CARTESIAN_POINT('',(70.1,-30.49,17.165));
#13214 = SURFACE_CURVE('',#13215,(#13219,#13225),.PCURVE_S1.);
#13215 = LINE('',#13216,#13217);
#13216 = CARTESIAN_POINT('',(70.1,-32.3725,17.165));
#13217 = VECTOR('',#13218,1.);
#13218 = DIRECTION('',(0.,1.,0.));
#13219 = PCURVE('',#5949,#13220);
#13220 = DEFINITIONAL_REPRESENTATION('',(#13221),#13224);
#13221 = B_SPLINE_CURVE_WITH_KNOTS('',1,(#13222,#13223),.UNSPECIFIED.,
  .F.,.F.,(2,2),(1.8825,2.1175),.PIECEWISE_BEZIER_KNOTS.);
#13222 = CARTESIAN_POINT('',(0.,-30.1));
#13223 = CARTESIAN_POINT('',(0.235,-30.1));
#13224 = ( GEOMETRIC_REPRESENTATION_CONTEXT(2) 
PARAMETRIC_REPRESENTATION_CONTEXT() REPRESENTATION_CONTEXT('2D SPACE',''
  ) );
#13225 = PCURVE('',#8322,#13226);
#13226 = DEFINITIONAL_REPRESENTATION('',(#13227),#13230);
#13227 = B_SPLINE_CURVE_WITH_KNOTS('',1,(#13228,#13229),.UNSPECIFIED.,
  .F.,.F.,(2,2),(1.8825,2.1175),.PIECEWISE_BEZIER_KNOTS.);
#13228 = CARTESIAN_POINT('',(3.765,-3.765));
#13229 = CARTESIAN_POINT('',(3.765,-4.));
#13230 = ( GEOMETRIC_REPRESENTATION_CONTEXT(2) 
PARAMETRIC_REPRESENTATION_CONTEXT() REPRESENTATION_CONTEXT('2D SPACE',''
  ) );
#13231 = ORIENTED_EDGE('',*,*,#13232,.T.);
#13232 = EDGE_CURVE('',#13212,#13233,#13235,.T.);
#13233 = VERTEX_POINT('',#13234);
#13234 = CARTESIAN_POINT('',(74.88,-30.49,17.165));
#13235 = SURFACE_CURVE('',#13236,(#13240,#13247),.PCURVE_S1.);
#13236 = LINE('',#13237,#13238);
#13237 = CARTESIAN_POINT('',(40.,-30.49,17.165));
#13238 = VECTOR('',#13239,1.);
#13239 = DIRECTION('',(1.,0.,0.));
#13240 = PCURVE('',#5949,#13241);
#13241 = DEFINITIONAL_REPRESENTATION('',(#13242),#13246);
#13242 = LINE('',#13243,#13244);
#13243 = CARTESIAN_POINT('',(0.,0.));
#13244 = VECTOR('',#13245,1.);
#13245 = DIRECTION('',(0.,-1.));
#13246 = ( GEOMETRIC_REPRESENTATION_CONTEXT(2) 
PARAMETRIC_REPRESENTATION_CONTEXT() REPRESENTATION_CONTEXT('2D SPACE',''
  ) );
#13247 = PCURVE('',#13248,#13253);
#13248 = PLANE('',#13249);
#13249 = AXIS2_PLACEMENT_3D('',#13250,#13251,#13252);
#13250 = CARTESIAN_POINT('',(40.,-33.255,14.4));
#13251 = DIRECTION('',(0.,-0.707106781187,0.707106781187));
#13252 = DIRECTION('',(0.,0.707106781187,0.707106781187));
#13253 = DEFINITIONAL_REPRESENTATION('',(#13254),#13258);
#13254 = LINE('',#13255,#13256);
#13255 = CARTESIAN_POINT('',(3.910300499962,0.));
#13256 = VECTOR('',#13257,1.);
#13257 = DIRECTION('',(0.,-1.));
#13258 = ( GEOMETRIC_REPRESENTATION_CONTEXT(2) 
PARAMETRIC_REPRESENTATION_CONTEXT() REPRESENTATION_CONTEXT('2D SPACE',''
  ) );
#13259 = ORIENTED_EDGE('',*,*,#13260,.T.);
#13260 = EDGE_CURVE('',#13233,#13261,#13263,.T.);
#13261 = VERTEX_POINT('',#13262);
#13262 = CARTESIAN_POINT('',(74.88,-30.255,17.165));
#13263 = SURFACE_CURVE('',#13264,(#13268,#13274),.PCURVE_S1.);
#13264 = LINE('',#13265,#13266);
#13265 = CARTESIAN_POINT('',(74.88,-32.3725,17.165));
#13266 = VECTOR('',#13267,1.);
#13267 = DIRECTION('',(0.,1.,0.));
#13268 = PCURVE('',#5949,#13269);
#13269 = DEFINITIONAL_REPRESENTATION('',(#13270),#13273);
#13270 = B_SPLINE_CURVE_WITH_KNOTS('',1,(#13271,#13272),.UNSPECIFIED.,
  .F.,.F.,(2,2),(1.8825,2.1175),.PIECEWISE_BEZIER_KNOTS.);
#13271 = CARTESIAN_POINT('',(0.,-34.88));
#13272 = CARTESIAN_POINT('',(0.235,-34.88));
#13273 = ( GEOMETRIC_REPRESENTATION_CONTEXT(2) 
PARAMETRIC_REPRESENTATION_CONTEXT() REPRESENTATION_CONTEXT('2D SPACE',''
  ) );
#13274 = PCURVE('',#8377,#13275);
#13275 = DEFINITIONAL_REPRESENTATION('',(#13276),#13279);
#13276 = B_SPLINE_CURVE_WITH_KNOTS('',1,(#13277,#13278),.UNSPECIFIED.,
  .F.,.F.,(2,2),(1.8825,2.1175),.PIECEWISE_BEZIER_KNOTS.);
#13277 = CARTESIAN_POINT('',(3.765,-3.765));
#13278 = CARTESIAN_POINT('',(3.765,-4.));
#13279 = ( GEOMETRIC_REPRESENTATION_CONTEXT(2) 
PARAMETRIC_REPRESENTATION_CONTEXT() REPRESENTATION_CONTEXT('2D SPACE',''
  ) );
#13280 = ORIENTED_EDGE('',*,*,#13281,.F.);
#13281 = EDGE_CURVE('',#13282,#13261,#13284,.T.);
#13282 = VERTEX_POINT('',#13283);
#13283 = CARTESIAN_POINT('',(80.11,-30.255,17.165));
#13284 = SURFACE_CURVE('',#13285,(#13289,#13295),.PCURVE_S1.);
#13285 = LINE('',#13286,#13287);
#13286 = CARTESIAN_POINT('',(57.44,-30.255,17.165));
#13287 = VECTOR('',#13288,1.);
#13288 = DIRECTION('',(-1.,0.,0.));
#13289 = PCURVE('',#5949,#13290);
#13290 = DEFINITIONAL_REPRESENTATION('',(#13291),#13294);
#13291 = B_SPLINE_CURVE_WITH_KNOTS('',1,(#13292,#13293),.UNSPECIFIED.,
  .F.,.F.,(2,2),(-22.67,-17.44),.PIECEWISE_BEZIER_KNOTS.);
#13292 = CARTESIAN_POINT('',(0.235,-40.11));
#13293 = CARTESIAN_POINT('',(0.235,-34.88));
#13294 = ( GEOMETRIC_REPRESENTATION_CONTEXT(2) 
PARAMETRIC_REPRESENTATION_CONTEXT() REPRESENTATION_CONTEXT('2D SPACE',''
  ) );
#13295 = PCURVE('',#8030,#13296);
#13296 = DEFINITIONAL_REPRESENTATION('',(#13297),#13300);
#13297 = B_SPLINE_CURVE_WITH_KNOTS('',1,(#13298,#13299),.UNSPECIFIED.,
  .F.,.F.,(2,2),(-22.67,-17.44),.PIECEWISE_BEZIER_KNOTS.);
#13298 = CARTESIAN_POINT('',(3.765,5.23));
#13299 = CARTESIAN_POINT('',(3.765,0.));
#13300 = ( GEOMETRIC_REPRESENTATION_CONTEXT(2) 
PARAMETRIC_REPRESENTATION_CONTEXT() REPRESENTATION_CONTEXT('2D SPACE',''
  ) );
#13301 = ORIENTED_EDGE('',*,*,#13302,.F.);
#13302 = EDGE_CURVE('',#13303,#13282,#13305,.T.);
#13303 = VERTEX_POINT('',#13304);
#13304 = CARTESIAN_POINT('',(80.11,-30.49,17.165));
#13305 = SURFACE_CURVE('',#13306,(#13310,#13316),.PCURVE_S1.);
#13306 = LINE('',#13307,#13308);
#13307 = CARTESIAN_POINT('',(80.11,-32.3725,17.165));
#13308 = VECTOR('',#13309,1.);
#13309 = DIRECTION('',(0.,1.,0.));
#13310 = PCURVE('',#5949,#13311);
#13311 = DEFINITIONAL_REPRESENTATION('',(#13312),#13315);
#13312 = B_SPLINE_CURVE_WITH_KNOTS('',1,(#13313,#13314),.UNSPECIFIED.,
  .F.,.F.,(2,2),(1.8825,2.1175),.PIECEWISE_BEZIER_KNOTS.);
#13313 = CARTESIAN_POINT('',(0.,-40.11));
#13314 = CARTESIAN_POINT('',(0.235,-40.11));
#13315 = ( GEOMETRIC_REPRESENTATION_CONTEXT(2) 
PARAMETRIC_REPRESENTATION_CONTEXT() REPRESENTATION_CONTEXT('2D SPACE',''
  ) );
#13316 = PCURVE('',#8057,#13317);
#13317 = DEFINITIONAL_REPRESENTATION('',(#13318),#13321);
#13318 = B_SPLINE_CURVE_WITH_KNOTS('',1,(#13319,#13320),.UNSPECIFIED.,
  .F.,.F.,(2,2),(1.8825,2.1175),.PIECEWISE_BEZIER_KNOTS.);
#13319 = CARTESIAN_POINT('',(3.765,-3.765));
#13320 = CARTESIAN_POINT('',(3.765,-4.));
#13321 = ( GEOMETRIC_REPRESENTATION_CONTEXT(2) 
PARAMETRIC_REPRESENTATION_CONTEXT() REPRESENTATION_CONTEXT('2D SPACE',''
  ) );
#13322 = ORIENTED_EDGE('',*,*,#13323,.T.);
#13323 = EDGE_CURVE('',#13303,#13324,#13326,.T.);
#13324 = VERTEX_POINT('',#13325);
#13325 = CARTESIAN_POINT('',(84.89,-30.49,17.165));
#13326 = SURFACE_CURVE('',#13327,(#13331,#13338),.PCURVE_S1.);
#13327 = LINE('',#13328,#13329);
#13328 = CARTESIAN_POINT('',(40.,-30.49,17.165));
#13329 = VECTOR('',#13330,1.);
#13330 = DIRECTION('',(1.,0.,0.));
#13331 = PCURVE('',#5949,#13332);
#13332 = DEFINITIONAL_REPRESENTATION('',(#13333),#13337);
#13333 = LINE('',#13334,#13335);
#13334 = CARTESIAN_POINT('',(0.,0.));
#13335 = VECTOR('',#13336,1.);
#13336 = DIRECTION('',(0.,-1.));
#13337 = ( GEOMETRIC_REPRESENTATION_CONTEXT(2) 
PARAMETRIC_REPRESENTATION_CONTEXT() REPRESENTATION_CONTEXT('2D SPACE',''
  ) );
#13338 = PCURVE('',#13339,#13344);
#13339 = PLANE('',#13340);
#13340 = AXIS2_PLACEMENT_3D('',#13341,#13342,#13343);
#13341 = CARTESIAN_POINT('',(40.,-33.255,14.4));
#13342 = DIRECTION('',(0.,-0.707106781187,0.707106781187));
#13343 = DIRECTION('',(0.,0.707106781187,0.707106781187));
#13344 = DEFINITIONAL_REPRESENTATION('',(#13345),#13349);
#13345 = LINE('',#13346,#13347);
#13346 = CARTESIAN_POINT('',(3.910300499962,0.));
#13347 = VECTOR('',#13348,1.);
#13348 = DIRECTION('',(0.,-1.));
#13349 = ( GEOMETRIC_REPRESENTATION_CONTEXT(2) 
PARAMETRIC_REPRESENTATION_CONTEXT() REPRESENTATION_CONTEXT('2D SPACE',''
  ) );
#13350 = ORIENTED_EDGE('',*,*,#13351,.T.);
#13351 = EDGE_CURVE('',#13324,#13352,#13354,.T.);
#13352 = VERTEX_POINT('',#13353);
#13353 = CARTESIAN_POINT('',(84.89,-30.255,17.165));
#13354 = SURFACE_CURVE('',#13355,(#13359,#13365),.PCURVE_S1.);
#13355 = LINE('',#13356,#13357);
#13356 = CARTESIAN_POINT('',(84.89,-32.3725,17.165));
#13357 = VECTOR('',#13358,1.);
#13358 = DIRECTION('',(0.,1.,0.));
#13359 = PCURVE('',#5949,#13360);
#13360 = DEFINITIONAL_REPRESENTATION('',(#13361),#13364);
#13361 = B_SPLINE_CURVE_WITH_KNOTS('',1,(#13362,#13363),.UNSPECIFIED.,
  .F.,.F.,(2,2),(1.8825,2.1175),.PIECEWISE_BEZIER_KNOTS.);
#13362 = CARTESIAN_POINT('',(0.,-44.89));
#13363 = CARTESIAN_POINT('',(0.235,-44.89));
#13364 = ( GEOMETRIC_REPRESENTATION_CONTEXT(2) 
PARAMETRIC_REPRESENTATION_CONTEXT() REPRESENTATION_CONTEXT('2D SPACE',''
  ) );
#13365 = PCURVE('',#8112,#13366);
#13366 = DEFINITIONAL_REPRESENTATION('',(#13367),#13370);
#13367 = B_SPLINE_CURVE_WITH_KNOTS('',1,(#13368,#13369),.UNSPECIFIED.,
  .F.,.F.,(2,2),(1.8825,2.1175),.PIECEWISE_BEZIER_KNOTS.);
#13368 = CARTESIAN_POINT('',(3.765,-3.765));
#13369 = CARTESIAN_POINT('',(3.765,-4.));
#13370 = ( GEOMETRIC_REPRESENTATION_CONTEXT(2) 
PARAMETRIC_REPRESENTATION_CONTEXT() REPRESENTATION_CONTEXT('2D SPACE',''
  ) );
#13371 = ORIENTED_EDGE('',*,*,#13372,.F.);
#13372 = EDGE_CURVE('',#13373,#13352,#13375,.T.);
#13373 = VERTEX_POINT('',#13374);
#13374 = CARTESIAN_POINT('',(90.12,-30.255,17.165));
#13375 = SURFACE_CURVE('',#13376,(#13380,#13386),.PCURVE_S1.);
#13376 = LINE('',#13377,#13378);
#13377 = CARTESIAN_POINT('',(62.445,-30.255,17.165));
#13378 = VECTOR('',#13379,1.);
#13379 = DIRECTION('',(-1.,0.,0.));
#13380 = PCURVE('',#5949,#13381);
#13381 = DEFINITIONAL_REPRESENTATION('',(#13382),#13385);
#13382 = B_SPLINE_CURVE_WITH_KNOTS('',1,(#13383,#13384),.UNSPECIFIED.,
  .F.,.F.,(2,2),(-27.675,-22.445),.PIECEWISE_BEZIER_KNOTS.);
#13383 = CARTESIAN_POINT('',(0.235,-50.12));
#13384 = CARTESIAN_POINT('',(0.235,-44.89));
#13385 = ( GEOMETRIC_REPRESENTATION_CONTEXT(2) 
PARAMETRIC_REPRESENTATION_CONTEXT() REPRESENTATION_CONTEXT('2D SPACE',''
  ) );
#13386 = PCURVE('',#7765,#13387);
#13387 = DEFINITIONAL_REPRESENTATION('',(#13388),#13391);
#13388 = B_SPLINE_CURVE_WITH_KNOTS('',1,(#13389,#13390),.UNSPECIFIED.,
  .F.,.F.,(2,2),(-27.675,-22.445),.PIECEWISE_BEZIER_KNOTS.);
#13389 = CARTESIAN_POINT('',(3.765,5.23));
#13390 = CARTESIAN_POINT('',(3.765,0.));
#13391 = ( GEOMETRIC_REPRESENTATION_CONTEXT(2) 
PARAMETRIC_REPRESENTATION_CONTEXT() REPRESENTATION_CONTEXT('2D SPACE',''
  ) );
#13392 = ORIENTED_EDGE('',*,*,#13393,.F.);
#13393 = EDGE_CURVE('',#13394,#13373,#13396,.T.);
#13394 = VERTEX_POINT('',#13395);
#13395 = CARTESIAN_POINT('',(90.12,-30.49,17.165));
#13396 = SURFACE_CURVE('',#13397,(#13401,#13407),.PCURVE_S1.);
#13397 = LINE('',#13398,#13399);
#13398 = CARTESIAN_POINT('',(90.12,-32.3725,17.165));
#13399 = VECTOR('',#13400,1.);
#13400 = DIRECTION('',(0.,1.,0.));
#13401 = PCURVE('',#5949,#13402);
#13402 = DEFINITIONAL_REPRESENTATION('',(#13403),#13406);
#13403 = B_SPLINE_CURVE_WITH_KNOTS('',1,(#13404,#13405),.UNSPECIFIED.,
  .F.,.F.,(2,2),(1.8825,2.1175),.PIECEWISE_BEZIER_KNOTS.);
#13404 = CARTESIAN_POINT('',(0.,-50.12));
#13405 = CARTESIAN_POINT('',(0.235,-50.12));
#13406 = ( GEOMETRIC_REPRESENTATION_CONTEXT(2) 
PARAMETRIC_REPRESENTATION_CONTEXT() REPRESENTATION_CONTEXT('2D SPACE',''
  ) );
#13407 = PCURVE('',#7792,#13408);
#13408 = DEFINITIONAL_REPRESENTATION('',(#13409),#13412);
#13409 = B_SPLINE_CURVE_WITH_KNOTS('',1,(#13410,#13411),.UNSPECIFIED.,
  .F.,.F.,(2,2),(1.8825,2.1175),.PIECEWISE_BEZIER_KNOTS.);
#13410 = CARTESIAN_POINT('',(3.765,-3.765));
#13411 = CARTESIAN_POINT('',(3.765,-4.));
#13412 = ( GEOMETRIC_REPRESENTATION_CONTEXT(2) 
PARAMETRIC_REPRESENTATION_CONTEXT() REPRESENTATION_CONTEXT('2D SPACE',''
  ) );
#13413 = ORIENTED_EDGE('',*,*,#13414,.T.);
#13414 = EDGE_CURVE('',#13394,#13415,#13417,.T.);
#13415 = VERTEX_POINT('',#13416);
#13416 = CARTESIAN_POINT('',(94.9,-30.49,17.165));
#13417 = SURFACE_CURVE('',#13418,(#13422,#13429),.PCURVE_S1.);
#13418 = LINE('',#13419,#13420);
#13419 = CARTESIAN_POINT('',(40.,-30.49,17.165));
#13420 = VECTOR('',#13421,1.);
#13421 = DIRECTION('',(1.,0.,0.));
#13422 = PCURVE('',#5949,#13423);
#13423 = DEFINITIONAL_REPRESENTATION('',(#13424),#13428);
#13424 = LINE('',#13425,#13426);
#13425 = CARTESIAN_POINT('',(0.,0.));
#13426 = VECTOR('',#13427,1.);
#13427 = DIRECTION('',(0.,-1.));
#13428 = ( GEOMETRIC_REPRESENTATION_CONTEXT(2) 
PARAMETRIC_REPRESENTATION_CONTEXT() REPRESENTATION_CONTEXT('2D SPACE',''
  ) );
#13429 = PCURVE('',#13430,#13435);
#13430 = PLANE('',#13431);
#13431 = AXIS2_PLACEMENT_3D('',#13432,#13433,#13434);
#13432 = CARTESIAN_POINT('',(40.,-33.255,14.4));
#13433 = DIRECTION('',(0.,-0.707106781187,0.707106781187));
#13434 = DIRECTION('',(0.,0.707106781187,0.707106781187));
#13435 = DEFINITIONAL_REPRESENTATION('',(#13436),#13440);
#13436 = LINE('',#13437,#13438);
#13437 = CARTESIAN_POINT('',(3.910300499962,0.));
#13438 = VECTOR('',#13439,1.);
#13439 = DIRECTION('',(0.,-1.));
#13440 = ( GEOMETRIC_REPRESENTATION_CONTEXT(2) 
PARAMETRIC_REPRESENTATION_CONTEXT() REPRESENTATION_CONTEXT('2D SPACE',''
  ) );
#13441 = ORIENTED_EDGE('',*,*,#13442,.T.);
#13442 = EDGE_CURVE('',#13415,#13443,#13445,.T.);
#13443 = VERTEX_POINT('',#13444);
#13444 = CARTESIAN_POINT('',(94.9,-30.255,17.165));
#13445 = SURFACE_CURVE('',#13446,(#13450,#13456),.PCURVE_S1.);
#13446 = LINE('',#13447,#13448);
#13447 = CARTESIAN_POINT('',(94.9,-32.3725,17.165));
#13448 = VECTOR('',#13449,1.);
#13449 = DIRECTION('',(0.,1.,0.));
#13450 = PCURVE('',#5949,#13451);
#13451 = DEFINITIONAL_REPRESENTATION('',(#13452),#13455);
#13452 = B_SPLINE_CURVE_WITH_KNOTS('',1,(#13453,#13454),.UNSPECIFIED.,
  .F.,.F.,(2,2),(1.8825,2.1175),.PIECEWISE_BEZIER_KNOTS.);
#13453 = CARTESIAN_POINT('',(0.,-54.9));
#13454 = CARTESIAN_POINT('',(0.235,-54.9));
#13455 = ( GEOMETRIC_REPRESENTATION_CONTEXT(2) 
PARAMETRIC_REPRESENTATION_CONTEXT() REPRESENTATION_CONTEXT('2D SPACE',''
  ) );
#13456 = PCURVE('',#7847,#13457);
#13457 = DEFINITIONAL_REPRESENTATION('',(#13458),#13461);
#13458 = B_SPLINE_CURVE_WITH_KNOTS('',1,(#13459,#13460),.UNSPECIFIED.,
  .F.,.F.,(2,2),(1.8825,2.1175),.PIECEWISE_BEZIER_KNOTS.);
#13459 = CARTESIAN_POINT('',(3.765,-3.765));
#13460 = CARTESIAN_POINT('',(3.765,-4.));
#13461 = ( GEOMETRIC_REPRESENTATION_CONTEXT(2) 
PARAMETRIC_REPRESENTATION_CONTEXT() REPRESENTATION_CONTEXT('2D SPACE',''
  ) );
#13462 = ORIENTED_EDGE('',*,*,#13463,.F.);
#13463 = EDGE_CURVE('',#13464,#13443,#13466,.T.);
#13464 = VERTEX_POINT('',#13465);
#13465 = CARTESIAN_POINT('',(100.13,-30.255,17.165));
#13466 = SURFACE_CURVE('',#13467,(#13471,#13477),.PCURVE_S1.);
#13467 = LINE('',#13468,#13469);
#13468 = CARTESIAN_POINT('',(67.45,-30.255,17.165));
#13469 = VECTOR('',#13470,1.);
#13470 = DIRECTION('',(-1.,0.,0.));
#13471 = PCURVE('',#5949,#13472);
#13472 = DEFINITIONAL_REPRESENTATION('',(#13473),#13476);
#13473 = B_SPLINE_CURVE_WITH_KNOTS('',1,(#13474,#13475),.UNSPECIFIED.,
  .F.,.F.,(2,2),(-32.68,-27.45),.PIECEWISE_BEZIER_KNOTS.);
#13474 = CARTESIAN_POINT('',(0.235,-60.13));
#13475 = CARTESIAN_POINT('',(0.235,-54.9));
#13476 = ( GEOMETRIC_REPRESENTATION_CONTEXT(2) 
PARAMETRIC_REPRESENTATION_CONTEXT() REPRESENTATION_CONTEXT('2D SPACE',''
  ) );
#13477 = PCURVE('',#7500,#13478);
#13478 = DEFINITIONAL_REPRESENTATION('',(#13479),#13482);
#13479 = B_SPLINE_CURVE_WITH_KNOTS('',1,(#13480,#13481),.UNSPECIFIED.,
  .F.,.F.,(2,2),(-32.68,-27.45),.PIECEWISE_BEZIER_KNOTS.);
#13480 = CARTESIAN_POINT('',(3.765,5.23));
#13481 = CARTESIAN_POINT('',(3.765,0.));
#13482 = ( GEOMETRIC_REPRESENTATION_CONTEXT(2) 
PARAMETRIC_REPRESENTATION_CONTEXT() REPRESENTATION_CONTEXT('2D SPACE',''
  ) );
#13483 = ORIENTED_EDGE('',*,*,#13484,.F.);
#13484 = EDGE_CURVE('',#13485,#13464,#13487,.T.);
#13485 = VERTEX_POINT('',#13486);
#13486 = CARTESIAN_POINT('',(100.13,-30.49,17.165));
#13487 = SURFACE_CURVE('',#13488,(#13492,#13498),.PCURVE_S1.);
#13488 = LINE('',#13489,#13490);
#13489 = CARTESIAN_POINT('',(100.13,-32.3725,17.165));
#13490 = VECTOR('',#13491,1.);
#13491 = DIRECTION('',(0.,1.,0.));
#13492 = PCURVE('',#5949,#13493);
#13493 = DEFINITIONAL_REPRESENTATION('',(#13494),#13497);
#13494 = B_SPLINE_CURVE_WITH_KNOTS('',1,(#13495,#13496),.UNSPECIFIED.,
  .F.,.F.,(2,2),(1.8825,2.1175),.PIECEWISE_BEZIER_KNOTS.);
#13495 = CARTESIAN_POINT('',(0.,-60.13));
#13496 = CARTESIAN_POINT('',(0.235,-60.13));
#13497 = ( GEOMETRIC_REPRESENTATION_CONTEXT(2) 
PARAMETRIC_REPRESENTATION_CONTEXT() REPRESENTATION_CONTEXT('2D SPACE',''
  ) );
#13498 = PCURVE('',#7527,#13499);
#13499 = DEFINITIONAL_REPRESENTATION('',(#13500),#13503);
#13500 = B_SPLINE_CURVE_WITH_KNOTS('',1,(#13501,#13502),.UNSPECIFIED.,
  .F.,.F.,(2,2),(1.8825,2.1175),.PIECEWISE_BEZIER_KNOTS.);
#13501 = CARTESIAN_POINT('',(3.765,-3.765));
#13502 = CARTESIAN_POINT('',(3.765,-4.));
#13503 = ( GEOMETRIC_REPRESENTATION_CONTEXT(2) 
PARAMETRIC_REPRESENTATION_CONTEXT() REPRESENTATION_CONTEXT('2D SPACE',''
  ) );
#13504 = ORIENTED_EDGE('',*,*,#13505,.T.);
#13505 = EDGE_CURVE('',#13485,#13506,#13508,.T.);
#13506 = VERTEX_POINT('',#13507);
#13507 = CARTESIAN_POINT('',(104.91,-30.49,17.165));
#13508 = SURFACE_CURVE('',#13509,(#13513,#13520),.PCURVE_S1.);
#13509 = LINE('',#13510,#13511);
#13510 = CARTESIAN_POINT('',(40.,-30.49,17.165));
#13511 = VECTOR('',#13512,1.);
#13512 = DIRECTION('',(1.,0.,0.));
#13513 = PCURVE('',#5949,#13514);
#13514 = DEFINITIONAL_REPRESENTATION('',(#13515),#13519);
#13515 = LINE('',#13516,#13517);
#13516 = CARTESIAN_POINT('',(0.,0.));
#13517 = VECTOR('',#13518,1.);
#13518 = DIRECTION('',(0.,-1.));
#13519 = ( GEOMETRIC_REPRESENTATION_CONTEXT(2) 
PARAMETRIC_REPRESENTATION_CONTEXT() REPRESENTATION_CONTEXT('2D SPACE',''
  ) );
#13520 = PCURVE('',#13521,#13526);
#13521 = PLANE('',#13522);
#13522 = AXIS2_PLACEMENT_3D('',#13523,#13524,#13525);
#13523 = CARTESIAN_POINT('',(40.,-33.255,14.4));
#13524 = DIRECTION('',(0.,-0.707106781187,0.707106781187));
#13525 = DIRECTION('',(0.,0.707106781187,0.707106781187));
#13526 = DEFINITIONAL_REPRESENTATION('',(#13527),#13531);
#13527 = LINE('',#13528,#13529);
#13528 = CARTESIAN_POINT('',(3.910300499962,0.));
#13529 = VECTOR('',#13530,1.);
#13530 = DIRECTION('',(0.,-1.));
#13531 = ( GEOMETRIC_REPRESENTATION_CONTEXT(2) 
PARAMETRIC_REPRESENTATION_CONTEXT() REPRESENTATION_CONTEXT('2D SPACE',''
  ) );
#13532 = ORIENTED_EDGE('',*,*,#13533,.T.);
#13533 = EDGE_CURVE('',#13506,#13534,#13536,.T.);
#13534 = VERTEX_POINT('',#13535);
#13535 = CARTESIAN_POINT('',(104.91,-30.255,17.165));
#13536 = SURFACE_CURVE('',#13537,(#13541,#13547),.PCURVE_S1.);
#13537 = LINE('',#13538,#13539);
#13538 = CARTESIAN_POINT('',(104.91,-32.3725,17.165));
#13539 = VECTOR('',#13540,1.);
#13540 = DIRECTION('',(0.,1.,0.));
#13541 = PCURVE('',#5949,#13542);
#13542 = DEFINITIONAL_REPRESENTATION('',(#13543),#13546);
#13543 = B_SPLINE_CURVE_WITH_KNOTS('',1,(#13544,#13545),.UNSPECIFIED.,
  .F.,.F.,(2,2),(1.8825,2.1175),.PIECEWISE_BEZIER_KNOTS.);
#13544 = CARTESIAN_POINT('',(0.,-64.91));
#13545 = CARTESIAN_POINT('',(0.235,-64.91));
#13546 = ( GEOMETRIC_REPRESENTATION_CONTEXT(2) 
PARAMETRIC_REPRESENTATION_CONTEXT() REPRESENTATION_CONTEXT('2D SPACE',''
  ) );
#13547 = PCURVE('',#7582,#13548);
#13548 = DEFINITIONAL_REPRESENTATION('',(#13549),#13552);
#13549 = B_SPLINE_CURVE_WITH_KNOTS('',1,(#13550,#13551),.UNSPECIFIED.,
  .F.,.F.,(2,2),(1.8825,2.1175),.PIECEWISE_BEZIER_KNOTS.);
#13550 = CARTESIAN_POINT('',(3.765,-3.765));
#13551 = CARTESIAN_POINT('',(3.765,-4.));
#13552 = ( GEOMETRIC_REPRESENTATION_CONTEXT(2) 
PARAMETRIC_REPRESENTATION_CONTEXT() REPRESENTATION_CONTEXT('2D SPACE',''
  ) );
#13553 = ORIENTED_EDGE('',*,*,#13554,.F.);
#13554 = EDGE_CURVE('',#13555,#13534,#13557,.T.);
#13555 = VERTEX_POINT('',#13556);
#13556 = CARTESIAN_POINT('',(110.14,-30.255,17.165));
#13557 = SURFACE_CURVE('',#13558,(#13562,#13568),.PCURVE_S1.);
#13558 = LINE('',#13559,#13560);
#13559 = CARTESIAN_POINT('',(72.455,-30.255,17.165));
#13560 = VECTOR('',#13561,1.);
#13561 = DIRECTION('',(-1.,0.,0.));
#13562 = PCURVE('',#5949,#13563);
#13563 = DEFINITIONAL_REPRESENTATION('',(#13564),#13567);
#13564 = B_SPLINE_CURVE_WITH_KNOTS('',1,(#13565,#13566),.UNSPECIFIED.,
  .F.,.F.,(2,2),(-37.685,-32.455),.PIECEWISE_BEZIER_KNOTS.);
#13565 = CARTESIAN_POINT('',(0.235,-70.14));
#13566 = CARTESIAN_POINT('',(0.235,-64.91));
#13567 = ( GEOMETRIC_REPRESENTATION_CONTEXT(2) 
PARAMETRIC_REPRESENTATION_CONTEXT() REPRESENTATION_CONTEXT('2D SPACE',''
  ) );
#13568 = PCURVE('',#7235,#13569);
#13569 = DEFINITIONAL_REPRESENTATION('',(#13570),#13573);
#13570 = B_SPLINE_CURVE_WITH_KNOTS('',1,(#13571,#13572),.UNSPECIFIED.,
  .F.,.F.,(2,2),(-37.685,-32.455),.PIECEWISE_BEZIER_KNOTS.);
#13571 = CARTESIAN_POINT('',(3.765,5.23));
#13572 = CARTESIAN_POINT('',(3.765,0.));
#13573 = ( GEOMETRIC_REPRESENTATION_CONTEXT(2) 
PARAMETRIC_REPRESENTATION_CONTEXT() REPRESENTATION_CONTEXT('2D SPACE',''
  ) );
#13574 = ORIENTED_EDGE('',*,*,#13575,.F.);
#13575 = EDGE_CURVE('',#13576,#13555,#13578,.T.);
#13576 = VERTEX_POINT('',#13577);
#13577 = CARTESIAN_POINT('',(110.14,-30.49,17.165));
#13578 = SURFACE_CURVE('',#13579,(#13583,#13589),.PCURVE_S1.);
#13579 = LINE('',#13580,#13581);
#13580 = CARTESIAN_POINT('',(110.14,-32.3725,17.165));
#13581 = VECTOR('',#13582,1.);
#13582 = DIRECTION('',(0.,1.,0.));
#13583 = PCURVE('',#5949,#13584);
#13584 = DEFINITIONAL_REPRESENTATION('',(#13585),#13588);
#13585 = B_SPLINE_CURVE_WITH_KNOTS('',1,(#13586,#13587),.UNSPECIFIED.,
  .F.,.F.,(2,2),(1.8825,2.1175),.PIECEWISE_BEZIER_KNOTS.);
#13586 = CARTESIAN_POINT('',(0.,-70.14));
#13587 = CARTESIAN_POINT('',(0.235,-70.14));
#13588 = ( GEOMETRIC_REPRESENTATION_CONTEXT(2) 
PARAMETRIC_REPRESENTATION_CONTEXT() REPRESENTATION_CONTEXT('2D SPACE',''
  ) );
#13589 = PCURVE('',#7262,#13590);
#13590 = DEFINITIONAL_REPRESENTATION('',(#13591),#13594);
#13591 = B_SPLINE_CURVE_WITH_KNOTS('',1,(#13592,#13593),.UNSPECIFIED.,
  .F.,.F.,(2,2),(1.8825,2.1175),.PIECEWISE_BEZIER_KNOTS.);
#13592 = CARTESIAN_POINT('',(3.765,-3.765));
#13593 = CARTESIAN_POINT('',(3.765,-4.));
#13594 = ( GEOMETRIC_REPRESENTATION_CONTEXT(2) 
PARAMETRIC_REPRESENTATION_CONTEXT() REPRESENTATION_CONTEXT('2D SPACE',''
  ) );
#13595 = ORIENTED_EDGE('',*,*,#13596,.T.);
#13596 = EDGE_CURVE('',#13576,#13597,#13599,.T.);
#13597 = VERTEX_POINT('',#13598);
#13598 = CARTESIAN_POINT('',(114.92,-30.49,17.165));
#13599 = SURFACE_CURVE('',#13600,(#13604,#13611),.PCURVE_S1.);
#13600 = LINE('',#13601,#13602);
#13601 = CARTESIAN_POINT('',(40.,-30.49,17.165));
#13602 = VECTOR('',#13603,1.);
#13603 = DIRECTION('',(1.,0.,0.));
#13604 = PCURVE('',#5949,#13605);
#13605 = DEFINITIONAL_REPRESENTATION('',(#13606),#13610);
#13606 = LINE('',#13607,#13608);
#13607 = CARTESIAN_POINT('',(0.,0.));
#13608 = VECTOR('',#13609,1.);
#13609 = DIRECTION('',(0.,-1.));
#13610 = ( GEOMETRIC_REPRESENTATION_CONTEXT(2) 
PARAMETRIC_REPRESENTATION_CONTEXT() REPRESENTATION_CONTEXT('2D SPACE',''
  ) );
#13611 = PCURVE('',#13612,#13617);
#13612 = PLANE('',#13613);
#13613 = AXIS2_PLACEMENT_3D('',#13614,#13615,#13616);
#13614 = CARTESIAN_POINT('',(40.,-33.255,14.4));
#13615 = DIRECTION('',(0.,-0.707106781187,0.707106781187));
#13616 = DIRECTION('',(0.,0.707106781187,0.707106781187));
#13617 = DEFINITIONAL_REPRESENTATION('',(#13618),#13622);
#13618 = LINE('',#13619,#13620);
#13619 = CARTESIAN_POINT('',(3.910300499962,0.));
#13620 = VECTOR('',#13621,1.);
#13621 = DIRECTION('',(0.,-1.));
#13622 = ( GEOMETRIC_REPRESENTATION_CONTEXT(2) 
PARAMETRIC_REPRESENTATION_CONTEXT() REPRESENTATION_CONTEXT('2D SPACE',''
  ) );
#13623 = ORIENTED_EDGE('',*,*,#13624,.T.);
#13624 = EDGE_CURVE('',#13597,#13625,#13627,.T.);
#13625 = VERTEX_POINT('',#13626);
#13626 = CARTESIAN_POINT('',(114.92,-30.255,17.165));
#13627 = SURFACE_CURVE('',#13628,(#13632,#13638),.PCURVE_S1.);
#13628 = LINE('',#13629,#13630);
#13629 = CARTESIAN_POINT('',(114.92,-32.3725,17.165));
#13630 = VECTOR('',#13631,1.);
#13631 = DIRECTION('',(0.,1.,0.));
#13632 = PCURVE('',#5949,#13633);
#13633 = DEFINITIONAL_REPRESENTATION('',(#13634),#13637);
#13634 = B_SPLINE_CURVE_WITH_KNOTS('',1,(#13635,#13636),.UNSPECIFIED.,
  .F.,.F.,(2,2),(1.8825,2.1175),.PIECEWISE_BEZIER_KNOTS.);
#13635 = CARTESIAN_POINT('',(0.,-74.92));
#13636 = CARTESIAN_POINT('',(0.235,-74.92));
#13637 = ( GEOMETRIC_REPRESENTATION_CONTEXT(2) 
PARAMETRIC_REPRESENTATION_CONTEXT() REPRESENTATION_CONTEXT('2D SPACE',''
  ) );
#13638 = PCURVE('',#7317,#13639);
#13639 = DEFINITIONAL_REPRESENTATION('',(#13640),#13643);
#13640 = B_SPLINE_CURVE_WITH_KNOTS('',1,(#13641,#13642),.UNSPECIFIED.,
  .F.,.F.,(2,2),(1.8825,2.1175),.PIECEWISE_BEZIER_KNOTS.);
#13641 = CARTESIAN_POINT('',(3.765,-3.765));
#13642 = CARTESIAN_POINT('',(3.765,-4.));
#13643 = ( GEOMETRIC_REPRESENTATION_CONTEXT(2) 
PARAMETRIC_REPRESENTATION_CONTEXT() REPRESENTATION_CONTEXT('2D SPACE',''
  ) );
#13644 = ORIENTED_EDGE('',*,*,#13645,.F.);
#13645 = EDGE_CURVE('',#13646,#13625,#13648,.T.);
#13646 = VERTEX_POINT('',#13647);
#13647 = CARTESIAN_POINT('',(120.15,-30.255,17.165));
#13648 = SURFACE_CURVE('',#13649,(#13653,#13659),.PCURVE_S1.);
#13649 = LINE('',#13650,#13651);
#13650 = CARTESIAN_POINT('',(77.46,-30.255,17.165));
#13651 = VECTOR('',#13652,1.);
#13652 = DIRECTION('',(-1.,0.,0.));
#13653 = PCURVE('',#5949,#13654);
#13654 = DEFINITIONAL_REPRESENTATION('',(#13655),#13658);
#13655 = B_SPLINE_CURVE_WITH_KNOTS('',1,(#13656,#13657),.UNSPECIFIED.,
  .F.,.F.,(2,2),(-42.69,-37.46),.PIECEWISE_BEZIER_KNOTS.);
#13656 = CARTESIAN_POINT('',(0.235,-80.15));
#13657 = CARTESIAN_POINT('',(0.235,-74.92));
#13658 = ( GEOMETRIC_REPRESENTATION_CONTEXT(2) 
PARAMETRIC_REPRESENTATION_CONTEXT() REPRESENTATION_CONTEXT('2D SPACE',''
  ) );
#13659 = PCURVE('',#7125,#13660);
#13660 = DEFINITIONAL_REPRESENTATION('',(#13661),#13664);
#13661 = B_SPLINE_CURVE_WITH_KNOTS('',1,(#13662,#13663),.UNSPECIFIED.,
  .F.,.F.,(2,2),(-42.69,-37.46),.PIECEWISE_BEZIER_KNOTS.);
#13662 = CARTESIAN_POINT('',(3.765,5.23));
#13663 = CARTESIAN_POINT('',(3.765,0.));
#13664 = ( GEOMETRIC_REPRESENTATION_CONTEXT(2) 
PARAMETRIC_REPRESENTATION_CONTEXT() REPRESENTATION_CONTEXT('2D SPACE',''
  ) );
#13665 = ORIENTED_EDGE('',*,*,#13666,.F.);
#13666 = EDGE_CURVE('',#13667,#13646,#13669,.T.);
#13667 = VERTEX_POINT('',#13668);
#13668 = CARTESIAN_POINT('',(120.15,-30.49,17.165));
#13669 = SURFACE_CURVE('',#13670,(#13674,#13680),.PCURVE_S1.);
#13670 = LINE('',#13671,#13672);
#13671 = CARTESIAN_POINT('',(120.15,-32.3725,17.165));
#13672 = VECTOR('',#13673,1.);
#13673 = DIRECTION('',(0.,1.,0.));
#13674 = PCURVE('',#5949,#13675);
#13675 = DEFINITIONAL_REPRESENTATION('',(#13676),#13679);
#13676 = B_SPLINE_CURVE_WITH_KNOTS('',1,(#13677,#13678),.UNSPECIFIED.,
  .F.,.F.,(2,2),(1.8825,2.1175),.PIECEWISE_BEZIER_KNOTS.);
#13677 = CARTESIAN_POINT('',(0.,-80.15));
#13678 = CARTESIAN_POINT('',(0.235,-80.15));
#13679 = ( GEOMETRIC_REPRESENTATION_CONTEXT(2) 
PARAMETRIC_REPRESENTATION_CONTEXT() REPRESENTATION_CONTEXT('2D SPACE',''
  ) );
#13680 = PCURVE('',#13681,#13686);
#13681 = PLANE('',#13682);
#13682 = AXIS2_PLACEMENT_3D('',#13683,#13684,#13685);
#13683 = CARTESIAN_POINT('',(120.15,-34.255,13.4));
#13684 = DIRECTION('',(1.,0.,0.));
#13685 = DIRECTION('',(0.,0.,1.));
#13686 = DEFINITIONAL_REPRESENTATION('',(#13687),#13690);
#13687 = B_SPLINE_CURVE_WITH_KNOTS('',1,(#13688,#13689),.UNSPECIFIED.,
  .F.,.F.,(2,2),(1.8825,2.1175),.PIECEWISE_BEZIER_KNOTS.);
#13688 = CARTESIAN_POINT('',(3.765,-3.765));
#13689 = CARTESIAN_POINT('',(3.765,-4.));
#13690 = ( GEOMETRIC_REPRESENTATION_CONTEXT(2) 
PARAMETRIC_REPRESENTATION_CONTEXT() REPRESENTATION_CONTEXT('2D SPACE',''
  ) );
#13691 = ORIENTED_EDGE('',*,*,#13692,.T.);
#13692 = EDGE_CURVE('',#13667,#12800,#13693,.T.);
#13693 = SURFACE_CURVE('',#13694,(#13698,#13705),.PCURVE_S1.);
#13694 = LINE('',#13695,#13696);
#13695 = CARTESIAN_POINT('',(40.,-30.49,17.165));
#13696 = VECTOR('',#13697,1.);
#13697 = DIRECTION('',(1.,0.,0.));
#13698 = PCURVE('',#5949,#13699);
#13699 = DEFINITIONAL_REPRESENTATION('',(#13700),#13704);
#13700 = LINE('',#13701,#13702);
#13701 = CARTESIAN_POINT('',(0.,0.));
#13702 = VECTOR('',#13703,1.);
#13703 = DIRECTION('',(0.,-1.));
#13704 = ( GEOMETRIC_REPRESENTATION_CONTEXT(2) 
PARAMETRIC_REPRESENTATION_CONTEXT() REPRESENTATION_CONTEXT('2D SPACE',''
  ) );
#13705 = PCURVE('',#12916,#13706);
#13706 = DEFINITIONAL_REPRESENTATION('',(#13707),#13711);
#13707 = LINE('',#13708,#13709);
#13708 = CARTESIAN_POINT('',(3.910300499962,0.));
#13709 = VECTOR('',#13710,1.);
#13710 = DIRECTION('',(0.,-1.));
#13711 = ( GEOMETRIC_REPRESENTATION_CONTEXT(2) 
PARAMETRIC_REPRESENTATION_CONTEXT() REPRESENTATION_CONTEXT('2D SPACE',''
  ) );
#13712 = ORIENTED_EDGE('',*,*,#12799,.T.);
#13713 = ORIENTED_EDGE('',*,*,#5934,.T.);
#13714 = ADVANCED_FACE('',(#13715),#5999,.F.);
#13715 = FACE_BOUND('',#13716,.F.);
#13716 = EDGE_LOOP('',(#13717,#13740,#13741,#13742,#13765,#13786,#13807,
    #13828,#13856,#13877,#13898,#13919,#13947,#13968,#13989,#14010,
    #14038,#14059,#14080,#14101,#14129,#14150,#14171,#14192,#14220,
    #14241,#14262,#14283,#14311,#14332,#14353,#14374,#14402,#14423,
    #14444,#14465));
#13717 = ORIENTED_EDGE('',*,*,#13718,.F.);
#13718 = EDGE_CURVE('',#5961,#13719,#13721,.T.);
#13719 = VERTEX_POINT('',#13720);
#13720 = CARTESIAN_POINT('',(40.,-30.49,32.835));
#13721 = SURFACE_CURVE('',#13722,(#13726,#13733),.PCURVE_S1.);
#13722 = LINE('',#13723,#13724);
#13723 = CARTESIAN_POINT('',(40.,-28.99,32.835));
#13724 = VECTOR('',#13725,1.);
#13725 = DIRECTION('',(0.,-1.,0.));
#13726 = PCURVE('',#5999,#13727);
#13727 = DEFINITIONAL_REPRESENTATION('',(#13728),#13732);
#13728 = LINE('',#13729,#13730);
#13729 = CARTESIAN_POINT('',(0.,-0.));
#13730 = VECTOR('',#13731,1.);
#13731 = DIRECTION('',(1.,0.));
#13732 = ( GEOMETRIC_REPRESENTATION_CONTEXT(2) 
PARAMETRIC_REPRESENTATION_CONTEXT() REPRESENTATION_CONTEXT('2D SPACE',''
  ) );
#13733 = PCURVE('',#5975,#13734);
#13734 = DEFINITIONAL_REPRESENTATION('',(#13735),#13739);
#13735 = LINE('',#13736,#13737);
#13736 = CARTESIAN_POINT('',(7.835,-2.415798500473));
#13737 = VECTOR('',#13738,1.);
#13738 = DIRECTION('',(0.,1.));
#13739 = ( GEOMETRIC_REPRESENTATION_CONTEXT(2) 
PARAMETRIC_REPRESENTATION_CONTEXT() REPRESENTATION_CONTEXT('2D SPACE',''
  ) );
#13740 = ORIENTED_EDGE('',*,*,#5986,.T.);
#13741 = ORIENTED_EDGE('',*,*,#12823,.T.);
#13742 = ORIENTED_EDGE('',*,*,#13743,.F.);
#13743 = EDGE_CURVE('',#13744,#12824,#13746,.T.);
#13744 = VERTEX_POINT('',#13745);
#13745 = CARTESIAN_POINT('',(120.15,-30.49,32.835));
#13746 = SURFACE_CURVE('',#13747,(#13751,#13758),.PCURVE_S1.);
#13747 = LINE('',#13748,#13749);
#13748 = CARTESIAN_POINT('',(40.,-30.49,32.835));
#13749 = VECTOR('',#13750,1.);
#13750 = DIRECTION('',(1.,0.,0.));
#13751 = PCURVE('',#5999,#13752);
#13752 = DEFINITIONAL_REPRESENTATION('',(#13753),#13757);
#13753 = LINE('',#13754,#13755);
#13754 = CARTESIAN_POINT('',(1.5,0.));
#13755 = VECTOR('',#13756,1.);
#13756 = DIRECTION('',(0.,-1.));
#13757 = ( GEOMETRIC_REPRESENTATION_CONTEXT(2) 
PARAMETRIC_REPRESENTATION_CONTEXT() REPRESENTATION_CONTEXT('2D SPACE',''
  ) );
#13758 = PCURVE('',#12862,#13759);
#13759 = DEFINITIONAL_REPRESENTATION('',(#13760),#13764);
#13760 = LINE('',#13761,#13762);
#13761 = CARTESIAN_POINT('',(0.,0.));
#13762 = VECTOR('',#13763,1.);
#13763 = DIRECTION('',(0.,-1.));
#13764 = ( GEOMETRIC_REPRESENTATION_CONTEXT(2) 
PARAMETRIC_REPRESENTATION_CONTEXT() REPRESENTATION_CONTEXT('2D SPACE',''
  ) );
#13765 = ORIENTED_EDGE('',*,*,#13766,.F.);
#13766 = EDGE_CURVE('',#13767,#13744,#13769,.T.);
#13767 = VERTEX_POINT('',#13768);
#13768 = CARTESIAN_POINT('',(120.15,-30.255,32.835));
#13769 = SURFACE_CURVE('',#13770,(#13774,#13780),.PCURVE_S1.);
#13770 = LINE('',#13771,#13772);
#13771 = CARTESIAN_POINT('',(120.15,-31.6225,32.835));
#13772 = VECTOR('',#13773,1.);
#13773 = DIRECTION('',(0.,-1.,0.));
#13774 = PCURVE('',#5999,#13775);
#13775 = DEFINITIONAL_REPRESENTATION('',(#13776),#13779);
#13776 = B_SPLINE_CURVE_WITH_KNOTS('',1,(#13777,#13778),.UNSPECIFIED.,
  .F.,.F.,(2,2),(-1.3675,-1.1325),.PIECEWISE_BEZIER_KNOTS.);
#13777 = CARTESIAN_POINT('',(1.265,-80.15));
#13778 = CARTESIAN_POINT('',(1.5,-80.15));
#13779 = ( GEOMETRIC_REPRESENTATION_CONTEXT(2) 
PARAMETRIC_REPRESENTATION_CONTEXT() REPRESENTATION_CONTEXT('2D SPACE',''
  ) );
#13780 = PCURVE('',#13681,#13781);
#13781 = DEFINITIONAL_REPRESENTATION('',(#13782),#13785);
#13782 = B_SPLINE_CURVE_WITH_KNOTS('',1,(#13783,#13784),.UNSPECIFIED.,
  .F.,.F.,(2,2),(-1.3675,-1.1325),.PIECEWISE_BEZIER_KNOTS.);
#13783 = CARTESIAN_POINT('',(19.435,-4.));
#13784 = CARTESIAN_POINT('',(19.435,-3.765));
#13785 = ( GEOMETRIC_REPRESENTATION_CONTEXT(2) 
PARAMETRIC_REPRESENTATION_CONTEXT() REPRESENTATION_CONTEXT('2D SPACE',''
  ) );
#13786 = ORIENTED_EDGE('',*,*,#13787,.F.);
#13787 = EDGE_CURVE('',#13788,#13767,#13790,.T.);
#13788 = VERTEX_POINT('',#13789);
#13789 = CARTESIAN_POINT('',(114.92,-30.255,32.835));
#13790 = SURFACE_CURVE('',#13791,(#13795,#13801),.PCURVE_S1.);
#13791 = LINE('',#13792,#13793);
#13792 = CARTESIAN_POINT('',(77.46,-30.255,32.835));
#13793 = VECTOR('',#13794,1.);
#13794 = DIRECTION('',(1.,-0.,0.));
#13795 = PCURVE('',#5999,#13796);
#13796 = DEFINITIONAL_REPRESENTATION('',(#13797),#13800);
#13797 = B_SPLINE_CURVE_WITH_KNOTS('',1,(#13798,#13799),.UNSPECIFIED.,
  .F.,.F.,(2,2),(37.46,42.69),.PIECEWISE_BEZIER_KNOTS.);
#13798 = CARTESIAN_POINT('',(1.265,-74.92));
#13799 = CARTESIAN_POINT('',(1.265,-80.15));
#13800 = ( GEOMETRIC_REPRESENTATION_CONTEXT(2) 
PARAMETRIC_REPRESENTATION_CONTEXT() REPRESENTATION_CONTEXT('2D SPACE',''
  ) );
#13801 = PCURVE('',#7125,#13802);
#13802 = DEFINITIONAL_REPRESENTATION('',(#13803),#13806);
#13803 = B_SPLINE_CURVE_WITH_KNOTS('',1,(#13804,#13805),.UNSPECIFIED.,
  .F.,.F.,(2,2),(37.46,42.69),.PIECEWISE_BEZIER_KNOTS.);
#13804 = CARTESIAN_POINT('',(19.435,0.));
#13805 = CARTESIAN_POINT('',(19.435,5.23));
#13806 = ( GEOMETRIC_REPRESENTATION_CONTEXT(2) 
PARAMETRIC_REPRESENTATION_CONTEXT() REPRESENTATION_CONTEXT('2D SPACE',''
  ) );
#13807 = ORIENTED_EDGE('',*,*,#13808,.T.);
#13808 = EDGE_CURVE('',#13788,#13809,#13811,.T.);
#13809 = VERTEX_POINT('',#13810);
#13810 = CARTESIAN_POINT('',(114.92,-30.49,32.835));
#13811 = SURFACE_CURVE('',#13812,(#13816,#13822),.PCURVE_S1.);
#13812 = LINE('',#13813,#13814);
#13813 = CARTESIAN_POINT('',(114.92,-31.6225,32.835));
#13814 = VECTOR('',#13815,1.);
#13815 = DIRECTION('',(0.,-1.,0.));
#13816 = PCURVE('',#5999,#13817);
#13817 = DEFINITIONAL_REPRESENTATION('',(#13818),#13821);
#13818 = B_SPLINE_CURVE_WITH_KNOTS('',1,(#13819,#13820),.UNSPECIFIED.,
  .F.,.F.,(2,2),(-1.3675,-1.1325),.PIECEWISE_BEZIER_KNOTS.);
#13819 = CARTESIAN_POINT('',(1.265,-74.92));
#13820 = CARTESIAN_POINT('',(1.5,-74.92));
#13821 = ( GEOMETRIC_REPRESENTATION_CONTEXT(2) 
PARAMETRIC_REPRESENTATION_CONTEXT() REPRESENTATION_CONTEXT('2D SPACE',''
  ) );
#13822 = PCURVE('',#7152,#13823);
#13823 = DEFINITIONAL_REPRESENTATION('',(#13824),#13827);
#13824 = B_SPLINE_CURVE_WITH_KNOTS('',1,(#13825,#13826),.UNSPECIFIED.,
  .F.,.F.,(2,2),(-1.3675,-1.1325),.PIECEWISE_BEZIER_KNOTS.);
#13825 = CARTESIAN_POINT('',(19.435,-4.));
#13826 = CARTESIAN_POINT('',(19.435,-3.765));
#13827 = ( GEOMETRIC_REPRESENTATION_CONTEXT(2) 
PARAMETRIC_REPRESENTATION_CONTEXT() REPRESENTATION_CONTEXT('2D SPACE',''
  ) );
#13828 = ORIENTED_EDGE('',*,*,#13829,.F.);
#13829 = EDGE_CURVE('',#13830,#13809,#13832,.T.);
#13830 = VERTEX_POINT('',#13831);
#13831 = CARTESIAN_POINT('',(110.14,-30.49,32.835));
#13832 = SURFACE_CURVE('',#13833,(#13837,#13844),.PCURVE_S1.);
#13833 = LINE('',#13834,#13835);
#13834 = CARTESIAN_POINT('',(40.,-30.49,32.835));
#13835 = VECTOR('',#13836,1.);
#13836 = DIRECTION('',(1.,0.,0.));
#13837 = PCURVE('',#5999,#13838);
#13838 = DEFINITIONAL_REPRESENTATION('',(#13839),#13843);
#13839 = LINE('',#13840,#13841);
#13840 = CARTESIAN_POINT('',(1.5,0.));
#13841 = VECTOR('',#13842,1.);
#13842 = DIRECTION('',(0.,-1.));
#13843 = ( GEOMETRIC_REPRESENTATION_CONTEXT(2) 
PARAMETRIC_REPRESENTATION_CONTEXT() REPRESENTATION_CONTEXT('2D SPACE',''
  ) );
#13844 = PCURVE('',#13845,#13850);
#13845 = PLANE('',#13846);
#13846 = AXIS2_PLACEMENT_3D('',#13847,#13848,#13849);
#13847 = CARTESIAN_POINT('',(40.,-30.49,32.835));
#13848 = DIRECTION('',(0.,-0.707106781187,-0.707106781187));
#13849 = DIRECTION('',(0.,-0.707106781187,0.707106781187));
#13850 = DEFINITIONAL_REPRESENTATION('',(#13851),#13855);
#13851 = LINE('',#13852,#13853);
#13852 = CARTESIAN_POINT('',(0.,0.));
#13853 = VECTOR('',#13854,1.);
#13854 = DIRECTION('',(0.,-1.));
#13855 = ( GEOMETRIC_REPRESENTATION_CONTEXT(2) 
PARAMETRIC_REPRESENTATION_CONTEXT() REPRESENTATION_CONTEXT('2D SPACE',''
  ) );
#13856 = ORIENTED_EDGE('',*,*,#13857,.F.);
#13857 = EDGE_CURVE('',#13858,#13830,#13860,.T.);
#13858 = VERTEX_POINT('',#13859);
#13859 = CARTESIAN_POINT('',(110.14,-30.255,32.835));
#13860 = SURFACE_CURVE('',#13861,(#13865,#13871),.PCURVE_S1.);
#13861 = LINE('',#13862,#13863);
#13862 = CARTESIAN_POINT('',(110.14,-31.6225,32.835));
#13863 = VECTOR('',#13864,1.);
#13864 = DIRECTION('',(0.,-1.,0.));
#13865 = PCURVE('',#5999,#13866);
#13866 = DEFINITIONAL_REPRESENTATION('',(#13867),#13870);
#13867 = B_SPLINE_CURVE_WITH_KNOTS('',1,(#13868,#13869),.UNSPECIFIED.,
  .F.,.F.,(2,2),(-1.3675,-1.1325),.PIECEWISE_BEZIER_KNOTS.);
#13868 = CARTESIAN_POINT('',(1.265,-70.14));
#13869 = CARTESIAN_POINT('',(1.5,-70.14));
#13870 = ( GEOMETRIC_REPRESENTATION_CONTEXT(2) 
PARAMETRIC_REPRESENTATION_CONTEXT() REPRESENTATION_CONTEXT('2D SPACE',''
  ) );
#13871 = PCURVE('',#7207,#13872);
#13872 = DEFINITIONAL_REPRESENTATION('',(#13873),#13876);
#13873 = B_SPLINE_CURVE_WITH_KNOTS('',1,(#13874,#13875),.UNSPECIFIED.,
  .F.,.F.,(2,2),(-1.3675,-1.1325),.PIECEWISE_BEZIER_KNOTS.);
#13874 = CARTESIAN_POINT('',(19.435,-4.));
#13875 = CARTESIAN_POINT('',(19.435,-3.765));
#13876 = ( GEOMETRIC_REPRESENTATION_CONTEXT(2) 
PARAMETRIC_REPRESENTATION_CONTEXT() REPRESENTATION_CONTEXT('2D SPACE',''
  ) );
#13877 = ORIENTED_EDGE('',*,*,#13878,.F.);
#13878 = EDGE_CURVE('',#13879,#13858,#13881,.T.);
#13879 = VERTEX_POINT('',#13880);
#13880 = CARTESIAN_POINT('',(104.91,-30.255,32.835));
#13881 = SURFACE_CURVE('',#13882,(#13886,#13892),.PCURVE_S1.);
#13882 = LINE('',#13883,#13884);
#13883 = CARTESIAN_POINT('',(72.455,-30.255,32.835));
#13884 = VECTOR('',#13885,1.);
#13885 = DIRECTION('',(1.,-0.,0.));
#13886 = PCURVE('',#5999,#13887);
#13887 = DEFINITIONAL_REPRESENTATION('',(#13888),#13891);
#13888 = B_SPLINE_CURVE_WITH_KNOTS('',1,(#13889,#13890),.UNSPECIFIED.,
  .F.,.F.,(2,2),(32.455,37.685),.PIECEWISE_BEZIER_KNOTS.);
#13889 = CARTESIAN_POINT('',(1.265,-64.91));
#13890 = CARTESIAN_POINT('',(1.265,-70.14));
#13891 = ( GEOMETRIC_REPRESENTATION_CONTEXT(2) 
PARAMETRIC_REPRESENTATION_CONTEXT() REPRESENTATION_CONTEXT('2D SPACE',''
  ) );
#13892 = PCURVE('',#7235,#13893);
#13893 = DEFINITIONAL_REPRESENTATION('',(#13894),#13897);
#13894 = B_SPLINE_CURVE_WITH_KNOTS('',1,(#13895,#13896),.UNSPECIFIED.,
  .F.,.F.,(2,2),(32.455,37.685),.PIECEWISE_BEZIER_KNOTS.);
#13895 = CARTESIAN_POINT('',(19.435,0.));
#13896 = CARTESIAN_POINT('',(19.435,5.23));
#13897 = ( GEOMETRIC_REPRESENTATION_CONTEXT(2) 
PARAMETRIC_REPRESENTATION_CONTEXT() REPRESENTATION_CONTEXT('2D SPACE',''
  ) );
#13898 = ORIENTED_EDGE('',*,*,#13899,.T.);
#13899 = EDGE_CURVE('',#13879,#13900,#13902,.T.);
#13900 = VERTEX_POINT('',#13901);
#13901 = CARTESIAN_POINT('',(104.91,-30.49,32.835));
#13902 = SURFACE_CURVE('',#13903,(#13907,#13913),.PCURVE_S1.);
#13903 = LINE('',#13904,#13905);
#13904 = CARTESIAN_POINT('',(104.91,-31.6225,32.835));
#13905 = VECTOR('',#13906,1.);
#13906 = DIRECTION('',(0.,-1.,0.));
#13907 = PCURVE('',#5999,#13908);
#13908 = DEFINITIONAL_REPRESENTATION('',(#13909),#13912);
#13909 = B_SPLINE_CURVE_WITH_KNOTS('',1,(#13910,#13911),.UNSPECIFIED.,
  .F.,.F.,(2,2),(-1.3675,-1.1325),.PIECEWISE_BEZIER_KNOTS.);
#13910 = CARTESIAN_POINT('',(1.265,-64.91));
#13911 = CARTESIAN_POINT('',(1.5,-64.91));
#13912 = ( GEOMETRIC_REPRESENTATION_CONTEXT(2) 
PARAMETRIC_REPRESENTATION_CONTEXT() REPRESENTATION_CONTEXT('2D SPACE',''
  ) );
#13913 = PCURVE('',#7417,#13914);
#13914 = DEFINITIONAL_REPRESENTATION('',(#13915),#13918);
#13915 = B_SPLINE_CURVE_WITH_KNOTS('',1,(#13916,#13917),.UNSPECIFIED.,
  .F.,.F.,(2,2),(-1.3675,-1.1325),.PIECEWISE_BEZIER_KNOTS.);
#13916 = CARTESIAN_POINT('',(19.435,-4.));
#13917 = CARTESIAN_POINT('',(19.435,-3.765));
#13918 = ( GEOMETRIC_REPRESENTATION_CONTEXT(2) 
PARAMETRIC_REPRESENTATION_CONTEXT() REPRESENTATION_CONTEXT('2D SPACE',''
  ) );
#13919 = ORIENTED_EDGE('',*,*,#13920,.F.);
#13920 = EDGE_CURVE('',#13921,#13900,#13923,.T.);
#13921 = VERTEX_POINT('',#13922);
#13922 = CARTESIAN_POINT('',(100.13,-30.49,32.835));
#13923 = SURFACE_CURVE('',#13924,(#13928,#13935),.PCURVE_S1.);
#13924 = LINE('',#13925,#13926);
#13925 = CARTESIAN_POINT('',(40.,-30.49,32.835));
#13926 = VECTOR('',#13927,1.);
#13927 = DIRECTION('',(1.,0.,0.));
#13928 = PCURVE('',#5999,#13929);
#13929 = DEFINITIONAL_REPRESENTATION('',(#13930),#13934);
#13930 = LINE('',#13931,#13932);
#13931 = CARTESIAN_POINT('',(1.5,0.));
#13932 = VECTOR('',#13933,1.);
#13933 = DIRECTION('',(0.,-1.));
#13934 = ( GEOMETRIC_REPRESENTATION_CONTEXT(2) 
PARAMETRIC_REPRESENTATION_CONTEXT() REPRESENTATION_CONTEXT('2D SPACE',''
  ) );
#13935 = PCURVE('',#13936,#13941);
#13936 = PLANE('',#13937);
#13937 = AXIS2_PLACEMENT_3D('',#13938,#13939,#13940);
#13938 = CARTESIAN_POINT('',(40.,-30.49,32.835));
#13939 = DIRECTION('',(0.,-0.707106781187,-0.707106781187));
#13940 = DIRECTION('',(0.,-0.707106781187,0.707106781187));
#13941 = DEFINITIONAL_REPRESENTATION('',(#13942),#13946);
#13942 = LINE('',#13943,#13944);
#13943 = CARTESIAN_POINT('',(0.,0.));
#13944 = VECTOR('',#13945,1.);
#13945 = DIRECTION('',(0.,-1.));
#13946 = ( GEOMETRIC_REPRESENTATION_CONTEXT(2) 
PARAMETRIC_REPRESENTATION_CONTEXT() REPRESENTATION_CONTEXT('2D SPACE',''
  ) );
#13947 = ORIENTED_EDGE('',*,*,#13948,.F.);
#13948 = EDGE_CURVE('',#13949,#13921,#13951,.T.);
#13949 = VERTEX_POINT('',#13950);
#13950 = CARTESIAN_POINT('',(100.13,-30.255,32.835));
#13951 = SURFACE_CURVE('',#13952,(#13956,#13962),.PCURVE_S1.);
#13952 = LINE('',#13953,#13954);
#13953 = CARTESIAN_POINT('',(100.13,-31.6225,32.835));
#13954 = VECTOR('',#13955,1.);
#13955 = DIRECTION('',(0.,-1.,0.));
#13956 = PCURVE('',#5999,#13957);
#13957 = DEFINITIONAL_REPRESENTATION('',(#13958),#13961);
#13958 = B_SPLINE_CURVE_WITH_KNOTS('',1,(#13959,#13960),.UNSPECIFIED.,
  .F.,.F.,(2,2),(-1.3675,-1.1325),.PIECEWISE_BEZIER_KNOTS.);
#13959 = CARTESIAN_POINT('',(1.265,-60.13));
#13960 = CARTESIAN_POINT('',(1.5,-60.13));
#13961 = ( GEOMETRIC_REPRESENTATION_CONTEXT(2) 
PARAMETRIC_REPRESENTATION_CONTEXT() REPRESENTATION_CONTEXT('2D SPACE',''
  ) );
#13962 = PCURVE('',#7472,#13963);
#13963 = DEFINITIONAL_REPRESENTATION('',(#13964),#13967);
#13964 = B_SPLINE_CURVE_WITH_KNOTS('',1,(#13965,#13966),.UNSPECIFIED.,
  .F.,.F.,(2,2),(-1.3675,-1.1325),.PIECEWISE_BEZIER_KNOTS.);
#13965 = CARTESIAN_POINT('',(19.435,-4.));
#13966 = CARTESIAN_POINT('',(19.435,-3.765));
#13967 = ( GEOMETRIC_REPRESENTATION_CONTEXT(2) 
PARAMETRIC_REPRESENTATION_CONTEXT() REPRESENTATION_CONTEXT('2D SPACE',''
  ) );
#13968 = ORIENTED_EDGE('',*,*,#13969,.F.);
#13969 = EDGE_CURVE('',#13970,#13949,#13972,.T.);
#13970 = VERTEX_POINT('',#13971);
#13971 = CARTESIAN_POINT('',(94.9,-30.255,32.835));
#13972 = SURFACE_CURVE('',#13973,(#13977,#13983),.PCURVE_S1.);
#13973 = LINE('',#13974,#13975);
#13974 = CARTESIAN_POINT('',(67.45,-30.255,32.835));
#13975 = VECTOR('',#13976,1.);
#13976 = DIRECTION('',(1.,-0.,0.));
#13977 = PCURVE('',#5999,#13978);
#13978 = DEFINITIONAL_REPRESENTATION('',(#13979),#13982);
#13979 = B_SPLINE_CURVE_WITH_KNOTS('',1,(#13980,#13981),.UNSPECIFIED.,
  .F.,.F.,(2,2),(27.45,32.68),.PIECEWISE_BEZIER_KNOTS.);
#13980 = CARTESIAN_POINT('',(1.265,-54.9));
#13981 = CARTESIAN_POINT('',(1.265,-60.13));
#13982 = ( GEOMETRIC_REPRESENTATION_CONTEXT(2) 
PARAMETRIC_REPRESENTATION_CONTEXT() REPRESENTATION_CONTEXT('2D SPACE',''
  ) );
#13983 = PCURVE('',#7500,#13984);
#13984 = DEFINITIONAL_REPRESENTATION('',(#13985),#13988);
#13985 = B_SPLINE_CURVE_WITH_KNOTS('',1,(#13986,#13987),.UNSPECIFIED.,
  .F.,.F.,(2,2),(27.45,32.68),.PIECEWISE_BEZIER_KNOTS.);
#13986 = CARTESIAN_POINT('',(19.435,0.));
#13987 = CARTESIAN_POINT('',(19.435,5.23));
#13988 = ( GEOMETRIC_REPRESENTATION_CONTEXT(2) 
PARAMETRIC_REPRESENTATION_CONTEXT() REPRESENTATION_CONTEXT('2D SPACE',''
  ) );
#13989 = ORIENTED_EDGE('',*,*,#13990,.T.);
#13990 = EDGE_CURVE('',#13970,#13991,#13993,.T.);
#13991 = VERTEX_POINT('',#13992);
#13992 = CARTESIAN_POINT('',(94.9,-30.49,32.835));
#13993 = SURFACE_CURVE('',#13994,(#13998,#14004),.PCURVE_S1.);
#13994 = LINE('',#13995,#13996);
#13995 = CARTESIAN_POINT('',(94.9,-31.6225,32.835));
#13996 = VECTOR('',#13997,1.);
#13997 = DIRECTION('',(0.,-1.,0.));
#13998 = PCURVE('',#5999,#13999);
#13999 = DEFINITIONAL_REPRESENTATION('',(#14000),#14003);
#14000 = B_SPLINE_CURVE_WITH_KNOTS('',1,(#14001,#14002),.UNSPECIFIED.,
  .F.,.F.,(2,2),(-1.3675,-1.1325),.PIECEWISE_BEZIER_KNOTS.);
#14001 = CARTESIAN_POINT('',(1.265,-54.9));
#14002 = CARTESIAN_POINT('',(1.5,-54.9));
#14003 = ( GEOMETRIC_REPRESENTATION_CONTEXT(2) 
PARAMETRIC_REPRESENTATION_CONTEXT() REPRESENTATION_CONTEXT('2D SPACE',''
  ) );
#14004 = PCURVE('',#7682,#14005);
#14005 = DEFINITIONAL_REPRESENTATION('',(#14006),#14009);
#14006 = B_SPLINE_CURVE_WITH_KNOTS('',1,(#14007,#14008),.UNSPECIFIED.,
  .F.,.F.,(2,2),(-1.3675,-1.1325),.PIECEWISE_BEZIER_KNOTS.);
#14007 = CARTESIAN_POINT('',(19.435,-4.));
#14008 = CARTESIAN_POINT('',(19.435,-3.765));
#14009 = ( GEOMETRIC_REPRESENTATION_CONTEXT(2) 
PARAMETRIC_REPRESENTATION_CONTEXT() REPRESENTATION_CONTEXT('2D SPACE',''
  ) );
#14010 = ORIENTED_EDGE('',*,*,#14011,.F.);
#14011 = EDGE_CURVE('',#14012,#13991,#14014,.T.);
#14012 = VERTEX_POINT('',#14013);
#14013 = CARTESIAN_POINT('',(90.12,-30.49,32.835));
#14014 = SURFACE_CURVE('',#14015,(#14019,#14026),.PCURVE_S1.);
#14015 = LINE('',#14016,#14017);
#14016 = CARTESIAN_POINT('',(40.,-30.49,32.835));
#14017 = VECTOR('',#14018,1.);
#14018 = DIRECTION('',(1.,0.,0.));
#14019 = PCURVE('',#5999,#14020);
#14020 = DEFINITIONAL_REPRESENTATION('',(#14021),#14025);
#14021 = LINE('',#14022,#14023);
#14022 = CARTESIAN_POINT('',(1.5,0.));
#14023 = VECTOR('',#14024,1.);
#14024 = DIRECTION('',(0.,-1.));
#14025 = ( GEOMETRIC_REPRESENTATION_CONTEXT(2) 
PARAMETRIC_REPRESENTATION_CONTEXT() REPRESENTATION_CONTEXT('2D SPACE',''
  ) );
#14026 = PCURVE('',#14027,#14032);
#14027 = PLANE('',#14028);
#14028 = AXIS2_PLACEMENT_3D('',#14029,#14030,#14031);
#14029 = CARTESIAN_POINT('',(40.,-30.49,32.835));
#14030 = DIRECTION('',(0.,-0.707106781187,-0.707106781187));
#14031 = DIRECTION('',(0.,-0.707106781187,0.707106781187));
#14032 = DEFINITIONAL_REPRESENTATION('',(#14033),#14037);
#14033 = LINE('',#14034,#14035);
#14034 = CARTESIAN_POINT('',(0.,0.));
#14035 = VECTOR('',#14036,1.);
#14036 = DIRECTION('',(0.,-1.));
#14037 = ( GEOMETRIC_REPRESENTATION_CONTEXT(2) 
PARAMETRIC_REPRESENTATION_CONTEXT() REPRESENTATION_CONTEXT('2D SPACE',''
  ) );
#14038 = ORIENTED_EDGE('',*,*,#14039,.F.);
#14039 = EDGE_CURVE('',#14040,#14012,#14042,.T.);
#14040 = VERTEX_POINT('',#14041);
#14041 = CARTESIAN_POINT('',(90.12,-30.255,32.835));
#14042 = SURFACE_CURVE('',#14043,(#14047,#14053),.PCURVE_S1.);
#14043 = LINE('',#14044,#14045);
#14044 = CARTESIAN_POINT('',(90.12,-31.6225,32.835));
#14045 = VECTOR('',#14046,1.);
#14046 = DIRECTION('',(0.,-1.,0.));
#14047 = PCURVE('',#5999,#14048);
#14048 = DEFINITIONAL_REPRESENTATION('',(#14049),#14052);
#14049 = B_SPLINE_CURVE_WITH_KNOTS('',1,(#14050,#14051),.UNSPECIFIED.,
  .F.,.F.,(2,2),(-1.3675,-1.1325),.PIECEWISE_BEZIER_KNOTS.);
#14050 = CARTESIAN_POINT('',(1.265,-50.12));
#14051 = CARTESIAN_POINT('',(1.5,-50.12));
#14052 = ( GEOMETRIC_REPRESENTATION_CONTEXT(2) 
PARAMETRIC_REPRESENTATION_CONTEXT() REPRESENTATION_CONTEXT('2D SPACE',''
  ) );
#14053 = PCURVE('',#7737,#14054);
#14054 = DEFINITIONAL_REPRESENTATION('',(#14055),#14058);
#14055 = B_SPLINE_CURVE_WITH_KNOTS('',1,(#14056,#14057),.UNSPECIFIED.,
  .F.,.F.,(2,2),(-1.3675,-1.1325),.PIECEWISE_BEZIER_KNOTS.);
#14056 = CARTESIAN_POINT('',(19.435,-4.));
#14057 = CARTESIAN_POINT('',(19.435,-3.765));
#14058 = ( GEOMETRIC_REPRESENTATION_CONTEXT(2) 
PARAMETRIC_REPRESENTATION_CONTEXT() REPRESENTATION_CONTEXT('2D SPACE',''
  ) );
#14059 = ORIENTED_EDGE('',*,*,#14060,.F.);
#14060 = EDGE_CURVE('',#14061,#14040,#14063,.T.);
#14061 = VERTEX_POINT('',#14062);
#14062 = CARTESIAN_POINT('',(84.89,-30.255,32.835));
#14063 = SURFACE_CURVE('',#14064,(#14068,#14074),.PCURVE_S1.);
#14064 = LINE('',#14065,#14066);
#14065 = CARTESIAN_POINT('',(62.445,-30.255,32.835));
#14066 = VECTOR('',#14067,1.);
#14067 = DIRECTION('',(1.,-0.,0.));
#14068 = PCURVE('',#5999,#14069);
#14069 = DEFINITIONAL_REPRESENTATION('',(#14070),#14073);
#14070 = B_SPLINE_CURVE_WITH_KNOTS('',1,(#14071,#14072),.UNSPECIFIED.,
  .F.,.F.,(2,2),(22.445,27.675),.PIECEWISE_BEZIER_KNOTS.);
#14071 = CARTESIAN_POINT('',(1.265,-44.89));
#14072 = CARTESIAN_POINT('',(1.265,-50.12));
#14073 = ( GEOMETRIC_REPRESENTATION_CONTEXT(2) 
PARAMETRIC_REPRESENTATION_CONTEXT() REPRESENTATION_CONTEXT('2D SPACE',''
  ) );
#14074 = PCURVE('',#7765,#14075);
#14075 = DEFINITIONAL_REPRESENTATION('',(#14076),#14079);
#14076 = B_SPLINE_CURVE_WITH_KNOTS('',1,(#14077,#14078),.UNSPECIFIED.,
  .F.,.F.,(2,2),(22.445,27.675),.PIECEWISE_BEZIER_KNOTS.);
#14077 = CARTESIAN_POINT('',(19.435,0.));
#14078 = CARTESIAN_POINT('',(19.435,5.23));
#14079 = ( GEOMETRIC_REPRESENTATION_CONTEXT(2) 
PARAMETRIC_REPRESENTATION_CONTEXT() REPRESENTATION_CONTEXT('2D SPACE',''
  ) );
#14080 = ORIENTED_EDGE('',*,*,#14081,.T.);
#14081 = EDGE_CURVE('',#14061,#14082,#14084,.T.);
#14082 = VERTEX_POINT('',#14083);
#14083 = CARTESIAN_POINT('',(84.89,-30.49,32.835));
#14084 = SURFACE_CURVE('',#14085,(#14089,#14095),.PCURVE_S1.);
#14085 = LINE('',#14086,#14087);
#14086 = CARTESIAN_POINT('',(84.89,-31.6225,32.835));
#14087 = VECTOR('',#14088,1.);
#14088 = DIRECTION('',(0.,-1.,0.));
#14089 = PCURVE('',#5999,#14090);
#14090 = DEFINITIONAL_REPRESENTATION('',(#14091),#14094);
#14091 = B_SPLINE_CURVE_WITH_KNOTS('',1,(#14092,#14093),.UNSPECIFIED.,
  .F.,.F.,(2,2),(-1.3675,-1.1325),.PIECEWISE_BEZIER_KNOTS.);
#14092 = CARTESIAN_POINT('',(1.265,-44.89));
#14093 = CARTESIAN_POINT('',(1.5,-44.89));
#14094 = ( GEOMETRIC_REPRESENTATION_CONTEXT(2) 
PARAMETRIC_REPRESENTATION_CONTEXT() REPRESENTATION_CONTEXT('2D SPACE',''
  ) );
#14095 = PCURVE('',#7947,#14096);
#14096 = DEFINITIONAL_REPRESENTATION('',(#14097),#14100);
#14097 = B_SPLINE_CURVE_WITH_KNOTS('',1,(#14098,#14099),.UNSPECIFIED.,
  .F.,.F.,(2,2),(-1.3675,-1.1325),.PIECEWISE_BEZIER_KNOTS.);
#14098 = CARTESIAN_POINT('',(19.435,-4.));
#14099 = CARTESIAN_POINT('',(19.435,-3.765));
#14100 = ( GEOMETRIC_REPRESENTATION_CONTEXT(2) 
PARAMETRIC_REPRESENTATION_CONTEXT() REPRESENTATION_CONTEXT('2D SPACE',''
  ) );
#14101 = ORIENTED_EDGE('',*,*,#14102,.F.);
#14102 = EDGE_CURVE('',#14103,#14082,#14105,.T.);
#14103 = VERTEX_POINT('',#14104);
#14104 = CARTESIAN_POINT('',(80.11,-30.49,32.835));
#14105 = SURFACE_CURVE('',#14106,(#14110,#14117),.PCURVE_S1.);
#14106 = LINE('',#14107,#14108);
#14107 = CARTESIAN_POINT('',(40.,-30.49,32.835));
#14108 = VECTOR('',#14109,1.);
#14109 = DIRECTION('',(1.,0.,0.));
#14110 = PCURVE('',#5999,#14111);
#14111 = DEFINITIONAL_REPRESENTATION('',(#14112),#14116);
#14112 = LINE('',#14113,#14114);
#14113 = CARTESIAN_POINT('',(1.5,0.));
#14114 = VECTOR('',#14115,1.);
#14115 = DIRECTION('',(0.,-1.));
#14116 = ( GEOMETRIC_REPRESENTATION_CONTEXT(2) 
PARAMETRIC_REPRESENTATION_CONTEXT() REPRESENTATION_CONTEXT('2D SPACE',''
  ) );
#14117 = PCURVE('',#14118,#14123);
#14118 = PLANE('',#14119);
#14119 = AXIS2_PLACEMENT_3D('',#14120,#14121,#14122);
#14120 = CARTESIAN_POINT('',(40.,-30.49,32.835));
#14121 = DIRECTION('',(0.,-0.707106781187,-0.707106781187));
#14122 = DIRECTION('',(0.,-0.707106781187,0.707106781187));
#14123 = DEFINITIONAL_REPRESENTATION('',(#14124),#14128);
#14124 = LINE('',#14125,#14126);
#14125 = CARTESIAN_POINT('',(0.,0.));
#14126 = VECTOR('',#14127,1.);
#14127 = DIRECTION('',(0.,-1.));
#14128 = ( GEOMETRIC_REPRESENTATION_CONTEXT(2) 
PARAMETRIC_REPRESENTATION_CONTEXT() REPRESENTATION_CONTEXT('2D SPACE',''
  ) );
#14129 = ORIENTED_EDGE('',*,*,#14130,.F.);
#14130 = EDGE_CURVE('',#14131,#14103,#14133,.T.);
#14131 = VERTEX_POINT('',#14132);
#14132 = CARTESIAN_POINT('',(80.11,-30.255,32.835));
#14133 = SURFACE_CURVE('',#14134,(#14138,#14144),.PCURVE_S1.);
#14134 = LINE('',#14135,#14136);
#14135 = CARTESIAN_POINT('',(80.11,-31.6225,32.835));
#14136 = VECTOR('',#14137,1.);
#14137 = DIRECTION('',(0.,-1.,0.));
#14138 = PCURVE('',#5999,#14139);
#14139 = DEFINITIONAL_REPRESENTATION('',(#14140),#14143);
#14140 = B_SPLINE_CURVE_WITH_KNOTS('',1,(#14141,#14142),.UNSPECIFIED.,
  .F.,.F.,(2,2),(-1.3675,-1.1325),.PIECEWISE_BEZIER_KNOTS.);
#14141 = CARTESIAN_POINT('',(1.265,-40.11));
#14142 = CARTESIAN_POINT('',(1.5,-40.11));
#14143 = ( GEOMETRIC_REPRESENTATION_CONTEXT(2) 
PARAMETRIC_REPRESENTATION_CONTEXT() REPRESENTATION_CONTEXT('2D SPACE',''
  ) );
#14144 = PCURVE('',#8002,#14145);
#14145 = DEFINITIONAL_REPRESENTATION('',(#14146),#14149);
#14146 = B_SPLINE_CURVE_WITH_KNOTS('',1,(#14147,#14148),.UNSPECIFIED.,
  .F.,.F.,(2,2),(-1.3675,-1.1325),.PIECEWISE_BEZIER_KNOTS.);
#14147 = CARTESIAN_POINT('',(19.435,-4.));
#14148 = CARTESIAN_POINT('',(19.435,-3.765));
#14149 = ( GEOMETRIC_REPRESENTATION_CONTEXT(2) 
PARAMETRIC_REPRESENTATION_CONTEXT() REPRESENTATION_CONTEXT('2D SPACE',''
  ) );
#14150 = ORIENTED_EDGE('',*,*,#14151,.F.);
#14151 = EDGE_CURVE('',#14152,#14131,#14154,.T.);
#14152 = VERTEX_POINT('',#14153);
#14153 = CARTESIAN_POINT('',(74.88,-30.255,32.835));
#14154 = SURFACE_CURVE('',#14155,(#14159,#14165),.PCURVE_S1.);
#14155 = LINE('',#14156,#14157);
#14156 = CARTESIAN_POINT('',(57.44,-30.255,32.835));
#14157 = VECTOR('',#14158,1.);
#14158 = DIRECTION('',(1.,-0.,0.));
#14159 = PCURVE('',#5999,#14160);
#14160 = DEFINITIONAL_REPRESENTATION('',(#14161),#14164);
#14161 = B_SPLINE_CURVE_WITH_KNOTS('',1,(#14162,#14163),.UNSPECIFIED.,
  .F.,.F.,(2,2),(17.44,22.67),.PIECEWISE_BEZIER_KNOTS.);
#14162 = CARTESIAN_POINT('',(1.265,-34.88));
#14163 = CARTESIAN_POINT('',(1.265,-40.11));
#14164 = ( GEOMETRIC_REPRESENTATION_CONTEXT(2) 
PARAMETRIC_REPRESENTATION_CONTEXT() REPRESENTATION_CONTEXT('2D SPACE',''
  ) );
#14165 = PCURVE('',#8030,#14166);
#14166 = DEFINITIONAL_REPRESENTATION('',(#14167),#14170);
#14167 = B_SPLINE_CURVE_WITH_KNOTS('',1,(#14168,#14169),.UNSPECIFIED.,
  .F.,.F.,(2,2),(17.44,22.67),.PIECEWISE_BEZIER_KNOTS.);
#14168 = CARTESIAN_POINT('',(19.435,0.));
#14169 = CARTESIAN_POINT('',(19.435,5.23));
#14170 = ( GEOMETRIC_REPRESENTATION_CONTEXT(2) 
PARAMETRIC_REPRESENTATION_CONTEXT() REPRESENTATION_CONTEXT('2D SPACE',''
  ) );
#14171 = ORIENTED_EDGE('',*,*,#14172,.T.);
#14172 = EDGE_CURVE('',#14152,#14173,#14175,.T.);
#14173 = VERTEX_POINT('',#14174);
#14174 = CARTESIAN_POINT('',(74.88,-30.49,32.835));
#14175 = SURFACE_CURVE('',#14176,(#14180,#14186),.PCURVE_S1.);
#14176 = LINE('',#14177,#14178);
#14177 = CARTESIAN_POINT('',(74.88,-31.6225,32.835));
#14178 = VECTOR('',#14179,1.);
#14179 = DIRECTION('',(0.,-1.,0.));
#14180 = PCURVE('',#5999,#14181);
#14181 = DEFINITIONAL_REPRESENTATION('',(#14182),#14185);
#14182 = B_SPLINE_CURVE_WITH_KNOTS('',1,(#14183,#14184),.UNSPECIFIED.,
  .F.,.F.,(2,2),(-1.3675,-1.1325),.PIECEWISE_BEZIER_KNOTS.);
#14183 = CARTESIAN_POINT('',(1.265,-34.88));
#14184 = CARTESIAN_POINT('',(1.5,-34.88));
#14185 = ( GEOMETRIC_REPRESENTATION_CONTEXT(2) 
PARAMETRIC_REPRESENTATION_CONTEXT() REPRESENTATION_CONTEXT('2D SPACE',''
  ) );
#14186 = PCURVE('',#8212,#14187);
#14187 = DEFINITIONAL_REPRESENTATION('',(#14188),#14191);
#14188 = B_SPLINE_CURVE_WITH_KNOTS('',1,(#14189,#14190),.UNSPECIFIED.,
  .F.,.F.,(2,2),(-1.3675,-1.1325),.PIECEWISE_BEZIER_KNOTS.);
#14189 = CARTESIAN_POINT('',(19.435,-4.));
#14190 = CARTESIAN_POINT('',(19.435,-3.765));
#14191 = ( GEOMETRIC_REPRESENTATION_CONTEXT(2) 
PARAMETRIC_REPRESENTATION_CONTEXT() REPRESENTATION_CONTEXT('2D SPACE',''
  ) );
#14192 = ORIENTED_EDGE('',*,*,#14193,.F.);
#14193 = EDGE_CURVE('',#14194,#14173,#14196,.T.);
#14194 = VERTEX_POINT('',#14195);
#14195 = CARTESIAN_POINT('',(70.1,-30.49,32.835));
#14196 = SURFACE_CURVE('',#14197,(#14201,#14208),.PCURVE_S1.);
#14197 = LINE('',#14198,#14199);
#14198 = CARTESIAN_POINT('',(40.,-30.49,32.835));
#14199 = VECTOR('',#14200,1.);
#14200 = DIRECTION('',(1.,0.,0.));
#14201 = PCURVE('',#5999,#14202);
#14202 = DEFINITIONAL_REPRESENTATION('',(#14203),#14207);
#14203 = LINE('',#14204,#14205);
#14204 = CARTESIAN_POINT('',(1.5,0.));
#14205 = VECTOR('',#14206,1.);
#14206 = DIRECTION('',(0.,-1.));
#14207 = ( GEOMETRIC_REPRESENTATION_CONTEXT(2) 
PARAMETRIC_REPRESENTATION_CONTEXT() REPRESENTATION_CONTEXT('2D SPACE',''
  ) );
#14208 = PCURVE('',#14209,#14214);
#14209 = PLANE('',#14210);
#14210 = AXIS2_PLACEMENT_3D('',#14211,#14212,#14213);
#14211 = CARTESIAN_POINT('',(40.,-30.49,32.835));
#14212 = DIRECTION('',(0.,-0.707106781187,-0.707106781187));
#14213 = DIRECTION('',(0.,-0.707106781187,0.707106781187));
#14214 = DEFINITIONAL_REPRESENTATION('',(#14215),#14219);
#14215 = LINE('',#14216,#14217);
#14216 = CARTESIAN_POINT('',(0.,0.));
#14217 = VECTOR('',#14218,1.);
#14218 = DIRECTION('',(0.,-1.));
#14219 = ( GEOMETRIC_REPRESENTATION_CONTEXT(2) 
PARAMETRIC_REPRESENTATION_CONTEXT() REPRESENTATION_CONTEXT('2D SPACE',''
  ) );
#14220 = ORIENTED_EDGE('',*,*,#14221,.F.);
#14221 = EDGE_CURVE('',#14222,#14194,#14224,.T.);
#14222 = VERTEX_POINT('',#14223);
#14223 = CARTESIAN_POINT('',(70.1,-30.255,32.835));
#14224 = SURFACE_CURVE('',#14225,(#14229,#14235),.PCURVE_S1.);
#14225 = LINE('',#14226,#14227);
#14226 = CARTESIAN_POINT('',(70.1,-31.6225,32.835));
#14227 = VECTOR('',#14228,1.);
#14228 = DIRECTION('',(0.,-1.,0.));
#14229 = PCURVE('',#5999,#14230);
#14230 = DEFINITIONAL_REPRESENTATION('',(#14231),#14234);
#14231 = B_SPLINE_CURVE_WITH_KNOTS('',1,(#14232,#14233),.UNSPECIFIED.,
  .F.,.F.,(2,2),(-1.3675,-1.1325),.PIECEWISE_BEZIER_KNOTS.);
#14232 = CARTESIAN_POINT('',(1.265,-30.1));
#14233 = CARTESIAN_POINT('',(1.5,-30.1));
#14234 = ( GEOMETRIC_REPRESENTATION_CONTEXT(2) 
PARAMETRIC_REPRESENTATION_CONTEXT() REPRESENTATION_CONTEXT('2D SPACE',''
  ) );
#14235 = PCURVE('',#8267,#14236);
#14236 = DEFINITIONAL_REPRESENTATION('',(#14237),#14240);
#14237 = B_SPLINE_CURVE_WITH_KNOTS('',1,(#14238,#14239),.UNSPECIFIED.,
  .F.,.F.,(2,2),(-1.3675,-1.1325),.PIECEWISE_BEZIER_KNOTS.);
#14238 = CARTESIAN_POINT('',(19.435,-4.));
#14239 = CARTESIAN_POINT('',(19.435,-3.765));
#14240 = ( GEOMETRIC_REPRESENTATION_CONTEXT(2) 
PARAMETRIC_REPRESENTATION_CONTEXT() REPRESENTATION_CONTEXT('2D SPACE',''
  ) );
#14241 = ORIENTED_EDGE('',*,*,#14242,.F.);
#14242 = EDGE_CURVE('',#14243,#14222,#14245,.T.);
#14243 = VERTEX_POINT('',#14244);
#14244 = CARTESIAN_POINT('',(64.87,-30.255,32.835));
#14245 = SURFACE_CURVE('',#14246,(#14250,#14256),.PCURVE_S1.);
#14246 = LINE('',#14247,#14248);
#14247 = CARTESIAN_POINT('',(52.435,-30.255,32.835));
#14248 = VECTOR('',#14249,1.);
#14249 = DIRECTION('',(1.,-0.,0.));
#14250 = PCURVE('',#5999,#14251);
#14251 = DEFINITIONAL_REPRESENTATION('',(#14252),#14255);
#14252 = B_SPLINE_CURVE_WITH_KNOTS('',1,(#14253,#14254),.UNSPECIFIED.,
  .F.,.F.,(2,2),(12.435,17.665),.PIECEWISE_BEZIER_KNOTS.);
#14253 = CARTESIAN_POINT('',(1.265,-24.87));
#14254 = CARTESIAN_POINT('',(1.265,-30.1));
#14255 = ( GEOMETRIC_REPRESENTATION_CONTEXT(2) 
PARAMETRIC_REPRESENTATION_CONTEXT() REPRESENTATION_CONTEXT('2D SPACE',''
  ) );
#14256 = PCURVE('',#8295,#14257);
#14257 = DEFINITIONAL_REPRESENTATION('',(#14258),#14261);
#14258 = B_SPLINE_CURVE_WITH_KNOTS('',1,(#14259,#14260),.UNSPECIFIED.,
  .F.,.F.,(2,2),(12.435,17.665),.PIECEWISE_BEZIER_KNOTS.);
#14259 = CARTESIAN_POINT('',(19.435,0.));
#14260 = CARTESIAN_POINT('',(19.435,5.23));
#14261 = ( GEOMETRIC_REPRESENTATION_CONTEXT(2) 
PARAMETRIC_REPRESENTATION_CONTEXT() REPRESENTATION_CONTEXT('2D SPACE',''
  ) );
#14262 = ORIENTED_EDGE('',*,*,#14263,.T.);
#14263 = EDGE_CURVE('',#14243,#14264,#14266,.T.);
#14264 = VERTEX_POINT('',#14265);
#14265 = CARTESIAN_POINT('',(64.87,-30.49,32.835));
#14266 = SURFACE_CURVE('',#14267,(#14271,#14277),.PCURVE_S1.);
#14267 = LINE('',#14268,#14269);
#14268 = CARTESIAN_POINT('',(64.87,-31.6225,32.835));
#14269 = VECTOR('',#14270,1.);
#14270 = DIRECTION('',(0.,-1.,0.));
#14271 = PCURVE('',#5999,#14272);
#14272 = DEFINITIONAL_REPRESENTATION('',(#14273),#14276);
#14273 = B_SPLINE_CURVE_WITH_KNOTS('',1,(#14274,#14275),.UNSPECIFIED.,
  .F.,.F.,(2,2),(-1.3675,-1.1325),.PIECEWISE_BEZIER_KNOTS.);
#14274 = CARTESIAN_POINT('',(1.265,-24.87));
#14275 = CARTESIAN_POINT('',(1.5,-24.87));
#14276 = ( GEOMETRIC_REPRESENTATION_CONTEXT(2) 
PARAMETRIC_REPRESENTATION_CONTEXT() REPRESENTATION_CONTEXT('2D SPACE',''
  ) );
#14277 = PCURVE('',#8951,#14278);
#14278 = DEFINITIONAL_REPRESENTATION('',(#14279),#14282);
#14279 = B_SPLINE_CURVE_WITH_KNOTS('',1,(#14280,#14281),.UNSPECIFIED.,
  .F.,.F.,(2,2),(-1.3675,-1.1325),.PIECEWISE_BEZIER_KNOTS.);
#14280 = CARTESIAN_POINT('',(19.435,-4.));
#14281 = CARTESIAN_POINT('',(19.435,-3.765));
#14282 = ( GEOMETRIC_REPRESENTATION_CONTEXT(2) 
PARAMETRIC_REPRESENTATION_CONTEXT() REPRESENTATION_CONTEXT('2D SPACE',''
  ) );
#14283 = ORIENTED_EDGE('',*,*,#14284,.F.);
#14284 = EDGE_CURVE('',#14285,#14264,#14287,.T.);
#14285 = VERTEX_POINT('',#14286);
#14286 = CARTESIAN_POINT('',(60.09,-30.49,32.835));
#14287 = SURFACE_CURVE('',#14288,(#14292,#14299),.PCURVE_S1.);
#14288 = LINE('',#14289,#14290);
#14289 = CARTESIAN_POINT('',(40.,-30.49,32.835));
#14290 = VECTOR('',#14291,1.);
#14291 = DIRECTION('',(1.,0.,0.));
#14292 = PCURVE('',#5999,#14293);
#14293 = DEFINITIONAL_REPRESENTATION('',(#14294),#14298);
#14294 = LINE('',#14295,#14296);
#14295 = CARTESIAN_POINT('',(1.5,0.));
#14296 = VECTOR('',#14297,1.);
#14297 = DIRECTION('',(0.,-1.));
#14298 = ( GEOMETRIC_REPRESENTATION_CONTEXT(2) 
PARAMETRIC_REPRESENTATION_CONTEXT() REPRESENTATION_CONTEXT('2D SPACE',''
  ) );
#14299 = PCURVE('',#14300,#14305);
#14300 = PLANE('',#14301);
#14301 = AXIS2_PLACEMENT_3D('',#14302,#14303,#14304);
#14302 = CARTESIAN_POINT('',(40.,-30.49,32.835));
#14303 = DIRECTION('',(0.,-0.707106781187,-0.707106781187));
#14304 = DIRECTION('',(0.,-0.707106781187,0.707106781187));
#14305 = DEFINITIONAL_REPRESENTATION('',(#14306),#14310);
#14306 = LINE('',#14307,#14308);
#14307 = CARTESIAN_POINT('',(0.,0.));
#14308 = VECTOR('',#14309,1.);
#14309 = DIRECTION('',(0.,-1.));
#14310 = ( GEOMETRIC_REPRESENTATION_CONTEXT(2) 
PARAMETRIC_REPRESENTATION_CONTEXT() REPRESENTATION_CONTEXT('2D SPACE',''
  ) );
#14311 = ORIENTED_EDGE('',*,*,#14312,.F.);
#14312 = EDGE_CURVE('',#14313,#14285,#14315,.T.);
#14313 = VERTEX_POINT('',#14314);
#14314 = CARTESIAN_POINT('',(60.09,-30.255,32.835));
#14315 = SURFACE_CURVE('',#14316,(#14320,#14326),.PCURVE_S1.);
#14316 = LINE('',#14317,#14318);
#14317 = CARTESIAN_POINT('',(60.09,-31.6225,32.835));
#14318 = VECTOR('',#14319,1.);
#14319 = DIRECTION('',(0.,-1.,0.));
#14320 = PCURVE('',#5999,#14321);
#14321 = DEFINITIONAL_REPRESENTATION('',(#14322),#14325);
#14322 = B_SPLINE_CURVE_WITH_KNOTS('',1,(#14323,#14324),.UNSPECIFIED.,
  .F.,.F.,(2,2),(-1.3675,-1.1325),.PIECEWISE_BEZIER_KNOTS.);
#14323 = CARTESIAN_POINT('',(1.265,-20.09));
#14324 = CARTESIAN_POINT('',(1.5,-20.09));
#14325 = ( GEOMETRIC_REPRESENTATION_CONTEXT(2) 
PARAMETRIC_REPRESENTATION_CONTEXT() REPRESENTATION_CONTEXT('2D SPACE',''
  ) );
#14326 = PCURVE('',#9006,#14327);
#14327 = DEFINITIONAL_REPRESENTATION('',(#14328),#14331);
#14328 = B_SPLINE_CURVE_WITH_KNOTS('',1,(#14329,#14330),.UNSPECIFIED.,
  .F.,.F.,(2,2),(-1.3675,-1.1325),.PIECEWISE_BEZIER_KNOTS.);
#14329 = CARTESIAN_POINT('',(19.435,-4.));
#14330 = CARTESIAN_POINT('',(19.435,-3.765));
#14331 = ( GEOMETRIC_REPRESENTATION_CONTEXT(2) 
PARAMETRIC_REPRESENTATION_CONTEXT() REPRESENTATION_CONTEXT('2D SPACE',''
  ) );
#14332 = ORIENTED_EDGE('',*,*,#14333,.F.);
#14333 = EDGE_CURVE('',#14334,#14313,#14336,.T.);
#14334 = VERTEX_POINT('',#14335);
#14335 = CARTESIAN_POINT('',(54.86,-30.255,32.835));
#14336 = SURFACE_CURVE('',#14337,(#14341,#14347),.PCURVE_S1.);
#14337 = LINE('',#14338,#14339);
#14338 = CARTESIAN_POINT('',(47.43,-30.255,32.835));
#14339 = VECTOR('',#14340,1.);
#14340 = DIRECTION('',(1.,-0.,0.));
#14341 = PCURVE('',#5999,#14342);
#14342 = DEFINITIONAL_REPRESENTATION('',(#14343),#14346);
#14343 = B_SPLINE_CURVE_WITH_KNOTS('',1,(#14344,#14345),.UNSPECIFIED.,
  .F.,.F.,(2,2),(7.43,12.66),.PIECEWISE_BEZIER_KNOTS.);
#14344 = CARTESIAN_POINT('',(1.265,-14.86));
#14345 = CARTESIAN_POINT('',(1.265,-20.09));
#14346 = ( GEOMETRIC_REPRESENTATION_CONTEXT(2) 
PARAMETRIC_REPRESENTATION_CONTEXT() REPRESENTATION_CONTEXT('2D SPACE',''
  ) );
#14347 = PCURVE('',#9034,#14348);
#14348 = DEFINITIONAL_REPRESENTATION('',(#14349),#14352);
#14349 = B_SPLINE_CURVE_WITH_KNOTS('',1,(#14350,#14351),.UNSPECIFIED.,
  .F.,.F.,(2,2),(7.43,12.66),.PIECEWISE_BEZIER_KNOTS.);
#14350 = CARTESIAN_POINT('',(19.435,0.));
#14351 = CARTESIAN_POINT('',(19.435,5.23));
#14352 = ( GEOMETRIC_REPRESENTATION_CONTEXT(2) 
PARAMETRIC_REPRESENTATION_CONTEXT() REPRESENTATION_CONTEXT('2D SPACE',''
  ) );
#14353 = ORIENTED_EDGE('',*,*,#14354,.T.);
#14354 = EDGE_CURVE('',#14334,#14355,#14357,.T.);
#14355 = VERTEX_POINT('',#14356);
#14356 = CARTESIAN_POINT('',(54.86,-30.49,32.835));
#14357 = SURFACE_CURVE('',#14358,(#14362,#14368),.PCURVE_S1.);
#14358 = LINE('',#14359,#14360);
#14359 = CARTESIAN_POINT('',(54.86,-31.6225,32.835));
#14360 = VECTOR('',#14361,1.);
#14361 = DIRECTION('',(0.,-1.,0.));
#14362 = PCURVE('',#5999,#14363);
#14363 = DEFINITIONAL_REPRESENTATION('',(#14364),#14367);
#14364 = B_SPLINE_CURVE_WITH_KNOTS('',1,(#14365,#14366),.UNSPECIFIED.,
  .F.,.F.,(2,2),(-1.3675,-1.1325),.PIECEWISE_BEZIER_KNOTS.);
#14365 = CARTESIAN_POINT('',(1.265,-14.86));
#14366 = CARTESIAN_POINT('',(1.5,-14.86));
#14367 = ( GEOMETRIC_REPRESENTATION_CONTEXT(2) 
PARAMETRIC_REPRESENTATION_CONTEXT() REPRESENTATION_CONTEXT('2D SPACE',''
  ) );
#14368 = PCURVE('',#9216,#14369);
#14369 = DEFINITIONAL_REPRESENTATION('',(#14370),#14373);
#14370 = B_SPLINE_CURVE_WITH_KNOTS('',1,(#14371,#14372),.UNSPECIFIED.,
  .F.,.F.,(2,2),(-1.3675,-1.1325),.PIECEWISE_BEZIER_KNOTS.);
#14371 = CARTESIAN_POINT('',(19.435,-4.));
#14372 = CARTESIAN_POINT('',(19.435,-3.765));
#14373 = ( GEOMETRIC_REPRESENTATION_CONTEXT(2) 
PARAMETRIC_REPRESENTATION_CONTEXT() REPRESENTATION_CONTEXT('2D SPACE',''
  ) );
#14374 = ORIENTED_EDGE('',*,*,#14375,.F.);
#14375 = EDGE_CURVE('',#14376,#14355,#14378,.T.);
#14376 = VERTEX_POINT('',#14377);
#14377 = CARTESIAN_POINT('',(50.08,-30.49,32.835));
#14378 = SURFACE_CURVE('',#14379,(#14383,#14390),.PCURVE_S1.);
#14379 = LINE('',#14380,#14381);
#14380 = CARTESIAN_POINT('',(40.,-30.49,32.835));
#14381 = VECTOR('',#14382,1.);
#14382 = DIRECTION('',(1.,0.,0.));
#14383 = PCURVE('',#5999,#14384);
#14384 = DEFINITIONAL_REPRESENTATION('',(#14385),#14389);
#14385 = LINE('',#14386,#14387);
#14386 = CARTESIAN_POINT('',(1.5,0.));
#14387 = VECTOR('',#14388,1.);
#14388 = DIRECTION('',(0.,-1.));
#14389 = ( GEOMETRIC_REPRESENTATION_CONTEXT(2) 
PARAMETRIC_REPRESENTATION_CONTEXT() REPRESENTATION_CONTEXT('2D SPACE',''
  ) );
#14390 = PCURVE('',#14391,#14396);
#14391 = PLANE('',#14392);
#14392 = AXIS2_PLACEMENT_3D('',#14393,#14394,#14395);
#14393 = CARTESIAN_POINT('',(40.,-30.49,32.835));
#14394 = DIRECTION('',(0.,-0.707106781187,-0.707106781187));
#14395 = DIRECTION('',(0.,-0.707106781187,0.707106781187));
#14396 = DEFINITIONAL_REPRESENTATION('',(#14397),#14401);
#14397 = LINE('',#14398,#14399);
#14398 = CARTESIAN_POINT('',(0.,0.));
#14399 = VECTOR('',#14400,1.);
#14400 = DIRECTION('',(0.,-1.));
#14401 = ( GEOMETRIC_REPRESENTATION_CONTEXT(2) 
PARAMETRIC_REPRESENTATION_CONTEXT() REPRESENTATION_CONTEXT('2D SPACE',''
  ) );
#14402 = ORIENTED_EDGE('',*,*,#14403,.F.);
#14403 = EDGE_CURVE('',#14404,#14376,#14406,.T.);
#14404 = VERTEX_POINT('',#14405);
#14405 = CARTESIAN_POINT('',(50.08,-30.255,32.835));
#14406 = SURFACE_CURVE('',#14407,(#14411,#14417),.PCURVE_S1.);
#14407 = LINE('',#14408,#14409);
#14408 = CARTESIAN_POINT('',(50.08,-31.6225,32.835));
#14409 = VECTOR('',#14410,1.);
#14410 = DIRECTION('',(0.,-1.,0.));
#14411 = PCURVE('',#5999,#14412);
#14412 = DEFINITIONAL_REPRESENTATION('',(#14413),#14416);
#14413 = B_SPLINE_CURVE_WITH_KNOTS('',1,(#14414,#14415),.UNSPECIFIED.,
  .F.,.F.,(2,2),(-1.3675,-1.1325),.PIECEWISE_BEZIER_KNOTS.);
#14414 = CARTESIAN_POINT('',(1.265,-10.08));
#14415 = CARTESIAN_POINT('',(1.5,-10.08));
#14416 = ( GEOMETRIC_REPRESENTATION_CONTEXT(2) 
PARAMETRIC_REPRESENTATION_CONTEXT() REPRESENTATION_CONTEXT('2D SPACE',''
  ) );
#14417 = PCURVE('',#9271,#14418);
#14418 = DEFINITIONAL_REPRESENTATION('',(#14419),#14422);
#14419 = B_SPLINE_CURVE_WITH_KNOTS('',1,(#14420,#14421),.UNSPECIFIED.,
  .F.,.F.,(2,2),(-1.3675,-1.1325),.PIECEWISE_BEZIER_KNOTS.);
#14420 = CARTESIAN_POINT('',(19.435,-4.));
#14421 = CARTESIAN_POINT('',(19.435,-3.765));
#14422 = ( GEOMETRIC_REPRESENTATION_CONTEXT(2) 
PARAMETRIC_REPRESENTATION_CONTEXT() REPRESENTATION_CONTEXT('2D SPACE',''
  ) );
#14423 = ORIENTED_EDGE('',*,*,#14424,.F.);
#14424 = EDGE_CURVE('',#14425,#14404,#14427,.T.);
#14425 = VERTEX_POINT('',#14426);
#14426 = CARTESIAN_POINT('',(44.85,-30.255,32.835));
#14427 = SURFACE_CURVE('',#14428,(#14432,#14438),.PCURVE_S1.);
#14428 = LINE('',#14429,#14430);
#14429 = CARTESIAN_POINT('',(42.425,-30.255,32.835));
#14430 = VECTOR('',#14431,1.);
#14431 = DIRECTION('',(1.,-0.,0.));
#14432 = PCURVE('',#5999,#14433);
#14433 = DEFINITIONAL_REPRESENTATION('',(#14434),#14437);
#14434 = B_SPLINE_CURVE_WITH_KNOTS('',1,(#14435,#14436),.UNSPECIFIED.,
  .F.,.F.,(2,2),(2.425,7.655),.PIECEWISE_BEZIER_KNOTS.);
#14435 = CARTESIAN_POINT('',(1.265,-4.85));
#14436 = CARTESIAN_POINT('',(1.265,-10.08));
#14437 = ( GEOMETRIC_REPRESENTATION_CONTEXT(2) 
PARAMETRIC_REPRESENTATION_CONTEXT() REPRESENTATION_CONTEXT('2D SPACE',''
  ) );
#14438 = PCURVE('',#9299,#14439);
#14439 = DEFINITIONAL_REPRESENTATION('',(#14440),#14443);
#14440 = B_SPLINE_CURVE_WITH_KNOTS('',1,(#14441,#14442),.UNSPECIFIED.,
  .F.,.F.,(2,2),(2.425,7.655),.PIECEWISE_BEZIER_KNOTS.);
#14441 = CARTESIAN_POINT('',(19.435,0.));
#14442 = CARTESIAN_POINT('',(19.435,5.23));
#14443 = ( GEOMETRIC_REPRESENTATION_CONTEXT(2) 
PARAMETRIC_REPRESENTATION_CONTEXT() REPRESENTATION_CONTEXT('2D SPACE',''
  ) );
#14444 = ORIENTED_EDGE('',*,*,#14445,.T.);
#14445 = EDGE_CURVE('',#14425,#14446,#14448,.T.);
#14446 = VERTEX_POINT('',#14447);
#14447 = CARTESIAN_POINT('',(44.85,-30.49,32.835));
#14448 = SURFACE_CURVE('',#14449,(#14453,#14459),.PCURVE_S1.);
#14449 = LINE('',#14450,#14451);
#14450 = CARTESIAN_POINT('',(44.85,-31.6225,32.835));
#14451 = VECTOR('',#14452,1.);
#14452 = DIRECTION('',(0.,-1.,0.));
#14453 = PCURVE('',#5999,#14454);
#14454 = DEFINITIONAL_REPRESENTATION('',(#14455),#14458);
#14455 = B_SPLINE_CURVE_WITH_KNOTS('',1,(#14456,#14457),.UNSPECIFIED.,
  .F.,.F.,(2,2),(-1.3675,-1.1325),.PIECEWISE_BEZIER_KNOTS.);
#14456 = CARTESIAN_POINT('',(1.265,-4.85));
#14457 = CARTESIAN_POINT('',(1.5,-4.85));
#14458 = ( GEOMETRIC_REPRESENTATION_CONTEXT(2) 
PARAMETRIC_REPRESENTATION_CONTEXT() REPRESENTATION_CONTEXT('2D SPACE',''
  ) );
#14459 = PCURVE('',#12997,#14460);
#14460 = DEFINITIONAL_REPRESENTATION('',(#14461),#14464);
#14461 = B_SPLINE_CURVE_WITH_KNOTS('',1,(#14462,#14463),.UNSPECIFIED.,
  .F.,.F.,(2,2),(-1.3675,-1.1325),.PIECEWISE_BEZIER_KNOTS.);
#14462 = CARTESIAN_POINT('',(19.435,-4.));
#14463 = CARTESIAN_POINT('',(19.435,-3.765));
#14464 = ( GEOMETRIC_REPRESENTATION_CONTEXT(2) 
PARAMETRIC_REPRESENTATION_CONTEXT() REPRESENTATION_CONTEXT('2D SPACE',''
  ) );
#14465 = ORIENTED_EDGE('',*,*,#14466,.F.);
#14466 = EDGE_CURVE('',#13719,#14446,#14467,.T.);
#14467 = SURFACE_CURVE('',#14468,(#14472,#14479),.PCURVE_S1.);
#14468 = LINE('',#14469,#14470);
#14469 = CARTESIAN_POINT('',(40.,-30.49,32.835));
#14470 = VECTOR('',#14471,1.);
#14471 = DIRECTION('',(1.,0.,0.));
#14472 = PCURVE('',#5999,#14473);
#14473 = DEFINITIONAL_REPRESENTATION('',(#14474),#14478);
#14474 = LINE('',#14475,#14476);
#14475 = CARTESIAN_POINT('',(1.5,0.));
#14476 = VECTOR('',#14477,1.);
#14477 = DIRECTION('',(0.,-1.));
#14478 = ( GEOMETRIC_REPRESENTATION_CONTEXT(2) 
PARAMETRIC_REPRESENTATION_CONTEXT() REPRESENTATION_CONTEXT('2D SPACE',''
  ) );
#14479 = PCURVE('',#14480,#14485);
#14480 = PLANE('',#14481);
#14481 = AXIS2_PLACEMENT_3D('',#14482,#14483,#14484);
#14482 = CARTESIAN_POINT('',(40.,-30.49,32.835));
#14483 = DIRECTION('',(0.,-0.707106781187,-0.707106781187));
#14484 = DIRECTION('',(0.,-0.707106781187,0.707106781187));
#14485 = DEFINITIONAL_REPRESENTATION('',(#14486),#14490);
#14486 = LINE('',#14487,#14488);
#14487 = CARTESIAN_POINT('',(0.,0.));
#14488 = VECTOR('',#14489,1.);
#14489 = DIRECTION('',(0.,-1.));
#14490 = ( GEOMETRIC_REPRESENTATION_CONTEXT(2) 
PARAMETRIC_REPRESENTATION_CONTEXT() REPRESENTATION_CONTEXT('2D SPACE',''
  ) );
#14491 = ADVANCED_FACE('',(#14492),#5975,.F.);
#14492 = FACE_BOUND('',#14493,.F.);
#14493 = EDGE_LOOP('',(#14494,#14495,#14496,#14497,#14520,#14548));
#14494 = ORIENTED_EDGE('',*,*,#12931,.T.);
#14495 = ORIENTED_EDGE('',*,*,#5960,.T.);
#14496 = ORIENTED_EDGE('',*,*,#13718,.T.);
#14497 = ORIENTED_EDGE('',*,*,#14498,.T.);
#14498 = EDGE_CURVE('',#13719,#14499,#14501,.T.);
#14499 = VERTEX_POINT('',#14500);
#14500 = CARTESIAN_POINT('',(40.,-33.255,35.6));
#14501 = SURFACE_CURVE('',#14502,(#14506,#14513),.PCURVE_S1.);
#14502 = LINE('',#14503,#14504);
#14503 = CARTESIAN_POINT('',(40.,-30.49,32.835));
#14504 = VECTOR('',#14505,1.);
#14505 = DIRECTION('',(0.,-0.707106781187,0.707106781187));
#14506 = PCURVE('',#5975,#14507);
#14507 = DEFINITIONAL_REPRESENTATION('',(#14508),#14512);
#14508 = LINE('',#14509,#14510);
#14509 = CARTESIAN_POINT('',(7.835,-0.915798500473));
#14510 = VECTOR('',#14511,1.);
#14511 = DIRECTION('',(0.707106781187,0.707106781187));
#14512 = ( GEOMETRIC_REPRESENTATION_CONTEXT(2) 
PARAMETRIC_REPRESENTATION_CONTEXT() REPRESENTATION_CONTEXT('2D SPACE',''
  ) );
#14513 = PCURVE('',#14480,#14514);
#14514 = DEFINITIONAL_REPRESENTATION('',(#14515),#14519);
#14515 = LINE('',#14516,#14517);
#14516 = CARTESIAN_POINT('',(0.,0.));
#14517 = VECTOR('',#14518,1.);
#14518 = DIRECTION('',(1.,0.));
#14519 = ( GEOMETRIC_REPRESENTATION_CONTEXT(2) 
PARAMETRIC_REPRESENTATION_CONTEXT() REPRESENTATION_CONTEXT('2D SPACE',''
  ) );
#14520 = ORIENTED_EDGE('',*,*,#14521,.T.);
#14521 = EDGE_CURVE('',#14499,#14522,#14524,.T.);
#14522 = VERTEX_POINT('',#14523);
#14523 = CARTESIAN_POINT('',(40.,-33.255,14.4));
#14524 = SURFACE_CURVE('',#14525,(#14529,#14536),.PCURVE_S1.);
#14525 = LINE('',#14526,#14527);
#14526 = CARTESIAN_POINT('',(40.,-33.255,35.6));
#14527 = VECTOR('',#14528,1.);
#14528 = DIRECTION('',(0.,0.,-1.));
#14529 = PCURVE('',#5975,#14530);
#14530 = DEFINITIONAL_REPRESENTATION('',(#14531),#14535);
#14531 = LINE('',#14532,#14533);
#14532 = CARTESIAN_POINT('',(10.6,1.849201499527));
#14533 = VECTOR('',#14534,1.);
#14534 = DIRECTION('',(-1.,0.));
#14535 = ( GEOMETRIC_REPRESENTATION_CONTEXT(2) 
PARAMETRIC_REPRESENTATION_CONTEXT() REPRESENTATION_CONTEXT('2D SPACE',''
  ) );
#14536 = PCURVE('',#14537,#14542);
#14537 = PLANE('',#14538);
#14538 = AXIS2_PLACEMENT_3D('',#14539,#14540,#14541);
#14539 = CARTESIAN_POINT('',(40.,-33.255,35.6));
#14540 = DIRECTION('',(-0.,1.,0.));
#14541 = DIRECTION('',(0.,0.,-1.));
#14542 = DEFINITIONAL_REPRESENTATION('',(#14543),#14547);
#14543 = LINE('',#14544,#14545);
#14544 = CARTESIAN_POINT('',(0.,0.));
#14545 = VECTOR('',#14546,1.);
#14546 = DIRECTION('',(1.,0.));
#14547 = ( GEOMETRIC_REPRESENTATION_CONTEXT(2) 
PARAMETRIC_REPRESENTATION_CONTEXT() REPRESENTATION_CONTEXT('2D SPACE',''
  ) );
#14548 = ORIENTED_EDGE('',*,*,#14549,.T.);
#14549 = EDGE_CURVE('',#14522,#12932,#14550,.T.);
#14550 = SURFACE_CURVE('',#14551,(#14555,#14562),.PCURVE_S1.);
#14551 = LINE('',#14552,#14553);
#14552 = CARTESIAN_POINT('',(40.,-33.255,14.4));
#14553 = VECTOR('',#14554,1.);
#14554 = DIRECTION('',(0.,0.707106781187,0.707106781187));
#14555 = PCURVE('',#5975,#14556);
#14556 = DEFINITIONAL_REPRESENTATION('',(#14557),#14561);
#14557 = LINE('',#14558,#14559);
#14558 = CARTESIAN_POINT('',(-10.6,1.849201499527));
#14559 = VECTOR('',#14560,1.);
#14560 = DIRECTION('',(0.707106781187,-0.707106781187));
#14561 = ( GEOMETRIC_REPRESENTATION_CONTEXT(2) 
PARAMETRIC_REPRESENTATION_CONTEXT() REPRESENTATION_CONTEXT('2D SPACE',''
  ) );
#14562 = PCURVE('',#12970,#14563);
#14563 = DEFINITIONAL_REPRESENTATION('',(#14564),#14568);
#14564 = LINE('',#14565,#14566);
#14565 = CARTESIAN_POINT('',(0.,0.));
#14566 = VECTOR('',#14567,1.);
#14567 = DIRECTION('',(1.,0.));
#14568 = ( GEOMETRIC_REPRESENTATION_CONTEXT(2) 
PARAMETRIC_REPRESENTATION_CONTEXT() REPRESENTATION_CONTEXT('2D SPACE',''
  ) );
#14569 = ADVANCED_FACE('',(#14570),#6164,.F.);
#14570 = FACE_BOUND('',#14571,.F.);
#14571 = EDGE_LOOP('',(#14572,#14573,#14574,#14575));
#14572 = ORIENTED_EDGE('',*,*,#6315,.F.);
#14573 = ORIENTED_EDGE('',*,*,#6239,.T.);
#14574 = ORIENTED_EDGE('',*,*,#6150,.T.);
#14575 = ORIENTED_EDGE('',*,*,#6288,.F.);
#14576 = ADVANCED_FACE('',(#14577),#6199,.F.);
#14577 = FACE_BOUND('',#14578,.T.);
#14578 = EDGE_LOOP('',(#14579,#14580,#14603,#14630));
#14579 = ORIENTED_EDGE('',*,*,#6178,.T.);
#14580 = ORIENTED_EDGE('',*,*,#14581,.T.);
#14581 = EDGE_CURVE('',#6179,#14582,#14584,.T.);
#14582 = VERTEX_POINT('',#14583);
#14583 = CARTESIAN_POINT('',(49.2,-29.5,3.89));
#14584 = SEAM_CURVE('',#14585,(#14589,#14596),.PCURVE_S1.);
#14585 = LINE('',#14586,#14587);
#14586 = CARTESIAN_POINT('',(49.2,-29.5,-7.5));
#14587 = VECTOR('',#14588,1.);
#14588 = DIRECTION('',(0.,0.,1.));
#14589 = PCURVE('',#6199,#14590);
#14590 = DEFINITIONAL_REPRESENTATION('',(#14591),#14595);
#14591 = LINE('',#14592,#14593);
#14592 = CARTESIAN_POINT('',(-6.28318530718,0.));
#14593 = VECTOR('',#14594,1.);
#14594 = DIRECTION('',(-0.,-1.));
#14595 = ( GEOMETRIC_REPRESENTATION_CONTEXT(2) 
PARAMETRIC_REPRESENTATION_CONTEXT() REPRESENTATION_CONTEXT('2D SPACE',''
  ) );
#14596 = PCURVE('',#6199,#14597);
#14597 = DEFINITIONAL_REPRESENTATION('',(#14598),#14602);
#14598 = LINE('',#14599,#14600);
#14599 = CARTESIAN_POINT('',(-0.,0.));
#14600 = VECTOR('',#14601,1.);
#14601 = DIRECTION('',(-0.,-1.));
#14602 = ( GEOMETRIC_REPRESENTATION_CONTEXT(2) 
PARAMETRIC_REPRESENTATION_CONTEXT() REPRESENTATION_CONTEXT('2D SPACE',''
  ) );
#14603 = ORIENTED_EDGE('',*,*,#14604,.T.);
#14604 = EDGE_CURVE('',#14582,#14582,#14605,.T.);
#14605 = SURFACE_CURVE('',#14606,(#14611,#14618),.PCURVE_S1.);
#14606 = CIRCLE('',#14607,2.2);
#14607 = AXIS2_PLACEMENT_3D('',#14608,#14609,#14610);
#14608 = CARTESIAN_POINT('',(47.,-29.5,3.89));
#14609 = DIRECTION('',(0.,0.,1.));
#14610 = DIRECTION('',(1.,0.,0.));
#14611 = PCURVE('',#6199,#14612);
#14612 = DEFINITIONAL_REPRESENTATION('',(#14613),#14617);
#14613 = LINE('',#14614,#14615);
#14614 = CARTESIAN_POINT('',(-0.,-11.39));
#14615 = VECTOR('',#14616,1.);
#14616 = DIRECTION('',(-1.,0.));
#14617 = ( GEOMETRIC_REPRESENTATION_CONTEXT(2) 
PARAMETRIC_REPRESENTATION_CONTEXT() REPRESENTATION_CONTEXT('2D SPACE',''
  ) );
#14618 = PCURVE('',#14619,#14624);
#14619 = PLANE('',#14620);
#14620 = AXIS2_PLACEMENT_3D('',#14621,#14622,#14623);
#14621 = CARTESIAN_POINT('',(47.,-29.5,3.89));
#14622 = DIRECTION('',(0.,0.,1.));
#14623 = DIRECTION('',(1.,0.,-0.));
#14624 = DEFINITIONAL_REPRESENTATION('',(#14625),#14629);
#14625 = CIRCLE('',#14626,2.2);
#14626 = AXIS2_PLACEMENT_2D('',#14627,#14628);
#14627 = CARTESIAN_POINT('',(0.,-3.552713678801E-15));
#14628 = DIRECTION('',(1.,0.));
#14629 = ( GEOMETRIC_REPRESENTATION_CONTEXT(2) 
PARAMETRIC_REPRESENTATION_CONTEXT() REPRESENTATION_CONTEXT('2D SPACE',''
  ) );
#14630 = ORIENTED_EDGE('',*,*,#14581,.F.);
#14631 = ADVANCED_FACE('',(#14632),#6430,.F.);
#14632 = FACE_BOUND('',#14633,.F.);
#14633 = EDGE_LOOP('',(#14634,#14635,#14636,#14637));
#14634 = ORIENTED_EDGE('',*,*,#6554,.F.);
#14635 = ORIENTED_EDGE('',*,*,#6611,.T.);
#14636 = ORIENTED_EDGE('',*,*,#6416,.T.);
#14637 = ORIENTED_EDGE('',*,*,#6505,.F.);
#14638 = ADVANCED_FACE('',(#14639),#6465,.F.);
#14639 = FACE_BOUND('',#14640,.T.);
#14640 = EDGE_LOOP('',(#14641,#14642,#14665,#14692));
#14641 = ORIENTED_EDGE('',*,*,#6444,.T.);
#14642 = ORIENTED_EDGE('',*,*,#14643,.T.);
#14643 = EDGE_CURVE('',#6445,#14644,#14646,.T.);
#14644 = VERTEX_POINT('',#14645);
#14645 = CARTESIAN_POINT('',(75.2,-29.5,3.89));
#14646 = SEAM_CURVE('',#14647,(#14651,#14658),.PCURVE_S1.);
#14647 = LINE('',#14648,#14649);
#14648 = CARTESIAN_POINT('',(75.2,-29.5,-7.5));
#14649 = VECTOR('',#14650,1.);
#14650 = DIRECTION('',(0.,0.,1.));
#14651 = PCURVE('',#6465,#14652);
#14652 = DEFINITIONAL_REPRESENTATION('',(#14653),#14657);
#14653 = LINE('',#14654,#14655);
#14654 = CARTESIAN_POINT('',(-6.28318530718,0.));
#14655 = VECTOR('',#14656,1.);
#14656 = DIRECTION('',(-0.,-1.));
#14657 = ( GEOMETRIC_REPRESENTATION_CONTEXT(2) 
PARAMETRIC_REPRESENTATION_CONTEXT() REPRESENTATION_CONTEXT('2D SPACE',''
  ) );
#14658 = PCURVE('',#6465,#14659);
#14659 = DEFINITIONAL_REPRESENTATION('',(#14660),#14664);
#14660 = LINE('',#14661,#14662);
#14661 = CARTESIAN_POINT('',(-0.,0.));
#14662 = VECTOR('',#14663,1.);
#14663 = DIRECTION('',(-0.,-1.));
#14664 = ( GEOMETRIC_REPRESENTATION_CONTEXT(2) 
PARAMETRIC_REPRESENTATION_CONTEXT() REPRESENTATION_CONTEXT('2D SPACE',''
  ) );
#14665 = ORIENTED_EDGE('',*,*,#14666,.T.);
#14666 = EDGE_CURVE('',#14644,#14644,#14667,.T.);
#14667 = SURFACE_CURVE('',#14668,(#14673,#14680),.PCURVE_S1.);
#14668 = CIRCLE('',#14669,2.2);
#14669 = AXIS2_PLACEMENT_3D('',#14670,#14671,#14672);
#14670 = CARTESIAN_POINT('',(73.,-29.5,3.89));
#14671 = DIRECTION('',(0.,0.,1.));
#14672 = DIRECTION('',(1.,0.,0.));
#14673 = PCURVE('',#6465,#14674);
#14674 = DEFINITIONAL_REPRESENTATION('',(#14675),#14679);
#14675 = LINE('',#14676,#14677);
#14676 = CARTESIAN_POINT('',(-0.,-11.39));
#14677 = VECTOR('',#14678,1.);
#14678 = DIRECTION('',(-1.,0.));
#14679 = ( GEOMETRIC_REPRESENTATION_CONTEXT(2) 
PARAMETRIC_REPRESENTATION_CONTEXT() REPRESENTATION_CONTEXT('2D SPACE',''
  ) );
#14680 = PCURVE('',#14681,#14686);
#14681 = PLANE('',#14682);
#14682 = AXIS2_PLACEMENT_3D('',#14683,#14684,#14685);
#14683 = CARTESIAN_POINT('',(73.,-29.5,3.89));
#14684 = DIRECTION('',(0.,0.,1.));
#14685 = DIRECTION('',(1.,0.,-0.));
#14686 = DEFINITIONAL_REPRESENTATION('',(#14687),#14691);
#14687 = CIRCLE('',#14688,2.2);
#14688 = AXIS2_PLACEMENT_2D('',#14689,#14690);
#14689 = CARTESIAN_POINT('',(0.,0.));
#14690 = DIRECTION('',(1.,0.));
#14691 = ( GEOMETRIC_REPRESENTATION_CONTEXT(2) 
PARAMETRIC_REPRESENTATION_CONTEXT() REPRESENTATION_CONTEXT('2D SPACE',''
  ) );
#14692 = ORIENTED_EDGE('',*,*,#14643,.F.);
#14693 = ADVANCED_FACE('',(#14694),#7125,.F.);
#14694 = FACE_BOUND('',#14695,.F.);
#14695 = EDGE_LOOP('',(#14696,#14717,#14718,#14739,#14740,#14741,#14762)
  );
#14696 = ORIENTED_EDGE('',*,*,#14697,.F.);
#14697 = EDGE_CURVE('',#13646,#13767,#14698,.T.);
#14698 = SURFACE_CURVE('',#14699,(#14703,#14710),.PCURVE_S1.);
#14699 = LINE('',#14700,#14701);
#14700 = CARTESIAN_POINT('',(120.15,-30.255,13.4));
#14701 = VECTOR('',#14702,1.);
#14702 = DIRECTION('',(0.,0.,1.));
#14703 = PCURVE('',#7125,#14704);
#14704 = DEFINITIONAL_REPRESENTATION('',(#14705),#14709);
#14705 = LINE('',#14706,#14707);
#14706 = CARTESIAN_POINT('',(0.,5.23));
#14707 = VECTOR('',#14708,1.);
#14708 = DIRECTION('',(1.,0.));
#14709 = ( GEOMETRIC_REPRESENTATION_CONTEXT(2) 
PARAMETRIC_REPRESENTATION_CONTEXT() REPRESENTATION_CONTEXT('2D SPACE',''
  ) );
#14710 = PCURVE('',#13681,#14711);
#14711 = DEFINITIONAL_REPRESENTATION('',(#14712),#14716);
#14712 = LINE('',#14713,#14714);
#14713 = CARTESIAN_POINT('',(0.,-4.));
#14714 = VECTOR('',#14715,1.);
#14715 = DIRECTION('',(1.,0.));
#14716 = ( GEOMETRIC_REPRESENTATION_CONTEXT(2) 
PARAMETRIC_REPRESENTATION_CONTEXT() REPRESENTATION_CONTEXT('2D SPACE',''
  ) );
#14717 = ORIENTED_EDGE('',*,*,#13645,.T.);
#14718 = ORIENTED_EDGE('',*,*,#14719,.T.);
#14719 = EDGE_CURVE('',#13625,#7303,#14720,.T.);
#14720 = SURFACE_CURVE('',#14721,(#14725,#14732),.PCURVE_S1.);
#14721 = LINE('',#14722,#14723);
#14722 = CARTESIAN_POINT('',(114.92,-30.255,13.4));
#14723 = VECTOR('',#14724,1.);
#14724 = DIRECTION('',(0.,0.,1.));
#14725 = PCURVE('',#7125,#14726);
#14726 = DEFINITIONAL_REPRESENTATION('',(#14727),#14731);
#14727 = LINE('',#14728,#14729);
#14728 = CARTESIAN_POINT('',(0.,0.));
#14729 = VECTOR('',#14730,1.);
#14730 = DIRECTION('',(1.,0.));
#14731 = ( GEOMETRIC_REPRESENTATION_CONTEXT(2) 
PARAMETRIC_REPRESENTATION_CONTEXT() REPRESENTATION_CONTEXT('2D SPACE',''
  ) );
#14732 = PCURVE('',#7317,#14733);
#14733 = DEFINITIONAL_REPRESENTATION('',(#14734),#14738);
#14734 = LINE('',#14735,#14736);
#14735 = CARTESIAN_POINT('',(0.,-4.));
#14736 = VECTOR('',#14737,1.);
#14737 = DIRECTION('',(1.,0.));
#14738 = ( GEOMETRIC_REPRESENTATION_CONTEXT(2) 
PARAMETRIC_REPRESENTATION_CONTEXT() REPRESENTATION_CONTEXT('2D SPACE',''
  ) );
#14739 = ORIENTED_EDGE('',*,*,#7328,.F.);
#14740 = ORIENTED_EDGE('',*,*,#7108,.F.);
#14741 = ORIENTED_EDGE('',*,*,#14742,.T.);
#14742 = EDGE_CURVE('',#7109,#13788,#14743,.T.);
#14743 = SURFACE_CURVE('',#14744,(#14748,#14755),.PCURVE_S1.);
#14744 = LINE('',#14745,#14746);
#14745 = CARTESIAN_POINT('',(114.92,-30.255,13.4));
#14746 = VECTOR('',#14747,1.);
#14747 = DIRECTION('',(0.,0.,1.));
#14748 = PCURVE('',#7125,#14749);
#14749 = DEFINITIONAL_REPRESENTATION('',(#14750),#14754);
#14750 = LINE('',#14751,#14752);
#14751 = CARTESIAN_POINT('',(0.,0.));
#14752 = VECTOR('',#14753,1.);
#14753 = DIRECTION('',(1.,0.));
#14754 = ( GEOMETRIC_REPRESENTATION_CONTEXT(2) 
PARAMETRIC_REPRESENTATION_CONTEXT() REPRESENTATION_CONTEXT('2D SPACE',''
  ) );
#14755 = PCURVE('',#7152,#14756);
#14756 = DEFINITIONAL_REPRESENTATION('',(#14757),#14761);
#14757 = LINE('',#14758,#14759);
#14758 = CARTESIAN_POINT('',(0.,-4.));
#14759 = VECTOR('',#14760,1.);
#14760 = DIRECTION('',(1.,0.));
#14761 = ( GEOMETRIC_REPRESENTATION_CONTEXT(2) 
PARAMETRIC_REPRESENTATION_CONTEXT() REPRESENTATION_CONTEXT('2D SPACE',''
  ) );
#14762 = ORIENTED_EDGE('',*,*,#13787,.T.);
#14763 = ADVANCED_FACE('',(#14764),#7317,.T.);
#14764 = FACE_BOUND('',#14765,.T.);
#14765 = EDGE_LOOP('',(#14766,#14767,#14768,#14769,#14790));
#14766 = ORIENTED_EDGE('',*,*,#13624,.T.);
#14767 = ORIENTED_EDGE('',*,*,#14719,.T.);
#14768 = ORIENTED_EDGE('',*,*,#7302,.F.);
#14769 = ORIENTED_EDGE('',*,*,#14770,.T.);
#14770 = EDGE_CURVE('',#7274,#14771,#14773,.T.);
#14771 = VERTEX_POINT('',#14772);
#14772 = CARTESIAN_POINT('',(114.92,-33.255,14.4));
#14773 = SURFACE_CURVE('',#14774,(#14778,#14784),.PCURVE_S1.);
#14774 = LINE('',#14775,#14776);
#14775 = CARTESIAN_POINT('',(114.92,-33.255,24.5));
#14776 = VECTOR('',#14777,1.);
#14777 = DIRECTION('',(0.,0.,-1.));
#14778 = PCURVE('',#7317,#14779);
#14779 = DEFINITIONAL_REPRESENTATION('',(#14780),#14783);
#14780 = B_SPLINE_CURVE_WITH_KNOTS('',1,(#14781,#14782),.UNSPECIFIED.,
  .F.,.F.,(2,2),(-11.1,10.1),.PIECEWISE_BEZIER_KNOTS.);
#14781 = CARTESIAN_POINT('',(22.2,-1.));
#14782 = CARTESIAN_POINT('',(1.,-1.));
#14783 = ( GEOMETRIC_REPRESENTATION_CONTEXT(2) 
PARAMETRIC_REPRESENTATION_CONTEXT() REPRESENTATION_CONTEXT('2D SPACE',''
  ) );
#14784 = PCURVE('',#7290,#14785);
#14785 = DEFINITIONAL_REPRESENTATION('',(#14786),#14789);
#14786 = B_SPLINE_CURVE_WITH_KNOTS('',1,(#14787,#14788),.UNSPECIFIED.,
  .F.,.F.,(2,2),(-11.1,10.1),.PIECEWISE_BEZIER_KNOTS.);
#14787 = CARTESIAN_POINT('',(0.,-74.92));
#14788 = CARTESIAN_POINT('',(21.2,-74.92));
#14789 = ( GEOMETRIC_REPRESENTATION_CONTEXT(2) 
PARAMETRIC_REPRESENTATION_CONTEXT() REPRESENTATION_CONTEXT('2D SPACE',''
  ) );
#14790 = ORIENTED_EDGE('',*,*,#14791,.T.);
#14791 = EDGE_CURVE('',#14771,#13597,#14792,.T.);
#14792 = SURFACE_CURVE('',#14793,(#14797,#14803),.PCURVE_S1.);
#14793 = LINE('',#14794,#14795);
#14794 = CARTESIAN_POINT('',(114.92,-33.755,13.9));
#14795 = VECTOR('',#14796,1.);
#14796 = DIRECTION('',(-0.,0.707106781187,0.707106781187));
#14797 = PCURVE('',#7317,#14798);
#14798 = DEFINITIONAL_REPRESENTATION('',(#14799),#14802);
#14799 = B_SPLINE_CURVE_WITH_KNOTS('',1,(#14800,#14801),.UNSPECIFIED.,
  .F.,.F.,(2,2),(0.707106781187,4.617407281148),
  .PIECEWISE_BEZIER_KNOTS.);
#14800 = CARTESIAN_POINT('',(1.,-1.));
#14801 = CARTESIAN_POINT('',(3.765,-3.765));
#14802 = ( GEOMETRIC_REPRESENTATION_CONTEXT(2) 
PARAMETRIC_REPRESENTATION_CONTEXT() REPRESENTATION_CONTEXT('2D SPACE',''
  ) );
#14803 = PCURVE('',#13612,#14804);
#14804 = DEFINITIONAL_REPRESENTATION('',(#14805),#14808);
#14805 = B_SPLINE_CURVE_WITH_KNOTS('',1,(#14806,#14807),.UNSPECIFIED.,
  .F.,.F.,(2,2),(0.707106781187,4.617407281148),
  .PIECEWISE_BEZIER_KNOTS.);
#14806 = CARTESIAN_POINT('',(0.,-74.92));
#14807 = CARTESIAN_POINT('',(3.910300499962,-74.92));
#14808 = ( GEOMETRIC_REPRESENTATION_CONTEXT(2) 
PARAMETRIC_REPRESENTATION_CONTEXT() REPRESENTATION_CONTEXT('2D SPACE',''
  ) );
#14809 = ADVANCED_FACE('',(#14810),#7290,.F.);
#14810 = FACE_BOUND('',#14811,.F.);
#14811 = EDGE_LOOP('',(#14812,#14833,#14834,#14835));
#14812 = ORIENTED_EDGE('',*,*,#14813,.F.);
#14813 = EDGE_CURVE('',#7248,#14814,#14816,.T.);
#14814 = VERTEX_POINT('',#14815);
#14815 = CARTESIAN_POINT('',(110.14,-33.255,14.4));
#14816 = SURFACE_CURVE('',#14817,(#14821,#14827),.PCURVE_S1.);
#14817 = LINE('',#14818,#14819);
#14818 = CARTESIAN_POINT('',(110.14,-33.255,24.5));
#14819 = VECTOR('',#14820,1.);
#14820 = DIRECTION('',(0.,0.,-1.));
#14821 = PCURVE('',#7290,#14822);
#14822 = DEFINITIONAL_REPRESENTATION('',(#14823),#14826);
#14823 = B_SPLINE_CURVE_WITH_KNOTS('',1,(#14824,#14825),.UNSPECIFIED.,
  .F.,.F.,(2,2),(-11.1,10.1),.PIECEWISE_BEZIER_KNOTS.);
#14824 = CARTESIAN_POINT('',(0.,-70.14));
#14825 = CARTESIAN_POINT('',(21.2,-70.14));
#14826 = ( GEOMETRIC_REPRESENTATION_CONTEXT(2) 
PARAMETRIC_REPRESENTATION_CONTEXT() REPRESENTATION_CONTEXT('2D SPACE',''
  ) );
#14827 = PCURVE('',#7262,#14828);
#14828 = DEFINITIONAL_REPRESENTATION('',(#14829),#14832);
#14829 = B_SPLINE_CURVE_WITH_KNOTS('',1,(#14830,#14831),.UNSPECIFIED.,
  .F.,.F.,(2,2),(-11.1,10.1),.PIECEWISE_BEZIER_KNOTS.);
#14830 = CARTESIAN_POINT('',(22.2,-1.));
#14831 = CARTESIAN_POINT('',(1.,-1.));
#14832 = ( GEOMETRIC_REPRESENTATION_CONTEXT(2) 
PARAMETRIC_REPRESENTATION_CONTEXT() REPRESENTATION_CONTEXT('2D SPACE',''
  ) );
#14833 = ORIENTED_EDGE('',*,*,#7273,.F.);
#14834 = ORIENTED_EDGE('',*,*,#14770,.T.);
#14835 = ORIENTED_EDGE('',*,*,#14836,.F.);
#14836 = EDGE_CURVE('',#14814,#14771,#14837,.T.);
#14837 = SURFACE_CURVE('',#14838,(#14842,#14849),.PCURVE_S1.);
#14838 = LINE('',#14839,#14840);
#14839 = CARTESIAN_POINT('',(40.,-33.255,14.4));
#14840 = VECTOR('',#14841,1.);
#14841 = DIRECTION('',(1.,0.,0.));
#14842 = PCURVE('',#7290,#14843);
#14843 = DEFINITIONAL_REPRESENTATION('',(#14844),#14848);
#14844 = LINE('',#14845,#14846);
#14845 = CARTESIAN_POINT('',(21.2,0.));
#14846 = VECTOR('',#14847,1.);
#14847 = DIRECTION('',(0.,-1.));
#14848 = ( GEOMETRIC_REPRESENTATION_CONTEXT(2) 
PARAMETRIC_REPRESENTATION_CONTEXT() REPRESENTATION_CONTEXT('2D SPACE',''
  ) );
#14849 = PCURVE('',#13612,#14850);
#14850 = DEFINITIONAL_REPRESENTATION('',(#14851),#14855);
#14851 = LINE('',#14852,#14853);
#14852 = CARTESIAN_POINT('',(0.,0.));
#14853 = VECTOR('',#14854,1.);
#14854 = DIRECTION('',(0.,-1.));
#14855 = ( GEOMETRIC_REPRESENTATION_CONTEXT(2) 
PARAMETRIC_REPRESENTATION_CONTEXT() REPRESENTATION_CONTEXT('2D SPACE',''
  ) );
#14856 = ADVANCED_FACE('',(#14857),#7262,.F.);
#14857 = FACE_BOUND('',#14858,.F.);
#14858 = EDGE_LOOP('',(#14859,#14860,#14881,#14882,#14883));
#14859 = ORIENTED_EDGE('',*,*,#13575,.T.);
#14860 = ORIENTED_EDGE('',*,*,#14861,.T.);
#14861 = EDGE_CURVE('',#13555,#7219,#14862,.T.);
#14862 = SURFACE_CURVE('',#14863,(#14867,#14874),.PCURVE_S1.);
#14863 = LINE('',#14864,#14865);
#14864 = CARTESIAN_POINT('',(110.14,-30.255,13.4));
#14865 = VECTOR('',#14866,1.);
#14866 = DIRECTION('',(0.,0.,1.));
#14867 = PCURVE('',#7262,#14868);
#14868 = DEFINITIONAL_REPRESENTATION('',(#14869),#14873);
#14869 = LINE('',#14870,#14871);
#14870 = CARTESIAN_POINT('',(0.,-4.));
#14871 = VECTOR('',#14872,1.);
#14872 = DIRECTION('',(1.,0.));
#14873 = ( GEOMETRIC_REPRESENTATION_CONTEXT(2) 
PARAMETRIC_REPRESENTATION_CONTEXT() REPRESENTATION_CONTEXT('2D SPACE',''
  ) );
#14874 = PCURVE('',#7235,#14875);
#14875 = DEFINITIONAL_REPRESENTATION('',(#14876),#14880);
#14876 = LINE('',#14877,#14878);
#14877 = CARTESIAN_POINT('',(0.,5.23));
#14878 = VECTOR('',#14879,1.);
#14879 = DIRECTION('',(1.,0.));
#14880 = ( GEOMETRIC_REPRESENTATION_CONTEXT(2) 
PARAMETRIC_REPRESENTATION_CONTEXT() REPRESENTATION_CONTEXT('2D SPACE',''
  ) );
#14881 = ORIENTED_EDGE('',*,*,#7247,.F.);
#14882 = ORIENTED_EDGE('',*,*,#14813,.T.);
#14883 = ORIENTED_EDGE('',*,*,#14884,.T.);
#14884 = EDGE_CURVE('',#14814,#13576,#14885,.T.);
#14885 = SURFACE_CURVE('',#14886,(#14890,#14896),.PCURVE_S1.);
#14886 = LINE('',#14887,#14888);
#14887 = CARTESIAN_POINT('',(110.14,-33.755,13.9));
#14888 = VECTOR('',#14889,1.);
#14889 = DIRECTION('',(-0.,0.707106781187,0.707106781187));
#14890 = PCURVE('',#7262,#14891);
#14891 = DEFINITIONAL_REPRESENTATION('',(#14892),#14895);
#14892 = B_SPLINE_CURVE_WITH_KNOTS('',1,(#14893,#14894),.UNSPECIFIED.,
  .F.,.F.,(2,2),(0.707106781187,4.617407281148),
  .PIECEWISE_BEZIER_KNOTS.);
#14893 = CARTESIAN_POINT('',(1.,-1.));
#14894 = CARTESIAN_POINT('',(3.765,-3.765));
#14895 = ( GEOMETRIC_REPRESENTATION_CONTEXT(2) 
PARAMETRIC_REPRESENTATION_CONTEXT() REPRESENTATION_CONTEXT('2D SPACE',''
  ) );
#14896 = PCURVE('',#13612,#14897);
#14897 = DEFINITIONAL_REPRESENTATION('',(#14898),#14901);
#14898 = B_SPLINE_CURVE_WITH_KNOTS('',1,(#14899,#14900),.UNSPECIFIED.,
  .F.,.F.,(2,2),(0.707106781187,4.617407281148),
  .PIECEWISE_BEZIER_KNOTS.);
#14899 = CARTESIAN_POINT('',(0.,-70.14));
#14900 = CARTESIAN_POINT('',(3.910300499962,-70.14));
#14901 = ( GEOMETRIC_REPRESENTATION_CONTEXT(2) 
PARAMETRIC_REPRESENTATION_CONTEXT() REPRESENTATION_CONTEXT('2D SPACE',''
  ) );
#14902 = ADVANCED_FACE('',(#14903),#7235,.F.);
#14903 = FACE_BOUND('',#14904,.F.);
#14904 = EDGE_LOOP('',(#14905,#14906,#14907,#14928,#14929,#14930,#14951,
    #14952,#14973));
#14905 = ORIENTED_EDGE('',*,*,#14861,.F.);
#14906 = ORIENTED_EDGE('',*,*,#13554,.T.);
#14907 = ORIENTED_EDGE('',*,*,#14908,.T.);
#14908 = EDGE_CURVE('',#13534,#7568,#14909,.T.);
#14909 = SURFACE_CURVE('',#14910,(#14914,#14921),.PCURVE_S1.);
#14910 = LINE('',#14911,#14912);
#14911 = CARTESIAN_POINT('',(104.91,-30.255,13.4));
#14912 = VECTOR('',#14913,1.);
#14913 = DIRECTION('',(0.,0.,1.));
#14914 = PCURVE('',#7235,#14915);
#14915 = DEFINITIONAL_REPRESENTATION('',(#14916),#14920);
#14916 = LINE('',#14917,#14918);
#14917 = CARTESIAN_POINT('',(0.,0.));
#14918 = VECTOR('',#14919,1.);
#14919 = DIRECTION('',(1.,0.));
#14920 = ( GEOMETRIC_REPRESENTATION_CONTEXT(2) 
PARAMETRIC_REPRESENTATION_CONTEXT() REPRESENTATION_CONTEXT('2D SPACE',''
  ) );
#14921 = PCURVE('',#7582,#14922);
#14922 = DEFINITIONAL_REPRESENTATION('',(#14923),#14927);
#14923 = LINE('',#14924,#14925);
#14924 = CARTESIAN_POINT('',(0.,-4.));
#14925 = VECTOR('',#14926,1.);
#14926 = DIRECTION('',(1.,0.));
#14927 = ( GEOMETRIC_REPRESENTATION_CONTEXT(2) 
PARAMETRIC_REPRESENTATION_CONTEXT() REPRESENTATION_CONTEXT('2D SPACE',''
  ) );
#14928 = ORIENTED_EDGE('',*,*,#7593,.F.);
#14929 = ORIENTED_EDGE('',*,*,#7378,.F.);
#14930 = ORIENTED_EDGE('',*,*,#14931,.T.);
#14931 = EDGE_CURVE('',#7379,#13879,#14932,.T.);
#14932 = SURFACE_CURVE('',#14933,(#14937,#14944),.PCURVE_S1.);
#14933 = LINE('',#14934,#14935);
#14934 = CARTESIAN_POINT('',(104.91,-30.255,13.4));
#14935 = VECTOR('',#14936,1.);
#14936 = DIRECTION('',(0.,0.,1.));
#14937 = PCURVE('',#7235,#14938);
#14938 = DEFINITIONAL_REPRESENTATION('',(#14939),#14943);
#14939 = LINE('',#14940,#14941);
#14940 = CARTESIAN_POINT('',(0.,0.));
#14941 = VECTOR('',#14942,1.);
#14942 = DIRECTION('',(1.,0.));
#14943 = ( GEOMETRIC_REPRESENTATION_CONTEXT(2) 
PARAMETRIC_REPRESENTATION_CONTEXT() REPRESENTATION_CONTEXT('2D SPACE',''
  ) );
#14944 = PCURVE('',#7417,#14945);
#14945 = DEFINITIONAL_REPRESENTATION('',(#14946),#14950);
#14946 = LINE('',#14947,#14948);
#14947 = CARTESIAN_POINT('',(0.,-4.));
#14948 = VECTOR('',#14949,1.);
#14949 = DIRECTION('',(1.,0.));
#14950 = ( GEOMETRIC_REPRESENTATION_CONTEXT(2) 
PARAMETRIC_REPRESENTATION_CONTEXT() REPRESENTATION_CONTEXT('2D SPACE',''
  ) );
#14951 = ORIENTED_EDGE('',*,*,#13878,.T.);
#14952 = ORIENTED_EDGE('',*,*,#14953,.F.);
#14953 = EDGE_CURVE('',#7193,#13858,#14954,.T.);
#14954 = SURFACE_CURVE('',#14955,(#14959,#14966),.PCURVE_S1.);
#14955 = LINE('',#14956,#14957);
#14956 = CARTESIAN_POINT('',(110.14,-30.255,13.4));
#14957 = VECTOR('',#14958,1.);
#14958 = DIRECTION('',(0.,0.,1.));
#14959 = PCURVE('',#7235,#14960);
#14960 = DEFINITIONAL_REPRESENTATION('',(#14961),#14965);
#14961 = LINE('',#14962,#14963);
#14962 = CARTESIAN_POINT('',(0.,5.23));
#14963 = VECTOR('',#14964,1.);
#14964 = DIRECTION('',(1.,0.));
#14965 = ( GEOMETRIC_REPRESENTATION_CONTEXT(2) 
PARAMETRIC_REPRESENTATION_CONTEXT() REPRESENTATION_CONTEXT('2D SPACE',''
  ) );
#14966 = PCURVE('',#7207,#14967);
#14967 = DEFINITIONAL_REPRESENTATION('',(#14968),#14972);
#14968 = LINE('',#14969,#14970);
#14969 = CARTESIAN_POINT('',(0.,-4.));
#14970 = VECTOR('',#14971,1.);
#14971 = DIRECTION('',(1.,0.));
#14972 = ( GEOMETRIC_REPRESENTATION_CONTEXT(2) 
PARAMETRIC_REPRESENTATION_CONTEXT() REPRESENTATION_CONTEXT('2D SPACE',''
  ) );
#14973 = ORIENTED_EDGE('',*,*,#7218,.F.);
#14974 = ADVANCED_FACE('',(#14975),#7207,.F.);
#14975 = FACE_BOUND('',#14976,.F.);
#14976 = EDGE_LOOP('',(#14977,#14978,#14979,#14980,#15001));
#14977 = ORIENTED_EDGE('',*,*,#7192,.T.);
#14978 = ORIENTED_EDGE('',*,*,#14953,.T.);
#14979 = ORIENTED_EDGE('',*,*,#13857,.T.);
#14980 = ORIENTED_EDGE('',*,*,#14981,.T.);
#14981 = EDGE_CURVE('',#13830,#14982,#14984,.T.);
#14982 = VERTEX_POINT('',#14983);
#14983 = CARTESIAN_POINT('',(110.14,-33.255,35.6));
#14984 = SURFACE_CURVE('',#14985,(#14989,#14995),.PCURVE_S1.);
#14985 = LINE('',#14986,#14987);
#14986 = CARTESIAN_POINT('',(110.14,-26.5725,28.9175));
#14987 = VECTOR('',#14988,1.);
#14988 = DIRECTION('',(0.,-0.707106781187,0.707106781187));
#14989 = PCURVE('',#7207,#14990);
#14990 = DEFINITIONAL_REPRESENTATION('',(#14991),#14994);
#14991 = B_SPLINE_CURVE_WITH_KNOTS('',1,(#14992,#14993),.UNSPECIFIED.,
  .F.,.F.,(2,2),(5.540181630597,9.450482130558),
  .PIECEWISE_BEZIER_KNOTS.);
#14992 = CARTESIAN_POINT('',(19.435,-3.765));
#14993 = CARTESIAN_POINT('',(22.2,-1.));
#14994 = ( GEOMETRIC_REPRESENTATION_CONTEXT(2) 
PARAMETRIC_REPRESENTATION_CONTEXT() REPRESENTATION_CONTEXT('2D SPACE',''
  ) );
#14995 = PCURVE('',#13845,#14996);
#14996 = DEFINITIONAL_REPRESENTATION('',(#14997),#15000);
#14997 = B_SPLINE_CURVE_WITH_KNOTS('',1,(#14998,#14999),.UNSPECIFIED.,
  .F.,.F.,(2,2),(5.540181630597,9.450482130558),
  .PIECEWISE_BEZIER_KNOTS.);
#14998 = CARTESIAN_POINT('',(0.,-70.14));
#14999 = CARTESIAN_POINT('',(3.910300499962,-70.14));
#15000 = ( GEOMETRIC_REPRESENTATION_CONTEXT(2) 
PARAMETRIC_REPRESENTATION_CONTEXT() REPRESENTATION_CONTEXT('2D SPACE',''
  ) );
#15001 = ORIENTED_EDGE('',*,*,#15002,.T.);
#15002 = EDGE_CURVE('',#14982,#7164,#15003,.T.);
#15003 = SURFACE_CURVE('',#15004,(#15008,#15014),.PCURVE_S1.);
#15004 = LINE('',#15005,#15006);
#15005 = CARTESIAN_POINT('',(110.14,-33.255,24.5));
#15006 = VECTOR('',#15007,1.);
#15007 = DIRECTION('',(0.,0.,-1.));
#15008 = PCURVE('',#7207,#15009);
#15009 = DEFINITIONAL_REPRESENTATION('',(#15010),#15013);
#15010 = B_SPLINE_CURVE_WITH_KNOTS('',1,(#15011,#15012),.UNSPECIFIED.,
  .F.,.F.,(2,2),(-11.1,10.1),.PIECEWISE_BEZIER_KNOTS.);
#15011 = CARTESIAN_POINT('',(22.2,-1.));
#15012 = CARTESIAN_POINT('',(1.,-1.));
#15013 = ( GEOMETRIC_REPRESENTATION_CONTEXT(2) 
PARAMETRIC_REPRESENTATION_CONTEXT() REPRESENTATION_CONTEXT('2D SPACE',''
  ) );
#15014 = PCURVE('',#7180,#15015);
#15015 = DEFINITIONAL_REPRESENTATION('',(#15016),#15019);
#15016 = B_SPLINE_CURVE_WITH_KNOTS('',1,(#15017,#15018),.UNSPECIFIED.,
  .F.,.F.,(2,2),(-11.1,10.1),.PIECEWISE_BEZIER_KNOTS.);
#15017 = CARTESIAN_POINT('',(0.,-70.14));
#15018 = CARTESIAN_POINT('',(21.2,-70.14));
#15019 = ( GEOMETRIC_REPRESENTATION_CONTEXT(2) 
PARAMETRIC_REPRESENTATION_CONTEXT() REPRESENTATION_CONTEXT('2D SPACE',''
  ) );
#15020 = ADVANCED_FACE('',(#15021),#7180,.F.);
#15021 = FACE_BOUND('',#15022,.F.);
#15022 = EDGE_LOOP('',(#15023,#15024,#15047,#15066));
#15023 = ORIENTED_EDGE('',*,*,#15002,.F.);
#15024 = ORIENTED_EDGE('',*,*,#15025,.T.);
#15025 = EDGE_CURVE('',#14982,#15026,#15028,.T.);
#15026 = VERTEX_POINT('',#15027);
#15027 = CARTESIAN_POINT('',(114.92,-33.255,35.6));
#15028 = SURFACE_CURVE('',#15029,(#15033,#15040),.PCURVE_S1.);
#15029 = LINE('',#15030,#15031);
#15030 = CARTESIAN_POINT('',(40.,-33.255,35.6));
#15031 = VECTOR('',#15032,1.);
#15032 = DIRECTION('',(1.,0.,0.));
#15033 = PCURVE('',#7180,#15034);
#15034 = DEFINITIONAL_REPRESENTATION('',(#15035),#15039);
#15035 = LINE('',#15036,#15037);
#15036 = CARTESIAN_POINT('',(0.,0.));
#15037 = VECTOR('',#15038,1.);
#15038 = DIRECTION('',(0.,-1.));
#15039 = ( GEOMETRIC_REPRESENTATION_CONTEXT(2) 
PARAMETRIC_REPRESENTATION_CONTEXT() REPRESENTATION_CONTEXT('2D SPACE',''
  ) );
#15040 = PCURVE('',#13845,#15041);
#15041 = DEFINITIONAL_REPRESENTATION('',(#15042),#15046);
#15042 = LINE('',#15043,#15044);
#15043 = CARTESIAN_POINT('',(3.910300499962,0.));
#15044 = VECTOR('',#15045,1.);
#15045 = DIRECTION('',(0.,-1.));
#15046 = ( GEOMETRIC_REPRESENTATION_CONTEXT(2) 
PARAMETRIC_REPRESENTATION_CONTEXT() REPRESENTATION_CONTEXT('2D SPACE',''
  ) );
#15047 = ORIENTED_EDGE('',*,*,#15048,.T.);
#15048 = EDGE_CURVE('',#15026,#7138,#15049,.T.);
#15049 = SURFACE_CURVE('',#15050,(#15054,#15060),.PCURVE_S1.);
#15050 = LINE('',#15051,#15052);
#15051 = CARTESIAN_POINT('',(114.92,-33.255,24.5));
#15052 = VECTOR('',#15053,1.);
#15053 = DIRECTION('',(0.,0.,-1.));
#15054 = PCURVE('',#7180,#15055);
#15055 = DEFINITIONAL_REPRESENTATION('',(#15056),#15059);
#15056 = B_SPLINE_CURVE_WITH_KNOTS('',1,(#15057,#15058),.UNSPECIFIED.,
  .F.,.F.,(2,2),(-11.1,10.1),.PIECEWISE_BEZIER_KNOTS.);
#15057 = CARTESIAN_POINT('',(0.,-74.92));
#15058 = CARTESIAN_POINT('',(21.2,-74.92));
#15059 = ( GEOMETRIC_REPRESENTATION_CONTEXT(2) 
PARAMETRIC_REPRESENTATION_CONTEXT() REPRESENTATION_CONTEXT('2D SPACE',''
  ) );
#15060 = PCURVE('',#7152,#15061);
#15061 = DEFINITIONAL_REPRESENTATION('',(#15062),#15065);
#15062 = B_SPLINE_CURVE_WITH_KNOTS('',1,(#15063,#15064),.UNSPECIFIED.,
  .F.,.F.,(2,2),(-11.1,10.1),.PIECEWISE_BEZIER_KNOTS.);
#15063 = CARTESIAN_POINT('',(22.2,-1.));
#15064 = CARTESIAN_POINT('',(1.,-1.));
#15065 = ( GEOMETRIC_REPRESENTATION_CONTEXT(2) 
PARAMETRIC_REPRESENTATION_CONTEXT() REPRESENTATION_CONTEXT('2D SPACE',''
  ) );
#15066 = ORIENTED_EDGE('',*,*,#7163,.F.);
#15067 = ADVANCED_FACE('',(#15068),#7152,.T.);
#15068 = FACE_BOUND('',#15069,.T.);
#15069 = EDGE_LOOP('',(#15070,#15071,#15072,#15073,#15092));
#15070 = ORIENTED_EDGE('',*,*,#7137,.T.);
#15071 = ORIENTED_EDGE('',*,*,#14742,.T.);
#15072 = ORIENTED_EDGE('',*,*,#13808,.T.);
#15073 = ORIENTED_EDGE('',*,*,#15074,.T.);
#15074 = EDGE_CURVE('',#13809,#15026,#15075,.T.);
#15075 = SURFACE_CURVE('',#15076,(#15080,#15086),.PCURVE_S1.);
#15076 = LINE('',#15077,#15078);
#15077 = CARTESIAN_POINT('',(114.92,-26.5725,28.9175));
#15078 = VECTOR('',#15079,1.);
#15079 = DIRECTION('',(0.,-0.707106781187,0.707106781187));
#15080 = PCURVE('',#7152,#15081);
#15081 = DEFINITIONAL_REPRESENTATION('',(#15082),#15085);
#15082 = B_SPLINE_CURVE_WITH_KNOTS('',1,(#15083,#15084),.UNSPECIFIED.,
  .F.,.F.,(2,2),(5.540181630597,9.450482130558),
  .PIECEWISE_BEZIER_KNOTS.);
#15083 = CARTESIAN_POINT('',(19.435,-3.765));
#15084 = CARTESIAN_POINT('',(22.2,-1.));
#15085 = ( GEOMETRIC_REPRESENTATION_CONTEXT(2) 
PARAMETRIC_REPRESENTATION_CONTEXT() REPRESENTATION_CONTEXT('2D SPACE',''
  ) );
#15086 = PCURVE('',#13845,#15087);
#15087 = DEFINITIONAL_REPRESENTATION('',(#15088),#15091);
#15088 = B_SPLINE_CURVE_WITH_KNOTS('',1,(#15089,#15090),.UNSPECIFIED.,
  .F.,.F.,(2,2),(5.540181630597,9.450482130558),
  .PIECEWISE_BEZIER_KNOTS.);
#15089 = CARTESIAN_POINT('',(0.,-74.92));
#15090 = CARTESIAN_POINT('',(3.910300499962,-74.92));
#15091 = ( GEOMETRIC_REPRESENTATION_CONTEXT(2) 
PARAMETRIC_REPRESENTATION_CONTEXT() REPRESENTATION_CONTEXT('2D SPACE',''
  ) );
#15092 = ORIENTED_EDGE('',*,*,#15048,.T.);
#15093 = ADVANCED_FACE('',(#15094),#7582,.T.);
#15094 = FACE_BOUND('',#15095,.T.);
#15095 = EDGE_LOOP('',(#15096,#15097,#15098,#15099,#15120));
#15096 = ORIENTED_EDGE('',*,*,#13533,.T.);
#15097 = ORIENTED_EDGE('',*,*,#14908,.T.);
#15098 = ORIENTED_EDGE('',*,*,#7567,.F.);
#15099 = ORIENTED_EDGE('',*,*,#15100,.T.);
#15100 = EDGE_CURVE('',#7539,#15101,#15103,.T.);
#15101 = VERTEX_POINT('',#15102);
#15102 = CARTESIAN_POINT('',(104.91,-33.255,14.4));
#15103 = SURFACE_CURVE('',#15104,(#15108,#15114),.PCURVE_S1.);
#15104 = LINE('',#15105,#15106);
#15105 = CARTESIAN_POINT('',(104.91,-33.255,24.5));
#15106 = VECTOR('',#15107,1.);
#15107 = DIRECTION('',(0.,0.,-1.));
#15108 = PCURVE('',#7582,#15109);
#15109 = DEFINITIONAL_REPRESENTATION('',(#15110),#15113);
#15110 = B_SPLINE_CURVE_WITH_KNOTS('',1,(#15111,#15112),.UNSPECIFIED.,
  .F.,.F.,(2,2),(-11.1,10.1),.PIECEWISE_BEZIER_KNOTS.);
#15111 = CARTESIAN_POINT('',(22.2,-1.));
#15112 = CARTESIAN_POINT('',(1.,-1.));
#15113 = ( GEOMETRIC_REPRESENTATION_CONTEXT(2) 
PARAMETRIC_REPRESENTATION_CONTEXT() REPRESENTATION_CONTEXT('2D SPACE',''
  ) );
#15114 = PCURVE('',#7555,#15115);
#15115 = DEFINITIONAL_REPRESENTATION('',(#15116),#15119);
#15116 = B_SPLINE_CURVE_WITH_KNOTS('',1,(#15117,#15118),.UNSPECIFIED.,
  .F.,.F.,(2,2),(-11.1,10.1),.PIECEWISE_BEZIER_KNOTS.);
#15117 = CARTESIAN_POINT('',(0.,-64.91));
#15118 = CARTESIAN_POINT('',(21.2,-64.91));
#15119 = ( GEOMETRIC_REPRESENTATION_CONTEXT(2) 
PARAMETRIC_REPRESENTATION_CONTEXT() REPRESENTATION_CONTEXT('2D SPACE',''
  ) );
#15120 = ORIENTED_EDGE('',*,*,#15121,.T.);
#15121 = EDGE_CURVE('',#15101,#13506,#15122,.T.);
#15122 = SURFACE_CURVE('',#15123,(#15127,#15133),.PCURVE_S1.);
#15123 = LINE('',#15124,#15125);
#15124 = CARTESIAN_POINT('',(104.91,-33.755,13.9));
#15125 = VECTOR('',#15126,1.);
#15126 = DIRECTION('',(-0.,0.707106781187,0.707106781187));
#15127 = PCURVE('',#7582,#15128);
#15128 = DEFINITIONAL_REPRESENTATION('',(#15129),#15132);
#15129 = B_SPLINE_CURVE_WITH_KNOTS('',1,(#15130,#15131),.UNSPECIFIED.,
  .F.,.F.,(2,2),(0.707106781187,4.617407281148),
  .PIECEWISE_BEZIER_KNOTS.);
#15130 = CARTESIAN_POINT('',(1.,-1.));
#15131 = CARTESIAN_POINT('',(3.765,-3.765));
#15132 = ( GEOMETRIC_REPRESENTATION_CONTEXT(2) 
PARAMETRIC_REPRESENTATION_CONTEXT() REPRESENTATION_CONTEXT('2D SPACE',''
  ) );
#15133 = PCURVE('',#13521,#15134);
#15134 = DEFINITIONAL_REPRESENTATION('',(#15135),#15138);
#15135 = B_SPLINE_CURVE_WITH_KNOTS('',1,(#15136,#15137),.UNSPECIFIED.,
  .F.,.F.,(2,2),(0.707106781187,4.617407281148),
  .PIECEWISE_BEZIER_KNOTS.);
#15136 = CARTESIAN_POINT('',(0.,-64.91));
#15137 = CARTESIAN_POINT('',(3.910300499962,-64.91));
#15138 = ( GEOMETRIC_REPRESENTATION_CONTEXT(2) 
PARAMETRIC_REPRESENTATION_CONTEXT() REPRESENTATION_CONTEXT('2D SPACE',''
  ) );
#15139 = ADVANCED_FACE('',(#15140),#7555,.F.);
#15140 = FACE_BOUND('',#15141,.F.);
#15141 = EDGE_LOOP('',(#15142,#15163,#15164,#15165));
#15142 = ORIENTED_EDGE('',*,*,#15143,.F.);
#15143 = EDGE_CURVE('',#7513,#15144,#15146,.T.);
#15144 = VERTEX_POINT('',#15145);
#15145 = CARTESIAN_POINT('',(100.13,-33.255,14.4));
#15146 = SURFACE_CURVE('',#15147,(#15151,#15157),.PCURVE_S1.);
#15147 = LINE('',#15148,#15149);
#15148 = CARTESIAN_POINT('',(100.13,-33.255,24.5));
#15149 = VECTOR('',#15150,1.);
#15150 = DIRECTION('',(0.,0.,-1.));
#15151 = PCURVE('',#7555,#15152);
#15152 = DEFINITIONAL_REPRESENTATION('',(#15153),#15156);
#15153 = B_SPLINE_CURVE_WITH_KNOTS('',1,(#15154,#15155),.UNSPECIFIED.,
  .F.,.F.,(2,2),(-11.1,10.1),.PIECEWISE_BEZIER_KNOTS.);
#15154 = CARTESIAN_POINT('',(0.,-60.13));
#15155 = CARTESIAN_POINT('',(21.2,-60.13));
#15156 = ( GEOMETRIC_REPRESENTATION_CONTEXT(2) 
PARAMETRIC_REPRESENTATION_CONTEXT() REPRESENTATION_CONTEXT('2D SPACE',''
  ) );
#15157 = PCURVE('',#7527,#15158);
#15158 = DEFINITIONAL_REPRESENTATION('',(#15159),#15162);
#15159 = B_SPLINE_CURVE_WITH_KNOTS('',1,(#15160,#15161),.UNSPECIFIED.,
  .F.,.F.,(2,2),(-11.1,10.1),.PIECEWISE_BEZIER_KNOTS.);
#15160 = CARTESIAN_POINT('',(22.2,-1.));
#15161 = CARTESIAN_POINT('',(1.,-1.));
#15162 = ( GEOMETRIC_REPRESENTATION_CONTEXT(2) 
PARAMETRIC_REPRESENTATION_CONTEXT() REPRESENTATION_CONTEXT('2D SPACE',''
  ) );
#15163 = ORIENTED_EDGE('',*,*,#7538,.F.);
#15164 = ORIENTED_EDGE('',*,*,#15100,.T.);
#15165 = ORIENTED_EDGE('',*,*,#15166,.F.);
#15166 = EDGE_CURVE('',#15144,#15101,#15167,.T.);
#15167 = SURFACE_CURVE('',#15168,(#15172,#15179),.PCURVE_S1.);
#15168 = LINE('',#15169,#15170);
#15169 = CARTESIAN_POINT('',(40.,-33.255,14.4));
#15170 = VECTOR('',#15171,1.);
#15171 = DIRECTION('',(1.,0.,0.));
#15172 = PCURVE('',#7555,#15173);
#15173 = DEFINITIONAL_REPRESENTATION('',(#15174),#15178);
#15174 = LINE('',#15175,#15176);
#15175 = CARTESIAN_POINT('',(21.2,0.));
#15176 = VECTOR('',#15177,1.);
#15177 = DIRECTION('',(0.,-1.));
#15178 = ( GEOMETRIC_REPRESENTATION_CONTEXT(2) 
PARAMETRIC_REPRESENTATION_CONTEXT() REPRESENTATION_CONTEXT('2D SPACE',''
  ) );
#15179 = PCURVE('',#13521,#15180);
#15180 = DEFINITIONAL_REPRESENTATION('',(#15181),#15185);
#15181 = LINE('',#15182,#15183);
#15182 = CARTESIAN_POINT('',(0.,0.));
#15183 = VECTOR('',#15184,1.);
#15184 = DIRECTION('',(0.,-1.));
#15185 = ( GEOMETRIC_REPRESENTATION_CONTEXT(2) 
PARAMETRIC_REPRESENTATION_CONTEXT() REPRESENTATION_CONTEXT('2D SPACE',''
  ) );
#15186 = ADVANCED_FACE('',(#15187),#7527,.F.);
#15187 = FACE_BOUND('',#15188,.F.);
#15188 = EDGE_LOOP('',(#15189,#15190,#15211,#15212,#15213));
#15189 = ORIENTED_EDGE('',*,*,#13484,.T.);
#15190 = ORIENTED_EDGE('',*,*,#15191,.T.);
#15191 = EDGE_CURVE('',#13464,#7484,#15192,.T.);
#15192 = SURFACE_CURVE('',#15193,(#15197,#15204),.PCURVE_S1.);
#15193 = LINE('',#15194,#15195);
#15194 = CARTESIAN_POINT('',(100.13,-30.255,13.4));
#15195 = VECTOR('',#15196,1.);
#15196 = DIRECTION('',(0.,0.,1.));
#15197 = PCURVE('',#7527,#15198);
#15198 = DEFINITIONAL_REPRESENTATION('',(#15199),#15203);
#15199 = LINE('',#15200,#15201);
#15200 = CARTESIAN_POINT('',(0.,-4.));
#15201 = VECTOR('',#15202,1.);
#15202 = DIRECTION('',(1.,0.));
#15203 = ( GEOMETRIC_REPRESENTATION_CONTEXT(2) 
PARAMETRIC_REPRESENTATION_CONTEXT() REPRESENTATION_CONTEXT('2D SPACE',''
  ) );
#15204 = PCURVE('',#7500,#15205);
#15205 = DEFINITIONAL_REPRESENTATION('',(#15206),#15210);
#15206 = LINE('',#15207,#15208);
#15207 = CARTESIAN_POINT('',(0.,5.23));
#15208 = VECTOR('',#15209,1.);
#15209 = DIRECTION('',(1.,0.));
#15210 = ( GEOMETRIC_REPRESENTATION_CONTEXT(2) 
PARAMETRIC_REPRESENTATION_CONTEXT() REPRESENTATION_CONTEXT('2D SPACE',''
  ) );
#15211 = ORIENTED_EDGE('',*,*,#7512,.F.);
#15212 = ORIENTED_EDGE('',*,*,#15143,.T.);
#15213 = ORIENTED_EDGE('',*,*,#15214,.T.);
#15214 = EDGE_CURVE('',#15144,#13485,#15215,.T.);
#15215 = SURFACE_CURVE('',#15216,(#15220,#15226),.PCURVE_S1.);
#15216 = LINE('',#15217,#15218);
#15217 = CARTESIAN_POINT('',(100.13,-33.755,13.9));
#15218 = VECTOR('',#15219,1.);
#15219 = DIRECTION('',(-0.,0.707106781187,0.707106781187));
#15220 = PCURVE('',#7527,#15221);
#15221 = DEFINITIONAL_REPRESENTATION('',(#15222),#15225);
#15222 = B_SPLINE_CURVE_WITH_KNOTS('',1,(#15223,#15224),.UNSPECIFIED.,
  .F.,.F.,(2,2),(0.707106781187,4.617407281148),
  .PIECEWISE_BEZIER_KNOTS.);
#15223 = CARTESIAN_POINT('',(1.,-1.));
#15224 = CARTESIAN_POINT('',(3.765,-3.765));
#15225 = ( GEOMETRIC_REPRESENTATION_CONTEXT(2) 
PARAMETRIC_REPRESENTATION_CONTEXT() REPRESENTATION_CONTEXT('2D SPACE',''
  ) );
#15226 = PCURVE('',#13521,#15227);
#15227 = DEFINITIONAL_REPRESENTATION('',(#15228),#15231);
#15228 = B_SPLINE_CURVE_WITH_KNOTS('',1,(#15229,#15230),.UNSPECIFIED.,
  .F.,.F.,(2,2),(0.707106781187,4.617407281148),
  .PIECEWISE_BEZIER_KNOTS.);
#15229 = CARTESIAN_POINT('',(0.,-60.13));
#15230 = CARTESIAN_POINT('',(3.910300499962,-60.13));
#15231 = ( GEOMETRIC_REPRESENTATION_CONTEXT(2) 
PARAMETRIC_REPRESENTATION_CONTEXT() REPRESENTATION_CONTEXT('2D SPACE',''
  ) );
#15232 = ADVANCED_FACE('',(#15233),#7500,.F.);
#15233 = FACE_BOUND('',#15234,.F.);
#15234 = EDGE_LOOP('',(#15235,#15236,#15237,#15258,#15259,#15260,#15281,
    #15282,#15303));
#15235 = ORIENTED_EDGE('',*,*,#15191,.F.);
#15236 = ORIENTED_EDGE('',*,*,#13463,.T.);
#15237 = ORIENTED_EDGE('',*,*,#15238,.T.);
#15238 = EDGE_CURVE('',#13443,#7833,#15239,.T.);
#15239 = SURFACE_CURVE('',#15240,(#15244,#15251),.PCURVE_S1.);
#15240 = LINE('',#15241,#15242);
#15241 = CARTESIAN_POINT('',(94.9,-30.255,13.4));
#15242 = VECTOR('',#15243,1.);
#15243 = DIRECTION('',(0.,0.,1.));
#15244 = PCURVE('',#7500,#15245);
#15245 = DEFINITIONAL_REPRESENTATION('',(#15246),#15250);
#15246 = LINE('',#15247,#15248);
#15247 = CARTESIAN_POINT('',(0.,0.));
#15248 = VECTOR('',#15249,1.);
#15249 = DIRECTION('',(1.,0.));
#15250 = ( GEOMETRIC_REPRESENTATION_CONTEXT(2) 
PARAMETRIC_REPRESENTATION_CONTEXT() REPRESENTATION_CONTEXT('2D SPACE',''
  ) );
#15251 = PCURVE('',#7847,#15252);
#15252 = DEFINITIONAL_REPRESENTATION('',(#15253),#15257);
#15253 = LINE('',#15254,#15255);
#15254 = CARTESIAN_POINT('',(0.,-4.));
#15255 = VECTOR('',#15256,1.);
#15256 = DIRECTION('',(1.,0.));
#15257 = ( GEOMETRIC_REPRESENTATION_CONTEXT(2) 
PARAMETRIC_REPRESENTATION_CONTEXT() REPRESENTATION_CONTEXT('2D SPACE',''
  ) );
#15258 = ORIENTED_EDGE('',*,*,#7858,.F.);
#15259 = ORIENTED_EDGE('',*,*,#7643,.F.);
#15260 = ORIENTED_EDGE('',*,*,#15261,.T.);
#15261 = EDGE_CURVE('',#7644,#13970,#15262,.T.);
#15262 = SURFACE_CURVE('',#15263,(#15267,#15274),.PCURVE_S1.);
#15263 = LINE('',#15264,#15265);
#15264 = CARTESIAN_POINT('',(94.9,-30.255,13.4));
#15265 = VECTOR('',#15266,1.);
#15266 = DIRECTION('',(0.,0.,1.));
#15267 = PCURVE('',#7500,#15268);
#15268 = DEFINITIONAL_REPRESENTATION('',(#15269),#15273);
#15269 = LINE('',#15270,#15271);
#15270 = CARTESIAN_POINT('',(0.,0.));
#15271 = VECTOR('',#15272,1.);
#15272 = DIRECTION('',(1.,0.));
#15273 = ( GEOMETRIC_REPRESENTATION_CONTEXT(2) 
PARAMETRIC_REPRESENTATION_CONTEXT() REPRESENTATION_CONTEXT('2D SPACE',''
  ) );
#15274 = PCURVE('',#7682,#15275);
#15275 = DEFINITIONAL_REPRESENTATION('',(#15276),#15280);
#15276 = LINE('',#15277,#15278);
#15277 = CARTESIAN_POINT('',(0.,-4.));
#15278 = VECTOR('',#15279,1.);
#15279 = DIRECTION('',(1.,0.));
#15280 = ( GEOMETRIC_REPRESENTATION_CONTEXT(2) 
PARAMETRIC_REPRESENTATION_CONTEXT() REPRESENTATION_CONTEXT('2D SPACE',''
  ) );
#15281 = ORIENTED_EDGE('',*,*,#13969,.T.);
#15282 = ORIENTED_EDGE('',*,*,#15283,.F.);
#15283 = EDGE_CURVE('',#7458,#13949,#15284,.T.);
#15284 = SURFACE_CURVE('',#15285,(#15289,#15296),.PCURVE_S1.);
#15285 = LINE('',#15286,#15287);
#15286 = CARTESIAN_POINT('',(100.13,-30.255,13.4));
#15287 = VECTOR('',#15288,1.);
#15288 = DIRECTION('',(0.,0.,1.));
#15289 = PCURVE('',#7500,#15290);
#15290 = DEFINITIONAL_REPRESENTATION('',(#15291),#15295);
#15291 = LINE('',#15292,#15293);
#15292 = CARTESIAN_POINT('',(0.,5.23));
#15293 = VECTOR('',#15294,1.);
#15294 = DIRECTION('',(1.,0.));
#15295 = ( GEOMETRIC_REPRESENTATION_CONTEXT(2) 
PARAMETRIC_REPRESENTATION_CONTEXT() REPRESENTATION_CONTEXT('2D SPACE',''
  ) );
#15296 = PCURVE('',#7472,#15297);
#15297 = DEFINITIONAL_REPRESENTATION('',(#15298),#15302);
#15298 = LINE('',#15299,#15300);
#15299 = CARTESIAN_POINT('',(0.,-4.));
#15300 = VECTOR('',#15301,1.);
#15301 = DIRECTION('',(1.,0.));
#15302 = ( GEOMETRIC_REPRESENTATION_CONTEXT(2) 
PARAMETRIC_REPRESENTATION_CONTEXT() REPRESENTATION_CONTEXT('2D SPACE',''
  ) );
#15303 = ORIENTED_EDGE('',*,*,#7483,.F.);
#15304 = ADVANCED_FACE('',(#15305),#7472,.F.);
#15305 = FACE_BOUND('',#15306,.F.);
#15306 = EDGE_LOOP('',(#15307,#15308,#15309,#15310,#15331));
#15307 = ORIENTED_EDGE('',*,*,#7457,.T.);
#15308 = ORIENTED_EDGE('',*,*,#15283,.T.);
#15309 = ORIENTED_EDGE('',*,*,#13948,.T.);
#15310 = ORIENTED_EDGE('',*,*,#15311,.T.);
#15311 = EDGE_CURVE('',#13921,#15312,#15314,.T.);
#15312 = VERTEX_POINT('',#15313);
#15313 = CARTESIAN_POINT('',(100.13,-33.255,35.6));
#15314 = SURFACE_CURVE('',#15315,(#15319,#15325),.PCURVE_S1.);
#15315 = LINE('',#15316,#15317);
#15316 = CARTESIAN_POINT('',(100.13,-26.5725,28.9175));
#15317 = VECTOR('',#15318,1.);
#15318 = DIRECTION('',(0.,-0.707106781187,0.707106781187));
#15319 = PCURVE('',#7472,#15320);
#15320 = DEFINITIONAL_REPRESENTATION('',(#15321),#15324);
#15321 = B_SPLINE_CURVE_WITH_KNOTS('',1,(#15322,#15323),.UNSPECIFIED.,
  .F.,.F.,(2,2),(5.540181630597,9.450482130558),
  .PIECEWISE_BEZIER_KNOTS.);
#15322 = CARTESIAN_POINT('',(19.435,-3.765));
#15323 = CARTESIAN_POINT('',(22.2,-1.));
#15324 = ( GEOMETRIC_REPRESENTATION_CONTEXT(2) 
PARAMETRIC_REPRESENTATION_CONTEXT() REPRESENTATION_CONTEXT('2D SPACE',''
  ) );
#15325 = PCURVE('',#13936,#15326);
#15326 = DEFINITIONAL_REPRESENTATION('',(#15327),#15330);
#15327 = B_SPLINE_CURVE_WITH_KNOTS('',1,(#15328,#15329),.UNSPECIFIED.,
  .F.,.F.,(2,2),(5.540181630597,9.450482130558),
  .PIECEWISE_BEZIER_KNOTS.);
#15328 = CARTESIAN_POINT('',(0.,-60.13));
#15329 = CARTESIAN_POINT('',(3.910300499962,-60.13));
#15330 = ( GEOMETRIC_REPRESENTATION_CONTEXT(2) 
PARAMETRIC_REPRESENTATION_CONTEXT() REPRESENTATION_CONTEXT('2D SPACE',''
  ) );
#15331 = ORIENTED_EDGE('',*,*,#15332,.T.);
#15332 = EDGE_CURVE('',#15312,#7429,#15333,.T.);
#15333 = SURFACE_CURVE('',#15334,(#15338,#15344),.PCURVE_S1.);
#15334 = LINE('',#15335,#15336);
#15335 = CARTESIAN_POINT('',(100.13,-33.255,24.5));
#15336 = VECTOR('',#15337,1.);
#15337 = DIRECTION('',(0.,0.,-1.));
#15338 = PCURVE('',#7472,#15339);
#15339 = DEFINITIONAL_REPRESENTATION('',(#15340),#15343);
#15340 = B_SPLINE_CURVE_WITH_KNOTS('',1,(#15341,#15342),.UNSPECIFIED.,
  .F.,.F.,(2,2),(-11.1,10.1),.PIECEWISE_BEZIER_KNOTS.);
#15341 = CARTESIAN_POINT('',(22.2,-1.));
#15342 = CARTESIAN_POINT('',(1.,-1.));
#15343 = ( GEOMETRIC_REPRESENTATION_CONTEXT(2) 
PARAMETRIC_REPRESENTATION_CONTEXT() REPRESENTATION_CONTEXT('2D SPACE',''
  ) );
#15344 = PCURVE('',#7445,#15345);
#15345 = DEFINITIONAL_REPRESENTATION('',(#15346),#15349);
#15346 = B_SPLINE_CURVE_WITH_KNOTS('',1,(#15347,#15348),.UNSPECIFIED.,
  .F.,.F.,(2,2),(-11.1,10.1),.PIECEWISE_BEZIER_KNOTS.);
#15347 = CARTESIAN_POINT('',(0.,-60.13));
#15348 = CARTESIAN_POINT('',(21.2,-60.13));
#15349 = ( GEOMETRIC_REPRESENTATION_CONTEXT(2) 
PARAMETRIC_REPRESENTATION_CONTEXT() REPRESENTATION_CONTEXT('2D SPACE',''
  ) );
#15350 = ADVANCED_FACE('',(#15351),#7445,.F.);
#15351 = FACE_BOUND('',#15352,.F.);
#15352 = EDGE_LOOP('',(#15353,#15354,#15377,#15396));
#15353 = ORIENTED_EDGE('',*,*,#15332,.F.);
#15354 = ORIENTED_EDGE('',*,*,#15355,.T.);
#15355 = EDGE_CURVE('',#15312,#15356,#15358,.T.);
#15356 = VERTEX_POINT('',#15357);
#15357 = CARTESIAN_POINT('',(104.91,-33.255,35.6));
#15358 = SURFACE_CURVE('',#15359,(#15363,#15370),.PCURVE_S1.);
#15359 = LINE('',#15360,#15361);
#15360 = CARTESIAN_POINT('',(40.,-33.255,35.6));
#15361 = VECTOR('',#15362,1.);
#15362 = DIRECTION('',(1.,0.,0.));
#15363 = PCURVE('',#7445,#15364);
#15364 = DEFINITIONAL_REPRESENTATION('',(#15365),#15369);
#15365 = LINE('',#15366,#15367);
#15366 = CARTESIAN_POINT('',(0.,0.));
#15367 = VECTOR('',#15368,1.);
#15368 = DIRECTION('',(0.,-1.));
#15369 = ( GEOMETRIC_REPRESENTATION_CONTEXT(2) 
PARAMETRIC_REPRESENTATION_CONTEXT() REPRESENTATION_CONTEXT('2D SPACE',''
  ) );
#15370 = PCURVE('',#13936,#15371);
#15371 = DEFINITIONAL_REPRESENTATION('',(#15372),#15376);
#15372 = LINE('',#15373,#15374);
#15373 = CARTESIAN_POINT('',(3.910300499962,0.));
#15374 = VECTOR('',#15375,1.);
#15375 = DIRECTION('',(0.,-1.));
#15376 = ( GEOMETRIC_REPRESENTATION_CONTEXT(2) 
PARAMETRIC_REPRESENTATION_CONTEXT() REPRESENTATION_CONTEXT('2D SPACE',''
  ) );
#15377 = ORIENTED_EDGE('',*,*,#15378,.T.);
#15378 = EDGE_CURVE('',#15356,#7403,#15379,.T.);
#15379 = SURFACE_CURVE('',#15380,(#15384,#15390),.PCURVE_S1.);
#15380 = LINE('',#15381,#15382);
#15381 = CARTESIAN_POINT('',(104.91,-33.255,24.5));
#15382 = VECTOR('',#15383,1.);
#15383 = DIRECTION('',(0.,0.,-1.));
#15384 = PCURVE('',#7445,#15385);
#15385 = DEFINITIONAL_REPRESENTATION('',(#15386),#15389);
#15386 = B_SPLINE_CURVE_WITH_KNOTS('',1,(#15387,#15388),.UNSPECIFIED.,
  .F.,.F.,(2,2),(-11.1,10.1),.PIECEWISE_BEZIER_KNOTS.);
#15387 = CARTESIAN_POINT('',(0.,-64.91));
#15388 = CARTESIAN_POINT('',(21.2,-64.91));
#15389 = ( GEOMETRIC_REPRESENTATION_CONTEXT(2) 
PARAMETRIC_REPRESENTATION_CONTEXT() REPRESENTATION_CONTEXT('2D SPACE',''
  ) );
#15390 = PCURVE('',#7417,#15391);
#15391 = DEFINITIONAL_REPRESENTATION('',(#15392),#15395);
#15392 = B_SPLINE_CURVE_WITH_KNOTS('',1,(#15393,#15394),.UNSPECIFIED.,
  .F.,.F.,(2,2),(-11.1,10.1),.PIECEWISE_BEZIER_KNOTS.);
#15393 = CARTESIAN_POINT('',(22.2,-1.));
#15394 = CARTESIAN_POINT('',(1.,-1.));
#15395 = ( GEOMETRIC_REPRESENTATION_CONTEXT(2) 
PARAMETRIC_REPRESENTATION_CONTEXT() REPRESENTATION_CONTEXT('2D SPACE',''
  ) );
#15396 = ORIENTED_EDGE('',*,*,#7428,.F.);
#15397 = ADVANCED_FACE('',(#15398),#7417,.T.);
#15398 = FACE_BOUND('',#15399,.T.);
#15399 = EDGE_LOOP('',(#15400,#15401,#15402,#15403,#15422));
#15400 = ORIENTED_EDGE('',*,*,#7402,.T.);
#15401 = ORIENTED_EDGE('',*,*,#14931,.T.);
#15402 = ORIENTED_EDGE('',*,*,#13899,.T.);
#15403 = ORIENTED_EDGE('',*,*,#15404,.T.);
#15404 = EDGE_CURVE('',#13900,#15356,#15405,.T.);
#15405 = SURFACE_CURVE('',#15406,(#15410,#15416),.PCURVE_S1.);
#15406 = LINE('',#15407,#15408);
#15407 = CARTESIAN_POINT('',(104.91,-26.5725,28.9175));
#15408 = VECTOR('',#15409,1.);
#15409 = DIRECTION('',(0.,-0.707106781187,0.707106781187));
#15410 = PCURVE('',#7417,#15411);
#15411 = DEFINITIONAL_REPRESENTATION('',(#15412),#15415);
#15412 = B_SPLINE_CURVE_WITH_KNOTS('',1,(#15413,#15414),.UNSPECIFIED.,
  .F.,.F.,(2,2),(5.540181630597,9.450482130558),
  .PIECEWISE_BEZIER_KNOTS.);
#15413 = CARTESIAN_POINT('',(19.435,-3.765));
#15414 = CARTESIAN_POINT('',(22.2,-1.));
#15415 = ( GEOMETRIC_REPRESENTATION_CONTEXT(2) 
PARAMETRIC_REPRESENTATION_CONTEXT() REPRESENTATION_CONTEXT('2D SPACE',''
  ) );
#15416 = PCURVE('',#13936,#15417);
#15417 = DEFINITIONAL_REPRESENTATION('',(#15418),#15421);
#15418 = B_SPLINE_CURVE_WITH_KNOTS('',1,(#15419,#15420),.UNSPECIFIED.,
  .F.,.F.,(2,2),(5.540181630597,9.450482130558),
  .PIECEWISE_BEZIER_KNOTS.);
#15419 = CARTESIAN_POINT('',(0.,-64.91));
#15420 = CARTESIAN_POINT('',(3.910300499962,-64.91));
#15421 = ( GEOMETRIC_REPRESENTATION_CONTEXT(2) 
PARAMETRIC_REPRESENTATION_CONTEXT() REPRESENTATION_CONTEXT('2D SPACE',''
  ) );
#15422 = ORIENTED_EDGE('',*,*,#15378,.T.);
#15423 = ADVANCED_FACE('',(#15424),#7847,.T.);
#15424 = FACE_BOUND('',#15425,.T.);
#15425 = EDGE_LOOP('',(#15426,#15427,#15428,#15429,#15450));
#15426 = ORIENTED_EDGE('',*,*,#13442,.T.);
#15427 = ORIENTED_EDGE('',*,*,#15238,.T.);
#15428 = ORIENTED_EDGE('',*,*,#7832,.F.);
#15429 = ORIENTED_EDGE('',*,*,#15430,.T.);
#15430 = EDGE_CURVE('',#7804,#15431,#15433,.T.);
#15431 = VERTEX_POINT('',#15432);
#15432 = CARTESIAN_POINT('',(94.9,-33.255,14.4));
#15433 = SURFACE_CURVE('',#15434,(#15438,#15444),.PCURVE_S1.);
#15434 = LINE('',#15435,#15436);
#15435 = CARTESIAN_POINT('',(94.9,-33.255,24.5));
#15436 = VECTOR('',#15437,1.);
#15437 = DIRECTION('',(0.,0.,-1.));
#15438 = PCURVE('',#7847,#15439);
#15439 = DEFINITIONAL_REPRESENTATION('',(#15440),#15443);
#15440 = B_SPLINE_CURVE_WITH_KNOTS('',1,(#15441,#15442),.UNSPECIFIED.,
  .F.,.F.,(2,2),(-11.1,10.1),.PIECEWISE_BEZIER_KNOTS.);
#15441 = CARTESIAN_POINT('',(22.2,-1.));
#15442 = CARTESIAN_POINT('',(1.,-1.));
#15443 = ( GEOMETRIC_REPRESENTATION_CONTEXT(2) 
PARAMETRIC_REPRESENTATION_CONTEXT() REPRESENTATION_CONTEXT('2D SPACE',''
  ) );
#15444 = PCURVE('',#7820,#15445);
#15445 = DEFINITIONAL_REPRESENTATION('',(#15446),#15449);
#15446 = B_SPLINE_CURVE_WITH_KNOTS('',1,(#15447,#15448),.UNSPECIFIED.,
  .F.,.F.,(2,2),(-11.1,10.1),.PIECEWISE_BEZIER_KNOTS.);
#15447 = CARTESIAN_POINT('',(0.,-54.9));
#15448 = CARTESIAN_POINT('',(21.2,-54.9));
#15449 = ( GEOMETRIC_REPRESENTATION_CONTEXT(2) 
PARAMETRIC_REPRESENTATION_CONTEXT() REPRESENTATION_CONTEXT('2D SPACE',''
  ) );
#15450 = ORIENTED_EDGE('',*,*,#15451,.T.);
#15451 = EDGE_CURVE('',#15431,#13415,#15452,.T.);
#15452 = SURFACE_CURVE('',#15453,(#15457,#15463),.PCURVE_S1.);
#15453 = LINE('',#15454,#15455);
#15454 = CARTESIAN_POINT('',(94.9,-33.755,13.9));
#15455 = VECTOR('',#15456,1.);
#15456 = DIRECTION('',(-0.,0.707106781187,0.707106781187));
#15457 = PCURVE('',#7847,#15458);
#15458 = DEFINITIONAL_REPRESENTATION('',(#15459),#15462);
#15459 = B_SPLINE_CURVE_WITH_KNOTS('',1,(#15460,#15461),.UNSPECIFIED.,
  .F.,.F.,(2,2),(0.707106781187,4.617407281148),
  .PIECEWISE_BEZIER_KNOTS.);
#15460 = CARTESIAN_POINT('',(1.,-1.));
#15461 = CARTESIAN_POINT('',(3.765,-3.765));
#15462 = ( GEOMETRIC_REPRESENTATION_CONTEXT(2) 
PARAMETRIC_REPRESENTATION_CONTEXT() REPRESENTATION_CONTEXT('2D SPACE',''
  ) );
#15463 = PCURVE('',#13430,#15464);
#15464 = DEFINITIONAL_REPRESENTATION('',(#15465),#15468);
#15465 = B_SPLINE_CURVE_WITH_KNOTS('',1,(#15466,#15467),.UNSPECIFIED.,
  .F.,.F.,(2,2),(0.707106781187,4.617407281148),
  .PIECEWISE_BEZIER_KNOTS.);
#15466 = CARTESIAN_POINT('',(0.,-54.9));
#15467 = CARTESIAN_POINT('',(3.910300499962,-54.9));
#15468 = ( GEOMETRIC_REPRESENTATION_CONTEXT(2) 
PARAMETRIC_REPRESENTATION_CONTEXT() REPRESENTATION_CONTEXT('2D SPACE',''
  ) );
#15469 = ADVANCED_FACE('',(#15470),#7820,.F.);
#15470 = FACE_BOUND('',#15471,.F.);
#15471 = EDGE_LOOP('',(#15472,#15493,#15494,#15495));
#15472 = ORIENTED_EDGE('',*,*,#15473,.F.);
#15473 = EDGE_CURVE('',#7778,#15474,#15476,.T.);
#15474 = VERTEX_POINT('',#15475);
#15475 = CARTESIAN_POINT('',(90.12,-33.255,14.4));
#15476 = SURFACE_CURVE('',#15477,(#15481,#15487),.PCURVE_S1.);
#15477 = LINE('',#15478,#15479);
#15478 = CARTESIAN_POINT('',(90.12,-33.255,24.5));
#15479 = VECTOR('',#15480,1.);
#15480 = DIRECTION('',(0.,0.,-1.));
#15481 = PCURVE('',#7820,#15482);
#15482 = DEFINITIONAL_REPRESENTATION('',(#15483),#15486);
#15483 = B_SPLINE_CURVE_WITH_KNOTS('',1,(#15484,#15485),.UNSPECIFIED.,
  .F.,.F.,(2,2),(-11.1,10.1),.PIECEWISE_BEZIER_KNOTS.);
#15484 = CARTESIAN_POINT('',(0.,-50.12));
#15485 = CARTESIAN_POINT('',(21.2,-50.12));
#15486 = ( GEOMETRIC_REPRESENTATION_CONTEXT(2) 
PARAMETRIC_REPRESENTATION_CONTEXT() REPRESENTATION_CONTEXT('2D SPACE',''
  ) );
#15487 = PCURVE('',#7792,#15488);
#15488 = DEFINITIONAL_REPRESENTATION('',(#15489),#15492);
#15489 = B_SPLINE_CURVE_WITH_KNOTS('',1,(#15490,#15491),.UNSPECIFIED.,
  .F.,.F.,(2,2),(-11.1,10.1),.PIECEWISE_BEZIER_KNOTS.);
#15490 = CARTESIAN_POINT('',(22.2,-1.));
#15491 = CARTESIAN_POINT('',(1.,-1.));
#15492 = ( GEOMETRIC_REPRESENTATION_CONTEXT(2) 
PARAMETRIC_REPRESENTATION_CONTEXT() REPRESENTATION_CONTEXT('2D SPACE',''
  ) );
#15493 = ORIENTED_EDGE('',*,*,#7803,.F.);
#15494 = ORIENTED_EDGE('',*,*,#15430,.T.);
#15495 = ORIENTED_EDGE('',*,*,#15496,.F.);
#15496 = EDGE_CURVE('',#15474,#15431,#15497,.T.);
#15497 = SURFACE_CURVE('',#15498,(#15502,#15509),.PCURVE_S1.);
#15498 = LINE('',#15499,#15500);
#15499 = CARTESIAN_POINT('',(40.,-33.255,14.4));
#15500 = VECTOR('',#15501,1.);
#15501 = DIRECTION('',(1.,0.,0.));
#15502 = PCURVE('',#7820,#15503);
#15503 = DEFINITIONAL_REPRESENTATION('',(#15504),#15508);
#15504 = LINE('',#15505,#15506);
#15505 = CARTESIAN_POINT('',(21.2,0.));
#15506 = VECTOR('',#15507,1.);
#15507 = DIRECTION('',(0.,-1.));
#15508 = ( GEOMETRIC_REPRESENTATION_CONTEXT(2) 
PARAMETRIC_REPRESENTATION_CONTEXT() REPRESENTATION_CONTEXT('2D SPACE',''
  ) );
#15509 = PCURVE('',#13430,#15510);
#15510 = DEFINITIONAL_REPRESENTATION('',(#15511),#15515);
#15511 = LINE('',#15512,#15513);
#15512 = CARTESIAN_POINT('',(0.,0.));
#15513 = VECTOR('',#15514,1.);
#15514 = DIRECTION('',(0.,-1.));
#15515 = ( GEOMETRIC_REPRESENTATION_CONTEXT(2) 
PARAMETRIC_REPRESENTATION_CONTEXT() REPRESENTATION_CONTEXT('2D SPACE',''
  ) );
#15516 = ADVANCED_FACE('',(#15517),#7792,.F.);
#15517 = FACE_BOUND('',#15518,.F.);
#15518 = EDGE_LOOP('',(#15519,#15520,#15541,#15542,#15543));
#15519 = ORIENTED_EDGE('',*,*,#13393,.T.);
#15520 = ORIENTED_EDGE('',*,*,#15521,.T.);
#15521 = EDGE_CURVE('',#13373,#7749,#15522,.T.);
#15522 = SURFACE_CURVE('',#15523,(#15527,#15534),.PCURVE_S1.);
#15523 = LINE('',#15524,#15525);
#15524 = CARTESIAN_POINT('',(90.12,-30.255,13.4));
#15525 = VECTOR('',#15526,1.);
#15526 = DIRECTION('',(0.,0.,1.));
#15527 = PCURVE('',#7792,#15528);
#15528 = DEFINITIONAL_REPRESENTATION('',(#15529),#15533);
#15529 = LINE('',#15530,#15531);
#15530 = CARTESIAN_POINT('',(0.,-4.));
#15531 = VECTOR('',#15532,1.);
#15532 = DIRECTION('',(1.,0.));
#15533 = ( GEOMETRIC_REPRESENTATION_CONTEXT(2) 
PARAMETRIC_REPRESENTATION_CONTEXT() REPRESENTATION_CONTEXT('2D SPACE',''
  ) );
#15534 = PCURVE('',#7765,#15535);
#15535 = DEFINITIONAL_REPRESENTATION('',(#15536),#15540);
#15536 = LINE('',#15537,#15538);
#15537 = CARTESIAN_POINT('',(0.,5.23));
#15538 = VECTOR('',#15539,1.);
#15539 = DIRECTION('',(1.,0.));
#15540 = ( GEOMETRIC_REPRESENTATION_CONTEXT(2) 
PARAMETRIC_REPRESENTATION_CONTEXT() REPRESENTATION_CONTEXT('2D SPACE',''
  ) );
#15541 = ORIENTED_EDGE('',*,*,#7777,.F.);
#15542 = ORIENTED_EDGE('',*,*,#15473,.T.);
#15543 = ORIENTED_EDGE('',*,*,#15544,.T.);
#15544 = EDGE_CURVE('',#15474,#13394,#15545,.T.);
#15545 = SURFACE_CURVE('',#15546,(#15550,#15556),.PCURVE_S1.);
#15546 = LINE('',#15547,#15548);
#15547 = CARTESIAN_POINT('',(90.12,-33.755,13.9));
#15548 = VECTOR('',#15549,1.);
#15549 = DIRECTION('',(-0.,0.707106781187,0.707106781187));
#15550 = PCURVE('',#7792,#15551);
#15551 = DEFINITIONAL_REPRESENTATION('',(#15552),#15555);
#15552 = B_SPLINE_CURVE_WITH_KNOTS('',1,(#15553,#15554),.UNSPECIFIED.,
  .F.,.F.,(2,2),(0.707106781187,4.617407281148),
  .PIECEWISE_BEZIER_KNOTS.);
#15553 = CARTESIAN_POINT('',(1.,-1.));
#15554 = CARTESIAN_POINT('',(3.765,-3.765));
#15555 = ( GEOMETRIC_REPRESENTATION_CONTEXT(2) 
PARAMETRIC_REPRESENTATION_CONTEXT() REPRESENTATION_CONTEXT('2D SPACE',''
  ) );
#15556 = PCURVE('',#13430,#15557);
#15557 = DEFINITIONAL_REPRESENTATION('',(#15558),#15561);
#15558 = B_SPLINE_CURVE_WITH_KNOTS('',1,(#15559,#15560),.UNSPECIFIED.,
  .F.,.F.,(2,2),(0.707106781187,4.617407281148),
  .PIECEWISE_BEZIER_KNOTS.);
#15559 = CARTESIAN_POINT('',(0.,-50.12));
#15560 = CARTESIAN_POINT('',(3.910300499962,-50.12));
#15561 = ( GEOMETRIC_REPRESENTATION_CONTEXT(2) 
PARAMETRIC_REPRESENTATION_CONTEXT() REPRESENTATION_CONTEXT('2D SPACE',''
  ) );
#15562 = ADVANCED_FACE('',(#15563),#7765,.F.);
#15563 = FACE_BOUND('',#15564,.F.);
#15564 = EDGE_LOOP('',(#15565,#15566,#15567,#15588,#15589,#15590,#15611,
    #15612,#15633));
#15565 = ORIENTED_EDGE('',*,*,#15521,.F.);
#15566 = ORIENTED_EDGE('',*,*,#13372,.T.);
#15567 = ORIENTED_EDGE('',*,*,#15568,.T.);
#15568 = EDGE_CURVE('',#13352,#8098,#15569,.T.);
#15569 = SURFACE_CURVE('',#15570,(#15574,#15581),.PCURVE_S1.);
#15570 = LINE('',#15571,#15572);
#15571 = CARTESIAN_POINT('',(84.89,-30.255,13.4));
#15572 = VECTOR('',#15573,1.);
#15573 = DIRECTION('',(0.,0.,1.));
#15574 = PCURVE('',#7765,#15575);
#15575 = DEFINITIONAL_REPRESENTATION('',(#15576),#15580);
#15576 = LINE('',#15577,#15578);
#15577 = CARTESIAN_POINT('',(0.,0.));
#15578 = VECTOR('',#15579,1.);
#15579 = DIRECTION('',(1.,0.));
#15580 = ( GEOMETRIC_REPRESENTATION_CONTEXT(2) 
PARAMETRIC_REPRESENTATION_CONTEXT() REPRESENTATION_CONTEXT('2D SPACE',''
  ) );
#15581 = PCURVE('',#8112,#15582);
#15582 = DEFINITIONAL_REPRESENTATION('',(#15583),#15587);
#15583 = LINE('',#15584,#15585);
#15584 = CARTESIAN_POINT('',(0.,-4.));
#15585 = VECTOR('',#15586,1.);
#15586 = DIRECTION('',(1.,0.));
#15587 = ( GEOMETRIC_REPRESENTATION_CONTEXT(2) 
PARAMETRIC_REPRESENTATION_CONTEXT() REPRESENTATION_CONTEXT('2D SPACE',''
  ) );
#15588 = ORIENTED_EDGE('',*,*,#8123,.F.);
#15589 = ORIENTED_EDGE('',*,*,#7908,.F.);
#15590 = ORIENTED_EDGE('',*,*,#15591,.T.);
#15591 = EDGE_CURVE('',#7909,#14061,#15592,.T.);
#15592 = SURFACE_CURVE('',#15593,(#15597,#15604),.PCURVE_S1.);
#15593 = LINE('',#15594,#15595);
#15594 = CARTESIAN_POINT('',(84.89,-30.255,13.4));
#15595 = VECTOR('',#15596,1.);
#15596 = DIRECTION('',(0.,0.,1.));
#15597 = PCURVE('',#7765,#15598);
#15598 = DEFINITIONAL_REPRESENTATION('',(#15599),#15603);
#15599 = LINE('',#15600,#15601);
#15600 = CARTESIAN_POINT('',(0.,0.));
#15601 = VECTOR('',#15602,1.);
#15602 = DIRECTION('',(1.,0.));
#15603 = ( GEOMETRIC_REPRESENTATION_CONTEXT(2) 
PARAMETRIC_REPRESENTATION_CONTEXT() REPRESENTATION_CONTEXT('2D SPACE',''
  ) );
#15604 = PCURVE('',#7947,#15605);
#15605 = DEFINITIONAL_REPRESENTATION('',(#15606),#15610);
#15606 = LINE('',#15607,#15608);
#15607 = CARTESIAN_POINT('',(0.,-4.));
#15608 = VECTOR('',#15609,1.);
#15609 = DIRECTION('',(1.,0.));
#15610 = ( GEOMETRIC_REPRESENTATION_CONTEXT(2) 
PARAMETRIC_REPRESENTATION_CONTEXT() REPRESENTATION_CONTEXT('2D SPACE',''
  ) );
#15611 = ORIENTED_EDGE('',*,*,#14060,.T.);
#15612 = ORIENTED_EDGE('',*,*,#15613,.F.);
#15613 = EDGE_CURVE('',#7723,#14040,#15614,.T.);
#15614 = SURFACE_CURVE('',#15615,(#15619,#15626),.PCURVE_S1.);
#15615 = LINE('',#15616,#15617);
#15616 = CARTESIAN_POINT('',(90.12,-30.255,13.4));
#15617 = VECTOR('',#15618,1.);
#15618 = DIRECTION('',(0.,0.,1.));
#15619 = PCURVE('',#7765,#15620);
#15620 = DEFINITIONAL_REPRESENTATION('',(#15621),#15625);
#15621 = LINE('',#15622,#15623);
#15622 = CARTESIAN_POINT('',(0.,5.23));
#15623 = VECTOR('',#15624,1.);
#15624 = DIRECTION('',(1.,0.));
#15625 = ( GEOMETRIC_REPRESENTATION_CONTEXT(2) 
PARAMETRIC_REPRESENTATION_CONTEXT() REPRESENTATION_CONTEXT('2D SPACE',''
  ) );
#15626 = PCURVE('',#7737,#15627);
#15627 = DEFINITIONAL_REPRESENTATION('',(#15628),#15632);
#15628 = LINE('',#15629,#15630);
#15629 = CARTESIAN_POINT('',(0.,-4.));
#15630 = VECTOR('',#15631,1.);
#15631 = DIRECTION('',(1.,0.));
#15632 = ( GEOMETRIC_REPRESENTATION_CONTEXT(2) 
PARAMETRIC_REPRESENTATION_CONTEXT() REPRESENTATION_CONTEXT('2D SPACE',''
  ) );
#15633 = ORIENTED_EDGE('',*,*,#7748,.F.);
#15634 = ADVANCED_FACE('',(#15635),#7737,.F.);
#15635 = FACE_BOUND('',#15636,.F.);
#15636 = EDGE_LOOP('',(#15637,#15638,#15639,#15640,#15661));
#15637 = ORIENTED_EDGE('',*,*,#7722,.T.);
#15638 = ORIENTED_EDGE('',*,*,#15613,.T.);
#15639 = ORIENTED_EDGE('',*,*,#14039,.T.);
#15640 = ORIENTED_EDGE('',*,*,#15641,.T.);
#15641 = EDGE_CURVE('',#14012,#15642,#15644,.T.);
#15642 = VERTEX_POINT('',#15643);
#15643 = CARTESIAN_POINT('',(90.12,-33.255,35.6));
#15644 = SURFACE_CURVE('',#15645,(#15649,#15655),.PCURVE_S1.);
#15645 = LINE('',#15646,#15647);
#15646 = CARTESIAN_POINT('',(90.12,-26.5725,28.9175));
#15647 = VECTOR('',#15648,1.);
#15648 = DIRECTION('',(0.,-0.707106781187,0.707106781187));
#15649 = PCURVE('',#7737,#15650);
#15650 = DEFINITIONAL_REPRESENTATION('',(#15651),#15654);
#15651 = B_SPLINE_CURVE_WITH_KNOTS('',1,(#15652,#15653),.UNSPECIFIED.,
  .F.,.F.,(2,2),(5.540181630597,9.450482130558),
  .PIECEWISE_BEZIER_KNOTS.);
#15652 = CARTESIAN_POINT('',(19.435,-3.765));
#15653 = CARTESIAN_POINT('',(22.2,-1.));
#15654 = ( GEOMETRIC_REPRESENTATION_CONTEXT(2) 
PARAMETRIC_REPRESENTATION_CONTEXT() REPRESENTATION_CONTEXT('2D SPACE',''
  ) );
#15655 = PCURVE('',#14027,#15656);
#15656 = DEFINITIONAL_REPRESENTATION('',(#15657),#15660);
#15657 = B_SPLINE_CURVE_WITH_KNOTS('',1,(#15658,#15659),.UNSPECIFIED.,
  .F.,.F.,(2,2),(5.540181630597,9.450482130558),
  .PIECEWISE_BEZIER_KNOTS.);
#15658 = CARTESIAN_POINT('',(0.,-50.12));
#15659 = CARTESIAN_POINT('',(3.910300499962,-50.12));
#15660 = ( GEOMETRIC_REPRESENTATION_CONTEXT(2) 
PARAMETRIC_REPRESENTATION_CONTEXT() REPRESENTATION_CONTEXT('2D SPACE',''
  ) );
#15661 = ORIENTED_EDGE('',*,*,#15662,.T.);
#15662 = EDGE_CURVE('',#15642,#7694,#15663,.T.);
#15663 = SURFACE_CURVE('',#15664,(#15668,#15674),.PCURVE_S1.);
#15664 = LINE('',#15665,#15666);
#15665 = CARTESIAN_POINT('',(90.12,-33.255,24.5));
#15666 = VECTOR('',#15667,1.);
#15667 = DIRECTION('',(0.,0.,-1.));
#15668 = PCURVE('',#7737,#15669);
#15669 = DEFINITIONAL_REPRESENTATION('',(#15670),#15673);
#15670 = B_SPLINE_CURVE_WITH_KNOTS('',1,(#15671,#15672),.UNSPECIFIED.,
  .F.,.F.,(2,2),(-11.1,10.1),.PIECEWISE_BEZIER_KNOTS.);
#15671 = CARTESIAN_POINT('',(22.2,-1.));
#15672 = CARTESIAN_POINT('',(1.,-1.));
#15673 = ( GEOMETRIC_REPRESENTATION_CONTEXT(2) 
PARAMETRIC_REPRESENTATION_CONTEXT() REPRESENTATION_CONTEXT('2D SPACE',''
  ) );
#15674 = PCURVE('',#7710,#15675);
#15675 = DEFINITIONAL_REPRESENTATION('',(#15676),#15679);
#15676 = B_SPLINE_CURVE_WITH_KNOTS('',1,(#15677,#15678),.UNSPECIFIED.,
  .F.,.F.,(2,2),(-11.1,10.1),.PIECEWISE_BEZIER_KNOTS.);
#15677 = CARTESIAN_POINT('',(0.,-50.12));
#15678 = CARTESIAN_POINT('',(21.2,-50.12));
#15679 = ( GEOMETRIC_REPRESENTATION_CONTEXT(2) 
PARAMETRIC_REPRESENTATION_CONTEXT() REPRESENTATION_CONTEXT('2D SPACE',''
  ) );
#15680 = ADVANCED_FACE('',(#15681),#7710,.F.);
#15681 = FACE_BOUND('',#15682,.F.);
#15682 = EDGE_LOOP('',(#15683,#15684,#15707,#15726));
#15683 = ORIENTED_EDGE('',*,*,#15662,.F.);
#15684 = ORIENTED_EDGE('',*,*,#15685,.T.);
#15685 = EDGE_CURVE('',#15642,#15686,#15688,.T.);
#15686 = VERTEX_POINT('',#15687);
#15687 = CARTESIAN_POINT('',(94.9,-33.255,35.6));
#15688 = SURFACE_CURVE('',#15689,(#15693,#15700),.PCURVE_S1.);
#15689 = LINE('',#15690,#15691);
#15690 = CARTESIAN_POINT('',(40.,-33.255,35.6));
#15691 = VECTOR('',#15692,1.);
#15692 = DIRECTION('',(1.,0.,0.));
#15693 = PCURVE('',#7710,#15694);
#15694 = DEFINITIONAL_REPRESENTATION('',(#15695),#15699);
#15695 = LINE('',#15696,#15697);
#15696 = CARTESIAN_POINT('',(0.,0.));
#15697 = VECTOR('',#15698,1.);
#15698 = DIRECTION('',(0.,-1.));
#15699 = ( GEOMETRIC_REPRESENTATION_CONTEXT(2) 
PARAMETRIC_REPRESENTATION_CONTEXT() REPRESENTATION_CONTEXT('2D SPACE',''
  ) );
#15700 = PCURVE('',#14027,#15701);
#15701 = DEFINITIONAL_REPRESENTATION('',(#15702),#15706);
#15702 = LINE('',#15703,#15704);
#15703 = CARTESIAN_POINT('',(3.910300499962,0.));
#15704 = VECTOR('',#15705,1.);
#15705 = DIRECTION('',(0.,-1.));
#15706 = ( GEOMETRIC_REPRESENTATION_CONTEXT(2) 
PARAMETRIC_REPRESENTATION_CONTEXT() REPRESENTATION_CONTEXT('2D SPACE',''
  ) );
#15707 = ORIENTED_EDGE('',*,*,#15708,.T.);
#15708 = EDGE_CURVE('',#15686,#7668,#15709,.T.);
#15709 = SURFACE_CURVE('',#15710,(#15714,#15720),.PCURVE_S1.);
#15710 = LINE('',#15711,#15712);
#15711 = CARTESIAN_POINT('',(94.9,-33.255,24.5));
#15712 = VECTOR('',#15713,1.);
#15713 = DIRECTION('',(0.,0.,-1.));
#15714 = PCURVE('',#7710,#15715);
#15715 = DEFINITIONAL_REPRESENTATION('',(#15716),#15719);
#15716 = B_SPLINE_CURVE_WITH_KNOTS('',1,(#15717,#15718),.UNSPECIFIED.,
  .F.,.F.,(2,2),(-11.1,10.1),.PIECEWISE_BEZIER_KNOTS.);
#15717 = CARTESIAN_POINT('',(0.,-54.9));
#15718 = CARTESIAN_POINT('',(21.2,-54.9));
#15719 = ( GEOMETRIC_REPRESENTATION_CONTEXT(2) 
PARAMETRIC_REPRESENTATION_CONTEXT() REPRESENTATION_CONTEXT('2D SPACE',''
  ) );
#15720 = PCURVE('',#7682,#15721);
#15721 = DEFINITIONAL_REPRESENTATION('',(#15722),#15725);
#15722 = B_SPLINE_CURVE_WITH_KNOTS('',1,(#15723,#15724),.UNSPECIFIED.,
  .F.,.F.,(2,2),(-11.1,10.1),.PIECEWISE_BEZIER_KNOTS.);
#15723 = CARTESIAN_POINT('',(22.2,-1.));
#15724 = CARTESIAN_POINT('',(1.,-1.));
#15725 = ( GEOMETRIC_REPRESENTATION_CONTEXT(2) 
PARAMETRIC_REPRESENTATION_CONTEXT() REPRESENTATION_CONTEXT('2D SPACE',''
  ) );
#15726 = ORIENTED_EDGE('',*,*,#7693,.F.);
#15727 = ADVANCED_FACE('',(#15728),#7682,.T.);
#15728 = FACE_BOUND('',#15729,.T.);
#15729 = EDGE_LOOP('',(#15730,#15731,#15732,#15733,#15752));
#15730 = ORIENTED_EDGE('',*,*,#7667,.T.);
#15731 = ORIENTED_EDGE('',*,*,#15261,.T.);
#15732 = ORIENTED_EDGE('',*,*,#13990,.T.);
#15733 = ORIENTED_EDGE('',*,*,#15734,.T.);
#15734 = EDGE_CURVE('',#13991,#15686,#15735,.T.);
#15735 = SURFACE_CURVE('',#15736,(#15740,#15746),.PCURVE_S1.);
#15736 = LINE('',#15737,#15738);
#15737 = CARTESIAN_POINT('',(94.9,-26.5725,28.9175));
#15738 = VECTOR('',#15739,1.);
#15739 = DIRECTION('',(0.,-0.707106781187,0.707106781187));
#15740 = PCURVE('',#7682,#15741);
#15741 = DEFINITIONAL_REPRESENTATION('',(#15742),#15745);
#15742 = B_SPLINE_CURVE_WITH_KNOTS('',1,(#15743,#15744),.UNSPECIFIED.,
  .F.,.F.,(2,2),(5.540181630597,9.450482130558),
  .PIECEWISE_BEZIER_KNOTS.);
#15743 = CARTESIAN_POINT('',(19.435,-3.765));
#15744 = CARTESIAN_POINT('',(22.2,-1.));
#15745 = ( GEOMETRIC_REPRESENTATION_CONTEXT(2) 
PARAMETRIC_REPRESENTATION_CONTEXT() REPRESENTATION_CONTEXT('2D SPACE',''
  ) );
#15746 = PCURVE('',#14027,#15747);
#15747 = DEFINITIONAL_REPRESENTATION('',(#15748),#15751);
#15748 = B_SPLINE_CURVE_WITH_KNOTS('',1,(#15749,#15750),.UNSPECIFIED.,
  .F.,.F.,(2,2),(5.540181630597,9.450482130558),
  .PIECEWISE_BEZIER_KNOTS.);
#15749 = CARTESIAN_POINT('',(0.,-54.9));
#15750 = CARTESIAN_POINT('',(3.910300499962,-54.9));
#15751 = ( GEOMETRIC_REPRESENTATION_CONTEXT(2) 
PARAMETRIC_REPRESENTATION_CONTEXT() REPRESENTATION_CONTEXT('2D SPACE',''
  ) );
#15752 = ORIENTED_EDGE('',*,*,#15708,.T.);
#15753 = ADVANCED_FACE('',(#15754),#8112,.T.);
#15754 = FACE_BOUND('',#15755,.T.);
#15755 = EDGE_LOOP('',(#15756,#15757,#15758,#15759,#15780));
#15756 = ORIENTED_EDGE('',*,*,#13351,.T.);
#15757 = ORIENTED_EDGE('',*,*,#15568,.T.);
#15758 = ORIENTED_EDGE('',*,*,#8097,.F.);
#15759 = ORIENTED_EDGE('',*,*,#15760,.T.);
#15760 = EDGE_CURVE('',#8069,#15761,#15763,.T.);
#15761 = VERTEX_POINT('',#15762);
#15762 = CARTESIAN_POINT('',(84.89,-33.255,14.4));
#15763 = SURFACE_CURVE('',#15764,(#15768,#15774),.PCURVE_S1.);
#15764 = LINE('',#15765,#15766);
#15765 = CARTESIAN_POINT('',(84.89,-33.255,24.5));
#15766 = VECTOR('',#15767,1.);
#15767 = DIRECTION('',(0.,0.,-1.));
#15768 = PCURVE('',#8112,#15769);
#15769 = DEFINITIONAL_REPRESENTATION('',(#15770),#15773);
#15770 = B_SPLINE_CURVE_WITH_KNOTS('',1,(#15771,#15772),.UNSPECIFIED.,
  .F.,.F.,(2,2),(-11.1,10.1),.PIECEWISE_BEZIER_KNOTS.);
#15771 = CARTESIAN_POINT('',(22.2,-1.));
#15772 = CARTESIAN_POINT('',(1.,-1.));
#15773 = ( GEOMETRIC_REPRESENTATION_CONTEXT(2) 
PARAMETRIC_REPRESENTATION_CONTEXT() REPRESENTATION_CONTEXT('2D SPACE',''
  ) );
#15774 = PCURVE('',#8085,#15775);
#15775 = DEFINITIONAL_REPRESENTATION('',(#15776),#15779);
#15776 = B_SPLINE_CURVE_WITH_KNOTS('',1,(#15777,#15778),.UNSPECIFIED.,
  .F.,.F.,(2,2),(-11.1,10.1),.PIECEWISE_BEZIER_KNOTS.);
#15777 = CARTESIAN_POINT('',(0.,-44.89));
#15778 = CARTESIAN_POINT('',(21.2,-44.89));
#15779 = ( GEOMETRIC_REPRESENTATION_CONTEXT(2) 
PARAMETRIC_REPRESENTATION_CONTEXT() REPRESENTATION_CONTEXT('2D SPACE',''
  ) );
#15780 = ORIENTED_EDGE('',*,*,#15781,.T.);
#15781 = EDGE_CURVE('',#15761,#13324,#15782,.T.);
#15782 = SURFACE_CURVE('',#15783,(#15787,#15793),.PCURVE_S1.);
#15783 = LINE('',#15784,#15785);
#15784 = CARTESIAN_POINT('',(84.89,-33.755,13.9));
#15785 = VECTOR('',#15786,1.);
#15786 = DIRECTION('',(-0.,0.707106781187,0.707106781187));
#15787 = PCURVE('',#8112,#15788);
#15788 = DEFINITIONAL_REPRESENTATION('',(#15789),#15792);
#15789 = B_SPLINE_CURVE_WITH_KNOTS('',1,(#15790,#15791),.UNSPECIFIED.,
  .F.,.F.,(2,2),(0.707106781187,4.617407281148),
  .PIECEWISE_BEZIER_KNOTS.);
#15790 = CARTESIAN_POINT('',(1.,-1.));
#15791 = CARTESIAN_POINT('',(3.765,-3.765));
#15792 = ( GEOMETRIC_REPRESENTATION_CONTEXT(2) 
PARAMETRIC_REPRESENTATION_CONTEXT() REPRESENTATION_CONTEXT('2D SPACE',''
  ) );
#15793 = PCURVE('',#13339,#15794);
#15794 = DEFINITIONAL_REPRESENTATION('',(#15795),#15798);
#15795 = B_SPLINE_CURVE_WITH_KNOTS('',1,(#15796,#15797),.UNSPECIFIED.,
  .F.,.F.,(2,2),(0.707106781187,4.617407281148),
  .PIECEWISE_BEZIER_KNOTS.);
#15796 = CARTESIAN_POINT('',(0.,-44.89));
#15797 = CARTESIAN_POINT('',(3.910300499962,-44.89));
#15798 = ( GEOMETRIC_REPRESENTATION_CONTEXT(2) 
PARAMETRIC_REPRESENTATION_CONTEXT() REPRESENTATION_CONTEXT('2D SPACE',''
  ) );
#15799 = ADVANCED_FACE('',(#15800),#8085,.F.);
#15800 = FACE_BOUND('',#15801,.F.);
#15801 = EDGE_LOOP('',(#15802,#15823,#15824,#15825));
#15802 = ORIENTED_EDGE('',*,*,#15803,.F.);
#15803 = EDGE_CURVE('',#8043,#15804,#15806,.T.);
#15804 = VERTEX_POINT('',#15805);
#15805 = CARTESIAN_POINT('',(80.11,-33.255,14.4));
#15806 = SURFACE_CURVE('',#15807,(#15811,#15817),.PCURVE_S1.);
#15807 = LINE('',#15808,#15809);
#15808 = CARTESIAN_POINT('',(80.11,-33.255,24.5));
#15809 = VECTOR('',#15810,1.);
#15810 = DIRECTION('',(0.,0.,-1.));
#15811 = PCURVE('',#8085,#15812);
#15812 = DEFINITIONAL_REPRESENTATION('',(#15813),#15816);
#15813 = B_SPLINE_CURVE_WITH_KNOTS('',1,(#15814,#15815),.UNSPECIFIED.,
  .F.,.F.,(2,2),(-11.1,10.1),.PIECEWISE_BEZIER_KNOTS.);
#15814 = CARTESIAN_POINT('',(0.,-40.11));
#15815 = CARTESIAN_POINT('',(21.2,-40.11));
#15816 = ( GEOMETRIC_REPRESENTATION_CONTEXT(2) 
PARAMETRIC_REPRESENTATION_CONTEXT() REPRESENTATION_CONTEXT('2D SPACE',''
  ) );
#15817 = PCURVE('',#8057,#15818);
#15818 = DEFINITIONAL_REPRESENTATION('',(#15819),#15822);
#15819 = B_SPLINE_CURVE_WITH_KNOTS('',1,(#15820,#15821),.UNSPECIFIED.,
  .F.,.F.,(2,2),(-11.1,10.1),.PIECEWISE_BEZIER_KNOTS.);
#15820 = CARTESIAN_POINT('',(22.2,-1.));
#15821 = CARTESIAN_POINT('',(1.,-1.));
#15822 = ( GEOMETRIC_REPRESENTATION_CONTEXT(2) 
PARAMETRIC_REPRESENTATION_CONTEXT() REPRESENTATION_CONTEXT('2D SPACE',''
  ) );
#15823 = ORIENTED_EDGE('',*,*,#8068,.F.);
#15824 = ORIENTED_EDGE('',*,*,#15760,.T.);
#15825 = ORIENTED_EDGE('',*,*,#15826,.F.);
#15826 = EDGE_CURVE('',#15804,#15761,#15827,.T.);
#15827 = SURFACE_CURVE('',#15828,(#15832,#15839),.PCURVE_S1.);
#15828 = LINE('',#15829,#15830);
#15829 = CARTESIAN_POINT('',(40.,-33.255,14.4));
#15830 = VECTOR('',#15831,1.);
#15831 = DIRECTION('',(1.,0.,0.));
#15832 = PCURVE('',#8085,#15833);
#15833 = DEFINITIONAL_REPRESENTATION('',(#15834),#15838);
#15834 = LINE('',#15835,#15836);
#15835 = CARTESIAN_POINT('',(21.2,0.));
#15836 = VECTOR('',#15837,1.);
#15837 = DIRECTION('',(0.,-1.));
#15838 = ( GEOMETRIC_REPRESENTATION_CONTEXT(2) 
PARAMETRIC_REPRESENTATION_CONTEXT() REPRESENTATION_CONTEXT('2D SPACE',''
  ) );
#15839 = PCURVE('',#13339,#15840);
#15840 = DEFINITIONAL_REPRESENTATION('',(#15841),#15845);
#15841 = LINE('',#15842,#15843);
#15842 = CARTESIAN_POINT('',(0.,0.));
#15843 = VECTOR('',#15844,1.);
#15844 = DIRECTION('',(0.,-1.));
#15845 = ( GEOMETRIC_REPRESENTATION_CONTEXT(2) 
PARAMETRIC_REPRESENTATION_CONTEXT() REPRESENTATION_CONTEXT('2D SPACE',''
  ) );
#15846 = ADVANCED_FACE('',(#15847),#8057,.F.);
#15847 = FACE_BOUND('',#15848,.F.);
#15848 = EDGE_LOOP('',(#15849,#15850,#15871,#15872,#15873));
#15849 = ORIENTED_EDGE('',*,*,#13302,.T.);
#15850 = ORIENTED_EDGE('',*,*,#15851,.T.);
#15851 = EDGE_CURVE('',#13282,#8014,#15852,.T.);
#15852 = SURFACE_CURVE('',#15853,(#15857,#15864),.PCURVE_S1.);
#15853 = LINE('',#15854,#15855);
#15854 = CARTESIAN_POINT('',(80.11,-30.255,13.4));
#15855 = VECTOR('',#15856,1.);
#15856 = DIRECTION('',(0.,0.,1.));
#15857 = PCURVE('',#8057,#15858);
#15858 = DEFINITIONAL_REPRESENTATION('',(#15859),#15863);
#15859 = LINE('',#15860,#15861);
#15860 = CARTESIAN_POINT('',(0.,-4.));
#15861 = VECTOR('',#15862,1.);
#15862 = DIRECTION('',(1.,0.));
#15863 = ( GEOMETRIC_REPRESENTATION_CONTEXT(2) 
PARAMETRIC_REPRESENTATION_CONTEXT() REPRESENTATION_CONTEXT('2D SPACE',''
  ) );
#15864 = PCURVE('',#8030,#15865);
#15865 = DEFINITIONAL_REPRESENTATION('',(#15866),#15870);
#15866 = LINE('',#15867,#15868);
#15867 = CARTESIAN_POINT('',(0.,5.23));
#15868 = VECTOR('',#15869,1.);
#15869 = DIRECTION('',(1.,0.));
#15870 = ( GEOMETRIC_REPRESENTATION_CONTEXT(2) 
PARAMETRIC_REPRESENTATION_CONTEXT() REPRESENTATION_CONTEXT('2D SPACE',''
  ) );
#15871 = ORIENTED_EDGE('',*,*,#8042,.F.);
#15872 = ORIENTED_EDGE('',*,*,#15803,.T.);
#15873 = ORIENTED_EDGE('',*,*,#15874,.T.);
#15874 = EDGE_CURVE('',#15804,#13303,#15875,.T.);
#15875 = SURFACE_CURVE('',#15876,(#15880,#15886),.PCURVE_S1.);
#15876 = LINE('',#15877,#15878);
#15877 = CARTESIAN_POINT('',(80.11,-33.755,13.9));
#15878 = VECTOR('',#15879,1.);
#15879 = DIRECTION('',(-0.,0.707106781187,0.707106781187));
#15880 = PCURVE('',#8057,#15881);
#15881 = DEFINITIONAL_REPRESENTATION('',(#15882),#15885);
#15882 = B_SPLINE_CURVE_WITH_KNOTS('',1,(#15883,#15884),.UNSPECIFIED.,
  .F.,.F.,(2,2),(0.707106781187,4.617407281148),
  .PIECEWISE_BEZIER_KNOTS.);
#15883 = CARTESIAN_POINT('',(1.,-1.));
#15884 = CARTESIAN_POINT('',(3.765,-3.765));
#15885 = ( GEOMETRIC_REPRESENTATION_CONTEXT(2) 
PARAMETRIC_REPRESENTATION_CONTEXT() REPRESENTATION_CONTEXT('2D SPACE',''
  ) );
#15886 = PCURVE('',#13339,#15887);
#15887 = DEFINITIONAL_REPRESENTATION('',(#15888),#15891);
#15888 = B_SPLINE_CURVE_WITH_KNOTS('',1,(#15889,#15890),.UNSPECIFIED.,
  .F.,.F.,(2,2),(0.707106781187,4.617407281148),
  .PIECEWISE_BEZIER_KNOTS.);
#15889 = CARTESIAN_POINT('',(0.,-40.11));
#15890 = CARTESIAN_POINT('',(3.910300499962,-40.11));
#15891 = ( GEOMETRIC_REPRESENTATION_CONTEXT(2) 
PARAMETRIC_REPRESENTATION_CONTEXT() REPRESENTATION_CONTEXT('2D SPACE',''
  ) );
#15892 = ADVANCED_FACE('',(#15893),#8030,.F.);
#15893 = FACE_BOUND('',#15894,.F.);
#15894 = EDGE_LOOP('',(#15895,#15896,#15897,#15918,#15919,#15920,#15941,
    #15942,#15963));
#15895 = ORIENTED_EDGE('',*,*,#15851,.F.);
#15896 = ORIENTED_EDGE('',*,*,#13281,.T.);
#15897 = ORIENTED_EDGE('',*,*,#15898,.T.);
#15898 = EDGE_CURVE('',#13261,#8363,#15899,.T.);
#15899 = SURFACE_CURVE('',#15900,(#15904,#15911),.PCURVE_S1.);
#15900 = LINE('',#15901,#15902);
#15901 = CARTESIAN_POINT('',(74.88,-30.255,13.4));
#15902 = VECTOR('',#15903,1.);
#15903 = DIRECTION('',(0.,0.,1.));
#15904 = PCURVE('',#8030,#15905);
#15905 = DEFINITIONAL_REPRESENTATION('',(#15906),#15910);
#15906 = LINE('',#15907,#15908);
#15907 = CARTESIAN_POINT('',(0.,0.));
#15908 = VECTOR('',#15909,1.);
#15909 = DIRECTION('',(1.,0.));
#15910 = ( GEOMETRIC_REPRESENTATION_CONTEXT(2) 
PARAMETRIC_REPRESENTATION_CONTEXT() REPRESENTATION_CONTEXT('2D SPACE',''
  ) );
#15911 = PCURVE('',#8377,#15912);
#15912 = DEFINITIONAL_REPRESENTATION('',(#15913),#15917);
#15913 = LINE('',#15914,#15915);
#15914 = CARTESIAN_POINT('',(0.,-4.));
#15915 = VECTOR('',#15916,1.);
#15916 = DIRECTION('',(1.,0.));
#15917 = ( GEOMETRIC_REPRESENTATION_CONTEXT(2) 
PARAMETRIC_REPRESENTATION_CONTEXT() REPRESENTATION_CONTEXT('2D SPACE',''
  ) );
#15918 = ORIENTED_EDGE('',*,*,#8388,.F.);
#15919 = ORIENTED_EDGE('',*,*,#8173,.F.);
#15920 = ORIENTED_EDGE('',*,*,#15921,.T.);
#15921 = EDGE_CURVE('',#8174,#14152,#15922,.T.);
#15922 = SURFACE_CURVE('',#15923,(#15927,#15934),.PCURVE_S1.);
#15923 = LINE('',#15924,#15925);
#15924 = CARTESIAN_POINT('',(74.88,-30.255,13.4));
#15925 = VECTOR('',#15926,1.);
#15926 = DIRECTION('',(0.,0.,1.));
#15927 = PCURVE('',#8030,#15928);
#15928 = DEFINITIONAL_REPRESENTATION('',(#15929),#15933);
#15929 = LINE('',#15930,#15931);
#15930 = CARTESIAN_POINT('',(0.,0.));
#15931 = VECTOR('',#15932,1.);
#15932 = DIRECTION('',(1.,0.));
#15933 = ( GEOMETRIC_REPRESENTATION_CONTEXT(2) 
PARAMETRIC_REPRESENTATION_CONTEXT() REPRESENTATION_CONTEXT('2D SPACE',''
  ) );
#15934 = PCURVE('',#8212,#15935);
#15935 = DEFINITIONAL_REPRESENTATION('',(#15936),#15940);
#15936 = LINE('',#15937,#15938);
#15937 = CARTESIAN_POINT('',(0.,-4.));
#15938 = VECTOR('',#15939,1.);
#15939 = DIRECTION('',(1.,0.));
#15940 = ( GEOMETRIC_REPRESENTATION_CONTEXT(2) 
PARAMETRIC_REPRESENTATION_CONTEXT() REPRESENTATION_CONTEXT('2D SPACE',''
  ) );
#15941 = ORIENTED_EDGE('',*,*,#14151,.T.);
#15942 = ORIENTED_EDGE('',*,*,#15943,.F.);
#15943 = EDGE_CURVE('',#7988,#14131,#15944,.T.);
#15944 = SURFACE_CURVE('',#15945,(#15949,#15956),.PCURVE_S1.);
#15945 = LINE('',#15946,#15947);
#15946 = CARTESIAN_POINT('',(80.11,-30.255,13.4));
#15947 = VECTOR('',#15948,1.);
#15948 = DIRECTION('',(0.,0.,1.));
#15949 = PCURVE('',#8030,#15950);
#15950 = DEFINITIONAL_REPRESENTATION('',(#15951),#15955);
#15951 = LINE('',#15952,#15953);
#15952 = CARTESIAN_POINT('',(0.,5.23));
#15953 = VECTOR('',#15954,1.);
#15954 = DIRECTION('',(1.,0.));
#15955 = ( GEOMETRIC_REPRESENTATION_CONTEXT(2) 
PARAMETRIC_REPRESENTATION_CONTEXT() REPRESENTATION_CONTEXT('2D SPACE',''
  ) );
#15956 = PCURVE('',#8002,#15957);
#15957 = DEFINITIONAL_REPRESENTATION('',(#15958),#15962);
#15958 = LINE('',#15959,#15960);
#15959 = CARTESIAN_POINT('',(0.,-4.));
#15960 = VECTOR('',#15961,1.);
#15961 = DIRECTION('',(1.,0.));
#15962 = ( GEOMETRIC_REPRESENTATION_CONTEXT(2) 
PARAMETRIC_REPRESENTATION_CONTEXT() REPRESENTATION_CONTEXT('2D SPACE',''
  ) );
#15963 = ORIENTED_EDGE('',*,*,#8013,.F.);
#15964 = ADVANCED_FACE('',(#15965),#8002,.F.);
#15965 = FACE_BOUND('',#15966,.F.);
#15966 = EDGE_LOOP('',(#15967,#15968,#15969,#15970,#15991));
#15967 = ORIENTED_EDGE('',*,*,#7987,.T.);
#15968 = ORIENTED_EDGE('',*,*,#15943,.T.);
#15969 = ORIENTED_EDGE('',*,*,#14130,.T.);
#15970 = ORIENTED_EDGE('',*,*,#15971,.T.);
#15971 = EDGE_CURVE('',#14103,#15972,#15974,.T.);
#15972 = VERTEX_POINT('',#15973);
#15973 = CARTESIAN_POINT('',(80.11,-33.255,35.6));
#15974 = SURFACE_CURVE('',#15975,(#15979,#15985),.PCURVE_S1.);
#15975 = LINE('',#15976,#15977);
#15976 = CARTESIAN_POINT('',(80.11,-26.5725,28.9175));
#15977 = VECTOR('',#15978,1.);
#15978 = DIRECTION('',(0.,-0.707106781187,0.707106781187));
#15979 = PCURVE('',#8002,#15980);
#15980 = DEFINITIONAL_REPRESENTATION('',(#15981),#15984);
#15981 = B_SPLINE_CURVE_WITH_KNOTS('',1,(#15982,#15983),.UNSPECIFIED.,
  .F.,.F.,(2,2),(5.540181630597,9.450482130558),
  .PIECEWISE_BEZIER_KNOTS.);
#15982 = CARTESIAN_POINT('',(19.435,-3.765));
#15983 = CARTESIAN_POINT('',(22.2,-1.));
#15984 = ( GEOMETRIC_REPRESENTATION_CONTEXT(2) 
PARAMETRIC_REPRESENTATION_CONTEXT() REPRESENTATION_CONTEXT('2D SPACE',''
  ) );
#15985 = PCURVE('',#14118,#15986);
#15986 = DEFINITIONAL_REPRESENTATION('',(#15987),#15990);
#15987 = B_SPLINE_CURVE_WITH_KNOTS('',1,(#15988,#15989),.UNSPECIFIED.,
  .F.,.F.,(2,2),(5.540181630597,9.450482130558),
  .PIECEWISE_BEZIER_KNOTS.);
#15988 = CARTESIAN_POINT('',(0.,-40.11));
#15989 = CARTESIAN_POINT('',(3.910300499962,-40.11));
#15990 = ( GEOMETRIC_REPRESENTATION_CONTEXT(2) 
PARAMETRIC_REPRESENTATION_CONTEXT() REPRESENTATION_CONTEXT('2D SPACE',''
  ) );
#15991 = ORIENTED_EDGE('',*,*,#15992,.T.);
#15992 = EDGE_CURVE('',#15972,#7959,#15993,.T.);
#15993 = SURFACE_CURVE('',#15994,(#15998,#16004),.PCURVE_S1.);
#15994 = LINE('',#15995,#15996);
#15995 = CARTESIAN_POINT('',(80.11,-33.255,24.5));
#15996 = VECTOR('',#15997,1.);
#15997 = DIRECTION('',(0.,0.,-1.));
#15998 = PCURVE('',#8002,#15999);
#15999 = DEFINITIONAL_REPRESENTATION('',(#16000),#16003);
#16000 = B_SPLINE_CURVE_WITH_KNOTS('',1,(#16001,#16002),.UNSPECIFIED.,
  .F.,.F.,(2,2),(-11.1,10.1),.PIECEWISE_BEZIER_KNOTS.);
#16001 = CARTESIAN_POINT('',(22.2,-1.));
#16002 = CARTESIAN_POINT('',(1.,-1.));
#16003 = ( GEOMETRIC_REPRESENTATION_CONTEXT(2) 
PARAMETRIC_REPRESENTATION_CONTEXT() REPRESENTATION_CONTEXT('2D SPACE',''
  ) );
#16004 = PCURVE('',#7975,#16005);
#16005 = DEFINITIONAL_REPRESENTATION('',(#16006),#16009);
#16006 = B_SPLINE_CURVE_WITH_KNOTS('',1,(#16007,#16008),.UNSPECIFIED.,
  .F.,.F.,(2,2),(-11.1,10.1),.PIECEWISE_BEZIER_KNOTS.);
#16007 = CARTESIAN_POINT('',(0.,-40.11));
#16008 = CARTESIAN_POINT('',(21.2,-40.11));
#16009 = ( GEOMETRIC_REPRESENTATION_CONTEXT(2) 
PARAMETRIC_REPRESENTATION_CONTEXT() REPRESENTATION_CONTEXT('2D SPACE',''
  ) );
#16010 = ADVANCED_FACE('',(#16011),#7975,.F.);
#16011 = FACE_BOUND('',#16012,.F.);
#16012 = EDGE_LOOP('',(#16013,#16014,#16037,#16056));
#16013 = ORIENTED_EDGE('',*,*,#15992,.F.);
#16014 = ORIENTED_EDGE('',*,*,#16015,.T.);
#16015 = EDGE_CURVE('',#15972,#16016,#16018,.T.);
#16016 = VERTEX_POINT('',#16017);
#16017 = CARTESIAN_POINT('',(84.89,-33.255,35.6));
#16018 = SURFACE_CURVE('',#16019,(#16023,#16030),.PCURVE_S1.);
#16019 = LINE('',#16020,#16021);
#16020 = CARTESIAN_POINT('',(40.,-33.255,35.6));
#16021 = VECTOR('',#16022,1.);
#16022 = DIRECTION('',(1.,0.,0.));
#16023 = PCURVE('',#7975,#16024);
#16024 = DEFINITIONAL_REPRESENTATION('',(#16025),#16029);
#16025 = LINE('',#16026,#16027);
#16026 = CARTESIAN_POINT('',(0.,0.));
#16027 = VECTOR('',#16028,1.);
#16028 = DIRECTION('',(0.,-1.));
#16029 = ( GEOMETRIC_REPRESENTATION_CONTEXT(2) 
PARAMETRIC_REPRESENTATION_CONTEXT() REPRESENTATION_CONTEXT('2D SPACE',''
  ) );
#16030 = PCURVE('',#14118,#16031);
#16031 = DEFINITIONAL_REPRESENTATION('',(#16032),#16036);
#16032 = LINE('',#16033,#16034);
#16033 = CARTESIAN_POINT('',(3.910300499962,0.));
#16034 = VECTOR('',#16035,1.);
#16035 = DIRECTION('',(0.,-1.));
#16036 = ( GEOMETRIC_REPRESENTATION_CONTEXT(2) 
PARAMETRIC_REPRESENTATION_CONTEXT() REPRESENTATION_CONTEXT('2D SPACE',''
  ) );
#16037 = ORIENTED_EDGE('',*,*,#16038,.T.);
#16038 = EDGE_CURVE('',#16016,#7933,#16039,.T.);
#16039 = SURFACE_CURVE('',#16040,(#16044,#16050),.PCURVE_S1.);
#16040 = LINE('',#16041,#16042);
#16041 = CARTESIAN_POINT('',(84.89,-33.255,24.5));
#16042 = VECTOR('',#16043,1.);
#16043 = DIRECTION('',(0.,0.,-1.));
#16044 = PCURVE('',#7975,#16045);
#16045 = DEFINITIONAL_REPRESENTATION('',(#16046),#16049);
#16046 = B_SPLINE_CURVE_WITH_KNOTS('',1,(#16047,#16048),.UNSPECIFIED.,
  .F.,.F.,(2,2),(-11.1,10.1),.PIECEWISE_BEZIER_KNOTS.);
#16047 = CARTESIAN_POINT('',(0.,-44.89));
#16048 = CARTESIAN_POINT('',(21.2,-44.89));
#16049 = ( GEOMETRIC_REPRESENTATION_CONTEXT(2) 
PARAMETRIC_REPRESENTATION_CONTEXT() REPRESENTATION_CONTEXT('2D SPACE',''
  ) );
#16050 = PCURVE('',#7947,#16051);
#16051 = DEFINITIONAL_REPRESENTATION('',(#16052),#16055);
#16052 = B_SPLINE_CURVE_WITH_KNOTS('',1,(#16053,#16054),.UNSPECIFIED.,
  .F.,.F.,(2,2),(-11.1,10.1),.PIECEWISE_BEZIER_KNOTS.);
#16053 = CARTESIAN_POINT('',(22.2,-1.));
#16054 = CARTESIAN_POINT('',(1.,-1.));
#16055 = ( GEOMETRIC_REPRESENTATION_CONTEXT(2) 
PARAMETRIC_REPRESENTATION_CONTEXT() REPRESENTATION_CONTEXT('2D SPACE',''
  ) );
#16056 = ORIENTED_EDGE('',*,*,#7958,.F.);
#16057 = ADVANCED_FACE('',(#16058),#7947,.T.);
#16058 = FACE_BOUND('',#16059,.T.);
#16059 = EDGE_LOOP('',(#16060,#16061,#16062,#16063,#16082));
#16060 = ORIENTED_EDGE('',*,*,#7932,.T.);
#16061 = ORIENTED_EDGE('',*,*,#15591,.T.);
#16062 = ORIENTED_EDGE('',*,*,#14081,.T.);
#16063 = ORIENTED_EDGE('',*,*,#16064,.T.);
#16064 = EDGE_CURVE('',#14082,#16016,#16065,.T.);
#16065 = SURFACE_CURVE('',#16066,(#16070,#16076),.PCURVE_S1.);
#16066 = LINE('',#16067,#16068);
#16067 = CARTESIAN_POINT('',(84.89,-26.5725,28.9175));
#16068 = VECTOR('',#16069,1.);
#16069 = DIRECTION('',(0.,-0.707106781187,0.707106781187));
#16070 = PCURVE('',#7947,#16071);
#16071 = DEFINITIONAL_REPRESENTATION('',(#16072),#16075);
#16072 = B_SPLINE_CURVE_WITH_KNOTS('',1,(#16073,#16074),.UNSPECIFIED.,
  .F.,.F.,(2,2),(5.540181630597,9.450482130558),
  .PIECEWISE_BEZIER_KNOTS.);
#16073 = CARTESIAN_POINT('',(19.435,-3.765));
#16074 = CARTESIAN_POINT('',(22.2,-1.));
#16075 = ( GEOMETRIC_REPRESENTATION_CONTEXT(2) 
PARAMETRIC_REPRESENTATION_CONTEXT() REPRESENTATION_CONTEXT('2D SPACE',''
  ) );
#16076 = PCURVE('',#14118,#16077);
#16077 = DEFINITIONAL_REPRESENTATION('',(#16078),#16081);
#16078 = B_SPLINE_CURVE_WITH_KNOTS('',1,(#16079,#16080),.UNSPECIFIED.,
  .F.,.F.,(2,2),(5.540181630597,9.450482130558),
  .PIECEWISE_BEZIER_KNOTS.);
#16079 = CARTESIAN_POINT('',(0.,-44.89));
#16080 = CARTESIAN_POINT('',(3.910300499962,-44.89));
#16081 = ( GEOMETRIC_REPRESENTATION_CONTEXT(2) 
PARAMETRIC_REPRESENTATION_CONTEXT() REPRESENTATION_CONTEXT('2D SPACE',''
  ) );
#16082 = ORIENTED_EDGE('',*,*,#16038,.T.);
#16083 = ADVANCED_FACE('',(#16084),#8377,.T.);
#16084 = FACE_BOUND('',#16085,.T.);
#16085 = EDGE_LOOP('',(#16086,#16087,#16088,#16089,#16110));
#16086 = ORIENTED_EDGE('',*,*,#13260,.T.);
#16087 = ORIENTED_EDGE('',*,*,#15898,.T.);
#16088 = ORIENTED_EDGE('',*,*,#8362,.F.);
#16089 = ORIENTED_EDGE('',*,*,#16090,.T.);
#16090 = EDGE_CURVE('',#8334,#16091,#16093,.T.);
#16091 = VERTEX_POINT('',#16092);
#16092 = CARTESIAN_POINT('',(74.88,-33.255,14.4));
#16093 = SURFACE_CURVE('',#16094,(#16098,#16104),.PCURVE_S1.);
#16094 = LINE('',#16095,#16096);
#16095 = CARTESIAN_POINT('',(74.88,-33.255,24.5));
#16096 = VECTOR('',#16097,1.);
#16097 = DIRECTION('',(0.,0.,-1.));
#16098 = PCURVE('',#8377,#16099);
#16099 = DEFINITIONAL_REPRESENTATION('',(#16100),#16103);
#16100 = B_SPLINE_CURVE_WITH_KNOTS('',1,(#16101,#16102),.UNSPECIFIED.,
  .F.,.F.,(2,2),(-11.1,10.1),.PIECEWISE_BEZIER_KNOTS.);
#16101 = CARTESIAN_POINT('',(22.2,-1.));
#16102 = CARTESIAN_POINT('',(1.,-1.));
#16103 = ( GEOMETRIC_REPRESENTATION_CONTEXT(2) 
PARAMETRIC_REPRESENTATION_CONTEXT() REPRESENTATION_CONTEXT('2D SPACE',''
  ) );
#16104 = PCURVE('',#8350,#16105);
#16105 = DEFINITIONAL_REPRESENTATION('',(#16106),#16109);
#16106 = B_SPLINE_CURVE_WITH_KNOTS('',1,(#16107,#16108),.UNSPECIFIED.,
  .F.,.F.,(2,2),(-11.1,10.1),.PIECEWISE_BEZIER_KNOTS.);
#16107 = CARTESIAN_POINT('',(0.,-34.88));
#16108 = CARTESIAN_POINT('',(21.2,-34.88));
#16109 = ( GEOMETRIC_REPRESENTATION_CONTEXT(2) 
PARAMETRIC_REPRESENTATION_CONTEXT() REPRESENTATION_CONTEXT('2D SPACE',''
  ) );
#16110 = ORIENTED_EDGE('',*,*,#16111,.T.);
#16111 = EDGE_CURVE('',#16091,#13233,#16112,.T.);
#16112 = SURFACE_CURVE('',#16113,(#16117,#16123),.PCURVE_S1.);
#16113 = LINE('',#16114,#16115);
#16114 = CARTESIAN_POINT('',(74.88,-33.755,13.9));
#16115 = VECTOR('',#16116,1.);
#16116 = DIRECTION('',(-0.,0.707106781187,0.707106781187));
#16117 = PCURVE('',#8377,#16118);
#16118 = DEFINITIONAL_REPRESENTATION('',(#16119),#16122);
#16119 = B_SPLINE_CURVE_WITH_KNOTS('',1,(#16120,#16121),.UNSPECIFIED.,
  .F.,.F.,(2,2),(0.707106781187,4.617407281148),
  .PIECEWISE_BEZIER_KNOTS.);
#16120 = CARTESIAN_POINT('',(1.,-1.));
#16121 = CARTESIAN_POINT('',(3.765,-3.765));
#16122 = ( GEOMETRIC_REPRESENTATION_CONTEXT(2) 
PARAMETRIC_REPRESENTATION_CONTEXT() REPRESENTATION_CONTEXT('2D SPACE',''
  ) );
#16123 = PCURVE('',#13248,#16124);
#16124 = DEFINITIONAL_REPRESENTATION('',(#16125),#16128);
#16125 = B_SPLINE_CURVE_WITH_KNOTS('',1,(#16126,#16127),.UNSPECIFIED.,
  .F.,.F.,(2,2),(0.707106781187,4.617407281148),
  .PIECEWISE_BEZIER_KNOTS.);
#16126 = CARTESIAN_POINT('',(0.,-34.88));
#16127 = CARTESIAN_POINT('',(3.910300499962,-34.88));
#16128 = ( GEOMETRIC_REPRESENTATION_CONTEXT(2) 
PARAMETRIC_REPRESENTATION_CONTEXT() REPRESENTATION_CONTEXT('2D SPACE',''
  ) );
#16129 = ADVANCED_FACE('',(#16130),#8350,.F.);
#16130 = FACE_BOUND('',#16131,.F.);
#16131 = EDGE_LOOP('',(#16132,#16153,#16154,#16155));
#16132 = ORIENTED_EDGE('',*,*,#16133,.F.);
#16133 = EDGE_CURVE('',#8308,#16134,#16136,.T.);
#16134 = VERTEX_POINT('',#16135);
#16135 = CARTESIAN_POINT('',(70.1,-33.255,14.4));
#16136 = SURFACE_CURVE('',#16137,(#16141,#16147),.PCURVE_S1.);
#16137 = LINE('',#16138,#16139);
#16138 = CARTESIAN_POINT('',(70.1,-33.255,24.5));
#16139 = VECTOR('',#16140,1.);
#16140 = DIRECTION('',(0.,0.,-1.));
#16141 = PCURVE('',#8350,#16142);
#16142 = DEFINITIONAL_REPRESENTATION('',(#16143),#16146);
#16143 = B_SPLINE_CURVE_WITH_KNOTS('',1,(#16144,#16145),.UNSPECIFIED.,
  .F.,.F.,(2,2),(-11.1,10.1),.PIECEWISE_BEZIER_KNOTS.);
#16144 = CARTESIAN_POINT('',(0.,-30.1));
#16145 = CARTESIAN_POINT('',(21.2,-30.1));
#16146 = ( GEOMETRIC_REPRESENTATION_CONTEXT(2) 
PARAMETRIC_REPRESENTATION_CONTEXT() REPRESENTATION_CONTEXT('2D SPACE',''
  ) );
#16147 = PCURVE('',#8322,#16148);
#16148 = DEFINITIONAL_REPRESENTATION('',(#16149),#16152);
#16149 = B_SPLINE_CURVE_WITH_KNOTS('',1,(#16150,#16151),.UNSPECIFIED.,
  .F.,.F.,(2,2),(-11.1,10.1),.PIECEWISE_BEZIER_KNOTS.);
#16150 = CARTESIAN_POINT('',(22.2,-1.));
#16151 = CARTESIAN_POINT('',(1.,-1.));
#16152 = ( GEOMETRIC_REPRESENTATION_CONTEXT(2) 
PARAMETRIC_REPRESENTATION_CONTEXT() REPRESENTATION_CONTEXT('2D SPACE',''
  ) );
#16153 = ORIENTED_EDGE('',*,*,#8333,.F.);
#16154 = ORIENTED_EDGE('',*,*,#16090,.T.);
#16155 = ORIENTED_EDGE('',*,*,#16156,.F.);
#16156 = EDGE_CURVE('',#16134,#16091,#16157,.T.);
#16157 = SURFACE_CURVE('',#16158,(#16162,#16169),.PCURVE_S1.);
#16158 = LINE('',#16159,#16160);
#16159 = CARTESIAN_POINT('',(40.,-33.255,14.4));
#16160 = VECTOR('',#16161,1.);
#16161 = DIRECTION('',(1.,0.,0.));
#16162 = PCURVE('',#8350,#16163);
#16163 = DEFINITIONAL_REPRESENTATION('',(#16164),#16168);
#16164 = LINE('',#16165,#16166);
#16165 = CARTESIAN_POINT('',(21.2,0.));
#16166 = VECTOR('',#16167,1.);
#16167 = DIRECTION('',(0.,-1.));
#16168 = ( GEOMETRIC_REPRESENTATION_CONTEXT(2) 
PARAMETRIC_REPRESENTATION_CONTEXT() REPRESENTATION_CONTEXT('2D SPACE',''
  ) );
#16169 = PCURVE('',#13248,#16170);
#16170 = DEFINITIONAL_REPRESENTATION('',(#16171),#16175);
#16171 = LINE('',#16172,#16173);
#16172 = CARTESIAN_POINT('',(0.,0.));
#16173 = VECTOR('',#16174,1.);
#16174 = DIRECTION('',(0.,-1.));
#16175 = ( GEOMETRIC_REPRESENTATION_CONTEXT(2) 
PARAMETRIC_REPRESENTATION_CONTEXT() REPRESENTATION_CONTEXT('2D SPACE',''
  ) );
#16176 = ADVANCED_FACE('',(#16177),#8322,.F.);
#16177 = FACE_BOUND('',#16178,.F.);
#16178 = EDGE_LOOP('',(#16179,#16180,#16201,#16202,#16203));
#16179 = ORIENTED_EDGE('',*,*,#13211,.T.);
#16180 = ORIENTED_EDGE('',*,*,#16181,.T.);
#16181 = EDGE_CURVE('',#13191,#8279,#16182,.T.);
#16182 = SURFACE_CURVE('',#16183,(#16187,#16194),.PCURVE_S1.);
#16183 = LINE('',#16184,#16185);
#16184 = CARTESIAN_POINT('',(70.1,-30.255,13.4));
#16185 = VECTOR('',#16186,1.);
#16186 = DIRECTION('',(0.,0.,1.));
#16187 = PCURVE('',#8322,#16188);
#16188 = DEFINITIONAL_REPRESENTATION('',(#16189),#16193);
#16189 = LINE('',#16190,#16191);
#16190 = CARTESIAN_POINT('',(0.,-4.));
#16191 = VECTOR('',#16192,1.);
#16192 = DIRECTION('',(1.,0.));
#16193 = ( GEOMETRIC_REPRESENTATION_CONTEXT(2) 
PARAMETRIC_REPRESENTATION_CONTEXT() REPRESENTATION_CONTEXT('2D SPACE',''
  ) );
#16194 = PCURVE('',#8295,#16195);
#16195 = DEFINITIONAL_REPRESENTATION('',(#16196),#16200);
#16196 = LINE('',#16197,#16198);
#16197 = CARTESIAN_POINT('',(0.,5.23));
#16198 = VECTOR('',#16199,1.);
#16199 = DIRECTION('',(1.,0.));
#16200 = ( GEOMETRIC_REPRESENTATION_CONTEXT(2) 
PARAMETRIC_REPRESENTATION_CONTEXT() REPRESENTATION_CONTEXT('2D SPACE',''
  ) );
#16201 = ORIENTED_EDGE('',*,*,#8307,.F.);
#16202 = ORIENTED_EDGE('',*,*,#16133,.T.);
#16203 = ORIENTED_EDGE('',*,*,#16204,.T.);
#16204 = EDGE_CURVE('',#16134,#13212,#16205,.T.);
#16205 = SURFACE_CURVE('',#16206,(#16210,#16216),.PCURVE_S1.);
#16206 = LINE('',#16207,#16208);
#16207 = CARTESIAN_POINT('',(70.1,-33.755,13.9));
#16208 = VECTOR('',#16209,1.);
#16209 = DIRECTION('',(-0.,0.707106781187,0.707106781187));
#16210 = PCURVE('',#8322,#16211);
#16211 = DEFINITIONAL_REPRESENTATION('',(#16212),#16215);
#16212 = B_SPLINE_CURVE_WITH_KNOTS('',1,(#16213,#16214),.UNSPECIFIED.,
  .F.,.F.,(2,2),(0.707106781187,4.617407281148),
  .PIECEWISE_BEZIER_KNOTS.);
#16213 = CARTESIAN_POINT('',(1.,-1.));
#16214 = CARTESIAN_POINT('',(3.765,-3.765));
#16215 = ( GEOMETRIC_REPRESENTATION_CONTEXT(2) 
PARAMETRIC_REPRESENTATION_CONTEXT() REPRESENTATION_CONTEXT('2D SPACE',''
  ) );
#16216 = PCURVE('',#13248,#16217);
#16217 = DEFINITIONAL_REPRESENTATION('',(#16218),#16221);
#16218 = B_SPLINE_CURVE_WITH_KNOTS('',1,(#16219,#16220),.UNSPECIFIED.,
  .F.,.F.,(2,2),(0.707106781187,4.617407281148),
  .PIECEWISE_BEZIER_KNOTS.);
#16219 = CARTESIAN_POINT('',(0.,-30.1));
#16220 = CARTESIAN_POINT('',(3.910300499962,-30.1));
#16221 = ( GEOMETRIC_REPRESENTATION_CONTEXT(2) 
PARAMETRIC_REPRESENTATION_CONTEXT() REPRESENTATION_CONTEXT('2D SPACE',''
  ) );
#16222 = ADVANCED_FACE('',(#16223),#8295,.F.);
#16223 = FACE_BOUND('',#16224,.F.);
#16224 = EDGE_LOOP('',(#16225,#16226,#16227,#16248,#16249,#16250,#16271,
    #16272,#16293));
#16225 = ORIENTED_EDGE('',*,*,#16181,.F.);
#16226 = ORIENTED_EDGE('',*,*,#13190,.T.);
#16227 = ORIENTED_EDGE('',*,*,#16228,.T.);
#16228 = EDGE_CURVE('',#13170,#9102,#16229,.T.);
#16229 = SURFACE_CURVE('',#16230,(#16234,#16241),.PCURVE_S1.);
#16230 = LINE('',#16231,#16232);
#16231 = CARTESIAN_POINT('',(64.87,-30.255,13.4));
#16232 = VECTOR('',#16233,1.);
#16233 = DIRECTION('',(0.,0.,1.));
#16234 = PCURVE('',#8295,#16235);
#16235 = DEFINITIONAL_REPRESENTATION('',(#16236),#16240);
#16236 = LINE('',#16237,#16238);
#16237 = CARTESIAN_POINT('',(0.,0.));
#16238 = VECTOR('',#16239,1.);
#16239 = DIRECTION('',(1.,0.));
#16240 = ( GEOMETRIC_REPRESENTATION_CONTEXT(2) 
PARAMETRIC_REPRESENTATION_CONTEXT() REPRESENTATION_CONTEXT('2D SPACE',''
  ) );
#16241 = PCURVE('',#9116,#16242);
#16242 = DEFINITIONAL_REPRESENTATION('',(#16243),#16247);
#16243 = LINE('',#16244,#16245);
#16244 = CARTESIAN_POINT('',(0.,-4.));
#16245 = VECTOR('',#16246,1.);
#16246 = DIRECTION('',(1.,0.));
#16247 = ( GEOMETRIC_REPRESENTATION_CONTEXT(2) 
PARAMETRIC_REPRESENTATION_CONTEXT() REPRESENTATION_CONTEXT('2D SPACE',''
  ) );
#16248 = ORIENTED_EDGE('',*,*,#9127,.F.);
#16249 = ORIENTED_EDGE('',*,*,#8912,.F.);
#16250 = ORIENTED_EDGE('',*,*,#16251,.T.);
#16251 = EDGE_CURVE('',#8913,#14243,#16252,.T.);
#16252 = SURFACE_CURVE('',#16253,(#16257,#16264),.PCURVE_S1.);
#16253 = LINE('',#16254,#16255);
#16254 = CARTESIAN_POINT('',(64.87,-30.255,13.4));
#16255 = VECTOR('',#16256,1.);
#16256 = DIRECTION('',(0.,0.,1.));
#16257 = PCURVE('',#8295,#16258);
#16258 = DEFINITIONAL_REPRESENTATION('',(#16259),#16263);
#16259 = LINE('',#16260,#16261);
#16260 = CARTESIAN_POINT('',(0.,0.));
#16261 = VECTOR('',#16262,1.);
#16262 = DIRECTION('',(1.,0.));
#16263 = ( GEOMETRIC_REPRESENTATION_CONTEXT(2) 
PARAMETRIC_REPRESENTATION_CONTEXT() REPRESENTATION_CONTEXT('2D SPACE',''
  ) );
#16264 = PCURVE('',#8951,#16265);
#16265 = DEFINITIONAL_REPRESENTATION('',(#16266),#16270);
#16266 = LINE('',#16267,#16268);
#16267 = CARTESIAN_POINT('',(0.,-4.));
#16268 = VECTOR('',#16269,1.);
#16269 = DIRECTION('',(1.,0.));
#16270 = ( GEOMETRIC_REPRESENTATION_CONTEXT(2) 
PARAMETRIC_REPRESENTATION_CONTEXT() REPRESENTATION_CONTEXT('2D SPACE',''
  ) );
#16271 = ORIENTED_EDGE('',*,*,#14242,.T.);
#16272 = ORIENTED_EDGE('',*,*,#16273,.F.);
#16273 = EDGE_CURVE('',#8253,#14222,#16274,.T.);
#16274 = SURFACE_CURVE('',#16275,(#16279,#16286),.PCURVE_S1.);
#16275 = LINE('',#16276,#16277);
#16276 = CARTESIAN_POINT('',(70.1,-30.255,13.4));
#16277 = VECTOR('',#16278,1.);
#16278 = DIRECTION('',(0.,0.,1.));
#16279 = PCURVE('',#8295,#16280);
#16280 = DEFINITIONAL_REPRESENTATION('',(#16281),#16285);
#16281 = LINE('',#16282,#16283);
#16282 = CARTESIAN_POINT('',(0.,5.23));
#16283 = VECTOR('',#16284,1.);
#16284 = DIRECTION('',(1.,0.));
#16285 = ( GEOMETRIC_REPRESENTATION_CONTEXT(2) 
PARAMETRIC_REPRESENTATION_CONTEXT() REPRESENTATION_CONTEXT('2D SPACE',''
  ) );
#16286 = PCURVE('',#8267,#16287);
#16287 = DEFINITIONAL_REPRESENTATION('',(#16288),#16292);
#16288 = LINE('',#16289,#16290);
#16289 = CARTESIAN_POINT('',(0.,-4.));
#16290 = VECTOR('',#16291,1.);
#16291 = DIRECTION('',(1.,0.));
#16292 = ( GEOMETRIC_REPRESENTATION_CONTEXT(2) 
PARAMETRIC_REPRESENTATION_CONTEXT() REPRESENTATION_CONTEXT('2D SPACE',''
  ) );
#16293 = ORIENTED_EDGE('',*,*,#8278,.F.);
#16294 = ADVANCED_FACE('',(#16295),#8267,.F.);
#16295 = FACE_BOUND('',#16296,.F.);
#16296 = EDGE_LOOP('',(#16297,#16298,#16299,#16300,#16321));
#16297 = ORIENTED_EDGE('',*,*,#8252,.T.);
#16298 = ORIENTED_EDGE('',*,*,#16273,.T.);
#16299 = ORIENTED_EDGE('',*,*,#14221,.T.);
#16300 = ORIENTED_EDGE('',*,*,#16301,.T.);
#16301 = EDGE_CURVE('',#14194,#16302,#16304,.T.);
#16302 = VERTEX_POINT('',#16303);
#16303 = CARTESIAN_POINT('',(70.1,-33.255,35.6));
#16304 = SURFACE_CURVE('',#16305,(#16309,#16315),.PCURVE_S1.);
#16305 = LINE('',#16306,#16307);
#16306 = CARTESIAN_POINT('',(70.1,-26.5725,28.9175));
#16307 = VECTOR('',#16308,1.);
#16308 = DIRECTION('',(0.,-0.707106781187,0.707106781187));
#16309 = PCURVE('',#8267,#16310);
#16310 = DEFINITIONAL_REPRESENTATION('',(#16311),#16314);
#16311 = B_SPLINE_CURVE_WITH_KNOTS('',1,(#16312,#16313),.UNSPECIFIED.,
  .F.,.F.,(2,2),(5.540181630597,9.450482130558),
  .PIECEWISE_BEZIER_KNOTS.);
#16312 = CARTESIAN_POINT('',(19.435,-3.765));
#16313 = CARTESIAN_POINT('',(22.2,-1.));
#16314 = ( GEOMETRIC_REPRESENTATION_CONTEXT(2) 
PARAMETRIC_REPRESENTATION_CONTEXT() REPRESENTATION_CONTEXT('2D SPACE',''
  ) );
#16315 = PCURVE('',#14209,#16316);
#16316 = DEFINITIONAL_REPRESENTATION('',(#16317),#16320);
#16317 = B_SPLINE_CURVE_WITH_KNOTS('',1,(#16318,#16319),.UNSPECIFIED.,
  .F.,.F.,(2,2),(5.540181630597,9.450482130558),
  .PIECEWISE_BEZIER_KNOTS.);
#16318 = CARTESIAN_POINT('',(0.,-30.1));
#16319 = CARTESIAN_POINT('',(3.910300499962,-30.1));
#16320 = ( GEOMETRIC_REPRESENTATION_CONTEXT(2) 
PARAMETRIC_REPRESENTATION_CONTEXT() REPRESENTATION_CONTEXT('2D SPACE',''
  ) );
#16321 = ORIENTED_EDGE('',*,*,#16322,.T.);
#16322 = EDGE_CURVE('',#16302,#8224,#16323,.T.);
#16323 = SURFACE_CURVE('',#16324,(#16328,#16334),.PCURVE_S1.);
#16324 = LINE('',#16325,#16326);
#16325 = CARTESIAN_POINT('',(70.1,-33.255,24.5));
#16326 = VECTOR('',#16327,1.);
#16327 = DIRECTION('',(0.,0.,-1.));
#16328 = PCURVE('',#8267,#16329);
#16329 = DEFINITIONAL_REPRESENTATION('',(#16330),#16333);
#16330 = B_SPLINE_CURVE_WITH_KNOTS('',1,(#16331,#16332),.UNSPECIFIED.,
  .F.,.F.,(2,2),(-11.1,10.1),.PIECEWISE_BEZIER_KNOTS.);
#16331 = CARTESIAN_POINT('',(22.2,-1.));
#16332 = CARTESIAN_POINT('',(1.,-1.));
#16333 = ( GEOMETRIC_REPRESENTATION_CONTEXT(2) 
PARAMETRIC_REPRESENTATION_CONTEXT() REPRESENTATION_CONTEXT('2D SPACE',''
  ) );
#16334 = PCURVE('',#8240,#16335);
#16335 = DEFINITIONAL_REPRESENTATION('',(#16336),#16339);
#16336 = B_SPLINE_CURVE_WITH_KNOTS('',1,(#16337,#16338),.UNSPECIFIED.,
  .F.,.F.,(2,2),(-11.1,10.1),.PIECEWISE_BEZIER_KNOTS.);
#16337 = CARTESIAN_POINT('',(0.,-30.1));
#16338 = CARTESIAN_POINT('',(21.2,-30.1));
#16339 = ( GEOMETRIC_REPRESENTATION_CONTEXT(2) 
PARAMETRIC_REPRESENTATION_CONTEXT() REPRESENTATION_CONTEXT('2D SPACE',''
  ) );
#16340 = ADVANCED_FACE('',(#16341),#8240,.F.);
#16341 = FACE_BOUND('',#16342,.F.);
#16342 = EDGE_LOOP('',(#16343,#16344,#16367,#16386));
#16343 = ORIENTED_EDGE('',*,*,#16322,.F.);
#16344 = ORIENTED_EDGE('',*,*,#16345,.T.);
#16345 = EDGE_CURVE('',#16302,#16346,#16348,.T.);
#16346 = VERTEX_POINT('',#16347);
#16347 = CARTESIAN_POINT('',(74.88,-33.255,35.6));
#16348 = SURFACE_CURVE('',#16349,(#16353,#16360),.PCURVE_S1.);
#16349 = LINE('',#16350,#16351);
#16350 = CARTESIAN_POINT('',(40.,-33.255,35.6));
#16351 = VECTOR('',#16352,1.);
#16352 = DIRECTION('',(1.,0.,0.));
#16353 = PCURVE('',#8240,#16354);
#16354 = DEFINITIONAL_REPRESENTATION('',(#16355),#16359);
#16355 = LINE('',#16356,#16357);
#16356 = CARTESIAN_POINT('',(0.,0.));
#16357 = VECTOR('',#16358,1.);
#16358 = DIRECTION('',(0.,-1.));
#16359 = ( GEOMETRIC_REPRESENTATION_CONTEXT(2) 
PARAMETRIC_REPRESENTATION_CONTEXT() REPRESENTATION_CONTEXT('2D SPACE',''
  ) );
#16360 = PCURVE('',#14209,#16361);
#16361 = DEFINITIONAL_REPRESENTATION('',(#16362),#16366);
#16362 = LINE('',#16363,#16364);
#16363 = CARTESIAN_POINT('',(3.910300499962,0.));
#16364 = VECTOR('',#16365,1.);
#16365 = DIRECTION('',(0.,-1.));
#16366 = ( GEOMETRIC_REPRESENTATION_CONTEXT(2) 
PARAMETRIC_REPRESENTATION_CONTEXT() REPRESENTATION_CONTEXT('2D SPACE',''
  ) );
#16367 = ORIENTED_EDGE('',*,*,#16368,.T.);
#16368 = EDGE_CURVE('',#16346,#8198,#16369,.T.);
#16369 = SURFACE_CURVE('',#16370,(#16374,#16380),.PCURVE_S1.);
#16370 = LINE('',#16371,#16372);
#16371 = CARTESIAN_POINT('',(74.88,-33.255,24.5));
#16372 = VECTOR('',#16373,1.);
#16373 = DIRECTION('',(0.,0.,-1.));
#16374 = PCURVE('',#8240,#16375);
#16375 = DEFINITIONAL_REPRESENTATION('',(#16376),#16379);
#16376 = B_SPLINE_CURVE_WITH_KNOTS('',1,(#16377,#16378),.UNSPECIFIED.,
  .F.,.F.,(2,2),(-11.1,10.1),.PIECEWISE_BEZIER_KNOTS.);
#16377 = CARTESIAN_POINT('',(0.,-34.88));
#16378 = CARTESIAN_POINT('',(21.2,-34.88));
#16379 = ( GEOMETRIC_REPRESENTATION_CONTEXT(2) 
PARAMETRIC_REPRESENTATION_CONTEXT() REPRESENTATION_CONTEXT('2D SPACE',''
  ) );
#16380 = PCURVE('',#8212,#16381);
#16381 = DEFINITIONAL_REPRESENTATION('',(#16382),#16385);
#16382 = B_SPLINE_CURVE_WITH_KNOTS('',1,(#16383,#16384),.UNSPECIFIED.,
  .F.,.F.,(2,2),(-11.1,10.1),.PIECEWISE_BEZIER_KNOTS.);
#16383 = CARTESIAN_POINT('',(22.2,-1.));
#16384 = CARTESIAN_POINT('',(1.,-1.));
#16385 = ( GEOMETRIC_REPRESENTATION_CONTEXT(2) 
PARAMETRIC_REPRESENTATION_CONTEXT() REPRESENTATION_CONTEXT('2D SPACE',''
  ) );
#16386 = ORIENTED_EDGE('',*,*,#8223,.F.);
#16387 = ADVANCED_FACE('',(#16388),#8212,.T.);
#16388 = FACE_BOUND('',#16389,.T.);
#16389 = EDGE_LOOP('',(#16390,#16391,#16392,#16393,#16412));
#16390 = ORIENTED_EDGE('',*,*,#8197,.T.);
#16391 = ORIENTED_EDGE('',*,*,#15921,.T.);
#16392 = ORIENTED_EDGE('',*,*,#14172,.T.);
#16393 = ORIENTED_EDGE('',*,*,#16394,.T.);
#16394 = EDGE_CURVE('',#14173,#16346,#16395,.T.);
#16395 = SURFACE_CURVE('',#16396,(#16400,#16406),.PCURVE_S1.);
#16396 = LINE('',#16397,#16398);
#16397 = CARTESIAN_POINT('',(74.88,-26.5725,28.9175));
#16398 = VECTOR('',#16399,1.);
#16399 = DIRECTION('',(0.,-0.707106781187,0.707106781187));
#16400 = PCURVE('',#8212,#16401);
#16401 = DEFINITIONAL_REPRESENTATION('',(#16402),#16405);
#16402 = B_SPLINE_CURVE_WITH_KNOTS('',1,(#16403,#16404),.UNSPECIFIED.,
  .F.,.F.,(2,2),(5.540181630597,9.450482130558),
  .PIECEWISE_BEZIER_KNOTS.);
#16403 = CARTESIAN_POINT('',(19.435,-3.765));
#16404 = CARTESIAN_POINT('',(22.2,-1.));
#16405 = ( GEOMETRIC_REPRESENTATION_CONTEXT(2) 
PARAMETRIC_REPRESENTATION_CONTEXT() REPRESENTATION_CONTEXT('2D SPACE',''
  ) );
#16406 = PCURVE('',#14209,#16407);
#16407 = DEFINITIONAL_REPRESENTATION('',(#16408),#16411);
#16408 = B_SPLINE_CURVE_WITH_KNOTS('',1,(#16409,#16410),.UNSPECIFIED.,
  .F.,.F.,(2,2),(5.540181630597,9.450482130558),
  .PIECEWISE_BEZIER_KNOTS.);
#16409 = CARTESIAN_POINT('',(0.,-34.88));
#16410 = CARTESIAN_POINT('',(3.910300499962,-34.88));
#16411 = ( GEOMETRIC_REPRESENTATION_CONTEXT(2) 
PARAMETRIC_REPRESENTATION_CONTEXT() REPRESENTATION_CONTEXT('2D SPACE',''
  ) );
#16412 = ORIENTED_EDGE('',*,*,#16368,.T.);
#16413 = ADVANCED_FACE('',(#16414),#9116,.T.);
#16414 = FACE_BOUND('',#16415,.T.);
#16415 = EDGE_LOOP('',(#16416,#16417,#16418,#16419,#16440));
#16416 = ORIENTED_EDGE('',*,*,#13169,.T.);
#16417 = ORIENTED_EDGE('',*,*,#16228,.T.);
#16418 = ORIENTED_EDGE('',*,*,#9101,.F.);
#16419 = ORIENTED_EDGE('',*,*,#16420,.T.);
#16420 = EDGE_CURVE('',#9073,#16421,#16423,.T.);
#16421 = VERTEX_POINT('',#16422);
#16422 = CARTESIAN_POINT('',(64.87,-33.255,14.4));
#16423 = SURFACE_CURVE('',#16424,(#16428,#16434),.PCURVE_S1.);
#16424 = LINE('',#16425,#16426);
#16425 = CARTESIAN_POINT('',(64.87,-33.255,24.5));
#16426 = VECTOR('',#16427,1.);
#16427 = DIRECTION('',(0.,0.,-1.));
#16428 = PCURVE('',#9116,#16429);
#16429 = DEFINITIONAL_REPRESENTATION('',(#16430),#16433);
#16430 = B_SPLINE_CURVE_WITH_KNOTS('',1,(#16431,#16432),.UNSPECIFIED.,
  .F.,.F.,(2,2),(-11.1,10.1),.PIECEWISE_BEZIER_KNOTS.);
#16431 = CARTESIAN_POINT('',(22.2,-1.));
#16432 = CARTESIAN_POINT('',(1.,-1.));
#16433 = ( GEOMETRIC_REPRESENTATION_CONTEXT(2) 
PARAMETRIC_REPRESENTATION_CONTEXT() REPRESENTATION_CONTEXT('2D SPACE',''
  ) );
#16434 = PCURVE('',#9089,#16435);
#16435 = DEFINITIONAL_REPRESENTATION('',(#16436),#16439);
#16436 = B_SPLINE_CURVE_WITH_KNOTS('',1,(#16437,#16438),.UNSPECIFIED.,
  .F.,.F.,(2,2),(-11.1,10.1),.PIECEWISE_BEZIER_KNOTS.);
#16437 = CARTESIAN_POINT('',(0.,-24.87));
#16438 = CARTESIAN_POINT('',(21.2,-24.87));
#16439 = ( GEOMETRIC_REPRESENTATION_CONTEXT(2) 
PARAMETRIC_REPRESENTATION_CONTEXT() REPRESENTATION_CONTEXT('2D SPACE',''
  ) );
#16440 = ORIENTED_EDGE('',*,*,#16441,.T.);
#16441 = EDGE_CURVE('',#16421,#13142,#16442,.T.);
#16442 = SURFACE_CURVE('',#16443,(#16447,#16453),.PCURVE_S1.);
#16443 = LINE('',#16444,#16445);
#16444 = CARTESIAN_POINT('',(64.87,-33.755,13.9));
#16445 = VECTOR('',#16446,1.);
#16446 = DIRECTION('',(-0.,0.707106781187,0.707106781187));
#16447 = PCURVE('',#9116,#16448);
#16448 = DEFINITIONAL_REPRESENTATION('',(#16449),#16452);
#16449 = B_SPLINE_CURVE_WITH_KNOTS('',1,(#16450,#16451),.UNSPECIFIED.,
  .F.,.F.,(2,2),(0.707106781187,4.617407281148),
  .PIECEWISE_BEZIER_KNOTS.);
#16450 = CARTESIAN_POINT('',(1.,-1.));
#16451 = CARTESIAN_POINT('',(3.765,-3.765));
#16452 = ( GEOMETRIC_REPRESENTATION_CONTEXT(2) 
PARAMETRIC_REPRESENTATION_CONTEXT() REPRESENTATION_CONTEXT('2D SPACE',''
  ) );
#16453 = PCURVE('',#13157,#16454);
#16454 = DEFINITIONAL_REPRESENTATION('',(#16455),#16458);
#16455 = B_SPLINE_CURVE_WITH_KNOTS('',1,(#16456,#16457),.UNSPECIFIED.,
  .F.,.F.,(2,2),(0.707106781187,4.617407281148),
  .PIECEWISE_BEZIER_KNOTS.);
#16456 = CARTESIAN_POINT('',(0.,-24.87));
#16457 = CARTESIAN_POINT('',(3.910300499962,-24.87));
#16458 = ( GEOMETRIC_REPRESENTATION_CONTEXT(2) 
PARAMETRIC_REPRESENTATION_CONTEXT() REPRESENTATION_CONTEXT('2D SPACE',''
  ) );
#16459 = ADVANCED_FACE('',(#16460),#9089,.F.);
#16460 = FACE_BOUND('',#16461,.F.);
#16461 = EDGE_LOOP('',(#16462,#16483,#16484,#16485));
#16462 = ORIENTED_EDGE('',*,*,#16463,.F.);
#16463 = EDGE_CURVE('',#9047,#16464,#16466,.T.);
#16464 = VERTEX_POINT('',#16465);
#16465 = CARTESIAN_POINT('',(60.09,-33.255,14.4));
#16466 = SURFACE_CURVE('',#16467,(#16471,#16477),.PCURVE_S1.);
#16467 = LINE('',#16468,#16469);
#16468 = CARTESIAN_POINT('',(60.09,-33.255,24.5));
#16469 = VECTOR('',#16470,1.);
#16470 = DIRECTION('',(0.,0.,-1.));
#16471 = PCURVE('',#9089,#16472);
#16472 = DEFINITIONAL_REPRESENTATION('',(#16473),#16476);
#16473 = B_SPLINE_CURVE_WITH_KNOTS('',1,(#16474,#16475),.UNSPECIFIED.,
  .F.,.F.,(2,2),(-11.1,10.1),.PIECEWISE_BEZIER_KNOTS.);
#16474 = CARTESIAN_POINT('',(0.,-20.09));
#16475 = CARTESIAN_POINT('',(21.2,-20.09));
#16476 = ( GEOMETRIC_REPRESENTATION_CONTEXT(2) 
PARAMETRIC_REPRESENTATION_CONTEXT() REPRESENTATION_CONTEXT('2D SPACE',''
  ) );
#16477 = PCURVE('',#9061,#16478);
#16478 = DEFINITIONAL_REPRESENTATION('',(#16479),#16482);
#16479 = B_SPLINE_CURVE_WITH_KNOTS('',1,(#16480,#16481),.UNSPECIFIED.,
  .F.,.F.,(2,2),(-11.1,10.1),.PIECEWISE_BEZIER_KNOTS.);
#16480 = CARTESIAN_POINT('',(22.2,-1.));
#16481 = CARTESIAN_POINT('',(1.,-1.));
#16482 = ( GEOMETRIC_REPRESENTATION_CONTEXT(2) 
PARAMETRIC_REPRESENTATION_CONTEXT() REPRESENTATION_CONTEXT('2D SPACE',''
  ) );
#16483 = ORIENTED_EDGE('',*,*,#9072,.F.);
#16484 = ORIENTED_EDGE('',*,*,#16420,.T.);
#16485 = ORIENTED_EDGE('',*,*,#16486,.F.);
#16486 = EDGE_CURVE('',#16464,#16421,#16487,.T.);
#16487 = SURFACE_CURVE('',#16488,(#16492,#16499),.PCURVE_S1.);
#16488 = LINE('',#16489,#16490);
#16489 = CARTESIAN_POINT('',(40.,-33.255,14.4));
#16490 = VECTOR('',#16491,1.);
#16491 = DIRECTION('',(1.,0.,0.));
#16492 = PCURVE('',#9089,#16493);
#16493 = DEFINITIONAL_REPRESENTATION('',(#16494),#16498);
#16494 = LINE('',#16495,#16496);
#16495 = CARTESIAN_POINT('',(21.2,0.));
#16496 = VECTOR('',#16497,1.);
#16497 = DIRECTION('',(0.,-1.));
#16498 = ( GEOMETRIC_REPRESENTATION_CONTEXT(2) 
PARAMETRIC_REPRESENTATION_CONTEXT() REPRESENTATION_CONTEXT('2D SPACE',''
  ) );
#16499 = PCURVE('',#13157,#16500);
#16500 = DEFINITIONAL_REPRESENTATION('',(#16501),#16505);
#16501 = LINE('',#16502,#16503);
#16502 = CARTESIAN_POINT('',(0.,0.));
#16503 = VECTOR('',#16504,1.);
#16504 = DIRECTION('',(0.,-1.));
#16505 = ( GEOMETRIC_REPRESENTATION_CONTEXT(2) 
PARAMETRIC_REPRESENTATION_CONTEXT() REPRESENTATION_CONTEXT('2D SPACE',''
  ) );
#16506 = ADVANCED_FACE('',(#16507),#9061,.F.);
#16507 = FACE_BOUND('',#16508,.F.);
#16508 = EDGE_LOOP('',(#16509,#16510,#16531,#16532,#16533));
#16509 = ORIENTED_EDGE('',*,*,#13120,.T.);
#16510 = ORIENTED_EDGE('',*,*,#16511,.T.);
#16511 = EDGE_CURVE('',#13100,#9018,#16512,.T.);
#16512 = SURFACE_CURVE('',#16513,(#16517,#16524),.PCURVE_S1.);
#16513 = LINE('',#16514,#16515);
#16514 = CARTESIAN_POINT('',(60.09,-30.255,13.4));
#16515 = VECTOR('',#16516,1.);
#16516 = DIRECTION('',(0.,0.,1.));
#16517 = PCURVE('',#9061,#16518);
#16518 = DEFINITIONAL_REPRESENTATION('',(#16519),#16523);
#16519 = LINE('',#16520,#16521);
#16520 = CARTESIAN_POINT('',(0.,-4.));
#16521 = VECTOR('',#16522,1.);
#16522 = DIRECTION('',(1.,0.));
#16523 = ( GEOMETRIC_REPRESENTATION_CONTEXT(2) 
PARAMETRIC_REPRESENTATION_CONTEXT() REPRESENTATION_CONTEXT('2D SPACE',''
  ) );
#16524 = PCURVE('',#9034,#16525);
#16525 = DEFINITIONAL_REPRESENTATION('',(#16526),#16530);
#16526 = LINE('',#16527,#16528);
#16527 = CARTESIAN_POINT('',(0.,5.23));
#16528 = VECTOR('',#16529,1.);
#16529 = DIRECTION('',(1.,0.));
#16530 = ( GEOMETRIC_REPRESENTATION_CONTEXT(2) 
PARAMETRIC_REPRESENTATION_CONTEXT() REPRESENTATION_CONTEXT('2D SPACE',''
  ) );
#16531 = ORIENTED_EDGE('',*,*,#9046,.F.);
#16532 = ORIENTED_EDGE('',*,*,#16463,.T.);
#16533 = ORIENTED_EDGE('',*,*,#16534,.T.);
#16534 = EDGE_CURVE('',#16464,#13121,#16535,.T.);
#16535 = SURFACE_CURVE('',#16536,(#16540,#16546),.PCURVE_S1.);
#16536 = LINE('',#16537,#16538);
#16537 = CARTESIAN_POINT('',(60.09,-33.755,13.9));
#16538 = VECTOR('',#16539,1.);
#16539 = DIRECTION('',(-0.,0.707106781187,0.707106781187));
#16540 = PCURVE('',#9061,#16541);
#16541 = DEFINITIONAL_REPRESENTATION('',(#16542),#16545);
#16542 = B_SPLINE_CURVE_WITH_KNOTS('',1,(#16543,#16544),.UNSPECIFIED.,
  .F.,.F.,(2,2),(0.707106781187,4.617407281148),
  .PIECEWISE_BEZIER_KNOTS.);
#16543 = CARTESIAN_POINT('',(1.,-1.));
#16544 = CARTESIAN_POINT('',(3.765,-3.765));
#16545 = ( GEOMETRIC_REPRESENTATION_CONTEXT(2) 
PARAMETRIC_REPRESENTATION_CONTEXT() REPRESENTATION_CONTEXT('2D SPACE',''
  ) );
#16546 = PCURVE('',#13157,#16547);
#16547 = DEFINITIONAL_REPRESENTATION('',(#16548),#16551);
#16548 = B_SPLINE_CURVE_WITH_KNOTS('',1,(#16549,#16550),.UNSPECIFIED.,
  .F.,.F.,(2,2),(0.707106781187,4.617407281148),
  .PIECEWISE_BEZIER_KNOTS.);
#16549 = CARTESIAN_POINT('',(0.,-20.09));
#16550 = CARTESIAN_POINT('',(3.910300499962,-20.09));
#16551 = ( GEOMETRIC_REPRESENTATION_CONTEXT(2) 
PARAMETRIC_REPRESENTATION_CONTEXT() REPRESENTATION_CONTEXT('2D SPACE',''
  ) );
#16552 = ADVANCED_FACE('',(#16553),#9034,.F.);
#16553 = FACE_BOUND('',#16554,.F.);
#16554 = EDGE_LOOP('',(#16555,#16556,#16557,#16578,#16579,#16580,#16601,
    #16602,#16623));
#16555 = ORIENTED_EDGE('',*,*,#16511,.F.);
#16556 = ORIENTED_EDGE('',*,*,#13099,.T.);
#16557 = ORIENTED_EDGE('',*,*,#16558,.T.);
#16558 = EDGE_CURVE('',#13079,#9367,#16559,.T.);
#16559 = SURFACE_CURVE('',#16560,(#16564,#16571),.PCURVE_S1.);
#16560 = LINE('',#16561,#16562);
#16561 = CARTESIAN_POINT('',(54.86,-30.255,13.4));
#16562 = VECTOR('',#16563,1.);
#16563 = DIRECTION('',(0.,0.,1.));
#16564 = PCURVE('',#9034,#16565);
#16565 = DEFINITIONAL_REPRESENTATION('',(#16566),#16570);
#16566 = LINE('',#16567,#16568);
#16567 = CARTESIAN_POINT('',(0.,0.));
#16568 = VECTOR('',#16569,1.);
#16569 = DIRECTION('',(1.,0.));
#16570 = ( GEOMETRIC_REPRESENTATION_CONTEXT(2) 
PARAMETRIC_REPRESENTATION_CONTEXT() REPRESENTATION_CONTEXT('2D SPACE',''
  ) );
#16571 = PCURVE('',#9381,#16572);
#16572 = DEFINITIONAL_REPRESENTATION('',(#16573),#16577);
#16573 = LINE('',#16574,#16575);
#16574 = CARTESIAN_POINT('',(0.,-4.));
#16575 = VECTOR('',#16576,1.);
#16576 = DIRECTION('',(1.,0.));
#16577 = ( GEOMETRIC_REPRESENTATION_CONTEXT(2) 
PARAMETRIC_REPRESENTATION_CONTEXT() REPRESENTATION_CONTEXT('2D SPACE',''
  ) );
#16578 = ORIENTED_EDGE('',*,*,#9392,.F.);
#16579 = ORIENTED_EDGE('',*,*,#9177,.F.);
#16580 = ORIENTED_EDGE('',*,*,#16581,.T.);
#16581 = EDGE_CURVE('',#9178,#14334,#16582,.T.);
#16582 = SURFACE_CURVE('',#16583,(#16587,#16594),.PCURVE_S1.);
#16583 = LINE('',#16584,#16585);
#16584 = CARTESIAN_POINT('',(54.86,-30.255,13.4));
#16585 = VECTOR('',#16586,1.);
#16586 = DIRECTION('',(0.,0.,1.));
#16587 = PCURVE('',#9034,#16588);
#16588 = DEFINITIONAL_REPRESENTATION('',(#16589),#16593);
#16589 = LINE('',#16590,#16591);
#16590 = CARTESIAN_POINT('',(0.,0.));
#16591 = VECTOR('',#16592,1.);
#16592 = DIRECTION('',(1.,0.));
#16593 = ( GEOMETRIC_REPRESENTATION_CONTEXT(2) 
PARAMETRIC_REPRESENTATION_CONTEXT() REPRESENTATION_CONTEXT('2D SPACE',''
  ) );
#16594 = PCURVE('',#9216,#16595);
#16595 = DEFINITIONAL_REPRESENTATION('',(#16596),#16600);
#16596 = LINE('',#16597,#16598);
#16597 = CARTESIAN_POINT('',(0.,-4.));
#16598 = VECTOR('',#16599,1.);
#16599 = DIRECTION('',(1.,0.));
#16600 = ( GEOMETRIC_REPRESENTATION_CONTEXT(2) 
PARAMETRIC_REPRESENTATION_CONTEXT() REPRESENTATION_CONTEXT('2D SPACE',''
  ) );
#16601 = ORIENTED_EDGE('',*,*,#14333,.T.);
#16602 = ORIENTED_EDGE('',*,*,#16603,.F.);
#16603 = EDGE_CURVE('',#8992,#14313,#16604,.T.);
#16604 = SURFACE_CURVE('',#16605,(#16609,#16616),.PCURVE_S1.);
#16605 = LINE('',#16606,#16607);
#16606 = CARTESIAN_POINT('',(60.09,-30.255,13.4));
#16607 = VECTOR('',#16608,1.);
#16608 = DIRECTION('',(0.,0.,1.));
#16609 = PCURVE('',#9034,#16610);
#16610 = DEFINITIONAL_REPRESENTATION('',(#16611),#16615);
#16611 = LINE('',#16612,#16613);
#16612 = CARTESIAN_POINT('',(0.,5.23));
#16613 = VECTOR('',#16614,1.);
#16614 = DIRECTION('',(1.,0.));
#16615 = ( GEOMETRIC_REPRESENTATION_CONTEXT(2) 
PARAMETRIC_REPRESENTATION_CONTEXT() REPRESENTATION_CONTEXT('2D SPACE',''
  ) );
#16616 = PCURVE('',#9006,#16617);
#16617 = DEFINITIONAL_REPRESENTATION('',(#16618),#16622);
#16618 = LINE('',#16619,#16620);
#16619 = CARTESIAN_POINT('',(0.,-4.));
#16620 = VECTOR('',#16621,1.);
#16621 = DIRECTION('',(1.,0.));
#16622 = ( GEOMETRIC_REPRESENTATION_CONTEXT(2) 
PARAMETRIC_REPRESENTATION_CONTEXT() REPRESENTATION_CONTEXT('2D SPACE',''
  ) );
#16623 = ORIENTED_EDGE('',*,*,#9017,.F.);
#16624 = ADVANCED_FACE('',(#16625),#9006,.F.);
#16625 = FACE_BOUND('',#16626,.F.);
#16626 = EDGE_LOOP('',(#16627,#16628,#16629,#16630,#16651));
#16627 = ORIENTED_EDGE('',*,*,#8991,.T.);
#16628 = ORIENTED_EDGE('',*,*,#16603,.T.);
#16629 = ORIENTED_EDGE('',*,*,#14312,.T.);
#16630 = ORIENTED_EDGE('',*,*,#16631,.T.);
#16631 = EDGE_CURVE('',#14285,#16632,#16634,.T.);
#16632 = VERTEX_POINT('',#16633);
#16633 = CARTESIAN_POINT('',(60.09,-33.255,35.6));
#16634 = SURFACE_CURVE('',#16635,(#16639,#16645),.PCURVE_S1.);
#16635 = LINE('',#16636,#16637);
#16636 = CARTESIAN_POINT('',(60.09,-26.5725,28.9175));
#16637 = VECTOR('',#16638,1.);
#16638 = DIRECTION('',(0.,-0.707106781187,0.707106781187));
#16639 = PCURVE('',#9006,#16640);
#16640 = DEFINITIONAL_REPRESENTATION('',(#16641),#16644);
#16641 = B_SPLINE_CURVE_WITH_KNOTS('',1,(#16642,#16643),.UNSPECIFIED.,
  .F.,.F.,(2,2),(5.540181630597,9.450482130558),
  .PIECEWISE_BEZIER_KNOTS.);
#16642 = CARTESIAN_POINT('',(19.435,-3.765));
#16643 = CARTESIAN_POINT('',(22.2,-1.));
#16644 = ( GEOMETRIC_REPRESENTATION_CONTEXT(2) 
PARAMETRIC_REPRESENTATION_CONTEXT() REPRESENTATION_CONTEXT('2D SPACE',''
  ) );
#16645 = PCURVE('',#14300,#16646);
#16646 = DEFINITIONAL_REPRESENTATION('',(#16647),#16650);
#16647 = B_SPLINE_CURVE_WITH_KNOTS('',1,(#16648,#16649),.UNSPECIFIED.,
  .F.,.F.,(2,2),(5.540181630597,9.450482130558),
  .PIECEWISE_BEZIER_KNOTS.);
#16648 = CARTESIAN_POINT('',(0.,-20.09));
#16649 = CARTESIAN_POINT('',(3.910300499962,-20.09));
#16650 = ( GEOMETRIC_REPRESENTATION_CONTEXT(2) 
PARAMETRIC_REPRESENTATION_CONTEXT() REPRESENTATION_CONTEXT('2D SPACE',''
  ) );
#16651 = ORIENTED_EDGE('',*,*,#16652,.T.);
#16652 = EDGE_CURVE('',#16632,#8963,#16653,.T.);
#16653 = SURFACE_CURVE('',#16654,(#16658,#16664),.PCURVE_S1.);
#16654 = LINE('',#16655,#16656);
#16655 = CARTESIAN_POINT('',(60.09,-33.255,24.5));
#16656 = VECTOR('',#16657,1.);
#16657 = DIRECTION('',(0.,0.,-1.));
#16658 = PCURVE('',#9006,#16659);
#16659 = DEFINITIONAL_REPRESENTATION('',(#16660),#16663);
#16660 = B_SPLINE_CURVE_WITH_KNOTS('',1,(#16661,#16662),.UNSPECIFIED.,
  .F.,.F.,(2,2),(-11.1,10.1),.PIECEWISE_BEZIER_KNOTS.);
#16661 = CARTESIAN_POINT('',(22.2,-1.));
#16662 = CARTESIAN_POINT('',(1.,-1.));
#16663 = ( GEOMETRIC_REPRESENTATION_CONTEXT(2) 
PARAMETRIC_REPRESENTATION_CONTEXT() REPRESENTATION_CONTEXT('2D SPACE',''
  ) );
#16664 = PCURVE('',#8979,#16665);
#16665 = DEFINITIONAL_REPRESENTATION('',(#16666),#16669);
#16666 = B_SPLINE_CURVE_WITH_KNOTS('',1,(#16667,#16668),.UNSPECIFIED.,
  .F.,.F.,(2,2),(-11.1,10.1),.PIECEWISE_BEZIER_KNOTS.);
#16667 = CARTESIAN_POINT('',(0.,-20.09));
#16668 = CARTESIAN_POINT('',(21.2,-20.09));
#16669 = ( GEOMETRIC_REPRESENTATION_CONTEXT(2) 
PARAMETRIC_REPRESENTATION_CONTEXT() REPRESENTATION_CONTEXT('2D SPACE',''
  ) );
#16670 = ADVANCED_FACE('',(#16671),#8979,.F.);
#16671 = FACE_BOUND('',#16672,.F.);
#16672 = EDGE_LOOP('',(#16673,#16674,#16697,#16716));
#16673 = ORIENTED_EDGE('',*,*,#16652,.F.);
#16674 = ORIENTED_EDGE('',*,*,#16675,.T.);
#16675 = EDGE_CURVE('',#16632,#16676,#16678,.T.);
#16676 = VERTEX_POINT('',#16677);
#16677 = CARTESIAN_POINT('',(64.87,-33.255,35.6));
#16678 = SURFACE_CURVE('',#16679,(#16683,#16690),.PCURVE_S1.);
#16679 = LINE('',#16680,#16681);
#16680 = CARTESIAN_POINT('',(40.,-33.255,35.6));
#16681 = VECTOR('',#16682,1.);
#16682 = DIRECTION('',(1.,0.,0.));
#16683 = PCURVE('',#8979,#16684);
#16684 = DEFINITIONAL_REPRESENTATION('',(#16685),#16689);
#16685 = LINE('',#16686,#16687);
#16686 = CARTESIAN_POINT('',(0.,0.));
#16687 = VECTOR('',#16688,1.);
#16688 = DIRECTION('',(0.,-1.));
#16689 = ( GEOMETRIC_REPRESENTATION_CONTEXT(2) 
PARAMETRIC_REPRESENTATION_CONTEXT() REPRESENTATION_CONTEXT('2D SPACE',''
  ) );
#16690 = PCURVE('',#14300,#16691);
#16691 = DEFINITIONAL_REPRESENTATION('',(#16692),#16696);
#16692 = LINE('',#16693,#16694);
#16693 = CARTESIAN_POINT('',(3.910300499962,0.));
#16694 = VECTOR('',#16695,1.);
#16695 = DIRECTION('',(0.,-1.));
#16696 = ( GEOMETRIC_REPRESENTATION_CONTEXT(2) 
PARAMETRIC_REPRESENTATION_CONTEXT() REPRESENTATION_CONTEXT('2D SPACE',''
  ) );
#16697 = ORIENTED_EDGE('',*,*,#16698,.T.);
#16698 = EDGE_CURVE('',#16676,#8937,#16699,.T.);
#16699 = SURFACE_CURVE('',#16700,(#16704,#16710),.PCURVE_S1.);
#16700 = LINE('',#16701,#16702);
#16701 = CARTESIAN_POINT('',(64.87,-33.255,24.5));
#16702 = VECTOR('',#16703,1.);
#16703 = DIRECTION('',(0.,0.,-1.));
#16704 = PCURVE('',#8979,#16705);
#16705 = DEFINITIONAL_REPRESENTATION('',(#16706),#16709);
#16706 = B_SPLINE_CURVE_WITH_KNOTS('',1,(#16707,#16708),.UNSPECIFIED.,
  .F.,.F.,(2,2),(-11.1,10.1),.PIECEWISE_BEZIER_KNOTS.);
#16707 = CARTESIAN_POINT('',(0.,-24.87));
#16708 = CARTESIAN_POINT('',(21.2,-24.87));
#16709 = ( GEOMETRIC_REPRESENTATION_CONTEXT(2) 
PARAMETRIC_REPRESENTATION_CONTEXT() REPRESENTATION_CONTEXT('2D SPACE',''
  ) );
#16710 = PCURVE('',#8951,#16711);
#16711 = DEFINITIONAL_REPRESENTATION('',(#16712),#16715);
#16712 = B_SPLINE_CURVE_WITH_KNOTS('',1,(#16713,#16714),.UNSPECIFIED.,
  .F.,.F.,(2,2),(-11.1,10.1),.PIECEWISE_BEZIER_KNOTS.);
#16713 = CARTESIAN_POINT('',(22.2,-1.));
#16714 = CARTESIAN_POINT('',(1.,-1.));
#16715 = ( GEOMETRIC_REPRESENTATION_CONTEXT(2) 
PARAMETRIC_REPRESENTATION_CONTEXT() REPRESENTATION_CONTEXT('2D SPACE',''
  ) );
#16716 = ORIENTED_EDGE('',*,*,#8962,.F.);
#16717 = ADVANCED_FACE('',(#16718),#8951,.T.);
#16718 = FACE_BOUND('',#16719,.T.);
#16719 = EDGE_LOOP('',(#16720,#16721,#16722,#16723,#16742));
#16720 = ORIENTED_EDGE('',*,*,#8936,.T.);
#16721 = ORIENTED_EDGE('',*,*,#16251,.T.);
#16722 = ORIENTED_EDGE('',*,*,#14263,.T.);
#16723 = ORIENTED_EDGE('',*,*,#16724,.T.);
#16724 = EDGE_CURVE('',#14264,#16676,#16725,.T.);
#16725 = SURFACE_CURVE('',#16726,(#16730,#16736),.PCURVE_S1.);
#16726 = LINE('',#16727,#16728);
#16727 = CARTESIAN_POINT('',(64.87,-26.5725,28.9175));
#16728 = VECTOR('',#16729,1.);
#16729 = DIRECTION('',(0.,-0.707106781187,0.707106781187));
#16730 = PCURVE('',#8951,#16731);
#16731 = DEFINITIONAL_REPRESENTATION('',(#16732),#16735);
#16732 = B_SPLINE_CURVE_WITH_KNOTS('',1,(#16733,#16734),.UNSPECIFIED.,
  .F.,.F.,(2,2),(5.540181630597,9.450482130558),
  .PIECEWISE_BEZIER_KNOTS.);
#16733 = CARTESIAN_POINT('',(19.435,-3.765));
#16734 = CARTESIAN_POINT('',(22.2,-1.));
#16735 = ( GEOMETRIC_REPRESENTATION_CONTEXT(2) 
PARAMETRIC_REPRESENTATION_CONTEXT() REPRESENTATION_CONTEXT('2D SPACE',''
  ) );
#16736 = PCURVE('',#14300,#16737);
#16737 = DEFINITIONAL_REPRESENTATION('',(#16738),#16741);
#16738 = B_SPLINE_CURVE_WITH_KNOTS('',1,(#16739,#16740),.UNSPECIFIED.,
  .F.,.F.,(2,2),(5.540181630597,9.450482130558),
  .PIECEWISE_BEZIER_KNOTS.);
#16739 = CARTESIAN_POINT('',(0.,-24.87));
#16740 = CARTESIAN_POINT('',(3.910300499962,-24.87));
#16741 = ( GEOMETRIC_REPRESENTATION_CONTEXT(2) 
PARAMETRIC_REPRESENTATION_CONTEXT() REPRESENTATION_CONTEXT('2D SPACE',''
  ) );
#16742 = ORIENTED_EDGE('',*,*,#16698,.T.);
#16743 = ADVANCED_FACE('',(#16744),#9381,.T.);
#16744 = FACE_BOUND('',#16745,.T.);
#16745 = EDGE_LOOP('',(#16746,#16747,#16748,#16749,#16770));
#16746 = ORIENTED_EDGE('',*,*,#13078,.T.);
#16747 = ORIENTED_EDGE('',*,*,#16558,.T.);
#16748 = ORIENTED_EDGE('',*,*,#9366,.F.);
#16749 = ORIENTED_EDGE('',*,*,#16750,.T.);
#16750 = EDGE_CURVE('',#9338,#16751,#16753,.T.);
#16751 = VERTEX_POINT('',#16752);
#16752 = CARTESIAN_POINT('',(54.86,-33.255,14.4));
#16753 = SURFACE_CURVE('',#16754,(#16758,#16764),.PCURVE_S1.);
#16754 = LINE('',#16755,#16756);
#16755 = CARTESIAN_POINT('',(54.86,-33.255,24.5));
#16756 = VECTOR('',#16757,1.);
#16757 = DIRECTION('',(0.,0.,-1.));
#16758 = PCURVE('',#9381,#16759);
#16759 = DEFINITIONAL_REPRESENTATION('',(#16760),#16763);
#16760 = B_SPLINE_CURVE_WITH_KNOTS('',1,(#16761,#16762),.UNSPECIFIED.,
  .F.,.F.,(2,2),(-11.1,10.1),.PIECEWISE_BEZIER_KNOTS.);
#16761 = CARTESIAN_POINT('',(22.2,-1.));
#16762 = CARTESIAN_POINT('',(1.,-1.));
#16763 = ( GEOMETRIC_REPRESENTATION_CONTEXT(2) 
PARAMETRIC_REPRESENTATION_CONTEXT() REPRESENTATION_CONTEXT('2D SPACE',''
  ) );
#16764 = PCURVE('',#9354,#16765);
#16765 = DEFINITIONAL_REPRESENTATION('',(#16766),#16769);
#16766 = B_SPLINE_CURVE_WITH_KNOTS('',1,(#16767,#16768),.UNSPECIFIED.,
  .F.,.F.,(2,2),(-11.1,10.1),.PIECEWISE_BEZIER_KNOTS.);
#16767 = CARTESIAN_POINT('',(0.,-14.86));
#16768 = CARTESIAN_POINT('',(21.2,-14.86));
#16769 = ( GEOMETRIC_REPRESENTATION_CONTEXT(2) 
PARAMETRIC_REPRESENTATION_CONTEXT() REPRESENTATION_CONTEXT('2D SPACE',''
  ) );
#16770 = ORIENTED_EDGE('',*,*,#16771,.T.);
#16771 = EDGE_CURVE('',#16751,#13051,#16772,.T.);
#16772 = SURFACE_CURVE('',#16773,(#16777,#16783),.PCURVE_S1.);
#16773 = LINE('',#16774,#16775);
#16774 = CARTESIAN_POINT('',(54.86,-33.755,13.9));
#16775 = VECTOR('',#16776,1.);
#16776 = DIRECTION('',(-0.,0.707106781187,0.707106781187));
#16777 = PCURVE('',#9381,#16778);
#16778 = DEFINITIONAL_REPRESENTATION('',(#16779),#16782);
#16779 = B_SPLINE_CURVE_WITH_KNOTS('',1,(#16780,#16781),.UNSPECIFIED.,
  .F.,.F.,(2,2),(0.707106781187,4.617407281148),
  .PIECEWISE_BEZIER_KNOTS.);
#16780 = CARTESIAN_POINT('',(1.,-1.));
#16781 = CARTESIAN_POINT('',(3.765,-3.765));
#16782 = ( GEOMETRIC_REPRESENTATION_CONTEXT(2) 
PARAMETRIC_REPRESENTATION_CONTEXT() REPRESENTATION_CONTEXT('2D SPACE',''
  ) );
#16783 = PCURVE('',#13066,#16784);
#16784 = DEFINITIONAL_REPRESENTATION('',(#16785),#16788);
#16785 = B_SPLINE_CURVE_WITH_KNOTS('',1,(#16786,#16787),.UNSPECIFIED.,
  .F.,.F.,(2,2),(0.707106781187,4.617407281148),
  .PIECEWISE_BEZIER_KNOTS.);
#16786 = CARTESIAN_POINT('',(0.,-14.86));
#16787 = CARTESIAN_POINT('',(3.910300499962,-14.86));
#16788 = ( GEOMETRIC_REPRESENTATION_CONTEXT(2) 
PARAMETRIC_REPRESENTATION_CONTEXT() REPRESENTATION_CONTEXT('2D SPACE',''
  ) );
#16789 = ADVANCED_FACE('',(#16790),#9354,.F.);
#16790 = FACE_BOUND('',#16791,.F.);
#16791 = EDGE_LOOP('',(#16792,#16813,#16814,#16815));
#16792 = ORIENTED_EDGE('',*,*,#16793,.F.);
#16793 = EDGE_CURVE('',#9312,#16794,#16796,.T.);
#16794 = VERTEX_POINT('',#16795);
#16795 = CARTESIAN_POINT('',(50.08,-33.255,14.4));
#16796 = SURFACE_CURVE('',#16797,(#16801,#16807),.PCURVE_S1.);
#16797 = LINE('',#16798,#16799);
#16798 = CARTESIAN_POINT('',(50.08,-33.255,24.5));
#16799 = VECTOR('',#16800,1.);
#16800 = DIRECTION('',(0.,0.,-1.));
#16801 = PCURVE('',#9354,#16802);
#16802 = DEFINITIONAL_REPRESENTATION('',(#16803),#16806);
#16803 = B_SPLINE_CURVE_WITH_KNOTS('',1,(#16804,#16805),.UNSPECIFIED.,
  .F.,.F.,(2,2),(-11.1,10.1),.PIECEWISE_BEZIER_KNOTS.);
#16804 = CARTESIAN_POINT('',(0.,-10.08));
#16805 = CARTESIAN_POINT('',(21.2,-10.08));
#16806 = ( GEOMETRIC_REPRESENTATION_CONTEXT(2) 
PARAMETRIC_REPRESENTATION_CONTEXT() REPRESENTATION_CONTEXT('2D SPACE',''
  ) );
#16807 = PCURVE('',#9326,#16808);
#16808 = DEFINITIONAL_REPRESENTATION('',(#16809),#16812);
#16809 = B_SPLINE_CURVE_WITH_KNOTS('',1,(#16810,#16811),.UNSPECIFIED.,
  .F.,.F.,(2,2),(-11.1,10.1),.PIECEWISE_BEZIER_KNOTS.);
#16810 = CARTESIAN_POINT('',(22.2,-1.));
#16811 = CARTESIAN_POINT('',(1.,-1.));
#16812 = ( GEOMETRIC_REPRESENTATION_CONTEXT(2) 
PARAMETRIC_REPRESENTATION_CONTEXT() REPRESENTATION_CONTEXT('2D SPACE',''
  ) );
#16813 = ORIENTED_EDGE('',*,*,#9337,.F.);
#16814 = ORIENTED_EDGE('',*,*,#16750,.T.);
#16815 = ORIENTED_EDGE('',*,*,#16816,.F.);
#16816 = EDGE_CURVE('',#16794,#16751,#16817,.T.);
#16817 = SURFACE_CURVE('',#16818,(#16822,#16829),.PCURVE_S1.);
#16818 = LINE('',#16819,#16820);
#16819 = CARTESIAN_POINT('',(40.,-33.255,14.4));
#16820 = VECTOR('',#16821,1.);
#16821 = DIRECTION('',(1.,0.,0.));
#16822 = PCURVE('',#9354,#16823);
#16823 = DEFINITIONAL_REPRESENTATION('',(#16824),#16828);
#16824 = LINE('',#16825,#16826);
#16825 = CARTESIAN_POINT('',(21.2,0.));
#16826 = VECTOR('',#16827,1.);
#16827 = DIRECTION('',(0.,-1.));
#16828 = ( GEOMETRIC_REPRESENTATION_CONTEXT(2) 
PARAMETRIC_REPRESENTATION_CONTEXT() REPRESENTATION_CONTEXT('2D SPACE',''
  ) );
#16829 = PCURVE('',#13066,#16830);
#16830 = DEFINITIONAL_REPRESENTATION('',(#16831),#16835);
#16831 = LINE('',#16832,#16833);
#16832 = CARTESIAN_POINT('',(0.,0.));
#16833 = VECTOR('',#16834,1.);
#16834 = DIRECTION('',(0.,-1.));
#16835 = ( GEOMETRIC_REPRESENTATION_CONTEXT(2) 
PARAMETRIC_REPRESENTATION_CONTEXT() REPRESENTATION_CONTEXT('2D SPACE',''
  ) );
#16836 = ADVANCED_FACE('',(#16837),#9326,.F.);
#16837 = FACE_BOUND('',#16838,.F.);
#16838 = EDGE_LOOP('',(#16839,#16840,#16861,#16862,#16863));
#16839 = ORIENTED_EDGE('',*,*,#13029,.T.);
#16840 = ORIENTED_EDGE('',*,*,#16841,.T.);
#16841 = EDGE_CURVE('',#13009,#9283,#16842,.T.);
#16842 = SURFACE_CURVE('',#16843,(#16847,#16854),.PCURVE_S1.);
#16843 = LINE('',#16844,#16845);
#16844 = CARTESIAN_POINT('',(50.08,-30.255,13.4));
#16845 = VECTOR('',#16846,1.);
#16846 = DIRECTION('',(0.,0.,1.));
#16847 = PCURVE('',#9326,#16848);
#16848 = DEFINITIONAL_REPRESENTATION('',(#16849),#16853);
#16849 = LINE('',#16850,#16851);
#16850 = CARTESIAN_POINT('',(0.,-4.));
#16851 = VECTOR('',#16852,1.);
#16852 = DIRECTION('',(1.,0.));
#16853 = ( GEOMETRIC_REPRESENTATION_CONTEXT(2) 
PARAMETRIC_REPRESENTATION_CONTEXT() REPRESENTATION_CONTEXT('2D SPACE',''
  ) );
#16854 = PCURVE('',#9299,#16855);
#16855 = DEFINITIONAL_REPRESENTATION('',(#16856),#16860);
#16856 = LINE('',#16857,#16858);
#16857 = CARTESIAN_POINT('',(0.,5.23));
#16858 = VECTOR('',#16859,1.);
#16859 = DIRECTION('',(1.,0.));
#16860 = ( GEOMETRIC_REPRESENTATION_CONTEXT(2) 
PARAMETRIC_REPRESENTATION_CONTEXT() REPRESENTATION_CONTEXT('2D SPACE',''
  ) );
#16861 = ORIENTED_EDGE('',*,*,#9311,.F.);
#16862 = ORIENTED_EDGE('',*,*,#16793,.T.);
#16863 = ORIENTED_EDGE('',*,*,#16864,.T.);
#16864 = EDGE_CURVE('',#16794,#13030,#16865,.T.);
#16865 = SURFACE_CURVE('',#16866,(#16870,#16876),.PCURVE_S1.);
#16866 = LINE('',#16867,#16868);
#16867 = CARTESIAN_POINT('',(50.08,-33.755,13.9));
#16868 = VECTOR('',#16869,1.);
#16869 = DIRECTION('',(-0.,0.707106781187,0.707106781187));
#16870 = PCURVE('',#9326,#16871);
#16871 = DEFINITIONAL_REPRESENTATION('',(#16872),#16875);
#16872 = B_SPLINE_CURVE_WITH_KNOTS('',1,(#16873,#16874),.UNSPECIFIED.,
  .F.,.F.,(2,2),(0.707106781187,4.617407281148),
  .PIECEWISE_BEZIER_KNOTS.);
#16873 = CARTESIAN_POINT('',(1.,-1.));
#16874 = CARTESIAN_POINT('',(3.765,-3.765));
#16875 = ( GEOMETRIC_REPRESENTATION_CONTEXT(2) 
PARAMETRIC_REPRESENTATION_CONTEXT() REPRESENTATION_CONTEXT('2D SPACE',''
  ) );
#16876 = PCURVE('',#13066,#16877);
#16877 = DEFINITIONAL_REPRESENTATION('',(#16878),#16881);
#16878 = B_SPLINE_CURVE_WITH_KNOTS('',1,(#16879,#16880),.UNSPECIFIED.,
  .F.,.F.,(2,2),(0.707106781187,4.617407281148),
  .PIECEWISE_BEZIER_KNOTS.);
#16879 = CARTESIAN_POINT('',(0.,-10.08));
#16880 = CARTESIAN_POINT('',(3.910300499962,-10.08));
#16881 = ( GEOMETRIC_REPRESENTATION_CONTEXT(2) 
PARAMETRIC_REPRESENTATION_CONTEXT() REPRESENTATION_CONTEXT('2D SPACE',''
  ) );
#16882 = ADVANCED_FACE('',(#16883),#9299,.F.);
#16883 = FACE_BOUND('',#16884,.F.);
#16884 = EDGE_LOOP('',(#16885,#16886,#16887,#16908,#16909,#16930));
#16885 = ORIENTED_EDGE('',*,*,#16841,.F.);
#16886 = ORIENTED_EDGE('',*,*,#13008,.T.);
#16887 = ORIENTED_EDGE('',*,*,#16888,.T.);
#16888 = EDGE_CURVE('',#12983,#14425,#16889,.T.);
#16889 = SURFACE_CURVE('',#16890,(#16894,#16901),.PCURVE_S1.);
#16890 = LINE('',#16891,#16892);
#16891 = CARTESIAN_POINT('',(44.85,-30.255,13.4));
#16892 = VECTOR('',#16893,1.);
#16893 = DIRECTION('',(0.,0.,1.));
#16894 = PCURVE('',#9299,#16895);
#16895 = DEFINITIONAL_REPRESENTATION('',(#16896),#16900);
#16896 = LINE('',#16897,#16898);
#16897 = CARTESIAN_POINT('',(0.,0.));
#16898 = VECTOR('',#16899,1.);
#16899 = DIRECTION('',(1.,0.));
#16900 = ( GEOMETRIC_REPRESENTATION_CONTEXT(2) 
PARAMETRIC_REPRESENTATION_CONTEXT() REPRESENTATION_CONTEXT('2D SPACE',''
  ) );
#16901 = PCURVE('',#12997,#16902);
#16902 = DEFINITIONAL_REPRESENTATION('',(#16903),#16907);
#16903 = LINE('',#16904,#16905);
#16904 = CARTESIAN_POINT('',(0.,-4.));
#16905 = VECTOR('',#16906,1.);
#16906 = DIRECTION('',(1.,0.));
#16907 = ( GEOMETRIC_REPRESENTATION_CONTEXT(2) 
PARAMETRIC_REPRESENTATION_CONTEXT() REPRESENTATION_CONTEXT('2D SPACE',''
  ) );
#16908 = ORIENTED_EDGE('',*,*,#14424,.T.);
#16909 = ORIENTED_EDGE('',*,*,#16910,.F.);
#16910 = EDGE_CURVE('',#9257,#14404,#16911,.T.);
#16911 = SURFACE_CURVE('',#16912,(#16916,#16923),.PCURVE_S1.);
#16912 = LINE('',#16913,#16914);
#16913 = CARTESIAN_POINT('',(50.08,-30.255,13.4));
#16914 = VECTOR('',#16915,1.);
#16915 = DIRECTION('',(0.,0.,1.));
#16916 = PCURVE('',#9299,#16917);
#16917 = DEFINITIONAL_REPRESENTATION('',(#16918),#16922);
#16918 = LINE('',#16919,#16920);
#16919 = CARTESIAN_POINT('',(0.,5.23));
#16920 = VECTOR('',#16921,1.);
#16921 = DIRECTION('',(1.,0.));
#16922 = ( GEOMETRIC_REPRESENTATION_CONTEXT(2) 
PARAMETRIC_REPRESENTATION_CONTEXT() REPRESENTATION_CONTEXT('2D SPACE',''
  ) );
#16923 = PCURVE('',#9271,#16924);
#16924 = DEFINITIONAL_REPRESENTATION('',(#16925),#16929);
#16925 = LINE('',#16926,#16927);
#16926 = CARTESIAN_POINT('',(0.,-4.));
#16927 = VECTOR('',#16928,1.);
#16928 = DIRECTION('',(1.,0.));
#16929 = ( GEOMETRIC_REPRESENTATION_CONTEXT(2) 
PARAMETRIC_REPRESENTATION_CONTEXT() REPRESENTATION_CONTEXT('2D SPACE',''
  ) );
#16930 = ORIENTED_EDGE('',*,*,#9282,.F.);
#16931 = ADVANCED_FACE('',(#16932),#9271,.F.);
#16932 = FACE_BOUND('',#16933,.F.);
#16933 = EDGE_LOOP('',(#16934,#16935,#16936,#16937,#16958));
#16934 = ORIENTED_EDGE('',*,*,#9256,.T.);
#16935 = ORIENTED_EDGE('',*,*,#16910,.T.);
#16936 = ORIENTED_EDGE('',*,*,#14403,.T.);
#16937 = ORIENTED_EDGE('',*,*,#16938,.T.);
#16938 = EDGE_CURVE('',#14376,#16939,#16941,.T.);
#16939 = VERTEX_POINT('',#16940);
#16940 = CARTESIAN_POINT('',(50.08,-33.255,35.6));
#16941 = SURFACE_CURVE('',#16942,(#16946,#16952),.PCURVE_S1.);
#16942 = LINE('',#16943,#16944);
#16943 = CARTESIAN_POINT('',(50.08,-26.5725,28.9175));
#16944 = VECTOR('',#16945,1.);
#16945 = DIRECTION('',(0.,-0.707106781187,0.707106781187));
#16946 = PCURVE('',#9271,#16947);
#16947 = DEFINITIONAL_REPRESENTATION('',(#16948),#16951);
#16948 = B_SPLINE_CURVE_WITH_KNOTS('',1,(#16949,#16950),.UNSPECIFIED.,
  .F.,.F.,(2,2),(5.540181630597,9.450482130558),
  .PIECEWISE_BEZIER_KNOTS.);
#16949 = CARTESIAN_POINT('',(19.435,-3.765));
#16950 = CARTESIAN_POINT('',(22.2,-1.));
#16951 = ( GEOMETRIC_REPRESENTATION_CONTEXT(2) 
PARAMETRIC_REPRESENTATION_CONTEXT() REPRESENTATION_CONTEXT('2D SPACE',''
  ) );
#16952 = PCURVE('',#14391,#16953);
#16953 = DEFINITIONAL_REPRESENTATION('',(#16954),#16957);
#16954 = B_SPLINE_CURVE_WITH_KNOTS('',1,(#16955,#16956),.UNSPECIFIED.,
  .F.,.F.,(2,2),(5.540181630597,9.450482130558),
  .PIECEWISE_BEZIER_KNOTS.);
#16955 = CARTESIAN_POINT('',(0.,-10.08));
#16956 = CARTESIAN_POINT('',(3.910300499962,-10.08));
#16957 = ( GEOMETRIC_REPRESENTATION_CONTEXT(2) 
PARAMETRIC_REPRESENTATION_CONTEXT() REPRESENTATION_CONTEXT('2D SPACE',''
  ) );
#16958 = ORIENTED_EDGE('',*,*,#16959,.T.);
#16959 = EDGE_CURVE('',#16939,#9228,#16960,.T.);
#16960 = SURFACE_CURVE('',#16961,(#16965,#16971),.PCURVE_S1.);
#16961 = LINE('',#16962,#16963);
#16962 = CARTESIAN_POINT('',(50.08,-33.255,24.5));
#16963 = VECTOR('',#16964,1.);
#16964 = DIRECTION('',(0.,0.,-1.));
#16965 = PCURVE('',#9271,#16966);
#16966 = DEFINITIONAL_REPRESENTATION('',(#16967),#16970);
#16967 = B_SPLINE_CURVE_WITH_KNOTS('',1,(#16968,#16969),.UNSPECIFIED.,
  .F.,.F.,(2,2),(-11.1,10.1),.PIECEWISE_BEZIER_KNOTS.);
#16968 = CARTESIAN_POINT('',(22.2,-1.));
#16969 = CARTESIAN_POINT('',(1.,-1.));
#16970 = ( GEOMETRIC_REPRESENTATION_CONTEXT(2) 
PARAMETRIC_REPRESENTATION_CONTEXT() REPRESENTATION_CONTEXT('2D SPACE',''
  ) );
#16971 = PCURVE('',#9244,#16972);
#16972 = DEFINITIONAL_REPRESENTATION('',(#16973),#16976);
#16973 = B_SPLINE_CURVE_WITH_KNOTS('',1,(#16974,#16975),.UNSPECIFIED.,
  .F.,.F.,(2,2),(-11.1,10.1),.PIECEWISE_BEZIER_KNOTS.);
#16974 = CARTESIAN_POINT('',(0.,-10.08));
#16975 = CARTESIAN_POINT('',(21.2,-10.08));
#16976 = ( GEOMETRIC_REPRESENTATION_CONTEXT(2) 
PARAMETRIC_REPRESENTATION_CONTEXT() REPRESENTATION_CONTEXT('2D SPACE',''
  ) );
#16977 = ADVANCED_FACE('',(#16978),#9244,.F.);
#16978 = FACE_BOUND('',#16979,.F.);
#16979 = EDGE_LOOP('',(#16980,#16981,#17004,#17023));
#16980 = ORIENTED_EDGE('',*,*,#16959,.F.);
#16981 = ORIENTED_EDGE('',*,*,#16982,.T.);
#16982 = EDGE_CURVE('',#16939,#16983,#16985,.T.);
#16983 = VERTEX_POINT('',#16984);
#16984 = CARTESIAN_POINT('',(54.86,-33.255,35.6));
#16985 = SURFACE_CURVE('',#16986,(#16990,#16997),.PCURVE_S1.);
#16986 = LINE('',#16987,#16988);
#16987 = CARTESIAN_POINT('',(40.,-33.255,35.6));
#16988 = VECTOR('',#16989,1.);
#16989 = DIRECTION('',(1.,0.,0.));
#16990 = PCURVE('',#9244,#16991);
#16991 = DEFINITIONAL_REPRESENTATION('',(#16992),#16996);
#16992 = LINE('',#16993,#16994);
#16993 = CARTESIAN_POINT('',(0.,0.));
#16994 = VECTOR('',#16995,1.);
#16995 = DIRECTION('',(0.,-1.));
#16996 = ( GEOMETRIC_REPRESENTATION_CONTEXT(2) 
PARAMETRIC_REPRESENTATION_CONTEXT() REPRESENTATION_CONTEXT('2D SPACE',''
  ) );
#16997 = PCURVE('',#14391,#16998);
#16998 = DEFINITIONAL_REPRESENTATION('',(#16999),#17003);
#16999 = LINE('',#17000,#17001);
#17000 = CARTESIAN_POINT('',(3.910300499962,0.));
#17001 = VECTOR('',#17002,1.);
#17002 = DIRECTION('',(0.,-1.));
#17003 = ( GEOMETRIC_REPRESENTATION_CONTEXT(2) 
PARAMETRIC_REPRESENTATION_CONTEXT() REPRESENTATION_CONTEXT('2D SPACE',''
  ) );
#17004 = ORIENTED_EDGE('',*,*,#17005,.T.);
#17005 = EDGE_CURVE('',#16983,#9202,#17006,.T.);
#17006 = SURFACE_CURVE('',#17007,(#17011,#17017),.PCURVE_S1.);
#17007 = LINE('',#17008,#17009);
#17008 = CARTESIAN_POINT('',(54.86,-33.255,24.5));
#17009 = VECTOR('',#17010,1.);
#17010 = DIRECTION('',(0.,0.,-1.));
#17011 = PCURVE('',#9244,#17012);
#17012 = DEFINITIONAL_REPRESENTATION('',(#17013),#17016);
#17013 = B_SPLINE_CURVE_WITH_KNOTS('',1,(#17014,#17015),.UNSPECIFIED.,
  .F.,.F.,(2,2),(-11.1,10.1),.PIECEWISE_BEZIER_KNOTS.);
#17014 = CARTESIAN_POINT('',(0.,-14.86));
#17015 = CARTESIAN_POINT('',(21.2,-14.86));
#17016 = ( GEOMETRIC_REPRESENTATION_CONTEXT(2) 
PARAMETRIC_REPRESENTATION_CONTEXT() REPRESENTATION_CONTEXT('2D SPACE',''
  ) );
#17017 = PCURVE('',#9216,#17018);
#17018 = DEFINITIONAL_REPRESENTATION('',(#17019),#17022);
#17019 = B_SPLINE_CURVE_WITH_KNOTS('',1,(#17020,#17021),.UNSPECIFIED.,
  .F.,.F.,(2,2),(-11.1,10.1),.PIECEWISE_BEZIER_KNOTS.);
#17020 = CARTESIAN_POINT('',(22.2,-1.));
#17021 = CARTESIAN_POINT('',(1.,-1.));
#17022 = ( GEOMETRIC_REPRESENTATION_CONTEXT(2) 
PARAMETRIC_REPRESENTATION_CONTEXT() REPRESENTATION_CONTEXT('2D SPACE',''
  ) );
#17023 = ORIENTED_EDGE('',*,*,#9227,.F.);
#17024 = ADVANCED_FACE('',(#17025),#9216,.T.);
#17025 = FACE_BOUND('',#17026,.T.);
#17026 = EDGE_LOOP('',(#17027,#17028,#17029,#17030,#17049));
#17027 = ORIENTED_EDGE('',*,*,#9201,.T.);
#17028 = ORIENTED_EDGE('',*,*,#16581,.T.);
#17029 = ORIENTED_EDGE('',*,*,#14354,.T.);
#17030 = ORIENTED_EDGE('',*,*,#17031,.T.);
#17031 = EDGE_CURVE('',#14355,#16983,#17032,.T.);
#17032 = SURFACE_CURVE('',#17033,(#17037,#17043),.PCURVE_S1.);
#17033 = LINE('',#17034,#17035);
#17034 = CARTESIAN_POINT('',(54.86,-26.5725,28.9175));
#17035 = VECTOR('',#17036,1.);
#17036 = DIRECTION('',(0.,-0.707106781187,0.707106781187));
#17037 = PCURVE('',#9216,#17038);
#17038 = DEFINITIONAL_REPRESENTATION('',(#17039),#17042);
#17039 = B_SPLINE_CURVE_WITH_KNOTS('',1,(#17040,#17041),.UNSPECIFIED.,
  .F.,.F.,(2,2),(5.540181630597,9.450482130558),
  .PIECEWISE_BEZIER_KNOTS.);
#17040 = CARTESIAN_POINT('',(19.435,-3.765));
#17041 = CARTESIAN_POINT('',(22.2,-1.));
#17042 = ( GEOMETRIC_REPRESENTATION_CONTEXT(2) 
PARAMETRIC_REPRESENTATION_CONTEXT() REPRESENTATION_CONTEXT('2D SPACE',''
  ) );
#17043 = PCURVE('',#14391,#17044);
#17044 = DEFINITIONAL_REPRESENTATION('',(#17045),#17048);
#17045 = B_SPLINE_CURVE_WITH_KNOTS('',1,(#17046,#17047),.UNSPECIFIED.,
  .F.,.F.,(2,2),(5.540181630597,9.450482130558),
  .PIECEWISE_BEZIER_KNOTS.);
#17046 = CARTESIAN_POINT('',(0.,-14.86));
#17047 = CARTESIAN_POINT('',(3.910300499962,-14.86));
#17048 = ( GEOMETRIC_REPRESENTATION_CONTEXT(2) 
PARAMETRIC_REPRESENTATION_CONTEXT() REPRESENTATION_CONTEXT('2D SPACE',''
  ) );
#17049 = ORIENTED_EDGE('',*,*,#17005,.T.);
#17050 = ADVANCED_FACE('',(#17051),#9461,.F.);
#17051 = FACE_BOUND('',#17052,.F.);
#17052 = EDGE_LOOP('',(#17053,#17054,#17055,#17056));
#17053 = ORIENTED_EDGE('',*,*,#12351,.F.);
#17054 = ORIENTED_EDGE('',*,*,#12397,.T.);
#17055 = ORIENTED_EDGE('',*,*,#9445,.T.);
#17056 = ORIENTED_EDGE('',*,*,#12422,.F.);
#17057 = ADVANCED_FACE('',(#17058),#9597,.F.);
#17058 = FACE_BOUND('',#17059,.F.);
#17059 = EDGE_LOOP('',(#17060,#17061,#17062,#17063));
#17060 = ORIENTED_EDGE('',*,*,#9582,.F.);
#17061 = ORIENTED_EDGE('',*,*,#9653,.T.);
#17062 = ORIENTED_EDGE('',*,*,#9701,.T.);
#17063 = ORIENTED_EDGE('',*,*,#12773,.F.);
#17064 = ADVANCED_FACE('',(#17065),#9810,.F.);
#17065 = FACE_BOUND('',#17066,.F.);
#17066 = EDGE_LOOP('',(#17067,#17068,#17069,#17070));
#17067 = ORIENTED_EDGE('',*,*,#9795,.F.);
#17068 = ORIENTED_EDGE('',*,*,#9866,.T.);
#17069 = ORIENTED_EDGE('',*,*,#9914,.T.);
#17070 = ORIENTED_EDGE('',*,*,#12746,.F.);
#17071 = ADVANCED_FACE('',(#17072),#10023,.F.);
#17072 = FACE_BOUND('',#17073,.F.);
#17073 = EDGE_LOOP('',(#17074,#17075,#17076,#17077));
#17074 = ORIENTED_EDGE('',*,*,#10008,.F.);
#17075 = ORIENTED_EDGE('',*,*,#10079,.T.);
#17076 = ORIENTED_EDGE('',*,*,#10127,.T.);
#17077 = ORIENTED_EDGE('',*,*,#12719,.F.);
#17078 = ADVANCED_FACE('',(#17079),#10236,.F.);
#17079 = FACE_BOUND('',#17080,.F.);
#17080 = EDGE_LOOP('',(#17081,#17082,#17083,#17084));
#17081 = ORIENTED_EDGE('',*,*,#10221,.F.);
#17082 = ORIENTED_EDGE('',*,*,#10292,.T.);
#17083 = ORIENTED_EDGE('',*,*,#10340,.T.);
#17084 = ORIENTED_EDGE('',*,*,#12692,.F.);
#17085 = ADVANCED_FACE('',(#17086),#10449,.F.);
#17086 = FACE_BOUND('',#17087,.F.);
#17087 = EDGE_LOOP('',(#17088,#17089,#17090,#17091));
#17088 = ORIENTED_EDGE('',*,*,#10434,.F.);
#17089 = ORIENTED_EDGE('',*,*,#10505,.T.);
#17090 = ORIENTED_EDGE('',*,*,#10553,.T.);
#17091 = ORIENTED_EDGE('',*,*,#12665,.F.);
#17092 = ADVANCED_FACE('',(#17093),#10662,.F.);
#17093 = FACE_BOUND('',#17094,.F.);
#17094 = EDGE_LOOP('',(#17095,#17096,#17097,#17098));
#17095 = ORIENTED_EDGE('',*,*,#10647,.F.);
#17096 = ORIENTED_EDGE('',*,*,#10718,.T.);
#17097 = ORIENTED_EDGE('',*,*,#10766,.T.);
#17098 = ORIENTED_EDGE('',*,*,#12638,.F.);
#17099 = ADVANCED_FACE('',(#17100),#10875,.F.);
#17100 = FACE_BOUND('',#17101,.F.);
#17101 = EDGE_LOOP('',(#17102,#17103,#17104,#17105));
#17102 = ORIENTED_EDGE('',*,*,#10860,.F.);
#17103 = ORIENTED_EDGE('',*,*,#10931,.T.);
#17104 = ORIENTED_EDGE('',*,*,#10979,.T.);
#17105 = ORIENTED_EDGE('',*,*,#12611,.F.);
#17106 = ADVANCED_FACE('',(#17107),#11088,.F.);
#17107 = FACE_BOUND('',#17108,.F.);
#17108 = EDGE_LOOP('',(#17109,#17110,#17111,#17112));
#17109 = ORIENTED_EDGE('',*,*,#11073,.F.);
#17110 = ORIENTED_EDGE('',*,*,#11144,.T.);
#17111 = ORIENTED_EDGE('',*,*,#11192,.T.);
#17112 = ORIENTED_EDGE('',*,*,#12584,.F.);
#17113 = ADVANCED_FACE('',(#17114),#11301,.F.);
#17114 = FACE_BOUND('',#17115,.F.);
#17115 = EDGE_LOOP('',(#17116,#17117,#17118,#17119));
#17116 = ORIENTED_EDGE('',*,*,#11286,.F.);
#17117 = ORIENTED_EDGE('',*,*,#11357,.T.);
#17118 = ORIENTED_EDGE('',*,*,#11405,.T.);
#17119 = ORIENTED_EDGE('',*,*,#12557,.F.);
#17120 = ADVANCED_FACE('',(#17121),#11514,.F.);
#17121 = FACE_BOUND('',#17122,.F.);
#17122 = EDGE_LOOP('',(#17123,#17124,#17125,#17126));
#17123 = ORIENTED_EDGE('',*,*,#11499,.F.);
#17124 = ORIENTED_EDGE('',*,*,#11570,.T.);
#17125 = ORIENTED_EDGE('',*,*,#11618,.T.);
#17126 = ORIENTED_EDGE('',*,*,#12530,.F.);
#17127 = ADVANCED_FACE('',(#17128),#11727,.F.);
#17128 = FACE_BOUND('',#17129,.F.);
#17129 = EDGE_LOOP('',(#17130,#17131,#17132,#17133));
#17130 = ORIENTED_EDGE('',*,*,#11712,.F.);
#17131 = ORIENTED_EDGE('',*,*,#11783,.T.);
#17132 = ORIENTED_EDGE('',*,*,#11831,.T.);
#17133 = ORIENTED_EDGE('',*,*,#12503,.F.);
#17134 = ADVANCED_FACE('',(#17135),#11940,.F.);
#17135 = FACE_BOUND('',#17136,.F.);
#17136 = EDGE_LOOP('',(#17137,#17138,#17139,#17140));
#17137 = ORIENTED_EDGE('',*,*,#11925,.F.);
#17138 = ORIENTED_EDGE('',*,*,#11996,.T.);
#17139 = ORIENTED_EDGE('',*,*,#12044,.T.);
#17140 = ORIENTED_EDGE('',*,*,#12476,.F.);
#17141 = ADVANCED_FACE('',(#17142),#12153,.F.);
#17142 = FACE_BOUND('',#17143,.F.);
#17143 = EDGE_LOOP('',(#17144,#17145,#17146,#17147));
#17144 = ORIENTED_EDGE('',*,*,#12138,.F.);
#17145 = ORIENTED_EDGE('',*,*,#12209,.T.);
#17146 = ORIENTED_EDGE('',*,*,#12257,.T.);
#17147 = ORIENTED_EDGE('',*,*,#12449,.F.);
#17148 = ADVANCED_FACE('',(#17149),#12916,.F.);
#17149 = FACE_BOUND('',#17150,.F.);
#17150 = EDGE_LOOP('',(#17151,#17172,#17193,#17194));
#17151 = ORIENTED_EDGE('',*,*,#17152,.F.);
#17152 = EDGE_CURVE('',#17153,#13667,#17155,.T.);
#17153 = VERTEX_POINT('',#17154);
#17154 = CARTESIAN_POINT('',(120.15,-33.255,14.4));
#17155 = SURFACE_CURVE('',#17156,(#17160,#17166),.PCURVE_S1.);
#17156 = LINE('',#17157,#17158);
#17157 = CARTESIAN_POINT('',(120.15,-33.755,13.9));
#17158 = VECTOR('',#17159,1.);
#17159 = DIRECTION('',(-0.,0.707106781187,0.707106781187));
#17160 = PCURVE('',#12916,#17161);
#17161 = DEFINITIONAL_REPRESENTATION('',(#17162),#17165);
#17162 = B_SPLINE_CURVE_WITH_KNOTS('',1,(#17163,#17164),.UNSPECIFIED.,
  .F.,.F.,(2,2),(0.707106781187,4.617407281148),
  .PIECEWISE_BEZIER_KNOTS.);
#17163 = CARTESIAN_POINT('',(0.,-80.15));
#17164 = CARTESIAN_POINT('',(3.910300499962,-80.15));
#17165 = ( GEOMETRIC_REPRESENTATION_CONTEXT(2) 
PARAMETRIC_REPRESENTATION_CONTEXT() REPRESENTATION_CONTEXT('2D SPACE',''
  ) );
#17166 = PCURVE('',#13681,#17167);
#17167 = DEFINITIONAL_REPRESENTATION('',(#17168),#17171);
#17168 = B_SPLINE_CURVE_WITH_KNOTS('',1,(#17169,#17170),.UNSPECIFIED.,
  .F.,.F.,(2,2),(0.707106781187,4.617407281148),
  .PIECEWISE_BEZIER_KNOTS.);
#17169 = CARTESIAN_POINT('',(1.,-1.));
#17170 = CARTESIAN_POINT('',(3.765,-3.765));
#17171 = ( GEOMETRIC_REPRESENTATION_CONTEXT(2) 
PARAMETRIC_REPRESENTATION_CONTEXT() REPRESENTATION_CONTEXT('2D SPACE',''
  ) );
#17172 = ORIENTED_EDGE('',*,*,#17173,.T.);
#17173 = EDGE_CURVE('',#17153,#12875,#17174,.T.);
#17174 = SURFACE_CURVE('',#17175,(#17179,#17186),.PCURVE_S1.);
#17175 = LINE('',#17176,#17177);
#17176 = CARTESIAN_POINT('',(40.,-33.255,14.4));
#17177 = VECTOR('',#17178,1.);
#17178 = DIRECTION('',(1.,0.,0.));
#17179 = PCURVE('',#12916,#17180);
#17180 = DEFINITIONAL_REPRESENTATION('',(#17181),#17185);
#17181 = LINE('',#17182,#17183);
#17182 = CARTESIAN_POINT('',(0.,0.));
#17183 = VECTOR('',#17184,1.);
#17184 = DIRECTION('',(0.,-1.));
#17185 = ( GEOMETRIC_REPRESENTATION_CONTEXT(2) 
PARAMETRIC_REPRESENTATION_CONTEXT() REPRESENTATION_CONTEXT('2D SPACE',''
  ) );
#17186 = PCURVE('',#12890,#17187);
#17187 = DEFINITIONAL_REPRESENTATION('',(#17188),#17192);
#17188 = LINE('',#17189,#17190);
#17189 = CARTESIAN_POINT('',(21.2,0.));
#17190 = VECTOR('',#17191,1.);
#17191 = DIRECTION('',(0.,-1.));
#17192 = ( GEOMETRIC_REPRESENTATION_CONTEXT(2) 
PARAMETRIC_REPRESENTATION_CONTEXT() REPRESENTATION_CONTEXT('2D SPACE',''
  ) );
#17193 = ORIENTED_EDGE('',*,*,#12902,.T.);
#17194 = ORIENTED_EDGE('',*,*,#13692,.F.);
#17195 = ADVANCED_FACE('',(#17196),#12890,.F.);
#17196 = FACE_BOUND('',#17197,.F.);
#17197 = EDGE_LOOP('',(#17198,#17219,#17240,#17241));
#17198 = ORIENTED_EDGE('',*,*,#17199,.F.);
#17199 = EDGE_CURVE('',#17200,#17153,#17202,.T.);
#17200 = VERTEX_POINT('',#17201);
#17201 = CARTESIAN_POINT('',(120.15,-33.255,35.6));
#17202 = SURFACE_CURVE('',#17203,(#17207,#17213),.PCURVE_S1.);
#17203 = LINE('',#17204,#17205);
#17204 = CARTESIAN_POINT('',(120.15,-33.255,24.5));
#17205 = VECTOR('',#17206,1.);
#17206 = DIRECTION('',(0.,0.,-1.));
#17207 = PCURVE('',#12890,#17208);
#17208 = DEFINITIONAL_REPRESENTATION('',(#17209),#17212);
#17209 = B_SPLINE_CURVE_WITH_KNOTS('',1,(#17210,#17211),.UNSPECIFIED.,
  .F.,.F.,(2,2),(-11.1,10.1),.PIECEWISE_BEZIER_KNOTS.);
#17210 = CARTESIAN_POINT('',(0.,-80.15));
#17211 = CARTESIAN_POINT('',(21.2,-80.15));
#17212 = ( GEOMETRIC_REPRESENTATION_CONTEXT(2) 
PARAMETRIC_REPRESENTATION_CONTEXT() REPRESENTATION_CONTEXT('2D SPACE',''
  ) );
#17213 = PCURVE('',#13681,#17214);
#17214 = DEFINITIONAL_REPRESENTATION('',(#17215),#17218);
#17215 = B_SPLINE_CURVE_WITH_KNOTS('',1,(#17216,#17217),.UNSPECIFIED.,
  .F.,.F.,(2,2),(-11.1,10.1),.PIECEWISE_BEZIER_KNOTS.);
#17216 = CARTESIAN_POINT('',(22.2,-1.));
#17217 = CARTESIAN_POINT('',(1.,-1.));
#17218 = ( GEOMETRIC_REPRESENTATION_CONTEXT(2) 
PARAMETRIC_REPRESENTATION_CONTEXT() REPRESENTATION_CONTEXT('2D SPACE',''
  ) );
#17219 = ORIENTED_EDGE('',*,*,#17220,.T.);
#17220 = EDGE_CURVE('',#17200,#12847,#17221,.T.);
#17221 = SURFACE_CURVE('',#17222,(#17226,#17233),.PCURVE_S1.);
#17222 = LINE('',#17223,#17224);
#17223 = CARTESIAN_POINT('',(40.,-33.255,35.6));
#17224 = VECTOR('',#17225,1.);
#17225 = DIRECTION('',(1.,0.,0.));
#17226 = PCURVE('',#12890,#17227);
#17227 = DEFINITIONAL_REPRESENTATION('',(#17228),#17232);
#17228 = LINE('',#17229,#17230);
#17229 = CARTESIAN_POINT('',(0.,0.));
#17230 = VECTOR('',#17231,1.);
#17231 = DIRECTION('',(0.,-1.));
#17232 = ( GEOMETRIC_REPRESENTATION_CONTEXT(2) 
PARAMETRIC_REPRESENTATION_CONTEXT() REPRESENTATION_CONTEXT('2D SPACE',''
  ) );
#17233 = PCURVE('',#12862,#17234);
#17234 = DEFINITIONAL_REPRESENTATION('',(#17235),#17239);
#17235 = LINE('',#17236,#17237);
#17236 = CARTESIAN_POINT('',(3.910300499962,0.));
#17237 = VECTOR('',#17238,1.);
#17238 = DIRECTION('',(0.,-1.));
#17239 = ( GEOMETRIC_REPRESENTATION_CONTEXT(2) 
PARAMETRIC_REPRESENTATION_CONTEXT() REPRESENTATION_CONTEXT('2D SPACE',''
  ) );
#17240 = ORIENTED_EDGE('',*,*,#12874,.T.);
#17241 = ORIENTED_EDGE('',*,*,#17173,.F.);
#17242 = ADVANCED_FACE('',(#17243),#12862,.F.);
#17243 = FACE_BOUND('',#17244,.F.);
#17244 = EDGE_LOOP('',(#17245,#17264,#17265,#17266));
#17245 = ORIENTED_EDGE('',*,*,#17246,.F.);
#17246 = EDGE_CURVE('',#13744,#17200,#17247,.T.);
#17247 = SURFACE_CURVE('',#17248,(#17252,#17258),.PCURVE_S1.);
#17248 = LINE('',#17249,#17250);
#17249 = CARTESIAN_POINT('',(120.15,-26.5725,28.9175));
#17250 = VECTOR('',#17251,1.);
#17251 = DIRECTION('',(0.,-0.707106781187,0.707106781187));
#17252 = PCURVE('',#12862,#17253);
#17253 = DEFINITIONAL_REPRESENTATION('',(#17254),#17257);
#17254 = B_SPLINE_CURVE_WITH_KNOTS('',1,(#17255,#17256),.UNSPECIFIED.,
  .F.,.F.,(2,2),(5.540181630597,9.450482130558),
  .PIECEWISE_BEZIER_KNOTS.);
#17255 = CARTESIAN_POINT('',(0.,-80.15));
#17256 = CARTESIAN_POINT('',(3.910300499962,-80.15));
#17257 = ( GEOMETRIC_REPRESENTATION_CONTEXT(2) 
PARAMETRIC_REPRESENTATION_CONTEXT() REPRESENTATION_CONTEXT('2D SPACE',''
  ) );
#17258 = PCURVE('',#13681,#17259);
#17259 = DEFINITIONAL_REPRESENTATION('',(#17260),#17263);
#17260 = B_SPLINE_CURVE_WITH_KNOTS('',1,(#17261,#17262),.UNSPECIFIED.,
  .F.,.F.,(2,2),(5.540181630597,9.450482130558),
  .PIECEWISE_BEZIER_KNOTS.);
#17261 = CARTESIAN_POINT('',(19.435,-3.765));
#17262 = CARTESIAN_POINT('',(22.2,-1.));
#17263 = ( GEOMETRIC_REPRESENTATION_CONTEXT(2) 
PARAMETRIC_REPRESENTATION_CONTEXT() REPRESENTATION_CONTEXT('2D SPACE',''
  ) );
#17264 = ORIENTED_EDGE('',*,*,#13743,.T.);
#17265 = ORIENTED_EDGE('',*,*,#12846,.T.);
#17266 = ORIENTED_EDGE('',*,*,#17220,.F.);
#17267 = ADVANCED_FACE('',(#17268),#13681,.F.);
#17268 = FACE_BOUND('',#17269,.F.);
#17269 = EDGE_LOOP('',(#17270,#17271,#17272,#17273,#17274,#17275));
#17270 = ORIENTED_EDGE('',*,*,#14697,.T.);
#17271 = ORIENTED_EDGE('',*,*,#13766,.T.);
#17272 = ORIENTED_EDGE('',*,*,#17246,.T.);
#17273 = ORIENTED_EDGE('',*,*,#17199,.T.);
#17274 = ORIENTED_EDGE('',*,*,#17152,.T.);
#17275 = ORIENTED_EDGE('',*,*,#13666,.T.);
#17276 = ADVANCED_FACE('',(#17277),#13612,.F.);
#17277 = FACE_BOUND('',#17278,.F.);
#17278 = EDGE_LOOP('',(#17279,#17280,#17281,#17282));
#17279 = ORIENTED_EDGE('',*,*,#14884,.F.);
#17280 = ORIENTED_EDGE('',*,*,#14836,.T.);
#17281 = ORIENTED_EDGE('',*,*,#14791,.T.);
#17282 = ORIENTED_EDGE('',*,*,#13596,.F.);
#17283 = ADVANCED_FACE('',(#17284),#13521,.F.);
#17284 = FACE_BOUND('',#17285,.F.);
#17285 = EDGE_LOOP('',(#17286,#17287,#17288,#17289));
#17286 = ORIENTED_EDGE('',*,*,#15214,.F.);
#17287 = ORIENTED_EDGE('',*,*,#15166,.T.);
#17288 = ORIENTED_EDGE('',*,*,#15121,.T.);
#17289 = ORIENTED_EDGE('',*,*,#13505,.F.);
#17290 = ADVANCED_FACE('',(#17291),#13430,.F.);
#17291 = FACE_BOUND('',#17292,.F.);
#17292 = EDGE_LOOP('',(#17293,#17294,#17295,#17296));
#17293 = ORIENTED_EDGE('',*,*,#15544,.F.);
#17294 = ORIENTED_EDGE('',*,*,#15496,.T.);
#17295 = ORIENTED_EDGE('',*,*,#15451,.T.);
#17296 = ORIENTED_EDGE('',*,*,#13414,.F.);
#17297 = ADVANCED_FACE('',(#17298),#13339,.F.);
#17298 = FACE_BOUND('',#17299,.F.);
#17299 = EDGE_LOOP('',(#17300,#17301,#17302,#17303));
#17300 = ORIENTED_EDGE('',*,*,#15874,.F.);
#17301 = ORIENTED_EDGE('',*,*,#15826,.T.);
#17302 = ORIENTED_EDGE('',*,*,#15781,.T.);
#17303 = ORIENTED_EDGE('',*,*,#13323,.F.);
#17304 = ADVANCED_FACE('',(#17305),#13248,.F.);
#17305 = FACE_BOUND('',#17306,.F.);
#17306 = EDGE_LOOP('',(#17307,#17308,#17309,#17310));
#17307 = ORIENTED_EDGE('',*,*,#16204,.F.);
#17308 = ORIENTED_EDGE('',*,*,#16156,.T.);
#17309 = ORIENTED_EDGE('',*,*,#16111,.T.);
#17310 = ORIENTED_EDGE('',*,*,#13232,.F.);
#17311 = ADVANCED_FACE('',(#17312),#13157,.F.);
#17312 = FACE_BOUND('',#17313,.F.);
#17313 = EDGE_LOOP('',(#17314,#17315,#17316,#17317));
#17314 = ORIENTED_EDGE('',*,*,#16534,.F.);
#17315 = ORIENTED_EDGE('',*,*,#16486,.T.);
#17316 = ORIENTED_EDGE('',*,*,#16441,.T.);
#17317 = ORIENTED_EDGE('',*,*,#13141,.F.);
#17318 = ADVANCED_FACE('',(#17319),#13066,.F.);
#17319 = FACE_BOUND('',#17320,.F.);
#17320 = EDGE_LOOP('',(#17321,#17322,#17323,#17324));
#17321 = ORIENTED_EDGE('',*,*,#16864,.F.);
#17322 = ORIENTED_EDGE('',*,*,#16816,.T.);
#17323 = ORIENTED_EDGE('',*,*,#16771,.T.);
#17324 = ORIENTED_EDGE('',*,*,#13050,.F.);
#17325 = ADVANCED_FACE('',(#17326),#12997,.T.);
#17326 = FACE_BOUND('',#17327,.T.);
#17327 = EDGE_LOOP('',(#17328,#17329,#17330,#17351,#17372,#17391));
#17328 = ORIENTED_EDGE('',*,*,#16888,.T.);
#17329 = ORIENTED_EDGE('',*,*,#14445,.T.);
#17330 = ORIENTED_EDGE('',*,*,#17331,.T.);
#17331 = EDGE_CURVE('',#14446,#17332,#17334,.T.);
#17332 = VERTEX_POINT('',#17333);
#17333 = CARTESIAN_POINT('',(44.85,-33.255,35.6));
#17334 = SURFACE_CURVE('',#17335,(#17339,#17345),.PCURVE_S1.);
#17335 = LINE('',#17336,#17337);
#17336 = CARTESIAN_POINT('',(44.85,-26.5725,28.9175));
#17337 = VECTOR('',#17338,1.);
#17338 = DIRECTION('',(0.,-0.707106781187,0.707106781187));
#17339 = PCURVE('',#12997,#17340);
#17340 = DEFINITIONAL_REPRESENTATION('',(#17341),#17344);
#17341 = B_SPLINE_CURVE_WITH_KNOTS('',1,(#17342,#17343),.UNSPECIFIED.,
  .F.,.F.,(2,2),(5.540181630597,9.450482130558),
  .PIECEWISE_BEZIER_KNOTS.);
#17342 = CARTESIAN_POINT('',(19.435,-3.765));
#17343 = CARTESIAN_POINT('',(22.2,-1.));
#17344 = ( GEOMETRIC_REPRESENTATION_CONTEXT(2) 
PARAMETRIC_REPRESENTATION_CONTEXT() REPRESENTATION_CONTEXT('2D SPACE',''
  ) );
#17345 = PCURVE('',#14480,#17346);
#17346 = DEFINITIONAL_REPRESENTATION('',(#17347),#17350);
#17347 = B_SPLINE_CURVE_WITH_KNOTS('',1,(#17348,#17349),.UNSPECIFIED.,
  .F.,.F.,(2,2),(5.540181630597,9.450482130558),
  .PIECEWISE_BEZIER_KNOTS.);
#17348 = CARTESIAN_POINT('',(0.,-4.85));
#17349 = CARTESIAN_POINT('',(3.910300499962,-4.85));
#17350 = ( GEOMETRIC_REPRESENTATION_CONTEXT(2) 
PARAMETRIC_REPRESENTATION_CONTEXT() REPRESENTATION_CONTEXT('2D SPACE',''
  ) );
#17351 = ORIENTED_EDGE('',*,*,#17352,.T.);
#17352 = EDGE_CURVE('',#17332,#17353,#17355,.T.);
#17353 = VERTEX_POINT('',#17354);
#17354 = CARTESIAN_POINT('',(44.85,-33.255,14.4));
#17355 = SURFACE_CURVE('',#17356,(#17360,#17366),.PCURVE_S1.);
#17356 = LINE('',#17357,#17358);
#17357 = CARTESIAN_POINT('',(44.85,-33.255,24.5));
#17358 = VECTOR('',#17359,1.);
#17359 = DIRECTION('',(0.,0.,-1.));
#17360 = PCURVE('',#12997,#17361);
#17361 = DEFINITIONAL_REPRESENTATION('',(#17362),#17365);
#17362 = B_SPLINE_CURVE_WITH_KNOTS('',1,(#17363,#17364),.UNSPECIFIED.,
  .F.,.F.,(2,2),(-11.1,10.1),.PIECEWISE_BEZIER_KNOTS.);
#17363 = CARTESIAN_POINT('',(22.2,-1.));
#17364 = CARTESIAN_POINT('',(1.,-1.));
#17365 = ( GEOMETRIC_REPRESENTATION_CONTEXT(2) 
PARAMETRIC_REPRESENTATION_CONTEXT() REPRESENTATION_CONTEXT('2D SPACE',''
  ) );
#17366 = PCURVE('',#14537,#17367);
#17367 = DEFINITIONAL_REPRESENTATION('',(#17368),#17371);
#17368 = B_SPLINE_CURVE_WITH_KNOTS('',1,(#17369,#17370),.UNSPECIFIED.,
  .F.,.F.,(2,2),(-11.1,10.1),.PIECEWISE_BEZIER_KNOTS.);
#17369 = CARTESIAN_POINT('',(0.,-4.85));
#17370 = CARTESIAN_POINT('',(21.2,-4.85));
#17371 = ( GEOMETRIC_REPRESENTATION_CONTEXT(2) 
PARAMETRIC_REPRESENTATION_CONTEXT() REPRESENTATION_CONTEXT('2D SPACE',''
  ) );
#17372 = ORIENTED_EDGE('',*,*,#17373,.T.);
#17373 = EDGE_CURVE('',#17353,#12955,#17374,.T.);
#17374 = SURFACE_CURVE('',#17375,(#17379,#17385),.PCURVE_S1.);
#17375 = LINE('',#17376,#17377);
#17376 = CARTESIAN_POINT('',(44.85,-33.755,13.9));
#17377 = VECTOR('',#17378,1.);
#17378 = DIRECTION('',(-0.,0.707106781187,0.707106781187));
#17379 = PCURVE('',#12997,#17380);
#17380 = DEFINITIONAL_REPRESENTATION('',(#17381),#17384);
#17381 = B_SPLINE_CURVE_WITH_KNOTS('',1,(#17382,#17383),.UNSPECIFIED.,
  .F.,.F.,(2,2),(0.707106781187,4.617407281148),
  .PIECEWISE_BEZIER_KNOTS.);
#17382 = CARTESIAN_POINT('',(1.,-1.));
#17383 = CARTESIAN_POINT('',(3.765,-3.765));
#17384 = ( GEOMETRIC_REPRESENTATION_CONTEXT(2) 
PARAMETRIC_REPRESENTATION_CONTEXT() REPRESENTATION_CONTEXT('2D SPACE',''
  ) );
#17385 = PCURVE('',#12970,#17386);
#17386 = DEFINITIONAL_REPRESENTATION('',(#17387),#17390);
#17387 = B_SPLINE_CURVE_WITH_KNOTS('',1,(#17388,#17389),.UNSPECIFIED.,
  .F.,.F.,(2,2),(0.707106781187,4.617407281148),
  .PIECEWISE_BEZIER_KNOTS.);
#17388 = CARTESIAN_POINT('',(0.,-4.85));
#17389 = CARTESIAN_POINT('',(3.910300499962,-4.85));
#17390 = ( GEOMETRIC_REPRESENTATION_CONTEXT(2) 
PARAMETRIC_REPRESENTATION_CONTEXT() REPRESENTATION_CONTEXT('2D SPACE',''
  ) );
#17391 = ORIENTED_EDGE('',*,*,#12982,.T.);
#17392 = ADVANCED_FACE('',(#17393),#12970,.F.);
#17393 = FACE_BOUND('',#17394,.F.);
#17394 = EDGE_LOOP('',(#17395,#17396,#17417,#17418));
#17395 = ORIENTED_EDGE('',*,*,#14549,.F.);
#17396 = ORIENTED_EDGE('',*,*,#17397,.T.);
#17397 = EDGE_CURVE('',#14522,#17353,#17398,.T.);
#17398 = SURFACE_CURVE('',#17399,(#17403,#17410),.PCURVE_S1.);
#17399 = LINE('',#17400,#17401);
#17400 = CARTESIAN_POINT('',(40.,-33.255,14.4));
#17401 = VECTOR('',#17402,1.);
#17402 = DIRECTION('',(1.,0.,0.));
#17403 = PCURVE('',#12970,#17404);
#17404 = DEFINITIONAL_REPRESENTATION('',(#17405),#17409);
#17405 = LINE('',#17406,#17407);
#17406 = CARTESIAN_POINT('',(0.,0.));
#17407 = VECTOR('',#17408,1.);
#17408 = DIRECTION('',(0.,-1.));
#17409 = ( GEOMETRIC_REPRESENTATION_CONTEXT(2) 
PARAMETRIC_REPRESENTATION_CONTEXT() REPRESENTATION_CONTEXT('2D SPACE',''
  ) );
#17410 = PCURVE('',#14537,#17411);
#17411 = DEFINITIONAL_REPRESENTATION('',(#17412),#17416);
#17412 = LINE('',#17413,#17414);
#17413 = CARTESIAN_POINT('',(21.2,0.));
#17414 = VECTOR('',#17415,1.);
#17415 = DIRECTION('',(0.,-1.));
#17416 = ( GEOMETRIC_REPRESENTATION_CONTEXT(2) 
PARAMETRIC_REPRESENTATION_CONTEXT() REPRESENTATION_CONTEXT('2D SPACE',''
  ) );
#17417 = ORIENTED_EDGE('',*,*,#17373,.T.);
#17418 = ORIENTED_EDGE('',*,*,#12954,.F.);
#17419 = ADVANCED_FACE('',(#17420),#14480,.F.);
#17420 = FACE_BOUND('',#17421,.F.);
#17421 = EDGE_LOOP('',(#17422,#17423,#17424,#17425));
#17422 = ORIENTED_EDGE('',*,*,#14498,.F.);
#17423 = ORIENTED_EDGE('',*,*,#14466,.T.);
#17424 = ORIENTED_EDGE('',*,*,#17331,.T.);
#17425 = ORIENTED_EDGE('',*,*,#17426,.F.);
#17426 = EDGE_CURVE('',#14499,#17332,#17427,.T.);
#17427 = SURFACE_CURVE('',#17428,(#17432,#17439),.PCURVE_S1.);
#17428 = LINE('',#17429,#17430);
#17429 = CARTESIAN_POINT('',(40.,-33.255,35.6));
#17430 = VECTOR('',#17431,1.);
#17431 = DIRECTION('',(1.,0.,0.));
#17432 = PCURVE('',#14480,#17433);
#17433 = DEFINITIONAL_REPRESENTATION('',(#17434),#17438);
#17434 = LINE('',#17435,#17436);
#17435 = CARTESIAN_POINT('',(3.910300499962,0.));
#17436 = VECTOR('',#17437,1.);
#17437 = DIRECTION('',(0.,-1.));
#17438 = ( GEOMETRIC_REPRESENTATION_CONTEXT(2) 
PARAMETRIC_REPRESENTATION_CONTEXT() REPRESENTATION_CONTEXT('2D SPACE',''
  ) );
#17439 = PCURVE('',#14537,#17440);
#17440 = DEFINITIONAL_REPRESENTATION('',(#17441),#17445);
#17441 = LINE('',#17442,#17443);
#17442 = CARTESIAN_POINT('',(0.,0.));
#17443 = VECTOR('',#17444,1.);
#17444 = DIRECTION('',(0.,-1.));
#17445 = ( GEOMETRIC_REPRESENTATION_CONTEXT(2) 
PARAMETRIC_REPRESENTATION_CONTEXT() REPRESENTATION_CONTEXT('2D SPACE',''
  ) );
#17446 = ADVANCED_FACE('',(#17447),#14391,.F.);
#17447 = FACE_BOUND('',#17448,.F.);
#17448 = EDGE_LOOP('',(#17449,#17450,#17451,#17452));
#17449 = ORIENTED_EDGE('',*,*,#16938,.F.);
#17450 = ORIENTED_EDGE('',*,*,#14375,.T.);
#17451 = ORIENTED_EDGE('',*,*,#17031,.T.);
#17452 = ORIENTED_EDGE('',*,*,#16982,.F.);
#17453 = ADVANCED_FACE('',(#17454),#14300,.F.);
#17454 = FACE_BOUND('',#17455,.F.);
#17455 = EDGE_LOOP('',(#17456,#17457,#17458,#17459));
#17456 = ORIENTED_EDGE('',*,*,#16631,.F.);
#17457 = ORIENTED_EDGE('',*,*,#14284,.T.);
#17458 = ORIENTED_EDGE('',*,*,#16724,.T.);
#17459 = ORIENTED_EDGE('',*,*,#16675,.F.);
#17460 = ADVANCED_FACE('',(#17461),#14209,.F.);
#17461 = FACE_BOUND('',#17462,.F.);
#17462 = EDGE_LOOP('',(#17463,#17464,#17465,#17466));
#17463 = ORIENTED_EDGE('',*,*,#16301,.F.);
#17464 = ORIENTED_EDGE('',*,*,#14193,.T.);
#17465 = ORIENTED_EDGE('',*,*,#16394,.T.);
#17466 = ORIENTED_EDGE('',*,*,#16345,.F.);
#17467 = ADVANCED_FACE('',(#17468),#14118,.F.);
#17468 = FACE_BOUND('',#17469,.F.);
#17469 = EDGE_LOOP('',(#17470,#17471,#17472,#17473));
#17470 = ORIENTED_EDGE('',*,*,#15971,.F.);
#17471 = ORIENTED_EDGE('',*,*,#14102,.T.);
#17472 = ORIENTED_EDGE('',*,*,#16064,.T.);
#17473 = ORIENTED_EDGE('',*,*,#16015,.F.);
#17474 = ADVANCED_FACE('',(#17475),#14027,.F.);
#17475 = FACE_BOUND('',#17476,.F.);
#17476 = EDGE_LOOP('',(#17477,#17478,#17479,#17480));
#17477 = ORIENTED_EDGE('',*,*,#15641,.F.);
#17478 = ORIENTED_EDGE('',*,*,#14011,.T.);
#17479 = ORIENTED_EDGE('',*,*,#15734,.T.);
#17480 = ORIENTED_EDGE('',*,*,#15685,.F.);
#17481 = ADVANCED_FACE('',(#17482),#13936,.F.);
#17482 = FACE_BOUND('',#17483,.F.);
#17483 = EDGE_LOOP('',(#17484,#17485,#17486,#17487));
#17484 = ORIENTED_EDGE('',*,*,#15311,.F.);
#17485 = ORIENTED_EDGE('',*,*,#13920,.T.);
#17486 = ORIENTED_EDGE('',*,*,#15404,.T.);
#17487 = ORIENTED_EDGE('',*,*,#15355,.F.);
#17488 = ADVANCED_FACE('',(#17489),#13845,.F.);
#17489 = FACE_BOUND('',#17490,.F.);
#17490 = EDGE_LOOP('',(#17491,#17492,#17493,#17494));
#17491 = ORIENTED_EDGE('',*,*,#14981,.F.);
#17492 = ORIENTED_EDGE('',*,*,#13829,.T.);
#17493 = ORIENTED_EDGE('',*,*,#15074,.T.);
#17494 = ORIENTED_EDGE('',*,*,#15025,.F.);
#17495 = ADVANCED_FACE('',(#17496),#14537,.F.);
#17496 = FACE_BOUND('',#17497,.F.);
#17497 = EDGE_LOOP('',(#17498,#17499,#17500,#17501));
#17498 = ORIENTED_EDGE('',*,*,#14521,.F.);
#17499 = ORIENTED_EDGE('',*,*,#17426,.T.);
#17500 = ORIENTED_EDGE('',*,*,#17352,.T.);
#17501 = ORIENTED_EDGE('',*,*,#17397,.F.);
#17502 = ADVANCED_FACE('',(#17503),#14619,.F.);
#17503 = FACE_BOUND('',#17504,.F.);
#17504 = EDGE_LOOP('',(#17505));
#17505 = ORIENTED_EDGE('',*,*,#14604,.T.);
#17506 = ADVANCED_FACE('',(#17507),#14681,.F.);
#17507 = FACE_BOUND('',#17508,.F.);
#17508 = EDGE_LOOP('',(#17509));
#17509 = ORIENTED_EDGE('',*,*,#14666,.T.);
#17510 = ( GEOMETRIC_REPRESENTATION_CONTEXT(3) 
GLOBAL_UNCERTAINTY_ASSIGNED_CONTEXT((#17514)) 
GLOBAL_UNIT_ASSIGNED_CONTEXT((#17511,#17512,#17513)) 
REPRESENTATION_CONTEXT('Context #1',
  '3D Context with UNIT and UNCERTAINTY') );
#17511 = ( LENGTH_UNIT() NAMED_UNIT(*) SI_UNIT(.MILLI.,.METRE.) );
#17512 = ( NAMED_UNIT(*) PLANE_ANGLE_UNIT() SI_UNIT($,.RADIAN.) );
#17513 = ( NAMED_UNIT(*) SI_UNIT($,.STERADIAN.) SOLID_ANGLE_UNIT() );
#17514 = UNCERTAINTY_MEASURE_WITH_UNIT(LENGTH_MEASURE(1.E-07),#17511,
  'distance_accuracy_value','confusion accuracy');
#17515 = CONTEXT_DEPENDENT_SHAPE_REPRESENTATION(#17516,#17518);
#17516 = ( REPRESENTATION_RELATIONSHIP('','',#36,#10) 
REPRESENTATION_RELATIONSHIP_WITH_TRANSFORMATION(#17517) 
SHAPE_REPRESENTATION_RELATIONSHIP() );
#17517 = ITEM_DEFINED_TRANSFORMATION('','',#11,#15);
#17518 = PRODUCT_DEFINITION_SHAPE('Placement','Placement of an item',
  #17519);
#17519 = NEXT_ASSEMBLY_USAGE_OCCURRENCE('1','body','',#5,#31,$);
#17520 = PRODUCT_RELATED_PRODUCT_CATEGORY('part',$,(#33));
#17521 = SHAPE_DEFINITION_REPRESENTATION(#17522,#17528);
#17522 = PRODUCT_DEFINITION_SHAPE('','',#17523);
#17523 = PRODUCT_DEFINITION('design','',#17524,#17527);
#17524 = PRODUCT_DEFINITION_FORMATION('','',#17525);
#17525 = PRODUCT('jaw','jaw','',(#17526));
#17526 = PRODUCT_CONTEXT('',#2,'mechanical');
#17527 = PRODUCT_DEFINITION_CONTEXT('part definition',#2,'design');
#17528 = ADVANCED_BREP_SHAPE_REPRESENTATION('',(#11,#17529),#18371);
#17529 = MANIFOLD_SOLID_BREP('',#17530);
#17530 = CLOSED_SHELL('',(#17531,#17701,#17841,#17888,#17935,#17984,
    #18103,#18130,#18139,#18198,#18257,#18307,#18357,#18364));
#17531 = ADVANCED_FACE('',(#17532),#17546,.F.);
#17532 = FACE_BOUND('',#17533,.F.);
#17533 = EDGE_LOOP('',(#17534,#17567,#17595,#17623,#17651,#17677));
#17534 = ORIENTED_EDGE('',*,*,#17535,.T.);
#17535 = EDGE_CURVE('',#17536,#17538,#17540,.T.);
#17536 = VERTEX_POINT('',#17537);
#17537 = CARTESIAN_POINT('',(40.,-22.75,-7.3));
#17538 = VERTEX_POINT('',#17539);
#17539 = CARTESIAN_POINT('',(40.,-34.5,-7.3));
#17540 = SURFACE_CURVE('',#17541,(#17545,#17556),.PCURVE_S1.);
#17541 = LINE('',#17542,#17543);
#17542 = CARTESIAN_POINT('',(40.,-35.,-7.3));
#17543 = VECTOR('',#17544,1.);
#17544 = DIRECTION('',(0.,-1.,0.));
#17545 = PCURVE('',#17546,#17551);
#17546 = PLANE('',#17547);
#17547 = AXIS2_PLACEMENT_3D('',#17548,#17549,#17550);
#17548 = CARTESIAN_POINT('',(40.,-34.5,-20.5));
#17549 = DIRECTION('',(1.,0.,0.));
#17550 = DIRECTION('',(0.,0.,1.));
#17551 = DEFINITIONAL_REPRESENTATION('',(#17552),#17555);
#17552 = B_SPLINE_CURVE_WITH_KNOTS('',1,(#17553,#17554),.UNSPECIFIED.,
  .F.,.F.,(2,2),(-18.,-0.5),.PIECEWISE_BEZIER_KNOTS.);
#17553 = CARTESIAN_POINT('',(13.2,-17.5));
#17554 = CARTESIAN_POINT('',(13.2,0.));
#17555 = ( GEOMETRIC_REPRESENTATION_CONTEXT(2) 
PARAMETRIC_REPRESENTATION_CONTEXT() REPRESENTATION_CONTEXT('2D SPACE',''
  ) );
#17556 = PCURVE('',#17557,#17562);
#17557 = PLANE('',#17558);
#17558 = AXIS2_PLACEMENT_3D('',#17559,#17560,#17561);
#17559 = CARTESIAN_POINT('',(39.,-35.5,-7.3));
#17560 = DIRECTION('',(0.,0.,1.));
#17561 = DIRECTION('',(1.,0.,0.));
#17562 = DEFINITIONAL_REPRESENTATION('',(#17563),#17566);
#17563 = B_SPLINE_CURVE_WITH_KNOTS('',1,(#17564,#17565),.UNSPECIFIED.,
  .F.,.F.,(2,2),(-18.,-0.5),.PIECEWISE_BEZIER_KNOTS.);
#17564 = CARTESIAN_POINT('',(1.,18.5));
#17565 = CARTESIAN_POINT('',(1.,1.));
#17566 = ( GEOMETRIC_REPRESENTATION_CONTEXT(2) 
PARAMETRIC_REPRESENTATION_CONTEXT() REPRESENTATION_CONTEXT('2D SPACE',''
  ) );
#17567 = ORIENTED_EDGE('',*,*,#17568,.F.);
#17568 = EDGE_CURVE('',#17569,#17538,#17571,.T.);
#17569 = VERTEX_POINT('',#17570);
#17570 = CARTESIAN_POINT('',(40.,-34.5,-20.5));
#17571 = SURFACE_CURVE('',#17572,(#17576,#17583),.PCURVE_S1.);
#17572 = LINE('',#17573,#17574);
#17573 = CARTESIAN_POINT('',(40.,-34.5,-20.5));
#17574 = VECTOR('',#17575,1.);
#17575 = DIRECTION('',(0.,0.,1.));
#17576 = PCURVE('',#17546,#17577);
#17577 = DEFINITIONAL_REPRESENTATION('',(#17578),#17582);
#17578 = LINE('',#17579,#17580);
#17579 = CARTESIAN_POINT('',(0.,0.));
#17580 = VECTOR('',#17581,1.);
#17581 = DIRECTION('',(1.,0.));
#17582 = ( GEOMETRIC_REPRESENTATION_CONTEXT(2) 
PARAMETRIC_REPRESENTATION_CONTEXT() REPRESENTATION_CONTEXT('2D SPACE',''
  ) );
#17583 = PCURVE('',#17584,#17589);
#17584 = PLANE('',#17585);
#17585 = AXIS2_PLACEMENT_3D('',#17586,#17587,#17588);
#17586 = CARTESIAN_POINT('',(40.,-34.5,-20.5));
#17587 = DIRECTION('',(0.,1.,0.));
#17588 = DIRECTION('',(0.,0.,1.));
#17589 = DEFINITIONAL_REPRESENTATION('',(#17590),#17594);
#17590 = LINE('',#17591,#17592);
#17591 = CARTESIAN_POINT('',(0.,0.));
#17592 = VECTOR('',#17593,1.);
#17593 = DIRECTION('',(1.,0.));
#17594 = ( GEOMETRIC_REPRESENTATION_CONTEXT(2) 
PARAMETRIC_REPRESENTATION_CONTEXT() REPRESENTATION_CONTEXT('2D SPACE',''
  ) );
#17595 = ORIENTED_EDGE('',*,*,#17596,.T.);
#17596 = EDGE_CURVE('',#17569,#17597,#17599,.T.);
#17597 = VERTEX_POINT('',#17598);
#17598 = CARTESIAN_POINT('',(40.,-17.,-20.5));
#17599 = SURFACE_CURVE('',#17600,(#17604,#17611),.PCURVE_S1.);
#17600 = LINE('',#17601,#17602);
#17601 = CARTESIAN_POINT('',(40.,-34.5,-20.5));
#17602 = VECTOR('',#17603,1.);
#17603 = DIRECTION('',(0.,1.,0.));
#17604 = PCURVE('',#17546,#17605);
#17605 = DEFINITIONAL_REPRESENTATION('',(#17606),#17610);
#17606 = LINE('',#17607,#17608);
#17607 = CARTESIAN_POINT('',(0.,0.));
#17608 = VECTOR('',#17609,1.);
#17609 = DIRECTION('',(0.,-1.));
#17610 = ( GEOMETRIC_REPRESENTATION_CONTEXT(2) 
PARAMETRIC_REPRESENTATION_CONTEXT() REPRESENTATION_CONTEXT('2D SPACE',''
  ) );
#17611 = PCURVE('',#17612,#17617);
#17612 = PLANE('',#17613);
#17613 = AXIS2_PLACEMENT_3D('',#17614,#17615,#17616);
#17614 = CARTESIAN_POINT('',(40.,-34.5,-20.5));
#17615 = DIRECTION('',(0.,0.,1.));
#17616 = DIRECTION('',(1.,0.,0.));
#17617 = DEFINITIONAL_REPRESENTATION('',(#17618),#17622);
#17618 = LINE('',#17619,#17620);
#17619 = CARTESIAN_POINT('',(0.,0.));
#17620 = VECTOR('',#17621,1.);
#17621 = DIRECTION('',(0.,1.));
#17622 = ( GEOMETRIC_REPRESENTATION_CONTEXT(2) 
PARAMETRIC_REPRESENTATION_CONTEXT() REPRESENTATION_CONTEXT('2D SPACE',''
  ) );
#17623 = ORIENTED_EDGE('',*,*,#17624,.T.);
#17624 = EDGE_CURVE('',#17597,#17625,#17627,.T.);
#17625 = VERTEX_POINT('',#17626);
#17626 = CARTESIAN_POINT('',(40.,-17.,-13.25));
#17627 = SURFACE_CURVE('',#17628,(#17632,#17639),.PCURVE_S1.);
#17628 = LINE('',#17629,#17630);
#17629 = CARTESIAN_POINT('',(40.,-17.,-20.5));
#17630 = VECTOR('',#17631,1.);
#17631 = DIRECTION('',(0.,0.,1.));
#17632 = PCURVE('',#17546,#17633);
#17633 = DEFINITIONAL_REPRESENTATION('',(#17634),#17638);
#17634 = LINE('',#17635,#17636);
#17635 = CARTESIAN_POINT('',(0.,-17.5));
#17636 = VECTOR('',#17637,1.);
#17637 = DIRECTION('',(1.,0.));
#17638 = ( GEOMETRIC_REPRESENTATION_CONTEXT(2) 
PARAMETRIC_REPRESENTATION_CONTEXT() REPRESENTATION_CONTEXT('2D SPACE',''
  ) );
#17639 = PCURVE('',#17640,#17645);
#17640 = PLANE('',#17641);
#17641 = AXIS2_PLACEMENT_3D('',#17642,#17643,#17644);
#17642 = CARTESIAN_POINT('',(40.,-17.,-20.5));
#17643 = DIRECTION('',(0.,1.,0.));
#17644 = DIRECTION('',(0.,0.,1.));
#17645 = DEFINITIONAL_REPRESENTATION('',(#17646),#17650);
#17646 = LINE('',#17647,#17648);
#17647 = CARTESIAN_POINT('',(0.,0.));
#17648 = VECTOR('',#17649,1.);
#17649 = DIRECTION('',(1.,0.));
#17650 = ( GEOMETRIC_REPRESENTATION_CONTEXT(2) 
PARAMETRIC_REPRESENTATION_CONTEXT() REPRESENTATION_CONTEXT('2D SPACE',''
  ) );
#17651 = ORIENTED_EDGE('',*,*,#17652,.T.);
#17652 = EDGE_CURVE('',#17625,#17653,#17655,.T.);
#17653 = VERTEX_POINT('',#17654);
#17654 = CARTESIAN_POINT('',(40.,-22.75,-7.75));
#17655 = SURFACE_CURVE('',#17656,(#17660,#17666),.PCURVE_S1.);
#17656 = LINE('',#17657,#17658);
#17657 = CARTESIAN_POINT('',(40.,-22.63363770977,-7.861303060217));
#17658 = VECTOR('',#17659,1.);
#17659 = DIRECTION('',(0.,-0.722641857148,0.691222645967));
#17660 = PCURVE('',#17546,#17661);
#17661 = DEFINITIONAL_REPRESENTATION('',(#17662),#17665);
#17662 = B_SPLINE_CURVE_WITH_KNOTS('',1,(#17663,#17664),.UNSPECIFIED.,
  .F.,.F.,(2,2),(-7.795891774121,0.161023457299),
  .PIECEWISE_BEZIER_KNOTS.);
#17663 = CARTESIAN_POINT('',(7.25,-17.5));
#17664 = CARTESIAN_POINT('',(12.75,-11.75));
#17665 = ( GEOMETRIC_REPRESENTATION_CONTEXT(2) 
PARAMETRIC_REPRESENTATION_CONTEXT() REPRESENTATION_CONTEXT('2D SPACE',''
  ) );
#17666 = PCURVE('',#17667,#17672);
#17667 = PLANE('',#17668);
#17668 = AXIS2_PLACEMENT_3D('',#17669,#17670,#17671);
#17669 = CARTESIAN_POINT('',(39.,-22.75,-7.75));
#17670 = DIRECTION('',(-0.,0.691222645967,0.722641857148));
#17671 = DIRECTION('',(0.,0.722641857148,-0.691222645967));
#17672 = DEFINITIONAL_REPRESENTATION('',(#17673),#17676);
#17673 = B_SPLINE_CURVE_WITH_KNOTS('',1,(#17674,#17675),.UNSPECIFIED.,
  .F.,.F.,(2,2),(-7.795891774121,0.161023457299),
  .PIECEWISE_BEZIER_KNOTS.);
#17674 = CARTESIAN_POINT('',(7.95691523142,-1.));
#17675 = CARTESIAN_POINT('',(0.,-1.));
#17676 = ( GEOMETRIC_REPRESENTATION_CONTEXT(2) 
PARAMETRIC_REPRESENTATION_CONTEXT() REPRESENTATION_CONTEXT('2D SPACE',''
  ) );
#17677 = ORIENTED_EDGE('',*,*,#17678,.T.);
#17678 = EDGE_CURVE('',#17653,#17536,#17679,.T.);
#17679 = SURFACE_CURVE('',#17680,(#17684,#17690),.PCURVE_S1.);
#17680 = LINE('',#17681,#17682);
#17681 = CARTESIAN_POINT('',(40.,-22.75,-6.375));
#17682 = VECTOR('',#17683,1.);
#17683 = DIRECTION('',(0.,-0.,1.));
#17684 = PCURVE('',#17546,#17685);
#17685 = DEFINITIONAL_REPRESENTATION('',(#17686),#17689);
#17686 = B_SPLINE_CURVE_WITH_KNOTS('',1,(#17687,#17688),.UNSPECIFIED.,
  .F.,.F.,(2,2),(-1.375,-0.125),.PIECEWISE_BEZIER_KNOTS.);
#17687 = CARTESIAN_POINT('',(12.75,-11.75));
#17688 = CARTESIAN_POINT('',(14.,-11.75));
#17689 = ( GEOMETRIC_REPRESENTATION_CONTEXT(2) 
PARAMETRIC_REPRESENTATION_CONTEXT() REPRESENTATION_CONTEXT('2D SPACE',''
  ) );
#17690 = PCURVE('',#17691,#17696);
#17691 = PLANE('',#17692);
#17692 = AXIS2_PLACEMENT_3D('',#17693,#17694,#17695);
#17693 = CARTESIAN_POINT('',(39.,-22.75,7.75));
#17694 = DIRECTION('',(-0.,1.,0.));
#17695 = DIRECTION('',(0.,0.,-1.));
#17696 = DEFINITIONAL_REPRESENTATION('',(#17697),#17700);
#17697 = B_SPLINE_CURVE_WITH_KNOTS('',1,(#17698,#17699),.UNSPECIFIED.,
  .F.,.F.,(2,2),(-1.375,-0.125),.PIECEWISE_BEZIER_KNOTS.);
#17698 = CARTESIAN_POINT('',(15.5,-1.));
#17699 = CARTESIAN_POINT('',(14.25,-1.));
#17700 = ( GEOMETRIC_REPRESENTATION_CONTEXT(2) 
PARAMETRIC_REPRESENTATION_CONTEXT() REPRESENTATION_CONTEXT('2D SPACE',''
  ) );
#17701 = ADVANCED_FACE('',(#17702,#17771,#17806),#17557,.T.);
#17702 = FACE_BOUND('',#17703,.T.);
#17703 = EDGE_LOOP('',(#17704,#17725,#17726,#17747));
#17704 = ORIENTED_EDGE('',*,*,#17705,.F.);
#17705 = EDGE_CURVE('',#17536,#17706,#17708,.T.);
#17706 = VERTEX_POINT('',#17707);
#17707 = CARTESIAN_POINT('',(80.,-22.75,-7.3));
#17708 = SURFACE_CURVE('',#17709,(#17713,#17719),.PCURVE_S1.);
#17709 = LINE('',#17710,#17711);
#17710 = CARTESIAN_POINT('',(39.,-22.75,-7.3));
#17711 = VECTOR('',#17712,1.);
#17712 = DIRECTION('',(1.,0.,-0.));
#17713 = PCURVE('',#17557,#17714);
#17714 = DEFINITIONAL_REPRESENTATION('',(#17715),#17718);
#17715 = B_SPLINE_CURVE_WITH_KNOTS('',1,(#17716,#17717),.UNSPECIFIED.,
  .F.,.F.,(2,2),(1.,41.),.PIECEWISE_BEZIER_KNOTS.);
#17716 = CARTESIAN_POINT('',(1.,12.75));
#17717 = CARTESIAN_POINT('',(41.,12.75));
#17718 = ( GEOMETRIC_REPRESENTATION_CONTEXT(2) 
PARAMETRIC_REPRESENTATION_CONTEXT() REPRESENTATION_CONTEXT('2D SPACE',''
  ) );
#17719 = PCURVE('',#17691,#17720);
#17720 = DEFINITIONAL_REPRESENTATION('',(#17721),#17724);
#17721 = B_SPLINE_CURVE_WITH_KNOTS('',1,(#17722,#17723),.UNSPECIFIED.,
  .F.,.F.,(2,2),(1.,41.),.PIECEWISE_BEZIER_KNOTS.);
#17722 = CARTESIAN_POINT('',(15.05,-1.));
#17723 = CARTESIAN_POINT('',(15.05,-41.));
#17724 = ( GEOMETRIC_REPRESENTATION_CONTEXT(2) 
PARAMETRIC_REPRESENTATION_CONTEXT() REPRESENTATION_CONTEXT('2D SPACE',''
  ) );
#17725 = ORIENTED_EDGE('',*,*,#17535,.T.);
#17726 = ORIENTED_EDGE('',*,*,#17727,.T.);
#17727 = EDGE_CURVE('',#17538,#17728,#17730,.T.);
#17728 = VERTEX_POINT('',#17729);
#17729 = CARTESIAN_POINT('',(80.,-34.5,-7.3));
#17730 = SURFACE_CURVE('',#17731,(#17735,#17741),.PCURVE_S1.);
#17731 = LINE('',#17732,#17733);
#17732 = CARTESIAN_POINT('',(39.5,-34.5,-7.3));
#17733 = VECTOR('',#17734,1.);
#17734 = DIRECTION('',(1.,0.,0.));
#17735 = PCURVE('',#17557,#17736);
#17736 = DEFINITIONAL_REPRESENTATION('',(#17737),#17740);
#17737 = B_SPLINE_CURVE_WITH_KNOTS('',1,(#17738,#17739),.UNSPECIFIED.,
  .F.,.F.,(2,2),(0.5,40.5),.PIECEWISE_BEZIER_KNOTS.);
#17738 = CARTESIAN_POINT('',(1.,1.));
#17739 = CARTESIAN_POINT('',(41.,1.));
#17740 = ( GEOMETRIC_REPRESENTATION_CONTEXT(2) 
PARAMETRIC_REPRESENTATION_CONTEXT() REPRESENTATION_CONTEXT('2D SPACE',''
  ) );
#17741 = PCURVE('',#17584,#17742);
#17742 = DEFINITIONAL_REPRESENTATION('',(#17743),#17746);
#17743 = B_SPLINE_CURVE_WITH_KNOTS('',1,(#17744,#17745),.UNSPECIFIED.,
  .F.,.F.,(2,2),(0.5,40.5),.PIECEWISE_BEZIER_KNOTS.);
#17744 = CARTESIAN_POINT('',(13.2,0.));
#17745 = CARTESIAN_POINT('',(13.2,40.));
#17746 = ( GEOMETRIC_REPRESENTATION_CONTEXT(2) 
PARAMETRIC_REPRESENTATION_CONTEXT() REPRESENTATION_CONTEXT('2D SPACE',''
  ) );
#17747 = ORIENTED_EDGE('',*,*,#17748,.F.);
#17748 = EDGE_CURVE('',#17706,#17728,#17749,.T.);
#17749 = SURFACE_CURVE('',#17750,(#17754,#17760),.PCURVE_S1.);
#17750 = LINE('',#17751,#17752);
#17751 = CARTESIAN_POINT('',(80.,-35.,-7.3));
#17752 = VECTOR('',#17753,1.);
#17753 = DIRECTION('',(0.,-1.,0.));
#17754 = PCURVE('',#17557,#17755);
#17755 = DEFINITIONAL_REPRESENTATION('',(#17756),#17759);
#17756 = B_SPLINE_CURVE_WITH_KNOTS('',1,(#17757,#17758),.UNSPECIFIED.,
  .F.,.F.,(2,2),(-18.,-0.5),.PIECEWISE_BEZIER_KNOTS.);
#17757 = CARTESIAN_POINT('',(41.,18.5));
#17758 = CARTESIAN_POINT('',(41.,1.));
#17759 = ( GEOMETRIC_REPRESENTATION_CONTEXT(2) 
PARAMETRIC_REPRESENTATION_CONTEXT() REPRESENTATION_CONTEXT('2D SPACE',''
  ) );
#17760 = PCURVE('',#17761,#17766);
#17761 = PLANE('',#17762);
#17762 = AXIS2_PLACEMENT_3D('',#17763,#17764,#17765);
#17763 = CARTESIAN_POINT('',(80.,-34.5,-20.5));
#17764 = DIRECTION('',(1.,0.,0.));
#17765 = DIRECTION('',(0.,0.,1.));
#17766 = DEFINITIONAL_REPRESENTATION('',(#17767),#17770);
#17767 = B_SPLINE_CURVE_WITH_KNOTS('',1,(#17768,#17769),.UNSPECIFIED.,
  .F.,.F.,(2,2),(-18.,-0.5),.PIECEWISE_BEZIER_KNOTS.);
#17768 = CARTESIAN_POINT('',(13.2,-17.5));
#17769 = CARTESIAN_POINT('',(13.2,0.));
#17770 = ( GEOMETRIC_REPRESENTATION_CONTEXT(2) 
PARAMETRIC_REPRESENTATION_CONTEXT() REPRESENTATION_CONTEXT('2D SPACE',''
  ) );
#17771 = FACE_BOUND('',#17772,.T.);
#17772 = EDGE_LOOP('',(#17773));
#17773 = ORIENTED_EDGE('',*,*,#17774,.T.);
#17774 = EDGE_CURVE('',#17775,#17775,#17777,.T.);
#17775 = VERTEX_POINT('',#17776);
#17776 = CARTESIAN_POINT('',(49.2,-29.5,-7.3));
#17777 = SURFACE_CURVE('',#17778,(#17783,#17794),.PCURVE_S1.);
#17778 = CIRCLE('',#17779,2.2);
#17779 = AXIS2_PLACEMENT_3D('',#17780,#17781,#17782);
#17780 = CARTESIAN_POINT('',(47.,-29.5,-7.3));
#17781 = DIRECTION('',(0.,0.,-1.));
#17782 = DIRECTION('',(1.,0.,0.));
#17783 = PCURVE('',#17557,#17784);
#17784 = DEFINITIONAL_REPRESENTATION('',(#17785),#17793);
#17785 = ( BOUNDED_CURVE() B_SPLINE_CURVE(2,(#17786,#17787,#17788,#17789
    ,#17790,#17791,#17792),.UNSPECIFIED.,.T.,.F.) 
B_SPLINE_CURVE_WITH_KNOTS((1,2,2,2,2,1),(-2.094395102393,0.,
    2.094395102393,4.188790204786,6.28318530718,8.377580409573),
.UNSPECIFIED.) CURVE() GEOMETRIC_REPRESENTATION_ITEM() 
RATIONAL_B_SPLINE_CURVE((1.,0.5,1.,0.5,1.,0.5,1.)) REPRESENTATION_ITEM(
  '') );
#17786 = CARTESIAN_POINT('',(10.2,6.));
#17787 = CARTESIAN_POINT('',(10.2,2.189488223348));
#17788 = CARTESIAN_POINT('',(6.9,4.094744111674));
#17789 = CARTESIAN_POINT('',(3.6,6.));
#17790 = CARTESIAN_POINT('',(6.9,7.905255888326));
#17791 = CARTESIAN_POINT('',(10.2,9.810511776652));
#17792 = CARTESIAN_POINT('',(10.2,6.));
#17793 = ( GEOMETRIC_REPRESENTATION_CONTEXT(2) 
PARAMETRIC_REPRESENTATION_CONTEXT() REPRESENTATION_CONTEXT('2D SPACE',''
  ) );
#17794 = PCURVE('',#17795,#17800);
#17795 = CYLINDRICAL_SURFACE('',#17796,2.2);
#17796 = AXIS2_PLACEMENT_3D('',#17797,#17798,#17799);
#17797 = CARTESIAN_POINT('',(47.,-29.5,-21.5));
#17798 = DIRECTION('',(-0.,-0.,-1.));
#17799 = DIRECTION('',(1.,0.,0.));
#17800 = DEFINITIONAL_REPRESENTATION('',(#17801),#17805);
#17801 = LINE('',#17802,#17803);
#17802 = CARTESIAN_POINT('',(-6.28318530718,-14.2));
#17803 = VECTOR('',#17804,1.);
#17804 = DIRECTION('',(1.,-0.));
#17805 = ( GEOMETRIC_REPRESENTATION_CONTEXT(2) 
PARAMETRIC_REPRESENTATION_CONTEXT() REPRESENTATION_CONTEXT('2D SPACE',''
  ) );
#17806 = FACE_BOUND('',#17807,.T.);
#17807 = EDGE_LOOP('',(#17808));
#17808 = ORIENTED_EDGE('',*,*,#17809,.T.);
#17809 = EDGE_CURVE('',#17810,#17810,#17812,.T.);
#17810 = VERTEX_POINT('',#17811);
#17811 = CARTESIAN_POINT('',(75.2,-29.5,-7.3));
#17812 = SURFACE_CURVE('',#17813,(#17818,#17829),.PCURVE_S1.);
#17813 = CIRCLE('',#17814,2.2);
#17814 = AXIS2_PLACEMENT_3D('',#17815,#17816,#17817);
#17815 = CARTESIAN_POINT('',(73.,-29.5,-7.3));
#17816 = DIRECTION('',(0.,0.,-1.));
#17817 = DIRECTION('',(1.,0.,0.));
#17818 = PCURVE('',#17557,#17819);
#17819 = DEFINITIONAL_REPRESENTATION('',(#17820),#17828);
#17820 = ( BOUNDED_CURVE() B_SPLINE_CURVE(2,(#17821,#17822,#17823,#17824
    ,#17825,#17826,#17827),.UNSPECIFIED.,.T.,.F.) 
B_SPLINE_CURVE_WITH_KNOTS((1,2,2,2,2,1),(-2.094395102393,0.,
    2.094395102393,4.188790204786,6.28318530718,8.377580409573),
.UNSPECIFIED.) CURVE() GEOMETRIC_REPRESENTATION_ITEM() 
RATIONAL_B_SPLINE_CURVE((1.,0.5,1.,0.5,1.,0.5,1.)) REPRESENTATION_ITEM(
  '') );
#17821 = CARTESIAN_POINT('',(36.2,6.));
#17822 = CARTESIAN_POINT('',(36.2,2.189488223348));
#17823 = CARTESIAN_POINT('',(32.9,4.094744111674));
#17824 = CARTESIAN_POINT('',(29.6,6.));
#17825 = CARTESIAN_POINT('',(32.9,7.905255888326));
#17826 = CARTESIAN_POINT('',(36.2,9.810511776652));
#17827 = CARTESIAN_POINT('',(36.2,6.));
#17828 = ( GEOMETRIC_REPRESENTATION_CONTEXT(2) 
PARAMETRIC_REPRESENTATION_CONTEXT() REPRESENTATION_CONTEXT('2D SPACE',''
  ) );
#17829 = PCURVE('',#17830,#17835);
#17830 = CYLINDRICAL_SURFACE('',#17831,2.2);
#17831 = AXIS2_PLACEMENT_3D('',#17832,#17833,#17834);
#17832 = CARTESIAN_POINT('',(73.,-29.5,-21.5));
#17833 = DIRECTION('',(-0.,-0.,-1.));
#17834 = DIRECTION('',(1.,0.,0.));
#17835 = DEFINITIONAL_REPRESENTATION('',(#17836),#17840);
#17836 = LINE('',#17837,#17838);
#17837 = CARTESIAN_POINT('',(-6.28318530718,-14.2));
#17838 = VECTOR('',#17839,1.);
#17839 = DIRECTION('',(1.,-0.));
#17840 = ( GEOMETRIC_REPRESENTATION_CONTEXT(2) 
PARAMETRIC_REPRESENTATION_CONTEXT() REPRESENTATION_CONTEXT('2D SPACE',''
  ) );
#17841 = ADVANCED_FACE('',(#17842),#17691,.T.);
#17842 = FACE_BOUND('',#17843,.T.);
#17843 = EDGE_LOOP('',(#17844,#17867,#17868,#17869));
#17844 = ORIENTED_EDGE('',*,*,#17845,.F.);
#17845 = EDGE_CURVE('',#17653,#17846,#17848,.T.);
#17846 = VERTEX_POINT('',#17847);
#17847 = CARTESIAN_POINT('',(80.,-22.75,-7.75));
#17848 = SURFACE_CURVE('',#17849,(#17853,#17860),.PCURVE_S1.);
#17849 = LINE('',#17850,#17851);
#17850 = CARTESIAN_POINT('',(39.,-22.75,-7.75));
#17851 = VECTOR('',#17852,1.);
#17852 = DIRECTION('',(1.,0.,0.));
#17853 = PCURVE('',#17691,#17854);
#17854 = DEFINITIONAL_REPRESENTATION('',(#17855),#17859);
#17855 = LINE('',#17856,#17857);
#17856 = CARTESIAN_POINT('',(15.5,0.));
#17857 = VECTOR('',#17858,1.);
#17858 = DIRECTION('',(0.,-1.));
#17859 = ( GEOMETRIC_REPRESENTATION_CONTEXT(2) 
PARAMETRIC_REPRESENTATION_CONTEXT() REPRESENTATION_CONTEXT('2D SPACE',''
  ) );
#17860 = PCURVE('',#17667,#17861);
#17861 = DEFINITIONAL_REPRESENTATION('',(#17862),#17866);
#17862 = LINE('',#17863,#17864);
#17863 = CARTESIAN_POINT('',(0.,0.));
#17864 = VECTOR('',#17865,1.);
#17865 = DIRECTION('',(0.,-1.));
#17866 = ( GEOMETRIC_REPRESENTATION_CONTEXT(2) 
PARAMETRIC_REPRESENTATION_CONTEXT() REPRESENTATION_CONTEXT('2D SPACE',''
  ) );
#17867 = ORIENTED_EDGE('',*,*,#17678,.T.);
#17868 = ORIENTED_EDGE('',*,*,#17705,.T.);
#17869 = ORIENTED_EDGE('',*,*,#17870,.F.);
#17870 = EDGE_CURVE('',#17846,#17706,#17871,.T.);
#17871 = SURFACE_CURVE('',#17872,(#17876,#17882),.PCURVE_S1.);
#17872 = LINE('',#17873,#17874);
#17873 = CARTESIAN_POINT('',(80.,-22.75,-6.375));
#17874 = VECTOR('',#17875,1.);
#17875 = DIRECTION('',(0.,-0.,1.));
#17876 = PCURVE('',#17691,#17877);
#17877 = DEFINITIONAL_REPRESENTATION('',(#17878),#17881);
#17878 = B_SPLINE_CURVE_WITH_KNOTS('',1,(#17879,#17880),.UNSPECIFIED.,
  .F.,.F.,(2,2),(-1.375,-0.125),.PIECEWISE_BEZIER_KNOTS.);
#17879 = CARTESIAN_POINT('',(15.5,-41.));
#17880 = CARTESIAN_POINT('',(14.25,-41.));
#17881 = ( GEOMETRIC_REPRESENTATION_CONTEXT(2) 
PARAMETRIC_REPRESENTATION_CONTEXT() REPRESENTATION_CONTEXT('2D SPACE',''
  ) );
#17882 = PCURVE('',#17761,#17883);
#17883 = DEFINITIONAL_REPRESENTATION('',(#17884),#17887);
#17884 = B_SPLINE_CURVE_WITH_KNOTS('',1,(#17885,#17886),.UNSPECIFIED.,
  .F.,.F.,(2,2),(-1.375,-0.125),.PIECEWISE_BEZIER_KNOTS.);
#17885 = CARTESIAN_POINT('',(12.75,-11.75));
#17886 = CARTESIAN_POINT('',(14.,-11.75));
#17887 = ( GEOMETRIC_REPRESENTATION_CONTEXT(2) 
PARAMETRIC_REPRESENTATION_CONTEXT() REPRESENTATION_CONTEXT('2D SPACE',''
  ) );
#17888 = ADVANCED_FACE('',(#17889),#17667,.T.);
#17889 = FACE_BOUND('',#17890,.T.);
#17890 = EDGE_LOOP('',(#17891,#17892,#17893,#17914));
#17891 = ORIENTED_EDGE('',*,*,#17652,.T.);
#17892 = ORIENTED_EDGE('',*,*,#17845,.T.);
#17893 = ORIENTED_EDGE('',*,*,#17894,.F.);
#17894 = EDGE_CURVE('',#17895,#17846,#17897,.T.);
#17895 = VERTEX_POINT('',#17896);
#17896 = CARTESIAN_POINT('',(80.,-17.,-13.25));
#17897 = SURFACE_CURVE('',#17898,(#17902,#17908),.PCURVE_S1.);
#17898 = LINE('',#17899,#17900);
#17899 = CARTESIAN_POINT('',(80.,-22.63363770977,-7.861303060217));
#17900 = VECTOR('',#17901,1.);
#17901 = DIRECTION('',(0.,-0.722641857148,0.691222645967));
#17902 = PCURVE('',#17667,#17903);
#17903 = DEFINITIONAL_REPRESENTATION('',(#17904),#17907);
#17904 = B_SPLINE_CURVE_WITH_KNOTS('',1,(#17905,#17906),.UNSPECIFIED.,
  .F.,.F.,(2,2),(-7.795891774121,0.161023457299),
  .PIECEWISE_BEZIER_KNOTS.);
#17905 = CARTESIAN_POINT('',(7.95691523142,-41.));
#17906 = CARTESIAN_POINT('',(0.,-41.));
#17907 = ( GEOMETRIC_REPRESENTATION_CONTEXT(2) 
PARAMETRIC_REPRESENTATION_CONTEXT() REPRESENTATION_CONTEXT('2D SPACE',''
  ) );
#17908 = PCURVE('',#17761,#17909);
#17909 = DEFINITIONAL_REPRESENTATION('',(#17910),#17913);
#17910 = B_SPLINE_CURVE_WITH_KNOTS('',1,(#17911,#17912),.UNSPECIFIED.,
  .F.,.F.,(2,2),(-7.795891774121,0.161023457299),
  .PIECEWISE_BEZIER_KNOTS.);
#17911 = CARTESIAN_POINT('',(7.25,-17.5));
#17912 = CARTESIAN_POINT('',(12.75,-11.75));
#17913 = ( GEOMETRIC_REPRESENTATION_CONTEXT(2) 
PARAMETRIC_REPRESENTATION_CONTEXT() REPRESENTATION_CONTEXT('2D SPACE',''
  ) );
#17914 = ORIENTED_EDGE('',*,*,#17915,.F.);
#17915 = EDGE_CURVE('',#17625,#17895,#17916,.T.);
#17916 = SURFACE_CURVE('',#17917,(#17921,#17928),.PCURVE_S1.);
#17917 = LINE('',#17918,#17919);
#17918 = CARTESIAN_POINT('',(39.,-17.,-13.25));
#17919 = VECTOR('',#17920,1.);
#17920 = DIRECTION('',(1.,0.,0.));
#17921 = PCURVE('',#17667,#17922);
#17922 = DEFINITIONAL_REPRESENTATION('',(#17923),#17927);
#17923 = LINE('',#17924,#17925);
#17924 = CARTESIAN_POINT('',(7.95691523142,0.));
#17925 = VECTOR('',#17926,1.);
#17926 = DIRECTION('',(0.,-1.));
#17927 = ( GEOMETRIC_REPRESENTATION_CONTEXT(2) 
PARAMETRIC_REPRESENTATION_CONTEXT() REPRESENTATION_CONTEXT('2D SPACE',''
  ) );
#17928 = PCURVE('',#17640,#17929);
#17929 = DEFINITIONAL_REPRESENTATION('',(#17930),#17934);
#17930 = LINE('',#17931,#17932);
#17931 = CARTESIAN_POINT('',(7.25,-1.));
#17932 = VECTOR('',#17933,1.);
#17933 = DIRECTION('',(0.,1.));
#17934 = ( GEOMETRIC_REPRESENTATION_CONTEXT(2) 
PARAMETRIC_REPRESENTATION_CONTEXT() REPRESENTATION_CONTEXT('2D SPACE',''
  ) );
#17935 = ADVANCED_FACE('',(#17936),#17640,.T.);
#17936 = FACE_BOUND('',#17937,.T.);
#17937 = EDGE_LOOP('',(#17938,#17961,#17982,#17983));
#17938 = ORIENTED_EDGE('',*,*,#17939,.F.);
#17939 = EDGE_CURVE('',#17940,#17895,#17942,.T.);
#17940 = VERTEX_POINT('',#17941);
#17941 = CARTESIAN_POINT('',(80.,-17.,-20.5));
#17942 = SURFACE_CURVE('',#17943,(#17947,#17954),.PCURVE_S1.);
#17943 = LINE('',#17944,#17945);
#17944 = CARTESIAN_POINT('',(80.,-17.,-20.5));
#17945 = VECTOR('',#17946,1.);
#17946 = DIRECTION('',(0.,0.,1.));
#17947 = PCURVE('',#17640,#17948);
#17948 = DEFINITIONAL_REPRESENTATION('',(#17949),#17953);
#17949 = LINE('',#17950,#17951);
#17950 = CARTESIAN_POINT('',(0.,40.));
#17951 = VECTOR('',#17952,1.);
#17952 = DIRECTION('',(1.,0.));
#17953 = ( GEOMETRIC_REPRESENTATION_CONTEXT(2) 
PARAMETRIC_REPRESENTATION_CONTEXT() REPRESENTATION_CONTEXT('2D SPACE',''
  ) );
#17954 = PCURVE('',#17761,#17955);
#17955 = DEFINITIONAL_REPRESENTATION('',(#17956),#17960);
#17956 = LINE('',#17957,#17958);
#17957 = CARTESIAN_POINT('',(0.,-17.5));
#17958 = VECTOR('',#17959,1.);
#17959 = DIRECTION('',(1.,0.));
#17960 = ( GEOMETRIC_REPRESENTATION_CONTEXT(2) 
PARAMETRIC_REPRESENTATION_CONTEXT() REPRESENTATION_CONTEXT('2D SPACE',''
  ) );
#17961 = ORIENTED_EDGE('',*,*,#17962,.F.);
#17962 = EDGE_CURVE('',#17597,#17940,#17963,.T.);
#17963 = SURFACE_CURVE('',#17964,(#17968,#17975),.PCURVE_S1.);
#17964 = LINE('',#17965,#17966);
#17965 = CARTESIAN_POINT('',(40.,-17.,-20.5));
#17966 = VECTOR('',#17967,1.);
#17967 = DIRECTION('',(1.,0.,0.));
#17968 = PCURVE('',#17640,#17969);
#17969 = DEFINITIONAL_REPRESENTATION('',(#17970),#17974);
#17970 = LINE('',#17971,#17972);
#17971 = CARTESIAN_POINT('',(0.,0.));
#17972 = VECTOR('',#17973,1.);
#17973 = DIRECTION('',(0.,1.));
#17974 = ( GEOMETRIC_REPRESENTATION_CONTEXT(2) 
PARAMETRIC_REPRESENTATION_CONTEXT() REPRESENTATION_CONTEXT('2D SPACE',''
  ) );
#17975 = PCURVE('',#17612,#17976);
#17976 = DEFINITIONAL_REPRESENTATION('',(#17977),#17981);
#17977 = LINE('',#17978,#17979);
#17978 = CARTESIAN_POINT('',(0.,17.5));
#17979 = VECTOR('',#17980,1.);
#17980 = DIRECTION('',(1.,0.));
#17981 = ( GEOMETRIC_REPRESENTATION_CONTEXT(2) 
PARAMETRIC_REPRESENTATION_CONTEXT() REPRESENTATION_CONTEXT('2D SPACE',''
  ) );
#17982 = ORIENTED_EDGE('',*,*,#17624,.T.);
#17983 = ORIENTED_EDGE('',*,*,#17915,.T.);
#17984 = ADVANCED_FACE('',(#17985,#18033,#18068),#17612,.F.);
#17985 = FACE_BOUND('',#17986,.F.);
#17986 = EDGE_LOOP('',(#17987,#17988,#18011,#18032));
#17987 = ORIENTED_EDGE('',*,*,#17596,.F.);
#17988 = ORIENTED_EDGE('',*,*,#17989,.T.);
#17989 = EDGE_CURVE('',#17569,#17990,#17992,.T.);
#17990 = VERTEX_POINT('',#17991);
#17991 = CARTESIAN_POINT('',(80.,-34.5,-20.5));
#17992 = SURFACE_CURVE('',#17993,(#17997,#18004),.PCURVE_S1.);
#17993 = LINE('',#17994,#17995);
#17994 = CARTESIAN_POINT('',(40.,-34.5,-20.5));
#17995 = VECTOR('',#17996,1.);
#17996 = DIRECTION('',(1.,0.,0.));
#17997 = PCURVE('',#17612,#17998);
#17998 = DEFINITIONAL_REPRESENTATION('',(#17999),#18003);
#17999 = LINE('',#18000,#18001);
#18000 = CARTESIAN_POINT('',(0.,0.));
#18001 = VECTOR('',#18002,1.);
#18002 = DIRECTION('',(1.,0.));
#18003 = ( GEOMETRIC_REPRESENTATION_CONTEXT(2) 
PARAMETRIC_REPRESENTATION_CONTEXT() REPRESENTATION_CONTEXT('2D SPACE',''
  ) );
#18004 = PCURVE('',#17584,#18005);
#18005 = DEFINITIONAL_REPRESENTATION('',(#18006),#18010);
#18006 = LINE('',#18007,#18008);
#18007 = CARTESIAN_POINT('',(0.,0.));
#18008 = VECTOR('',#18009,1.);
#18009 = DIRECTION('',(0.,1.));
#18010 = ( GEOMETRIC_REPRESENTATION_CONTEXT(2) 
PARAMETRIC_REPRESENTATION_CONTEXT() REPRESENTATION_CONTEXT('2D SPACE',''
  ) );
#18011 = ORIENTED_EDGE('',*,*,#18012,.T.);
#18012 = EDGE_CURVE('',#17990,#17940,#18013,.T.);
#18013 = SURFACE_CURVE('',#18014,(#18018,#18025),.PCURVE_S1.);
#18014 = LINE('',#18015,#18016);
#18015 = CARTESIAN_POINT('',(80.,-34.5,-20.5));
#18016 = VECTOR('',#18017,1.);
#18017 = DIRECTION('',(0.,1.,0.));
#18018 = PCURVE('',#17612,#18019);
#18019 = DEFINITIONAL_REPRESENTATION('',(#18020),#18024);
#18020 = LINE('',#18021,#18022);
#18021 = CARTESIAN_POINT('',(40.,0.));
#18022 = VECTOR('',#18023,1.);
#18023 = DIRECTION('',(0.,1.));
#18024 = ( GEOMETRIC_REPRESENTATION_CONTEXT(2) 
PARAMETRIC_REPRESENTATION_CONTEXT() REPRESENTATION_CONTEXT('2D SPACE',''
  ) );
#18025 = PCURVE('',#17761,#18026);
#18026 = DEFINITIONAL_REPRESENTATION('',(#18027),#18031);
#18027 = LINE('',#18028,#18029);
#18028 = CARTESIAN_POINT('',(0.,0.));
#18029 = VECTOR('',#18030,1.);
#18030 = DIRECTION('',(0.,-1.));
#18031 = ( GEOMETRIC_REPRESENTATION_CONTEXT(2) 
PARAMETRIC_REPRESENTATION_CONTEXT() REPRESENTATION_CONTEXT('2D SPACE',''
  ) );
#18032 = ORIENTED_EDGE('',*,*,#17962,.F.);
#18033 = FACE_BOUND('',#18034,.F.);
#18034 = EDGE_LOOP('',(#18035));
#18035 = ORIENTED_EDGE('',*,*,#18036,.T.);
#18036 = EDGE_CURVE('',#18037,#18037,#18039,.T.);
#18037 = VERTEX_POINT('',#18038);
#18038 = CARTESIAN_POINT('',(51.,-29.5,-20.5));
#18039 = SURFACE_CURVE('',#18040,(#18045,#18056),.PCURVE_S1.);
#18040 = CIRCLE('',#18041,4.);
#18041 = AXIS2_PLACEMENT_3D('',#18042,#18043,#18044);
#18042 = CARTESIAN_POINT('',(47.,-29.5,-20.5));
#18043 = DIRECTION('',(0.,0.,-1.));
#18044 = DIRECTION('',(1.,0.,0.));
#18045 = PCURVE('',#17612,#18046);
#18046 = DEFINITIONAL_REPRESENTATION('',(#18047),#18055);
#18047 = ( BOUNDED_CURVE() B_SPLINE_CURVE(2,(#18048,#18049,#18050,#18051
    ,#18052,#18053,#18054),.UNSPECIFIED.,.T.,.F.) 
B_SPLINE_CURVE_WITH_KNOTS((1,2,2,2,2,1),(-2.094395102393,0.,
    2.094395102393,4.188790204786,6.28318530718,8.377580409573),
.UNSPECIFIED.) CURVE() GEOMETRIC_REPRESENTATION_ITEM() 
RATIONAL_B_SPLINE_CURVE((1.,0.5,1.,0.5,1.,0.5,1.)) REPRESENTATION_ITEM(
  '') );
#18048 = CARTESIAN_POINT('',(11.,5.));
#18049 = CARTESIAN_POINT('',(11.,-1.928203230276));
#18050 = CARTESIAN_POINT('',(5.,1.535898384862));
#18051 = CARTESIAN_POINT('',(-1.,5.));
#18052 = CARTESIAN_POINT('',(5.,8.464101615138));
#18053 = CARTESIAN_POINT('',(11.,11.928203230276));
#18054 = CARTESIAN_POINT('',(11.,5.));
#18055 = ( GEOMETRIC_REPRESENTATION_CONTEXT(2) 
PARAMETRIC_REPRESENTATION_CONTEXT() REPRESENTATION_CONTEXT('2D SPACE',''
  ) );
#18056 = PCURVE('',#18057,#18062);
#18057 = CYLINDRICAL_SURFACE('',#18058,4.);
#18058 = AXIS2_PLACEMENT_3D('',#18059,#18060,#18061);
#18059 = CARTESIAN_POINT('',(47.,-29.5,-21.5));
#18060 = DIRECTION('',(-0.,-0.,-1.));
#18061 = DIRECTION('',(1.,0.,0.));
#18062 = DEFINITIONAL_REPRESENTATION('',(#18063),#18067);
#18063 = LINE('',#18064,#18065);
#18064 = CARTESIAN_POINT('',(-6.28318530718,-1.));
#18065 = VECTOR('',#18066,1.);
#18066 = DIRECTION('',(1.,-0.));
#18067 = ( GEOMETRIC_REPRESENTATION_CONTEXT(2) 
PARAMETRIC_REPRESENTATION_CONTEXT() REPRESENTATION_CONTEXT('2D SPACE',''
  ) );
#18068 = FACE_BOUND('',#18069,.F.);
#18069 = EDGE_LOOP('',(#18070));
#18070 = ORIENTED_EDGE('',*,*,#18071,.T.);
#18071 = EDGE_CURVE('',#18072,#18072,#18074,.T.);
#18072 = VERTEX_POINT('',#18073);
#18073 = CARTESIAN_POINT('',(77.,-29.5,-20.5));
#18074 = SURFACE_CURVE('',#18075,(#18080,#18091),.PCURVE_S1.);
#18075 = CIRCLE('',#18076,4.);
#18076 = AXIS2_PLACEMENT_3D('',#18077,#18078,#18079);
#18077 = CARTESIAN_POINT('',(73.,-29.5,-20.5));
#18078 = DIRECTION('',(0.,0.,-1.));
#18079 = DIRECTION('',(1.,0.,0.));
#18080 = PCURVE('',#17612,#18081);
#18081 = DEFINITIONAL_REPRESENTATION('',(#18082),#18090);
#18082 = ( BOUNDED_CURVE() B_SPLINE_CURVE(2,(#18083,#18084,#18085,#18086
    ,#18087,#18088,#18089),.UNSPECIFIED.,.T.,.F.) 
B_SPLINE_CURVE_WITH_KNOTS((1,2,2,2,2,1),(-2.094395102393,0.,
    2.094395102393,4.188790204786,6.28318530718,8.377580409573),
.UNSPECIFIED.) CURVE() GEOMETRIC_REPRESENTATION_ITEM() 
RATIONAL_B_SPLINE_CURVE((1.,0.5,1.,0.5,1.,0.5,1.)) REPRESENTATION_ITEM(
  '') );
#18083 = CARTESIAN_POINT('',(37.,5.));
#18084 = CARTESIAN_POINT('',(37.,-1.928203230276));
#18085 = CARTESIAN_POINT('',(31.,1.535898384862));
#18086 = CARTESIAN_POINT('',(25.,5.));
#18087 = CARTESIAN_POINT('',(31.,8.464101615138));
#18088 = CARTESIAN_POINT('',(37.,11.928203230276));
#18089 = CARTESIAN_POINT('',(37.,5.));
#18090 = ( GEOMETRIC_REPRESENTATION_CONTEXT(2) 
PARAMETRIC_REPRESENTATION_CONTEXT() REPRESENTATION_CONTEXT('2D SPACE',''
  ) );
#18091 = PCURVE('',#18092,#18097);
#18092 = CYLINDRICAL_SURFACE('',#18093,4.);
#18093 = AXIS2_PLACEMENT_3D('',#18094,#18095,#18096);
#18094 = CARTESIAN_POINT('',(73.,-29.5,-21.5));
#18095 = DIRECTION('',(-0.,-0.,-1.));
#18096 = DIRECTION('',(1.,0.,0.));
#18097 = DEFINITIONAL_REPRESENTATION('',(#18098),#18102);
#18098 = LINE('',#18099,#18100);
#18099 = CARTESIAN_POINT('',(-6.28318530718,-1.));
#18100 = VECTOR('',#18101,1.);
#18101 = DIRECTION('',(1.,-0.));
#18102 = ( GEOMETRIC_REPRESENTATION_CONTEXT(2) 
PARAMETRIC_REPRESENTATION_CONTEXT() REPRESENTATION_CONTEXT('2D SPACE',''
  ) );
#18103 = ADVANCED_FACE('',(#18104),#17584,.F.);
#18104 = FACE_BOUND('',#18105,.F.);
#18105 = EDGE_LOOP('',(#18106,#18127,#18128,#18129));
#18106 = ORIENTED_EDGE('',*,*,#18107,.F.);
#18107 = EDGE_CURVE('',#17990,#17728,#18108,.T.);
#18108 = SURFACE_CURVE('',#18109,(#18113,#18120),.PCURVE_S1.);
#18109 = LINE('',#18110,#18111);
#18110 = CARTESIAN_POINT('',(80.,-34.5,-20.5));
#18111 = VECTOR('',#18112,1.);
#18112 = DIRECTION('',(0.,0.,1.));
#18113 = PCURVE('',#17584,#18114);
#18114 = DEFINITIONAL_REPRESENTATION('',(#18115),#18119);
#18115 = LINE('',#18116,#18117);
#18116 = CARTESIAN_POINT('',(0.,40.));
#18117 = VECTOR('',#18118,1.);
#18118 = DIRECTION('',(1.,0.));
#18119 = ( GEOMETRIC_REPRESENTATION_CONTEXT(2) 
PARAMETRIC_REPRESENTATION_CONTEXT() REPRESENTATION_CONTEXT('2D SPACE',''
  ) );
#18120 = PCURVE('',#17761,#18121);
#18121 = DEFINITIONAL_REPRESENTATION('',(#18122),#18126);
#18122 = LINE('',#18123,#18124);
#18123 = CARTESIAN_POINT('',(0.,0.));
#18124 = VECTOR('',#18125,1.);
#18125 = DIRECTION('',(1.,0.));
#18126 = ( GEOMETRIC_REPRESENTATION_CONTEXT(2) 
PARAMETRIC_REPRESENTATION_CONTEXT() REPRESENTATION_CONTEXT('2D SPACE',''
  ) );
#18127 = ORIENTED_EDGE('',*,*,#17989,.F.);
#18128 = ORIENTED_EDGE('',*,*,#17568,.T.);
#18129 = ORIENTED_EDGE('',*,*,#17727,.T.);
#18130 = ADVANCED_FACE('',(#18131),#17761,.T.);
#18131 = FACE_BOUND('',#18132,.T.);
#18132 = EDGE_LOOP('',(#18133,#18134,#18135,#18136,#18137,#18138));
#18133 = ORIENTED_EDGE('',*,*,#17748,.T.);
#18134 = ORIENTED_EDGE('',*,*,#18107,.F.);
#18135 = ORIENTED_EDGE('',*,*,#18012,.T.);
#18136 = ORIENTED_EDGE('',*,*,#17939,.T.);
#18137 = ORIENTED_EDGE('',*,*,#17894,.T.);
#18138 = ORIENTED_EDGE('',*,*,#17870,.T.);
#18139 = ADVANCED_FACE('',(#18140),#17795,.F.);
#18140 = FACE_BOUND('',#18141,.T.);
#18141 = EDGE_LOOP('',(#18142,#18175,#18196,#18197));
#18142 = ORIENTED_EDGE('',*,*,#18143,.T.);
#18143 = EDGE_CURVE('',#18144,#18144,#18146,.T.);
#18144 = VERTEX_POINT('',#18145);
#18145 = CARTESIAN_POINT('',(49.2,-29.5,-17.5));
#18146 = SURFACE_CURVE('',#18147,(#18152,#18159),.PCURVE_S1.);
#18147 = CIRCLE('',#18148,2.2);
#18148 = AXIS2_PLACEMENT_3D('',#18149,#18150,#18151);
#18149 = CARTESIAN_POINT('',(47.,-29.5,-17.5));
#18150 = DIRECTION('',(0.,0.,-1.));
#18151 = DIRECTION('',(1.,0.,0.));
#18152 = PCURVE('',#17795,#18153);
#18153 = DEFINITIONAL_REPRESENTATION('',(#18154),#18158);
#18154 = LINE('',#18155,#18156);
#18155 = CARTESIAN_POINT('',(-6.28318530718,-4.));
#18156 = VECTOR('',#18157,1.);
#18157 = DIRECTION('',(1.,-0.));
#18158 = ( GEOMETRIC_REPRESENTATION_CONTEXT(2) 
PARAMETRIC_REPRESENTATION_CONTEXT() REPRESENTATION_CONTEXT('2D SPACE',''
  ) );
#18159 = PCURVE('',#18160,#18165);
#18160 = PLANE('',#18161);
#18161 = AXIS2_PLACEMENT_3D('',#18162,#18163,#18164);
#18162 = CARTESIAN_POINT('',(47.,-29.5,-17.5));
#18163 = DIRECTION('',(0.,0.,1.));
#18164 = DIRECTION('',(1.,0.,-0.));
#18165 = DEFINITIONAL_REPRESENTATION('',(#18166),#18174);
#18166 = ( BOUNDED_CURVE() B_SPLINE_CURVE(2,(#18167,#18168,#18169,#18170
    ,#18171,#18172,#18173),.UNSPECIFIED.,.T.,.F.) 
B_SPLINE_CURVE_WITH_KNOTS((1,2,2,2,2,1),(-2.094395102393,0.,
    2.094395102393,4.188790204786,6.28318530718,8.377580409573),
.UNSPECIFIED.) CURVE() GEOMETRIC_REPRESENTATION_ITEM() 
RATIONAL_B_SPLINE_CURVE((1.,0.5,1.,0.5,1.,0.5,1.)) REPRESENTATION_ITEM(
  '') );
#18167 = CARTESIAN_POINT('',(2.2,7.105427357601E-15));
#18168 = CARTESIAN_POINT('',(2.2,-3.810511776652));
#18169 = CARTESIAN_POINT('',(-1.1,-1.905255888326));
#18170 = CARTESIAN_POINT('',(-4.4,6.566582765976E-15));
#18171 = CARTESIAN_POINT('',(-1.1,1.905255888326));
#18172 = CARTESIAN_POINT('',(2.2,3.810511776652));
#18173 = CARTESIAN_POINT('',(2.2,7.105427357601E-15));
#18174 = ( GEOMETRIC_REPRESENTATION_CONTEXT(2) 
PARAMETRIC_REPRESENTATION_CONTEXT() REPRESENTATION_CONTEXT('2D SPACE',''
  ) );
#18175 = ORIENTED_EDGE('',*,*,#18176,.T.);
#18176 = EDGE_CURVE('',#18144,#17775,#18177,.T.);
#18177 = SEAM_CURVE('',#18178,(#18182,#18189),.PCURVE_S1.);
#18178 = LINE('',#18179,#18180);
#18179 = CARTESIAN_POINT('',(49.2,-29.5,-21.5));
#18180 = VECTOR('',#18181,1.);
#18181 = DIRECTION('',(0.,0.,1.));
#18182 = PCURVE('',#17795,#18183);
#18183 = DEFINITIONAL_REPRESENTATION('',(#18184),#18188);
#18184 = LINE('',#18185,#18186);
#18185 = CARTESIAN_POINT('',(-6.28318530718,0.));
#18186 = VECTOR('',#18187,1.);
#18187 = DIRECTION('',(-0.,-1.));
#18188 = ( GEOMETRIC_REPRESENTATION_CONTEXT(2) 
PARAMETRIC_REPRESENTATION_CONTEXT() REPRESENTATION_CONTEXT('2D SPACE',''
  ) );
#18189 = PCURVE('',#17795,#18190);
#18190 = DEFINITIONAL_REPRESENTATION('',(#18191),#18195);
#18191 = LINE('',#18192,#18193);
#18192 = CARTESIAN_POINT('',(-0.,0.));
#18193 = VECTOR('',#18194,1.);
#18194 = DIRECTION('',(-0.,-1.));
#18195 = ( GEOMETRIC_REPRESENTATION_CONTEXT(2) 
PARAMETRIC_REPRESENTATION_CONTEXT() REPRESENTATION_CONTEXT('2D SPACE',''
  ) );
#18196 = ORIENTED_EDGE('',*,*,#17774,.F.);
#18197 = ORIENTED_EDGE('',*,*,#18176,.F.);
#18198 = ADVANCED_FACE('',(#18199),#17830,.F.);
#18199 = FACE_BOUND('',#18200,.T.);
#18200 = EDGE_LOOP('',(#18201,#18234,#18255,#18256));
#18201 = ORIENTED_EDGE('',*,*,#18202,.T.);
#18202 = EDGE_CURVE('',#18203,#18203,#18205,.T.);
#18203 = VERTEX_POINT('',#18204);
#18204 = CARTESIAN_POINT('',(75.2,-29.5,-17.5));
#18205 = SURFACE_CURVE('',#18206,(#18211,#18218),.PCURVE_S1.);
#18206 = CIRCLE('',#18207,2.2);
#18207 = AXIS2_PLACEMENT_3D('',#18208,#18209,#18210);
#18208 = CARTESIAN_POINT('',(73.,-29.5,-17.5));
#18209 = DIRECTION('',(0.,0.,-1.));
#18210 = DIRECTION('',(1.,0.,0.));
#18211 = PCURVE('',#17830,#18212);
#18212 = DEFINITIONAL_REPRESENTATION('',(#18213),#18217);
#18213 = LINE('',#18214,#18215);
#18214 = CARTESIAN_POINT('',(-6.28318530718,-4.));
#18215 = VECTOR('',#18216,1.);
#18216 = DIRECTION('',(1.,-0.));
#18217 = ( GEOMETRIC_REPRESENTATION_CONTEXT(2) 
PARAMETRIC_REPRESENTATION_CONTEXT() REPRESENTATION_CONTEXT('2D SPACE',''
  ) );
#18218 = PCURVE('',#18219,#18224);
#18219 = PLANE('',#18220);
#18220 = AXIS2_PLACEMENT_3D('',#18221,#18222,#18223);
#18221 = CARTESIAN_POINT('',(73.,-29.5,-17.5));
#18222 = DIRECTION('',(0.,0.,1.));
#18223 = DIRECTION('',(1.,0.,-0.));
#18224 = DEFINITIONAL_REPRESENTATION('',(#18225),#18233);
#18225 = ( BOUNDED_CURVE() B_SPLINE_CURVE(2,(#18226,#18227,#18228,#18229
    ,#18230,#18231,#18232),.UNSPECIFIED.,.T.,.F.) 
B_SPLINE_CURVE_WITH_KNOTS((1,2,2,2,2,1),(-2.094395102393,0.,
    2.094395102393,4.188790204786,6.28318530718,8.377580409573),
.UNSPECIFIED.) CURVE() GEOMETRIC_REPRESENTATION_ITEM() 
RATIONAL_B_SPLINE_CURVE((1.,0.5,1.,0.5,1.,0.5,1.)) REPRESENTATION_ITEM(
  '') );
#18226 = CARTESIAN_POINT('',(2.2,7.105427357601E-15));
#18227 = CARTESIAN_POINT('',(2.2,-3.810511776652));
#18228 = CARTESIAN_POINT('',(-1.1,-1.905255888326));
#18229 = CARTESIAN_POINT('',(-4.4,6.566582765976E-15));
#18230 = CARTESIAN_POINT('',(-1.1,1.905255888326));
#18231 = CARTESIAN_POINT('',(2.2,3.810511776652));
#18232 = CARTESIAN_POINT('',(2.2,7.105427357601E-15));
#18233 = ( GEOMETRIC_REPRESENTATION_CONTEXT(2) 
PARAMETRIC_REPRESENTATION_CONTEXT() REPRESENTATION_CONTEXT('2D SPACE',''
  ) );
#18234 = ORIENTED_EDGE('',*,*,#18235,.T.);
#18235 = EDGE_CURVE('',#18203,#17810,#18236,.T.);
#18236 = SEAM_CURVE('',#18237,(#18241,#18248),.PCURVE_S1.);
#18237 = LINE('',#18238,#18239);
#18238 = CARTESIAN_POINT('',(75.2,-29.5,-21.5));
#18239 = VECTOR('',#18240,1.);
#18240 = DIRECTION('',(0.,0.,1.));
#18241 = PCURVE('',#17830,#18242);
#18242 = DEFINITIONAL_REPRESENTATION('',(#18243),#18247);
#18243 = LINE('',#18244,#18245);
#18244 = CARTESIAN_POINT('',(-6.28318530718,0.));
#18245 = VECTOR('',#18246,1.);
#18246 = DIRECTION('',(-0.,-1.));
#18247 = ( GEOMETRIC_REPRESENTATION_CONTEXT(2) 
PARAMETRIC_REPRESENTATION_CONTEXT() REPRESENTATION_CONTEXT('2D SPACE',''
  ) );
#18248 = PCURVE('',#17830,#18249);
#18249 = DEFINITIONAL_REPRESENTATION('',(#18250),#18254);
#18250 = LINE('',#18251,#18252);
#18251 = CARTESIAN_POINT('',(-0.,0.));
#18252 = VECTOR('',#18253,1.);
#18253 = DIRECTION('',(-0.,-1.));
#18254 = ( GEOMETRIC_REPRESENTATION_CONTEXT(2) 
PARAMETRIC_REPRESENTATION_CONTEXT() REPRESENTATION_CONTEXT('2D SPACE',''
  ) );
#18255 = ORIENTED_EDGE('',*,*,#17809,.F.);
#18256 = ORIENTED_EDGE('',*,*,#18235,.F.);
#18257 = ADVANCED_FACE('',(#18258),#18057,.F.);
#18258 = FACE_BOUND('',#18259,.T.);
#18259 = EDGE_LOOP('',(#18260,#18261,#18284,#18306));
#18260 = ORIENTED_EDGE('',*,*,#18036,.T.);
#18261 = ORIENTED_EDGE('',*,*,#18262,.T.);
#18262 = EDGE_CURVE('',#18037,#18263,#18265,.T.);
#18263 = VERTEX_POINT('',#18264);
#18264 = CARTESIAN_POINT('',(51.,-29.5,-17.5));
#18265 = SEAM_CURVE('',#18266,(#18270,#18277),.PCURVE_S1.);
#18266 = LINE('',#18267,#18268);
#18267 = CARTESIAN_POINT('',(51.,-29.5,-21.5));
#18268 = VECTOR('',#18269,1.);
#18269 = DIRECTION('',(0.,0.,1.));
#18270 = PCURVE('',#18057,#18271);
#18271 = DEFINITIONAL_REPRESENTATION('',(#18272),#18276);
#18272 = LINE('',#18273,#18274);
#18273 = CARTESIAN_POINT('',(-6.28318530718,0.));
#18274 = VECTOR('',#18275,1.);
#18275 = DIRECTION('',(-0.,-1.));
#18276 = ( GEOMETRIC_REPRESENTATION_CONTEXT(2) 
PARAMETRIC_REPRESENTATION_CONTEXT() REPRESENTATION_CONTEXT('2D SPACE',''
  ) );
#18277 = PCURVE('',#18057,#18278);
#18278 = DEFINITIONAL_REPRESENTATION('',(#18279),#18283);
#18279 = LINE('',#18280,#18281);
#18280 = CARTESIAN_POINT('',(-0.,0.));
#18281 = VECTOR('',#18282,1.);
#18282 = DIRECTION('',(-0.,-1.));
#18283 = ( GEOMETRIC_REPRESENTATION_CONTEXT(2) 
PARAMETRIC_REPRESENTATION_CONTEXT() REPRESENTATION_CONTEXT('2D SPACE',''
  ) );
#18284 = ORIENTED_EDGE('',*,*,#18285,.T.);
#18285 = EDGE_CURVE('',#18263,#18263,#18286,.T.);
#18286 = SURFACE_CURVE('',#18287,(#18292,#18299),.PCURVE_S1.);
#18287 = CIRCLE('',#18288,4.);
#18288 = AXIS2_PLACEMENT_3D('',#18289,#18290,#18291);
#18289 = CARTESIAN_POINT('',(47.,-29.5,-17.5));
#18290 = DIRECTION('',(0.,0.,1.));
#18291 = DIRECTION('',(1.,0.,0.));
#18292 = PCURVE('',#18057,#18293);
#18293 = DEFINITIONAL_REPRESENTATION('',(#18294),#18298);
#18294 = LINE('',#18295,#18296);
#18295 = CARTESIAN_POINT('',(-0.,-4.));
#18296 = VECTOR('',#18297,1.);
#18297 = DIRECTION('',(-1.,0.));
#18298 = ( GEOMETRIC_REPRESENTATION_CONTEXT(2) 
PARAMETRIC_REPRESENTATION_CONTEXT() REPRESENTATION_CONTEXT('2D SPACE',''
  ) );
#18299 = PCURVE('',#18160,#18300);
#18300 = DEFINITIONAL_REPRESENTATION('',(#18301),#18305);
#18301 = CIRCLE('',#18302,4.);
#18302 = AXIS2_PLACEMENT_2D('',#18303,#18304);
#18303 = CARTESIAN_POINT('',(0.,7.105427357601E-15));
#18304 = DIRECTION('',(1.,0.));
#18305 = ( GEOMETRIC_REPRESENTATION_CONTEXT(2) 
PARAMETRIC_REPRESENTATION_CONTEXT() REPRESENTATION_CONTEXT('2D SPACE',''
  ) );
#18306 = ORIENTED_EDGE('',*,*,#18262,.F.);
#18307 = ADVANCED_FACE('',(#18308),#18092,.F.);
#18308 = FACE_BOUND('',#18309,.T.);
#18309 = EDGE_LOOP('',(#18310,#18311,#18334,#18356));
#18310 = ORIENTED_EDGE('',*,*,#18071,.T.);
#18311 = ORIENTED_EDGE('',*,*,#18312,.T.);
#18312 = EDGE_CURVE('',#18072,#18313,#18315,.T.);
#18313 = VERTEX_POINT('',#18314);
#18314 = CARTESIAN_POINT('',(77.,-29.5,-17.5));
#18315 = SEAM_CURVE('',#18316,(#18320,#18327),.PCURVE_S1.);
#18316 = LINE('',#18317,#18318);
#18317 = CARTESIAN_POINT('',(77.,-29.5,-21.5));
#18318 = VECTOR('',#18319,1.);
#18319 = DIRECTION('',(0.,0.,1.));
#18320 = PCURVE('',#18092,#18321);
#18321 = DEFINITIONAL_REPRESENTATION('',(#18322),#18326);
#18322 = LINE('',#18323,#18324);
#18323 = CARTESIAN_POINT('',(-6.28318530718,0.));
#18324 = VECTOR('',#18325,1.);
#18325 = DIRECTION('',(-0.,-1.));
#18326 = ( GEOMETRIC_REPRESENTATION_CONTEXT(2) 
PARAMETRIC_REPRESENTATION_CONTEXT() REPRESENTATION_CONTEXT('2D SPACE',''
  ) );
#18327 = PCURVE('',#18092,#18328);
#18328 = DEFINITIONAL_REPRESENTATION('',(#18329),#18333);
#18329 = LINE('',#18330,#18331);
#18330 = CARTESIAN_POINT('',(-0.,0.));
#18331 = VECTOR('',#18332,1.);
#18332 = DIRECTION('',(-0.,-1.));
#18333 = ( GEOMETRIC_REPRESENTATION_CONTEXT(2) 
PARAMETRIC_REPRESENTATION_CONTEXT() REPRESENTATION_CONTEXT('2D SPACE',''
  ) );
#18334 = ORIENTED_EDGE('',*,*,#18335,.T.);
#18335 = EDGE_CURVE('',#18313,#18313,#18336,.T.);
#18336 = SURFACE_CURVE('',#18337,(#18342,#18349),.PCURVE_S1.);
#18337 = CIRCLE('',#18338,4.);
#18338 = AXIS2_PLACEMENT_3D('',#18339,#18340,#18341);
#18339 = CARTESIAN_POINT('',(73.,-29.5,-17.5));
#18340 = DIRECTION('',(0.,0.,1.));
#18341 = DIRECTION('',(1.,0.,0.));
#18342 = PCURVE('',#18092,#18343);
#18343 = DEFINITIONAL_REPRESENTATION('',(#18344),#18348);
#18344 = LINE('',#18345,#18346);
#18345 = CARTESIAN_POINT('',(-0.,-4.));
#18346 = VECTOR('',#18347,1.);
#18347 = DIRECTION('',(-1.,0.));
#18348 = ( GEOMETRIC_REPRESENTATION_CONTEXT(2) 
PARAMETRIC_REPRESENTATION_CONTEXT() REPRESENTATION_CONTEXT('2D SPACE',''
  ) );
#18349 = PCURVE('',#18219,#18350);
#18350 = DEFINITIONAL_REPRESENTATION('',(#18351),#18355);
#18351 = CIRCLE('',#18352,4.);
#18352 = AXIS2_PLACEMENT_2D('',#18353,#18354);
#18353 = CARTESIAN_POINT('',(-1.42108547152E-14,7.105427357601E-15));
#18354 = DIRECTION('',(1.,0.));
#18355 = ( GEOMETRIC_REPRESENTATION_CONTEXT(2) 
PARAMETRIC_REPRESENTATION_CONTEXT() REPRESENTATION_CONTEXT('2D SPACE',''
  ) );
#18356 = ORIENTED_EDGE('',*,*,#18312,.F.);
#18357 = ADVANCED_FACE('',(#18358,#18361),#18160,.F.);
#18358 = FACE_BOUND('',#18359,.F.);
#18359 = EDGE_LOOP('',(#18360));
#18360 = ORIENTED_EDGE('',*,*,#18285,.T.);
#18361 = FACE_BOUND('',#18362,.F.);
#18362 = EDGE_LOOP('',(#18363));
#18363 = ORIENTED_EDGE('',*,*,#18143,.T.);
#18364 = ADVANCED_FACE('',(#18365,#18368),#18219,.F.);
#18365 = FACE_BOUND('',#18366,.F.);
#18366 = EDGE_LOOP('',(#18367));
#18367 = ORIENTED_EDGE('',*,*,#18335,.T.);
#18368 = FACE_BOUND('',#18369,.F.);
#18369 = EDGE_LOOP('',(#18370));
#18370 = ORIENTED_EDGE('',*,*,#18202,.T.);
#18371 = ( GEOMETRIC_REPRESENTATION_CONTEXT(3) 
GLOBAL_UNCERTAINTY_ASSIGNED_CONTEXT((#18375)) 
GLOBAL_UNIT_ASSIGNED_CONTEXT((#18372,#18373,#18374)) 
REPRESENTATION_CONTEXT('Context #1',
  '3D Context with UNIT and UNCERTAINTY') );
#18372 = ( LENGTH_UNIT() NAMED_UNIT(*) SI_UNIT(.MILLI.,.METRE.) );
#18373 = ( NAMED_UNIT(*) PLANE_ANGLE_UNIT() SI_UNIT($,.RADIAN.) );
#18374 = ( NAMED_UNIT(*) SI_UNIT($,.STERADIAN.) SOLID_ANGLE_UNIT() );
#18375 = UNCERTAINTY_MEASURE_WITH_UNIT(LENGTH_MEASURE(1.E-07),#18372,
  'distance_accuracy_value','confusion accuracy');
#18376 = CONTEXT_DEPENDENT_SHAPE_REPRESENTATION(#18377,#18379);
#18377 = ( REPRESENTATION_RELATIONSHIP('','',#17528,#10) 
REPRESENTATION_RELATIONSHIP_WITH_TRANSFORMATION(#18378) 
SHAPE_REPRESENTATION_RELATIONSHIP() );
#18378 = ITEM_DEFINED_TRANSFORMATION('','',#11,#19);
#18379 = PRODUCT_DEFINITION_SHAPE('Placement','Placement of an item',
  #18380);
#18380 = NEXT_ASSEMBLY_USAGE_OCCURRENCE('2','jaw','',#5,#17523,$);
#18381 = PRODUCT_RELATED_PRODUCT_CATEGORY('part',$,(#17525));
#18382 = MECHANICAL_DESIGN_GEOMETRIC_PRESENTATION_REPRESENTATION('',(
    #18383),#18371);
#18383 = STYLED_ITEM('color',(#18384),#17529);
#18384 = PRESENTATION_STYLE_ASSIGNMENT((#18385));
#18385 = SURFACE_STYLE_USAGE(.BOTH.,#18386);
#18386 = SURFACE_SIDE_STYLE('',(#18387));
#18387 = SURFACE_STYLE_FILL_AREA(#18388);
#18388 = FILL_AREA_STYLE('',(#18389));
#18389 = FILL_AREA_STYLE_COLOUR('',#18390);
#18390 = COLOUR_RGB('',0.350000000377,0.350000000377,0.350000000377);
#18391 = MECHANICAL_DESIGN_GEOMETRIC_PRESENTATION_REPRESENTATION('',(
    #18392),#17510);
#18392 = STYLED_ITEM('color',(#18393),#37);
#18393 = PRESENTATION_STYLE_ASSIGNMENT((#18394));
#18394 = SURFACE_STYLE_USAGE(.BOTH.,#18395);
#18395 = SURFACE_SIDE_STYLE('',(#18396));
#18396 = SURFACE_STYLE_FILL_AREA(#18397);
#18397 = FILL_AREA_STYLE('',(#18398));
#18398 = FILL_AREA_STYLE_COLOUR('',#18399);
#18399 = COLOUR_RGB('',0.599999994755,0.599999994755,0.599999994755);
ENDSEC;
END-ISO-10303-21;
